user,vector,video_id,categories,action_type,action_duration,video_duration
bot1,0.1 0.1 0.1 0.1 0.3 0.1 0.7 0.1 0.5 0.1,1,arts,,1500,50000
bot1,0.1 0.1 0.1 0.1 0.3 0.1 0.7 0.1 0.5 0.1,2,arts,,1590,53000
bot1,0.1 0.1 0.1 0.1 0.3 0.1 0.7 0.1 0.5 0.1,3,arts,,3700,37000
bot1,0.1 0.1 0.1 0.1 0.3 0.1 0.7 0.1 0.5 0.1,4,arts,,2310,33000
bot1,0.1 0.1 0.1 0.1 0.3 0.1 0.7 0.1 0.5 0.1,5,arts,,3480,58000
bot1,0.1 0.1 0.1 0.1 0.3 0.1 0.7 0.1 0.5 0.1,6,arts,,2880,48000
bot1,0.1 0.1 0.1 0.1 0.3 0.1 0.7 0.1 0.5 0.1,7,arts,,3000,30000
bot1,0.1 0.1 0.1 0.1 0.3 0.1 0.7 0.1 0.5 0.1,8,arts,,1850,37000
bot1,0.1 0.1 0.1 0.1 0.3 0.1 0.7 0.1 0.5 0.1,9,arts,,900,30000
bot1,0.1 0.1 0.1 0.1 0.3 0.1 0.7 0.1 0.5 0.1,10,arts,,2600,52000
bot1,0.1 0.1 0.1 0.1 0.3 0.1 0.7 0.1 0.5 0.1,11,arts,,3290,47000
bot1,0.1 0.1 0.1 0.1 0.3 0.1 0.7 0.1 0.5 0.1,12,arts,,3960,44000
bot1,0.1 0.1 0.1 0.1 0.3 0.1 0.7 0.1 0.5 0.1,13,arts,,11000,55000
bot1,0.1 0.1 0.1 0.1 0.3 0.1 0.7 0.1 0.5 0.1,14,arts,,8100,54000
bot1,0.1 0.1 0.1 0.1 0.3 0.1 0.7 0.1 0.5 0.1,15,arts,,5720,52000
bot1,0.1 0.1 0.1 0.1 0.3 0.1 0.7 0.1 0.5 0.1,16,arts,,2660,38000
bot1,0.1 0.1 0.1 0.1 0.3 0.1 0.7 0.1 0.5 0.1,17,arts,,1200,60000
bot1,0.1 0.1 0.1 0.1 0.3 0.1 0.7 0.1 0.5 0.1,18,arts,,2640,33000
bot1,0.1 0.1 0.1 0.1 0.3 0.1 0.7 0.1 0.5 0.1,19,arts,,1650,33000
bot1,0.1 0.1 0.1 0.1 0.3 0.1 0.7 0.1 0.5 0.1,20,arts,,2050,41000
bot1,0.1 0.1 0.1 0.1 0.3 0.1 0.7 0.1 0.5 0.1,21,arts,,8250,55000
bot1,0.1 0.1 0.1 0.1 0.3 0.1 0.7 0.1 0.5 0.1,22,arts,,2640,44000
bot1,0.1 0.1 0.1 0.1 0.3 0.1 0.7 0.1 0.5 0.1,23,arts,,2360,59000
bot1,0.1 0.1 0.1 0.1 0.3 0.1 0.7 0.1 0.5 0.1,24,arts,,6110,47000
bot1,0.1 0.1 0.1 0.1 0.3 0.1 0.7 0.1 0.5 0.1,25,arts,,500,50000
bot1,0.1 0.1 0.1 0.1 0.3 0.1 0.7 0.1 0.5 0.1,26,arts,,3990,57000
bot1,0.1 0.1 0.1 0.1 0.3 0.1 0.7 0.1 0.5 0.1,27,arts,,1080,36000
bot1,0.1 0.1 0.1 0.1 0.3 0.1 0.7 0.1 0.5 0.1,28,arts,,2480,31000
bot1,0.1 0.1 0.1 0.1 0.3 0.1 0.7 0.1 0.5 0.1,29,biology,,3240,54000
bot1,0.1 0.1 0.1 0.1 0.3 0.1 0.7 0.1 0.5 0.1,30,biology,,3200,32000
bot1,0.1 0.1 0.1 0.1 0.3 0.1 0.7 0.1 0.5 0.1,32,biology,,4560,38000
bot1,0.1 0.1 0.1 0.1 0.3 0.1 0.7 0.1 0.5 0.1,33,biology,,2800,56000
bot1,0.1 0.1 0.1 0.1 0.3 0.1 0.7 0.1 0.5 0.1,34,biology,,4100,41000
bot1,0.1 0.1 0.1 0.1 0.3 0.1 0.7 0.1 0.5 0.1,36,biology,,2360,59000
bot1,0.1 0.1 0.1 0.1 0.3 0.1 0.7 0.1 0.5 0.1,37,biology,,960,32000
bot1,0.1 0.1 0.1 0.1 0.3 0.1 0.7 0.1 0.5 0.1,38,biology,,3500,35000
bot1,0.1 0.1 0.1 0.1 0.3 0.1 0.7 0.1 0.5 0.1,41,biology,,5900,59000
bot1,0.1 0.1 0.1 0.1 0.3 0.1 0.7 0.1 0.5 0.1,43,biology,,2800,40000
bot1,0.1 0.1 0.1 0.1 0.3 0.1 0.7 0.1 0.5 0.1,46,biology,,1600,40000
bot1,0.1 0.1 0.1 0.1 0.3 0.1 0.7 0.1 0.5 0.1,48,biology,,6000,60000
bot1,0.1 0.1 0.1 0.1 0.3 0.1 0.7 0.1 0.5 0.1,49,biology,,3120,52000
bot1,0.1 0.1 0.1 0.1 0.3 0.1 0.7 0.1 0.5 0.1,50,biology,,6500,50000
bot1,0.1 0.1 0.1 0.1 0.3 0.1 0.7 0.1 0.5 0.1,51,biology,,5800,58000
bot1,0.1 0.1 0.1 0.1 0.3 0.1 0.7 0.1 0.5 0.1,54,biology,,3760,47000
bot1,0.1 0.1 0.1 0.1 0.3 0.1 0.7 0.1 0.5 0.1,55,biology,,2120,53000
bot1,0.1 0.1 0.1 0.1 0.3 0.1 0.7 0.1 0.5 0.1,56,biology,,2900,58000
bot1,0.1 0.1 0.1 0.1 0.3 0.1 0.7 0.1 0.5 0.1,57,business,,2050,41000
bot1,0.1 0.1 0.1 0.1 0.3 0.1 0.7 0.1 0.5 0.1,58,business,,3060,34000
bot1,0.1 0.1 0.1 0.1 0.3 0.1 0.7 0.1 0.5 0.1,59,business,,4480,32000
bot1,0.1 0.1 0.1 0.1 0.3 0.1 0.7 0.1 0.5 0.1,60,business,,6270,57000
bot1,0.1 0.1 0.1 0.1 0.3 0.1 0.7 0.1 0.5 0.1,61,business,,6500,50000
bot1,0.1 0.1 0.1 0.1 0.3 0.1 0.7 0.1 0.5 0.1,62,business,,8160,51000
bot1,0.1 0.1 0.1 0.1 0.3 0.1 0.7 0.1 0.5 0.1,63,business,,3520,32000
bot1,0.1 0.1 0.1 0.1 0.3 0.1 0.7 0.1 0.5 0.1,64,business,,4410,49000
bot1,0.1 0.1 0.1 0.1 0.3 0.1 0.7 0.1 0.5 0.1,65,business,,5520,46000
bot1,0.1 0.1 0.1 0.1 0.3 0.1 0.7 0.1 0.5 0.1,66,business,,5170,47000
bot1,0.1 0.1 0.1 0.1 0.3 0.1 0.7 0.1 0.5 0.1,67,business,,2400,30000
bot1,0.1 0.1 0.1 0.1 0.3 0.1 0.7 0.1 0.5 0.1,68,business,,3300,33000
bot1,0.1 0.1 0.1 0.1 0.3 0.1 0.7 0.1 0.5 0.1,69,business,,1410,47000
bot1,0.1 0.1 0.1 0.1 0.3 0.1 0.7 0.1 0.5 0.1,70,business,,1620,54000
bot1,0.1 0.1 0.1 0.1 0.3 0.1 0.7 0.1 0.5 0.1,71,business,,3960,33000
bot1,0.1 0.1 0.1 0.1 0.3 0.1 0.7 0.1 0.5 0.1,72,business,,2800,35000
bot1,0.1 0.1 0.1 0.1 0.3 0.1 0.7 0.1 0.5 0.1,73,business,,6000,60000
bot1,0.1 0.1 0.1 0.1 0.3 0.1 0.7 0.1 0.5 0.1,74,business,,6360,53000
bot1,0.1 0.1 0.1 0.1 0.3 0.1 0.7 0.1 0.5 0.1,75,business,,2300,46000
bot1,0.1 0.1 0.1 0.1 0.3 0.1 0.7 0.1 0.5 0.1,76,business,,1840,46000
bot1,0.1 0.1 0.1 0.1 0.3 0.1 0.7 0.1 0.5 0.1,77,business,,9120,57000
bot1,0.1 0.1 0.1 0.1 0.3 0.1 0.7 0.1 0.5 0.1,78,business,,2240,56000
bot1,0.1 0.1 0.1 0.1 0.3 0.1 0.7 0.1 0.5 0.1,79,business,,5390,49000
bot1,0.1 0.1 0.1 0.1 0.3 0.1 0.7 0.1 0.5 0.1,80,business,,1640,41000
bot1,0.1 0.1 0.1 0.1 0.3 0.1 0.7 0.1 0.5 0.1,81,business,,940,47000
bot1,0.1 0.1 0.1 0.1 0.3 0.1 0.7 0.1 0.5 0.1,82,business,,4130,59000
bot1,0.1 0.1 0.1 0.1 0.3 0.1 0.7 0.1 0.5 0.1,83,business,,2100,30000
bot1,0.1 0.1 0.1 0.1 0.3 0.1 0.7 0.1 0.5 0.1,85,chemistry,,4720,59000
bot1,0.1 0.1 0.1 0.1 0.3 0.1 0.7 0.1 0.5 0.1,86,chemistry,,3360,56000
bot1,0.1 0.1 0.1 0.1 0.3 0.1 0.7 0.1 0.5 0.1,88,chemistry,,6960,58000
bot1,0.1 0.1 0.1 0.1 0.3 0.1 0.7 0.1 0.5 0.1,90,chemistry,,4950,45000
bot1,0.1 0.1 0.1 0.1 0.3 0.1 0.7 0.1 0.5 0.1,91,chemistry,,2700,54000
bot1,0.1 0.1 0.1 0.1 0.3 0.1 0.7 0.1 0.5 0.1,93,chemistry,,3600,45000
bot1,0.1 0.1 0.1 0.1 0.3 0.1 0.7 0.1 0.5 0.1,94,chemistry,,2800,35000
bot1,0.1 0.1 0.1 0.1 0.3 0.1 0.7 0.1 0.5 0.1,95,chemistry,,5700,57000
bot1,0.1 0.1 0.1 0.1 0.3 0.1 0.7 0.1 0.5 0.1,96,chemistry,,6600,60000
bot1,0.1 0.1 0.1 0.1 0.3 0.1 0.7 0.1 0.5 0.1,97,chemistry,,2350,47000
bot1,0.1 0.1 0.1 0.1 0.3 0.1 0.7 0.1 0.5 0.1,98,chemistry,,3640,52000
bot1,0.1 0.1 0.1 0.1 0.3 0.1 0.7 0.1 0.5 0.1,99,chemistry,,7410,39000
bot1,0.1 0.1 0.1 0.1 0.3 0.1 0.7 0.1 0.5 0.1,100,chemistry,,1530,51000
bot1,0.1 0.1 0.1 0.1 0.3 0.1 0.7 0.1 0.5 0.1,101,chemistry,,4840,44000
bot1,0.1 0.1 0.1 0.1 0.3 0.1 0.7 0.1 0.5 0.1,104,chemistry,,3300,30000
bot1,0.1 0.1 0.1 0.1 0.3 0.1 0.7 0.1 0.5 0.1,105,chemistry,,2220,37000
bot1,0.1 0.1 0.1 0.1 0.3 0.1 0.7 0.1 0.5 0.1,108,chemistry,,3200,32000
bot1,0.1 0.1 0.1 0.1 0.3 0.1 0.7 0.1 0.5 0.1,109,chemistry,,1140,57000
bot1,0.1 0.1 0.1 0.1 0.3 0.1 0.7 0.1 0.5 0.1,110,chemistry,,6900,46000
bot1,0.1 0.1 0.1 0.1 0.3 0.1 0.7 0.1 0.5 0.1,111,chemistry,,1530,51000
bot1,0.1 0.1 0.1 0.1 0.3 0.1 0.7 0.1 0.5 0.1,113,computer_science,like,15340,59000
bot1,0.1 0.1 0.1 0.1 0.3 0.1 0.7 0.1 0.5 0.1,114,computer_science,,12960,48000
bot1,0.1 0.1 0.1 0.1 0.3 0.1 0.7 0.1 0.5 0.1,115,computer_science,,15400,55000
bot1,0.1 0.1 0.1 0.1 0.3 0.1 0.7 0.1 0.5 0.1,116,computer_science,like,15910,43000
bot1,0.1 0.1 0.1 0.1 0.3 0.1 0.7 0.1 0.5 0.1,117,computer_science,,8580,33000
bot1,0.1 0.1 0.1 0.1 0.3 0.1 0.7 0.1 0.5 0.1,118,computer_science,,12710,41000
bot1,0.1 0.1 0.1 0.1 0.3 0.1 0.7 0.1 0.5 0.1,119,computer_science,,14080,44000
bot1,0.1 0.1 0.1 0.1 0.3 0.1 0.7 0.1 0.5 0.1,120,computer_science,like,11780,31000
bot1,0.1 0.1 0.1 0.1 0.3 0.1 0.7 0.1 0.5 0.1,121,computer_science,like,18500,50000
bot1,0.1 0.1 0.1 0.1 0.3 0.1 0.7 0.1 0.5 0.1,122,computer_science,,9660,42000
bot1,0.1 0.1 0.1 0.1 0.3 0.1 0.7 0.1 0.5 0.1,123,computer_science,,18700,55000
bot1,0.1 0.1 0.1 0.1 0.3 0.1 0.7 0.1 0.5 0.1,124,computer_science,,9250,37000
bot1,0.1 0.1 0.1 0.1 0.3 0.1 0.7 0.1 0.5 0.1,125,computer_science,like,15510,47000
bot1,0.1 0.1 0.1 0.1 0.3 0.1 0.7 0.1 0.5 0.1,126,computer_science,like,12040,43000
bot1,0.1 0.1 0.1 0.1 0.3 0.1 0.7 0.1 0.5 0.1,127,computer_science,,12320,44000
bot1,0.1 0.1 0.1 0.1 0.3 0.1 0.7 0.1 0.5 0.1,128,computer_science,,17110,59000
bot1,0.1 0.1 0.1 0.1 0.3 0.1 0.7 0.1 0.5 0.1,129,computer_science,like,16500,55000
bot1,0.1 0.1 0.1 0.1 0.3 0.1 0.7 0.1 0.5 0.1,130,computer_science,like,15510,47000
bot1,0.1 0.1 0.1 0.1 0.3 0.1 0.7 0.1 0.5 0.1,131,computer_science,,12000,50000
bot1,0.1 0.1 0.1 0.1 0.3 0.1 0.7 0.1 0.5 0.1,132,computer_science,like,20720,56000
bot1,0.1 0.1 0.1 0.1 0.3 0.1 0.7 0.1 0.5 0.1,133,computer_science,like,14080,32000
bot1,0.1 0.1 0.1 0.1 0.3 0.1 0.7 0.1 0.5 0.1,134,computer_science,like,18810,57000
bot1,0.1 0.1 0.1 0.1 0.3 0.1 0.7 0.1 0.5 0.1,135,computer_science,like,15480,43000
bot1,0.1 0.1 0.1 0.1 0.3 0.1 0.7 0.1 0.5 0.1,136,computer_science,like,9720,36000
bot1,0.1 0.1 0.1 0.1 0.3 0.1 0.7 0.1 0.5 0.1,137,computer_science,,15080,58000
bot1,0.1 0.1 0.1 0.1 0.3 0.1 0.7 0.1 0.5 0.1,138,computer_science,,11760,42000
bot1,0.1 0.1 0.1 0.1 0.3 0.1 0.7 0.1 0.5 0.1,139,computer_science,,13020,42000
bot1,0.1 0.1 0.1 0.1 0.3 0.1 0.7 0.1 0.5 0.1,140,computer_science,like,14300,55000
bot1,0.1 0.1 0.1 0.1 0.3 0.1 0.7 0.1 0.5 0.1,141,literature,,4680,39000
bot1,0.1 0.1 0.1 0.1 0.3 0.1 0.7 0.1 0.5 0.1,142,literature,,6000,60000
bot1,0.1 0.1 0.1 0.1 0.3 0.1 0.7 0.1 0.5 0.1,143,literature,,6050,55000
bot1,0.1 0.1 0.1 0.1 0.3 0.1 0.7 0.1 0.5 0.1,144,literature,,1560,52000
bot1,0.1 0.1 0.1 0.1 0.3 0.1 0.7 0.1 0.5 0.1,145,literature,,2160,36000
bot1,0.1 0.1 0.1 0.1 0.3 0.1 0.7 0.1 0.5 0.1,147,literature,,2650,53000
bot1,0.1 0.1 0.1 0.1 0.3 0.1 0.7 0.1 0.5 0.1,148,literature,,6360,53000
bot1,0.1 0.1 0.1 0.1 0.3 0.1 0.7 0.1 0.5 0.1,149,literature,,2480,31000
bot1,0.1 0.1 0.1 0.1 0.3 0.1 0.7 0.1 0.5 0.1,150,literature,,7820,46000
bot1,0.1 0.1 0.1 0.1 0.3 0.1 0.7 0.1 0.5 0.1,151,literature,,10580,46000
bot1,0.1 0.1 0.1 0.1 0.3 0.1 0.7 0.1 0.5 0.1,152,literature,,7800,60000
bot1,0.1 0.1 0.1 0.1 0.3 0.1 0.7 0.1 0.5 0.1,153,literature,,5130,57000
bot1,0.1 0.1 0.1 0.1 0.3 0.1 0.7 0.1 0.5 0.1,155,literature,,1710,57000
bot1,0.1 0.1 0.1 0.1 0.3 0.1 0.7 0.1 0.5 0.1,156,literature,,3960,33000
bot1,0.1 0.1 0.1 0.1 0.3 0.1 0.7 0.1 0.5 0.1,157,literature,,6240,48000
bot1,0.1 0.1 0.1 0.1 0.3 0.1 0.7 0.1 0.5 0.1,159,literature,,3840,32000
bot1,0.1 0.1 0.1 0.1 0.3 0.1 0.7 0.1 0.5 0.1,160,literature,,6720,48000
bot1,0.1 0.1 0.1 0.1 0.3 0.1 0.7 0.1 0.5 0.1,161,literature,,3200,40000
bot1,0.1 0.1 0.1 0.1 0.3 0.1 0.7 0.1 0.5 0.1,162,literature,,1440,36000
bot1,0.1 0.1 0.1 0.1 0.3 0.1 0.7 0.1 0.5 0.1,163,literature,,6800,40000
bot1,0.1 0.1 0.1 0.1 0.3 0.1 0.7 0.1 0.5 0.1,164,literature,,2520,42000
bot1,0.1 0.1 0.1 0.1 0.3 0.1 0.7 0.1 0.5 0.1,165,literature,,4500,50000
bot1,0.1 0.1 0.1 0.1 0.3 0.1 0.7 0.1 0.5 0.1,166,literature,,6000,40000
bot1,0.1 0.1 0.1 0.1 0.3 0.1 0.7 0.1 0.5 0.1,167,literature,,2950,59000
bot1,0.1 0.1 0.1 0.1 0.3 0.1 0.7 0.1 0.5 0.1,168,literature,,5720,44000
bot1,0.1 0.1 0.1 0.1 0.3 0.1 0.7 0.1 0.5 0.1,169,mathematics,like,28320,48000
bot1,0.1 0.1 0.1 0.1 0.3 0.1 0.7 0.1 0.5 0.1,170,mathematics,like,20800,32000
bot1,0.1 0.1 0.1 0.1 0.3 0.1 0.7 0.1 0.5 0.1,171,mathematics,like,30820,46000
bot1,0.1 0.1 0.1 0.1 0.3 0.1 0.7 0.1 0.5 0.1,172,mathematics,like,40710,59000
bot1,0.1 0.1 0.1 0.1 0.3 0.1 0.7 0.1 0.5 0.1,173,mathematics,like,20800,32000
bot1,0.1 0.1 0.1 0.1 0.3 0.1 0.7 0.1 0.5 0.1,174,mathematics,like,29110,41000
bot1,0.1 0.1 0.1 0.1 0.3 0.1 0.7 0.1 0.5 0.1,175,mathematics,like,33000,44000
bot1,0.1 0.1 0.1 0.1 0.3 0.1 0.7 0.1 0.5 0.1,176,mathematics,like,37440,52000
bot1,0.1 0.1 0.1 0.1 0.3 0.1 0.7 0.1 0.5 0.1,177,mathematics,like,35200,55000
bot1,0.1 0.1 0.1 0.1 0.3 0.1 0.7 0.1 0.5 0.1,178,mathematics,like,21000,30000
bot1,0.1 0.1 0.1 0.1 0.3 0.1 0.7 0.1 0.5 0.1,179,mathematics,like,37600,47000
bot1,0.1 0.1 0.1 0.1 0.3 0.1 0.7 0.1 0.5 0.1,180,mathematics,like,33150,51000
bot1,0.1 0.1 0.1 0.1 0.3 0.1 0.7 0.1 0.5 0.1,181,mathematics,like,43500,58000
bot1,0.1 0.1 0.1 0.1 0.3 0.1 0.7 0.1 0.5 0.1,182,mathematics,like,25080,33000
bot1,0.1 0.1 0.1 0.1 0.3 0.1 0.7 0.1 0.5 0.1,183,mathematics,like,37630,53000
bot1,0.1 0.1 0.1 0.1 0.3 0.1 0.7 0.1 0.5 0.1,184,mathematics,like,24320,38000
bot1,0.1 0.1 0.1 0.1 0.3 0.1 0.7 0.1 0.5 0.1,185,mathematics,like,25920,36000
bot1,0.1 0.1 0.1 0.1 0.3 0.1 0.7 0.1 0.5 0.1,186,mathematics,like,23760,36000
bot1,0.1 0.1 0.1 0.1 0.3 0.1 0.7 0.1 0.5 0.1,187,mathematics,like,37620,57000
bot1,0.1 0.1 0.1 0.1 0.3 0.1 0.7 0.1 0.5 0.1,188,mathematics,,33300,45000
bot1,0.1 0.1 0.1 0.1 0.3 0.1 0.7 0.1 0.5 0.1,189,mathematics,like,40710,59000
bot1,0.1 0.1 0.1 0.1 0.3 0.1 0.7 0.1 0.5 0.1,190,mathematics,like,21760,32000
bot1,0.1 0.1 0.1 0.1 0.3 0.1 0.7 0.1 0.5 0.1,191,mathematics,,40880,56000
bot1,0.1 0.1 0.1 0.1 0.3 0.1 0.7 0.1 0.5 0.1,192,mathematics,like,22500,30000
bot1,0.1 0.1 0.1 0.1 0.3 0.1 0.7 0.1 0.5 0.1,193,mathematics,like,22100,34000
bot1,0.1 0.1 0.1 0.1 0.3 0.1 0.7 0.1 0.5 0.1,194,mathematics,like,25840,38000
bot1,0.1 0.1 0.1 0.1 0.3 0.1 0.7 0.1 0.5 0.1,195,mathematics,,32120,44000
bot1,0.1 0.1 0.1 0.1 0.3 0.1 0.7 0.1 0.5 0.1,196,mathematics,like,27520,43000
bot1,0.1 0.1 0.1 0.1 0.3 0.1 0.7 0.1 0.5 0.1,197,music,,3300,33000
bot1,0.1 0.1 0.1 0.1 0.3 0.1 0.7 0.1 0.5 0.1,198,music,,6960,58000
bot1,0.1 0.1 0.1 0.1 0.3 0.1 0.7 0.1 0.5 0.1,199,music,,2380,34000
bot1,0.1 0.1 0.1 0.1 0.3 0.1 0.7 0.1 0.5 0.1,200,music,,1680,56000
bot1,0.1 0.1 0.1 0.1 0.3 0.1 0.7 0.1 0.5 0.1,201,music,,4700,47000
bot1,0.1 0.1 0.1 0.1 0.3 0.1 0.7 0.1 0.5 0.1,202,music,,1360,34000
bot1,0.1 0.1 0.1 0.1 0.3 0.1 0.7 0.1 0.5 0.1,203,music,,2460,41000
bot1,0.1 0.1 0.1 0.1 0.3 0.1 0.7 0.1 0.5 0.1,204,music,,7700,55000
bot1,0.1 0.1 0.1 0.1 0.3 0.1 0.7 0.1 0.5 0.1,205,music,,5580,31000
bot1,0.1 0.1 0.1 0.1 0.3 0.1 0.7 0.1 0.5 0.1,206,music,,5400,36000
bot1,0.1 0.1 0.1 0.1 0.3 0.1 0.7 0.1 0.5 0.1,207,music,,3060,51000
bot1,0.1 0.1 0.1 0.1 0.3 0.1 0.7 0.1 0.5 0.1,208,music,,3240,54000
bot1,0.1 0.1 0.1 0.1 0.3 0.1 0.7 0.1 0.5 0.1,209,music,,5700,57000
bot1,0.1 0.1 0.1 0.1 0.3 0.1 0.7 0.1 0.5 0.1,210,music,,7840,49000
bot1,0.1 0.1 0.1 0.1 0.3 0.1 0.7 0.1 0.5 0.1,211,music,,6490,59000
bot1,0.1 0.1 0.1 0.1 0.3 0.1 0.7 0.1 0.5 0.1,212,music,,10260,57000
bot1,0.1 0.1 0.1 0.1 0.3 0.1 0.7 0.1 0.5 0.1,213,music,,8800,55000
bot1,0.1 0.1 0.1 0.1 0.3 0.1 0.7 0.1 0.5 0.1,214,music,,5800,58000
bot1,0.1 0.1 0.1 0.1 0.3 0.1 0.7 0.1 0.5 0.1,215,music,,3150,35000
bot1,0.1 0.1 0.1 0.1 0.3 0.1 0.7 0.1 0.5 0.1,216,music,,2800,40000
bot1,0.1 0.1 0.1 0.1 0.3 0.1 0.7 0.1 0.5 0.1,217,music,,4730,43000
bot1,0.1 0.1 0.1 0.1 0.3 0.1 0.7 0.1 0.5 0.1,218,music,,5700,57000
bot1,0.1 0.1 0.1 0.1 0.3 0.1 0.7 0.1 0.5 0.1,219,music,,5180,37000
bot1,0.1 0.1 0.1 0.1 0.3 0.1 0.7 0.1 0.5 0.1,220,music,,2200,55000
bot1,0.1 0.1 0.1 0.1 0.3 0.1 0.7 0.1 0.5 0.1,221,music,,1260,42000
bot1,0.1 0.1 0.1 0.1 0.3 0.1 0.7 0.1 0.5 0.1,222,music,,4560,57000
bot1,0.1 0.1 0.1 0.1 0.3 0.1 0.7 0.1 0.5 0.1,223,music,,1800,36000
bot1,0.1 0.1 0.1 0.1 0.3 0.1 0.7 0.1 0.5 0.1,224,music,,3960,44000
bot1,0.1 0.1 0.1 0.1 0.3 0.1 0.7 0.1 0.5 0.1,225,physics,like,24640,56000
bot1,0.1 0.1 0.1 0.1 0.3 0.1 0.7 0.1 0.5 0.1,226,physics,,17020,37000
bot1,0.1 0.1 0.1 0.1 0.3 0.1 0.7 0.1 0.5 0.1,227,physics,,23970,51000
bot1,0.1 0.1 0.1 0.1 0.3 0.1 0.7 0.1 0.5 0.1,228,physics,like,20000,40000
bot1,0.1 0.1 0.1 0.1 0.3 0.1 0.7 0.1 0.5 0.1,229,physics,,14080,32000
bot1,0.1 0.1 0.1 0.1 0.3 0.1 0.7 0.1 0.5 0.1,230,physics,like,22040,38000
bot1,0.1 0.1 0.1 0.1 0.3 0.1 0.7 0.1 0.5 0.1,231,physics,like,25300,46000
bot1,0.1 0.1 0.1 0.1 0.3 0.1 0.7 0.1 0.5 0.1,232,physics,like,29120,56000
bot1,0.1 0.1 0.1 0.1 0.3 0.1 0.7 0.1 0.5 0.1,233,physics,like,32400,60000
bot1,0.1 0.1 0.1 0.1 0.3 0.1 0.7 0.1 0.5 0.1,234,physics,like,31320,58000
bot1,0.1 0.1 0.1 0.1 0.3 0.1 0.7 0.1 0.5 0.1,235,physics,like,18900,35000
bot1,0.1 0.1 0.1 0.1 0.3 0.1 0.7 0.1 0.5 0.1,236,physics,,17860,38000
bot1,0.1 0.1 0.1 0.1 0.3 0.1 0.7 0.1 0.5 0.1,237,physics,like,23520,49000
bot1,0.1 0.1 0.1 0.1 0.3 0.1 0.7 0.1 0.5 0.1,238,physics,like,27560,53000
bot1,0.1 0.1 0.1 0.1 0.3 0.1 0.7 0.1 0.5 0.1,239,physics,like,19780,43000
bot1,0.1 0.1 0.1 0.1 0.3 0.1 0.7 0.1 0.5 0.1,240,physics,like,20240,46000
bot1,0.1 0.1 0.1 0.1 0.3 0.1 0.7 0.1 0.5 0.1,241,physics,,26680,58000
bot1,0.1 0.1 0.1 0.1 0.3 0.1 0.7 0.1 0.5 0.1,242,physics,like,18240,38000
bot1,0.1 0.1 0.1 0.1 0.3 0.1 0.7 0.1 0.5 0.1,243,physics,,18060,43000
bot1,0.1 0.1 0.1 0.1 0.3 0.1 0.7 0.1 0.5 0.1,244,physics,like,28320,59000
bot1,0.1 0.1 0.1 0.1 0.3 0.1 0.7 0.1 0.5 0.1,245,physics,like,23970,51000
bot1,0.1 0.1 0.1 0.1 0.3 0.1 0.7 0.1 0.5 0.1,246,physics,like,26500,53000
bot1,0.1 0.1 0.1 0.1 0.3 0.1 0.7 0.1 0.5 0.1,247,physics,like,16920,36000
bot1,0.1 0.1 0.1 0.1 0.3 0.1 0.7 0.1 0.5 0.1,248,physics,like,16960,32000
bot1,0.1 0.1 0.1 0.1 0.3 0.1 0.7 0.1 0.5 0.1,249,physics,like,27730,59000
bot1,0.1 0.1 0.1 0.1 0.3 0.1 0.7 0.1 0.5 0.1,250,physics,,19200,40000
bot1,0.1 0.1 0.1 0.1 0.3 0.1 0.7 0.1 0.5 0.1,251,physics,like,17820,33000
bot1,0.1 0.1 0.1 0.1 0.3 0.1 0.7 0.1 0.5 0.1,252,physics,like,15600,39000
bot1,0.1 0.1 0.1 0.1 0.3 0.1 0.7 0.1 0.5 0.1,253,psychology,,7140,51000
bot1,0.1 0.1 0.1 0.1 0.3 0.1 0.7 0.1 0.5 0.1,254,psychology,,4200,42000
bot1,0.1 0.1 0.1 0.1 0.3 0.1 0.7 0.1 0.5 0.1,256,psychology,,4300,43000
bot1,0.1 0.1 0.1 0.1 0.3 0.1 0.7 0.1 0.5 0.1,257,psychology,,4200,42000
bot1,0.1 0.1 0.1 0.1 0.3 0.1 0.7 0.1 0.5 0.1,259,psychology,,8640,48000
bot1,0.1 0.1 0.1 0.1 0.3 0.1 0.7 0.1 0.5 0.1,260,psychology,,14100,47000
bot1,0.1 0.1 0.1 0.1 0.3 0.1 0.7 0.1 0.5 0.1,261,psychology,,3510,39000
bot1,0.1 0.1 0.1 0.1 0.3 0.1 0.7 0.1 0.5 0.1,262,psychology,,3870,43000
bot1,0.1 0.1 0.1 0.1 0.3 0.1 0.7 0.1 0.5 0.1,263,psychology,,5390,49000
bot1,0.1 0.1 0.1 0.1 0.3 0.1 0.7 0.1 0.5 0.1,264,psychology,,4400,44000
bot1,0.1 0.1 0.1 0.1 0.3 0.1 0.7 0.1 0.5 0.1,266,psychology,,6300,45000
bot1,0.1 0.1 0.1 0.1 0.3 0.1 0.7 0.1 0.5 0.1,267,psychology,,4200,60000
bot1,0.1 0.1 0.1 0.1 0.3 0.1 0.7 0.1 0.5 0.1,268,psychology,,5600,35000
bot1,0.1 0.1 0.1 0.1 0.3 0.1 0.7 0.1 0.5 0.1,269,psychology,,2730,39000
bot1,0.1 0.1 0.1 0.1 0.3 0.1 0.7 0.1 0.5 0.1,270,psychology,,8500,50000
bot1,0.1 0.1 0.1 0.1 0.3 0.1 0.7 0.1 0.5 0.1,271,psychology,,320,32000
bot1,0.1 0.1 0.1 0.1 0.3 0.1 0.7 0.1 0.5 0.1,272,psychology,,5400,54000
bot1,0.1 0.1 0.1 0.1 0.3 0.1 0.7 0.1 0.5 0.1,273,psychology,,3120,39000
bot1,0.1 0.1 0.1 0.1 0.3 0.1 0.7 0.1 0.5 0.1,275,psychology,,5270,31000
bot1,0.1 0.1 0.1 0.1 0.3 0.1 0.7 0.1 0.5 0.1,276,psychology,,3150,45000
bot1,0.1 0.1 0.1 0.1 0.3 0.1 0.7 0.1 0.5 0.1,278,psychology,,2580,43000
bot1,0.1 0.1 0.1 0.1 0.3 0.1 0.7 0.1 0.5 0.1,280,psychology,,2600,52000
bot1,0.1 0.1 0.1 0.1 0.3 0.1 0.7 0.1 0.5 0.1,281,arts biology,,3360,42000
bot1,0.1 0.1 0.1 0.1 0.3 0.1 0.7 0.1 0.5 0.1,282,arts biology,,2500,50000
bot1,0.1 0.1 0.1 0.1 0.3 0.1 0.7 0.1 0.5 0.1,283,arts biology,,2900,58000
bot1,0.1 0.1 0.1 0.1 0.3 0.1 0.7 0.1 0.5 0.1,284,arts biology,,4860,54000
bot1,0.1 0.1 0.1 0.1 0.3 0.1 0.7 0.1 0.5 0.1,285,arts biology,,3780,54000
bot1,0.1 0.1 0.1 0.1 0.3 0.1 0.7 0.1 0.5 0.1,286,arts biology,,5950,35000
bot1,0.1 0.1 0.1 0.1 0.3 0.1 0.7 0.1 0.5 0.1,287,arts biology,,3640,52000
bot1,0.1 0.1 0.1 0.1 0.3 0.1 0.7 0.1 0.5 0.1,288,arts biology,,3100,31000
bot1,0.1 0.1 0.1 0.1 0.3 0.1 0.7 0.1 0.5 0.1,289,arts biology,,7080,59000
bot1,0.1 0.1 0.1 0.1 0.3 0.1 0.7 0.1 0.5 0.1,290,arts biology,,5720,44000
bot1,0.1 0.1 0.1 0.1 0.3 0.1 0.7 0.1 0.5 0.1,291,arts biology,,5280,44000
bot1,0.1 0.1 0.1 0.1 0.3 0.1 0.7 0.1 0.5 0.1,292,arts biology,,4700,47000
bot1,0.1 0.1 0.1 0.1 0.3 0.1 0.7 0.1 0.5 0.1,293,arts biology,,7200,60000
bot1,0.1 0.1 0.1 0.1 0.3 0.1 0.7 0.1 0.5 0.1,294,arts biology,,4400,44000
bot1,0.1 0.1 0.1 0.1 0.3 0.1 0.7 0.1 0.5 0.1,295,arts biology,,3180,53000
bot1,0.1 0.1 0.1 0.1 0.3 0.1 0.7 0.1 0.5 0.1,296,arts biology,,6020,43000
bot1,0.1 0.1 0.1 0.1 0.3 0.1 0.7 0.1 0.5 0.1,297,arts biology,,5170,47000
bot1,0.1 0.1 0.1 0.1 0.3 0.1 0.7 0.1 0.5 0.1,298,arts biology,,4900,35000
bot1,0.1 0.1 0.1 0.1 0.3 0.1 0.7 0.1 0.5 0.1,299,arts biology,,6300,45000
bot1,0.1 0.1 0.1 0.1 0.3 0.1 0.7 0.1 0.5 0.1,300,arts biology,,2700,54000
bot1,0.1 0.1 0.1 0.1 0.3 0.1 0.7 0.1 0.5 0.1,301,arts biology,,6500,50000
bot1,0.1 0.1 0.1 0.1 0.3 0.1 0.7 0.1 0.5 0.1,302,arts biology,,3780,54000
bot1,0.1 0.1 0.1 0.1 0.3 0.1 0.7 0.1 0.5 0.1,303,arts biology,,5000,50000
bot1,0.1 0.1 0.1 0.1 0.3 0.1 0.7 0.1 0.5 0.1,304,arts biology,,3960,44000
bot1,0.1 0.1 0.1 0.1 0.3 0.1 0.7 0.1 0.5 0.1,305,arts biology,,6240,39000
bot1,0.1 0.1 0.1 0.1 0.3 0.1 0.7 0.1 0.5 0.1,306,arts biology,,1200,40000
bot1,0.1 0.1 0.1 0.1 0.3 0.1 0.7 0.1 0.5 0.1,307,arts biology,,4230,47000
bot1,0.1 0.1 0.1 0.1 0.3 0.1 0.7 0.1 0.5 0.1,308,arts biology,,2380,34000
bot1,0.1 0.1 0.1 0.1 0.3 0.1 0.7 0.1 0.5 0.1,309,arts business,,1560,52000
bot1,0.1 0.1 0.1 0.1 0.3 0.1 0.7 0.1 0.5 0.1,310,arts business,,2880,36000
bot1,0.1 0.1 0.1 0.1 0.3 0.1 0.7 0.1 0.5 0.1,311,arts business,,2150,43000
bot1,0.1 0.1 0.1 0.1 0.3 0.1 0.7 0.1 0.5 0.1,312,arts business,,4840,44000
bot1,0.1 0.1 0.1 0.1 0.3 0.1 0.7 0.1 0.5 0.1,313,arts business,,2520,36000
bot1,0.1 0.1 0.1 0.1 0.3 0.1 0.7 0.1 0.5 0.1,314,arts business,,4620,42000
bot1,0.1 0.1 0.1 0.1 0.3 0.1 0.7 0.1 0.5 0.1,315,arts business,,7680,48000
bot1,0.1 0.1 0.1 0.1 0.3 0.1 0.7 0.1 0.5 0.1,316,arts business,,3000,30000
bot1,0.1 0.1 0.1 0.1 0.3 0.1 0.7 0.1 0.5 0.1,317,arts business,,3780,54000
bot1,0.1 0.1 0.1 0.1 0.3 0.1 0.7 0.1 0.5 0.1,318,arts business,,4050,45000
bot1,0.1 0.1 0.1 0.1 0.3 0.1 0.7 0.1 0.5 0.1,319,arts business,,2460,41000
bot1,0.1 0.1 0.1 0.1 0.3 0.1 0.7 0.1 0.5 0.1,320,arts business,,3780,42000
bot1,0.1 0.1 0.1 0.1 0.3 0.1 0.7 0.1 0.5 0.1,321,arts business,,3600,60000
bot1,0.1 0.1 0.1 0.1 0.3 0.1 0.7 0.1 0.5 0.1,322,arts business,,4700,47000
bot1,0.1 0.1 0.1 0.1 0.3 0.1 0.7 0.1 0.5 0.1,323,arts business,,4230,47000
bot1,0.1 0.1 0.1 0.1 0.3 0.1 0.7 0.1 0.5 0.1,324,arts business,,8120,58000
bot1,0.1 0.1 0.1 0.1 0.3 0.1 0.7 0.1 0.5 0.1,325,arts business,,4440,37000
bot1,0.1 0.1 0.1 0.1 0.3 0.1 0.7 0.1 0.5 0.1,326,arts business,,2700,45000
bot1,0.1 0.1 0.1 0.1 0.3 0.1 0.7 0.1 0.5 0.1,327,arts business,,3600,40000
bot1,0.1 0.1 0.1 0.1 0.3 0.1 0.7 0.1 0.5 0.1,328,arts business,,6600,55000
bot1,0.1 0.1 0.1 0.1 0.3 0.1 0.7 0.1 0.5 0.1,329,arts business,,3150,35000
bot1,0.1 0.1 0.1 0.1 0.3 0.1 0.7 0.1 0.5 0.1,330,arts business,,6490,59000
bot1,0.1 0.1 0.1 0.1 0.3 0.1 0.7 0.1 0.5 0.1,331,arts business,,3920,49000
bot1,0.1 0.1 0.1 0.1 0.3 0.1 0.7 0.1 0.5 0.1,332,arts business,,3540,59000
bot1,0.1 0.1 0.1 0.1 0.3 0.1 0.7 0.1 0.5 0.1,333,arts business,,960,48000
bot1,0.1 0.1 0.1 0.1 0.3 0.1 0.7 0.1 0.5 0.1,334,arts business,,3840,32000
bot1,0.1 0.1 0.1 0.1 0.3 0.1 0.7 0.1 0.5 0.1,335,arts business,,1020,34000
bot1,0.1 0.1 0.1 0.1 0.3 0.1 0.7 0.1 0.5 0.1,336,arts business,,1750,35000
bot1,0.1 0.1 0.1 0.1 0.3 0.1 0.7 0.1 0.5 0.1,337,arts chemistry,,2520,42000
bot1,0.1 0.1 0.1 0.1 0.3 0.1 0.7 0.1 0.5 0.1,338,arts chemistry,,5720,44000
bot1,0.1 0.1 0.1 0.1 0.3 0.1 0.7 0.1 0.5 0.1,339,arts chemistry,,5400,54000
bot1,0.1 0.1 0.1 0.1 0.3 0.1 0.7 0.1 0.5 0.1,340,arts chemistry,,4180,38000
bot1,0.1 0.1 0.1 0.1 0.3 0.1 0.7 0.1 0.5 0.1,341,arts chemistry,,8400,56000
bot1,0.1 0.1 0.1 0.1 0.3 0.1 0.7 0.1 0.5 0.1,342,arts chemistry,,3360,56000
bot1,0.1 0.1 0.1 0.1 0.3 0.1 0.7 0.1 0.5 0.1,343,arts chemistry,,5100,30000
bot1,0.1 0.1 0.1 0.1 0.3 0.1 0.7 0.1 0.5 0.1,344,arts chemistry,,1550,31000
bot1,0.1 0.1 0.1 0.1 0.3 0.1 0.7 0.1 0.5 0.1,345,arts chemistry,,2050,41000
bot1,0.1 0.1 0.1 0.1 0.3 0.1 0.7 0.1 0.5 0.1,346,arts chemistry,,7040,32000
bot1,0.1 0.1 0.1 0.1 0.3 0.1 0.7 0.1 0.5 0.1,347,arts chemistry,,3500,50000
bot1,0.1 0.1 0.1 0.1 0.3 0.1 0.7 0.1 0.5 0.1,348,arts chemistry,,1800,30000
bot1,0.1 0.1 0.1 0.1 0.3 0.1 0.7 0.1 0.5 0.1,349,arts chemistry,,1080,36000
bot1,0.1 0.1 0.1 0.1 0.3 0.1 0.7 0.1 0.5 0.1,350,arts chemistry,,4410,49000
bot1,0.1 0.1 0.1 0.1 0.3 0.1 0.7 0.1 0.5 0.1,351,arts chemistry,,4420,34000
bot1,0.1 0.1 0.1 0.1 0.3 0.1 0.7 0.1 0.5 0.1,352,arts chemistry,,3630,33000
bot1,0.1 0.1 0.1 0.1 0.3 0.1 0.7 0.1 0.5 0.1,353,arts chemistry,,7200,36000
bot1,0.1 0.1 0.1 0.1 0.3 0.1 0.7 0.1 0.5 0.1,354,arts chemistry,,3800,38000
bot1,0.1 0.1 0.1 0.1 0.3 0.1 0.7 0.1 0.5 0.1,355,arts chemistry,,2100,35000
bot1,0.1 0.1 0.1 0.1 0.3 0.1 0.7 0.1 0.5 0.1,356,arts chemistry,,3000,60000
bot1,0.1 0.1 0.1 0.1 0.3 0.1 0.7 0.1 0.5 0.1,357,arts chemistry,,2640,33000
bot1,0.1 0.1 0.1 0.1 0.3 0.1 0.7 0.1 0.5 0.1,358,arts chemistry,,4900,35000
bot1,0.1 0.1 0.1 0.1 0.3 0.1 0.7 0.1 0.5 0.1,359,arts chemistry,,4290,33000
bot1,0.1 0.1 0.1 0.1 0.3 0.1 0.7 0.1 0.5 0.1,360,arts chemistry,,3540,59000
bot1,0.1 0.1 0.1 0.1 0.3 0.1 0.7 0.1 0.5 0.1,361,arts chemistry,,5100,51000
bot1,0.1 0.1 0.1 0.1 0.3 0.1 0.7 0.1 0.5 0.1,362,arts chemistry,,3780,42000
bot1,0.1 0.1 0.1 0.1 0.3 0.1 0.7 0.1 0.5 0.1,363,arts chemistry,,4160,52000
bot1,0.1 0.1 0.1 0.1 0.3 0.1 0.7 0.1 0.5 0.1,364,arts chemistry,,3840,48000
bot1,0.1 0.1 0.1 0.1 0.3 0.1 0.7 0.1 0.5 0.1,365,arts computer_science,,8500,50000
bot1,0.1 0.1 0.1 0.1 0.3 0.1 0.7 0.1 0.5 0.1,366,arts computer_science,,13000,52000
bot1,0.1 0.1 0.1 0.1 0.3 0.1 0.7 0.1 0.5 0.1,367,arts computer_science,like,14250,57000
bot1,0.1 0.1 0.1 0.1 0.3 0.1 0.7 0.1 0.5 0.1,368,arts computer_science,like,14300,55000
bot1,0.1 0.1 0.1 0.1 0.3 0.1 0.7 0.1 0.5 0.1,369,arts computer_science,,10080,48000
bot1,0.1 0.1 0.1 0.1 0.3 0.1 0.7 0.1 0.5 0.1,370,arts computer_science,,9840,41000
bot1,0.1 0.1 0.1 0.1 0.3 0.1 0.7 0.1 0.5 0.1,371,arts computer_science,,7650,51000
bot1,0.1 0.1 0.1 0.1 0.3 0.1 0.7 0.1 0.5 0.1,372,arts computer_science,,11040,46000
bot1,0.1 0.1 0.1 0.1 0.3 0.1 0.7 0.1 0.5 0.1,373,arts computer_science,,6600,30000
bot1,0.1 0.1 0.1 0.1 0.3 0.1 0.7 0.1 0.5 0.1,374,arts computer_science,,13440,56000
bot1,0.1 0.1 0.1 0.1 0.3 0.1 0.7 0.1 0.5 0.1,375,arts computer_science,,9890,43000
bot1,0.1 0.1 0.1 0.1 0.3 0.1 0.7 0.1 0.5 0.1,376,arts computer_science,,8500,50000
bot1,0.1 0.1 0.1 0.1 0.3 0.1 0.7 0.1 0.5 0.1,377,arts computer_science,,10120,44000
bot1,0.1 0.1 0.1 0.1 0.3 0.1 0.7 0.1 0.5 0.1,378,arts computer_science,,9890,43000
bot1,0.1 0.1 0.1 0.1 0.3 0.1 0.7 0.1 0.5 0.1,379,arts computer_science,,9660,46000
bot1,0.1 0.1 0.1 0.1 0.3 0.1 0.7 0.1 0.5 0.1,380,arts computer_science,,8740,38000
bot1,0.1 0.1 0.1 0.1 0.3 0.1 0.7 0.1 0.5 0.1,381,arts computer_science,,10620,59000
bot1,0.1 0.1 0.1 0.1 0.3 0.1 0.7 0.1 0.5 0.1,382,arts computer_science,,9900,45000
bot1,0.1 0.1 0.1 0.1 0.3 0.1 0.7 0.1 0.5 0.1,383,arts computer_science,,12880,56000
bot1,0.1 0.1 0.1 0.1 0.3 0.1 0.7 0.1 0.5 0.1,384,arts computer_science,,9880,38000
bot1,0.1 0.1 0.1 0.1 0.3 0.1 0.7 0.1 0.5 0.1,385,arts computer_science,,7400,37000
bot1,0.1 0.1 0.1 0.1 0.3 0.1 0.7 0.1 0.5 0.1,386,arts computer_science,,6400,32000
bot1,0.1 0.1 0.1 0.1 0.3 0.1 0.7 0.1 0.5 0.1,387,arts computer_science,,10120,44000
bot1,0.1 0.1 0.1 0.1 0.3 0.1 0.7 0.1 0.5 0.1,388,arts computer_science,,11880,44000
bot1,0.1 0.1 0.1 0.1 0.3 0.1 0.7 0.1 0.5 0.1,389,arts computer_science,,10200,51000
bot1,0.1 0.1 0.1 0.1 0.3 0.1 0.7 0.1 0.5 0.1,390,arts computer_science,,5400,30000
bot1,0.1 0.1 0.1 0.1 0.3 0.1 0.7 0.1 0.5 0.1,391,arts computer_science,,9600,40000
bot1,0.1 0.1 0.1 0.1 0.3 0.1 0.7 0.1 0.5 0.1,392,arts computer_science,,8280,36000
bot1,0.1 0.1 0.1 0.1 0.3 0.1 0.7 0.1 0.5 0.1,393,arts literature,,2280,38000
bot1,0.1 0.1 0.1 0.1 0.3 0.1 0.7 0.1 0.5 0.1,394,arts literature,,4640,58000
bot1,0.1 0.1 0.1 0.1 0.3 0.1 0.7 0.1 0.5 0.1,395,arts literature,,5220,58000
bot1,0.1 0.1 0.1 0.1 0.3 0.1 0.7 0.1 0.5 0.1,396,arts literature,,1800,30000
bot1,0.1 0.1 0.1 0.1 0.3 0.1 0.7 0.1 0.5 0.1,397,arts literature,,3960,36000
bot1,0.1 0.1 0.1 0.1 0.3 0.1 0.7 0.1 0.5 0.1,398,arts literature,,4240,53000
bot1,0.1 0.1 0.1 0.1 0.3 0.1 0.7 0.1 0.5 0.1,399,arts literature,,4700,47000
bot1,0.1 0.1 0.1 0.1 0.3 0.1 0.7 0.1 0.5 0.1,400,arts literature,,2600,52000
bot1,0.1 0.1 0.1 0.1 0.3 0.1 0.7 0.1 0.5 0.1,401,arts literature,,6240,52000
bot1,0.1 0.1 0.1 0.1 0.3 0.1 0.7 0.1 0.5 0.1,402,arts literature,,5500,55000
bot1,0.1 0.1 0.1 0.1 0.3 0.1 0.7 0.1 0.5 0.1,403,arts literature,,3120,39000
bot1,0.1 0.1 0.1 0.1 0.3 0.1 0.7 0.1 0.5 0.1,404,arts literature,,3640,52000
bot1,0.1 0.1 0.1 0.1 0.3 0.1 0.7 0.1 0.5 0.1,405,arts literature,,6120,51000
bot1,0.1 0.1 0.1 0.1 0.3 0.1 0.7 0.1 0.5 0.1,406,arts literature,,4050,45000
bot1,0.1 0.1 0.1 0.1 0.3 0.1 0.7 0.1 0.5 0.1,407,arts literature,,4510,41000
bot1,0.1 0.1 0.1 0.1 0.3 0.1 0.7 0.1 0.5 0.1,408,arts literature,,4240,53000
bot1,0.1 0.1 0.1 0.1 0.3 0.1 0.7 0.1 0.5 0.1,409,arts literature,,5330,41000
bot1,0.1 0.1 0.1 0.1 0.3 0.1 0.7 0.1 0.5 0.1,410,arts literature,,4180,38000
bot1,0.1 0.1 0.1 0.1 0.3 0.1 0.7 0.1 0.5 0.1,411,arts literature,,5180,37000
bot1,0.1 0.1 0.1 0.1 0.3 0.1 0.7 0.1 0.5 0.1,412,arts literature,,2160,36000
bot1,0.1 0.1 0.1 0.1 0.3 0.1 0.7 0.1 0.5 0.1,413,arts literature,,4770,53000
bot1,0.1 0.1 0.1 0.1 0.3 0.1 0.7 0.1 0.5 0.1,414,arts literature,,2700,54000
bot1,0.1 0.1 0.1 0.1 0.3 0.1 0.7 0.1 0.5 0.1,415,arts literature,,3240,36000
bot1,0.1 0.1 0.1 0.1 0.3 0.1 0.7 0.1 0.5 0.1,416,arts literature,,4950,45000
bot1,0.1 0.1 0.1 0.1 0.3 0.1 0.7 0.1 0.5 0.1,417,arts literature,,1920,48000
bot1,0.1 0.1 0.1 0.1 0.3 0.1 0.7 0.1 0.5 0.1,418,arts literature,,4140,46000
bot1,0.1 0.1 0.1 0.1 0.3 0.1 0.7 0.1 0.5 0.1,419,arts literature,,3960,33000
bot1,0.1 0.1 0.1 0.1 0.3 0.1 0.7 0.1 0.5 0.1,420,arts literature,,3120,39000
bot1,0.1 0.1 0.1 0.1 0.3 0.1 0.7 0.1 0.5 0.1,421,arts mathematics,like,19950,35000
bot1,0.1 0.1 0.1 0.1 0.3 0.1 0.7 0.1 0.5 0.1,422,arts mathematics,,30680,52000
bot1,0.1 0.1 0.1 0.1 0.3 0.1 0.7 0.1 0.5 0.1,423,arts mathematics,like,22420,38000
bot1,0.1 0.1 0.1 0.1 0.3 0.1 0.7 0.1 0.5 0.1,424,arts mathematics,,17670,31000
bot1,0.1 0.1 0.1 0.1 0.3 0.1 0.7 0.1 0.5 0.1,425,arts mathematics,,27560,52000
bot1,0.1 0.1 0.1 0.1 0.3 0.1 0.7 0.1 0.5 0.1,426,arts mathematics,like,29500,50000
bot1,0.1 0.1 0.1 0.1 0.3 0.1 0.7 0.1 0.5 0.1,427,arts mathematics,like,26550,45000
bot1,0.1 0.1 0.1 0.1 0.3 0.1 0.7 0.1 0.5 0.1,428,arts mathematics,like,18000,30000
bot1,0.1 0.1 0.1 0.1 0.3 0.1 0.7 0.1 0.5 0.1,429,arts mathematics,like,26550,45000
bot1,0.1 0.1 0.1 0.1 0.3 0.1 0.7 0.1 0.5 0.1,430,arts mathematics,,23200,40000
bot1,0.1 0.1 0.1 0.1 0.3 0.1 0.7 0.1 0.5 0.1,431,arts mathematics,like,17670,31000
bot1,0.1 0.1 0.1 0.1 0.3 0.1 0.7 0.1 0.5 0.1,432,arts mathematics,,36480,57000
bot1,0.1 0.1 0.1 0.1 0.3 0.1 0.7 0.1 0.5 0.1,433,arts mathematics,like,33600,56000
bot1,0.1 0.1 0.1 0.1 0.3 0.1 0.7 0.1 0.5 0.1,434,arts mathematics,like,23850,45000
bot1,0.1 0.1 0.1 0.1 0.3 0.1 0.7 0.1 0.5 0.1,435,arts mathematics,like,27500,50000
bot1,0.1 0.1 0.1 0.1 0.3 0.1 0.7 0.1 0.5 0.1,436,arts mathematics,like,19380,34000
bot1,0.1 0.1 0.1 0.1 0.3 0.1 0.7 0.1 0.5 0.1,437,arts mathematics,like,24960,48000
bot1,0.1 0.1 0.1 0.1 0.3 0.1 0.7 0.1 0.5 0.1,438,arts mathematics,like,19520,32000
bot1,0.1 0.1 0.1 0.1 0.3 0.1 0.7 0.1 0.5 0.1,439,arts mathematics,,19800,33000
bot1,0.1 0.1 0.1 0.1 0.3 0.1 0.7 0.1 0.5 0.1,440,arts mathematics,,24510,43000
bot1,0.1 0.1 0.1 0.1 0.3 0.1 0.7 0.1 0.5 0.1,441,arts mathematics,like,32450,55000
bot1,0.1 0.1 0.1 0.1 0.3 0.1 0.7 0.1 0.5 0.1,442,arts mathematics,like,31320,54000
bot1,0.1 0.1 0.1 0.1 0.3 0.1 0.7 0.1 0.5 0.1,443,arts mathematics,like,26400,44000
bot1,0.1 0.1 0.1 0.1 0.3 0.1 0.7 0.1 0.5 0.1,444,arts mathematics,like,26910,39000
bot1,0.1 0.1 0.1 0.1 0.3 0.1 0.7 0.1 0.5 0.1,445,arts mathematics,like,23650,43000
bot1,0.1 0.1 0.1 0.1 0.3 0.1 0.7 0.1 0.5 0.1,446,arts mathematics,like,26460,49000
bot1,0.1 0.1 0.1 0.1 0.3 0.1 0.7 0.1 0.5 0.1,447,arts mathematics,like,32400,60000
bot1,0.1 0.1 0.1 0.1 0.3 0.1 0.7 0.1 0.5 0.1,448,arts mathematics,like,31800,60000
bot1,0.1 0.1 0.1 0.1 0.3 0.1 0.7 0.1 0.5 0.1,449,arts music,,5500,50000
bot1,0.1 0.1 0.1 0.1 0.3 0.1 0.7 0.1 0.5 0.1,450,arts music,,6630,51000
bot1,0.1 0.1 0.1 0.1 0.3 0.1 0.7 0.1 0.5 0.1,451,arts music,,3700,37000
bot1,0.1 0.1 0.1 0.1 0.3 0.1 0.7 0.1 0.5 0.1,452,arts music,,2240,32000
bot1,0.1 0.1 0.1 0.1 0.3 0.1 0.7 0.1 0.5 0.1,453,arts music,,3870,43000
bot1,0.1 0.1 0.1 0.1 0.3 0.1 0.7 0.1 0.5 0.1,454,arts music,,3920,49000
bot1,0.1 0.1 0.1 0.1 0.3 0.1 0.7 0.1 0.5 0.1,455,arts music,,1240,31000
bot1,0.1 0.1 0.1 0.1 0.3 0.1 0.7 0.1 0.5 0.1,456,arts music,,5720,52000
bot1,0.1 0.1 0.1 0.1 0.3 0.1 0.7 0.1 0.5 0.1,457,arts music,,4560,57000
bot1,0.1 0.1 0.1 0.1 0.3 0.1 0.7 0.1 0.5 0.1,458,arts music,,2550,51000
bot1,0.1 0.1 0.1 0.1 0.3 0.1 0.7 0.1 0.5 0.1,459,arts music,,2280,38000
bot1,0.1 0.1 0.1 0.1 0.3 0.1 0.7 0.1 0.5 0.1,460,arts music,,3000,50000
bot1,0.1 0.1 0.1 0.1 0.3 0.1 0.7 0.1 0.5 0.1,461,arts music,,2750,55000
bot1,0.1 0.1 0.1 0.1 0.3 0.1 0.7 0.1 0.5 0.1,462,arts music,,4300,43000
bot1,0.1 0.1 0.1 0.1 0.3 0.1 0.7 0.1 0.5 0.1,463,arts music,,3330,37000
bot1,0.1 0.1 0.1 0.1 0.3 0.1 0.7 0.1 0.5 0.1,464,arts music,,4130,59000
bot1,0.1 0.1 0.1 0.1 0.3 0.1 0.7 0.1 0.5 0.1,465,arts music,,3060,34000
bot1,0.1 0.1 0.1 0.1 0.3 0.1 0.7 0.1 0.5 0.1,466,arts music,,5600,35000
bot1,0.1 0.1 0.1 0.1 0.3 0.1 0.7 0.1 0.5 0.1,467,arts music,,3920,49000
bot1,0.1 0.1 0.1 0.1 0.3 0.1 0.7 0.1 0.5 0.1,468,arts music,,7680,48000
bot1,0.1 0.1 0.1 0.1 0.3 0.1 0.7 0.1 0.5 0.1,469,arts music,,8360,44000
bot1,0.1 0.1 0.1 0.1 0.3 0.1 0.7 0.1 0.5 0.1,470,arts music,,4680,52000
bot1,0.1 0.1 0.1 0.1 0.3 0.1 0.7 0.1 0.5 0.1,471,arts music,,4200,42000
bot1,0.1 0.1 0.1 0.1 0.3 0.1 0.7 0.1 0.5 0.1,472,arts music,,4600,46000
bot1,0.1 0.1 0.1 0.1 0.3 0.1 0.7 0.1 0.5 0.1,473,arts music,,8800,44000
bot1,0.1 0.1 0.1 0.1 0.3 0.1 0.7 0.1 0.5 0.1,474,arts music,,1550,31000
bot1,0.1 0.1 0.1 0.1 0.3 0.1 0.7 0.1 0.5 0.1,475,arts music,,6890,53000
bot1,0.1 0.1 0.1 0.1 0.3 0.1 0.7 0.1 0.5 0.1,476,arts music,,2280,38000
bot1,0.1 0.1 0.1 0.1 0.3 0.1 0.7 0.1 0.5 0.1,477,arts physics,,15910,37000
bot1,0.1 0.1 0.1 0.1 0.3 0.1 0.7 0.1 0.5 0.1,478,arts physics,,22960,56000
bot1,0.1 0.1 0.1 0.1 0.3 0.1 0.7 0.1 0.5 0.1,479,arts physics,like,20640,48000
bot1,0.1 0.1 0.1 0.1 0.3 0.1 0.7 0.1 0.5 0.1,480,arts physics,,25920,54000
bot1,0.1 0.1 0.1 0.1 0.3 0.1 0.7 0.1 0.5 0.1,481,arts physics,like,14820,38000
bot1,0.1 0.1 0.1 0.1 0.3 0.1 0.7 0.1 0.5 0.1,482,arts physics,,24300,54000
bot1,0.1 0.1 0.1 0.1 0.3 0.1 0.7 0.1 0.5 0.1,483,arts physics,like,17550,45000
bot1,0.1 0.1 0.1 0.1 0.3 0.1 0.7 0.1 0.5 0.1,484,arts physics,,18040,44000
bot1,0.1 0.1 0.1 0.1 0.3 0.1 0.7 0.1 0.5 0.1,485,arts physics,like,15050,35000
bot1,0.1 0.1 0.1 0.1 0.3 0.1 0.7 0.1 0.5 0.1,486,arts physics,,17630,43000
bot1,0.1 0.1 0.1 0.1 0.3 0.1 0.7 0.1 0.5 0.1,487,arts physics,,21600,45000
bot1,0.1 0.1 0.1 0.1 0.3 0.1 0.7 0.1 0.5 0.1,488,arts physics,like,16200,45000
bot1,0.1 0.1 0.1 0.1 0.3 0.1 0.7 0.1 0.5 0.1,489,arts physics,,16800,40000
bot1,0.1 0.1 0.1 0.1 0.3 0.1 0.7 0.1 0.5 0.1,490,arts physics,like,10560,33000
bot1,0.1 0.1 0.1 0.1 0.3 0.1 0.7 0.1 0.5 0.1,491,arts physics,like,16400,40000
bot1,0.1 0.1 0.1 0.1 0.3 0.1 0.7 0.1 0.5 0.1,492,arts physics,,18450,45000
bot1,0.1 0.1 0.1 0.1 0.3 0.1 0.7 0.1 0.5 0.1,493,arts physics,,24000,60000
bot1,0.1 0.1 0.1 0.1 0.3 0.1 0.7 0.1 0.5 0.1,494,arts physics,,21600,54000
bot1,0.1 0.1 0.1 0.1 0.3 0.1 0.7 0.1 0.5 0.1,495,arts physics,,17160,44000
bot1,0.1 0.1 0.1 0.1 0.3 0.1 0.7 0.1 0.5 0.1,496,arts physics,like,14440,38000
bot1,0.1 0.1 0.1 0.1 0.3 0.1 0.7 0.1 0.5 0.1,497,arts physics,,18360,54000
bot1,0.1 0.1 0.1 0.1 0.3 0.1 0.7 0.1 0.5 0.1,498,arts physics,,18860,46000
bot1,0.1 0.1 0.1 0.1 0.3 0.1 0.7 0.1 0.5 0.1,499,arts physics,,9900,30000
bot1,0.1 0.1 0.1 0.1 0.3 0.1 0.7 0.1 0.5 0.1,500,arts physics,,19740,47000
bot1,0.1 0.1 0.1 0.1 0.3 0.1 0.7 0.1 0.5 0.1,501,arts physics,like,13640,31000
bot1,0.1 0.1 0.1 0.1 0.3 0.1 0.7 0.1 0.5 0.1,502,arts physics,,13940,41000
bot1,0.1 0.1 0.1 0.1 0.3 0.1 0.7 0.1 0.5 0.1,503,arts physics,like,16200,45000
bot1,0.1 0.1 0.1 0.1 0.3 0.1 0.7 0.1 0.5 0.1,504,arts physics,,18360,54000
bot1,0.1 0.1 0.1 0.1 0.3 0.1 0.7 0.1 0.5 0.1,505,arts psychology,,3040,38000
bot1,0.1 0.1 0.1 0.1 0.3 0.1 0.7 0.1 0.5 0.1,506,arts psychology,,7080,59000
bot1,0.1 0.1 0.1 0.1 0.3 0.1 0.7 0.1 0.5 0.1,507,arts psychology,,8120,58000
bot1,0.1 0.1 0.1 0.1 0.3 0.1 0.7 0.1 0.5 0.1,508,arts psychology,,2640,33000
bot1,0.1 0.1 0.1 0.1 0.3 0.1 0.7 0.1 0.5 0.1,509,arts psychology,,7000,50000
bot1,0.1 0.1 0.1 0.1 0.3 0.1 0.7 0.1 0.5 0.1,510,arts psychology,,1850,37000
bot1,0.1 0.1 0.1 0.1 0.3 0.1 0.7 0.1 0.5 0.1,511,arts psychology,,4680,39000
bot1,0.1 0.1 0.1 0.1 0.3 0.1 0.7 0.1 0.5 0.1,512,arts psychology,,3290,47000
bot1,0.1 0.1 0.1 0.1 0.3 0.1 0.7 0.1 0.5 0.1,513,arts psychology,,2590,37000
bot1,0.1 0.1 0.1 0.1 0.3 0.1 0.7 0.1 0.5 0.1,514,arts psychology,,4720,59000
bot1,0.1 0.1 0.1 0.1 0.3 0.1 0.7 0.1 0.5 0.1,515,arts psychology,,6000,60000
bot1,0.1 0.1 0.1 0.1 0.3 0.1 0.7 0.1 0.5 0.1,516,arts psychology,,4480,56000
bot1,0.1 0.1 0.1 0.1 0.3 0.1 0.7 0.1 0.5 0.1,517,arts psychology,,4130,59000
bot1,0.1 0.1 0.1 0.1 0.3 0.1 0.7 0.1 0.5 0.1,518,arts psychology,,3220,46000
bot1,0.1 0.1 0.1 0.1 0.3 0.1 0.7 0.1 0.5 0.1,519,arts psychology,,2580,43000
bot1,0.1 0.1 0.1 0.1 0.3 0.1 0.7 0.1 0.5 0.1,520,arts psychology,,5850,45000
bot1,0.1 0.1 0.1 0.1 0.3 0.1 0.7 0.1 0.5 0.1,521,arts psychology,,2350,47000
bot1,0.1 0.1 0.1 0.1 0.3 0.1 0.7 0.1 0.5 0.1,522,arts psychology,,4680,36000
bot1,0.1 0.1 0.1 0.1 0.3 0.1 0.7 0.1 0.5 0.1,523,arts psychology,,4600,46000
bot1,0.1 0.1 0.1 0.1 0.3 0.1 0.7 0.1 0.5 0.1,524,arts psychology,,2040,34000
bot1,0.1 0.1 0.1 0.1 0.3 0.1 0.7 0.1 0.5 0.1,525,arts psychology,,1520,38000
bot1,0.1 0.1 0.1 0.1 0.3 0.1 0.7 0.1 0.5 0.1,526,arts psychology,,1710,57000
bot1,0.1 0.1 0.1 0.1 0.3 0.1 0.7 0.1 0.5 0.1,527,arts psychology,,3540,59000
bot1,0.1 0.1 0.1 0.1 0.3 0.1 0.7 0.1 0.5 0.1,528,arts psychology,,3040,38000
bot1,0.1 0.1 0.1 0.1 0.3 0.1 0.7 0.1 0.5 0.1,529,arts psychology,,2340,39000
bot1,0.1 0.1 0.1 0.1 0.3 0.1 0.7 0.1 0.5 0.1,530,arts psychology,,6720,56000
bot1,0.1 0.1 0.1 0.1 0.3 0.1 0.7 0.1 0.5 0.1,531,arts psychology,,2040,51000
bot1,0.1 0.1 0.1 0.1 0.3 0.1 0.7 0.1 0.5 0.1,532,arts psychology,,2380,34000
bot1,0.1 0.1 0.1 0.1 0.3 0.1 0.7 0.1 0.5 0.1,533,biology business,,5400,45000
bot1,0.1 0.1 0.1 0.1 0.3 0.1 0.7 0.1 0.5 0.1,534,biology business,,5170,47000
bot1,0.1 0.1 0.1 0.1 0.3 0.1 0.7 0.1 0.5 0.1,535,biology business,,2940,42000
bot1,0.1 0.1 0.1 0.1 0.3 0.1 0.7 0.1 0.5 0.1,536,biology business,,2400,40000
bot1,0.1 0.1 0.1 0.1 0.3 0.1 0.7 0.1 0.5 0.1,537,biology business,,6240,52000
bot1,0.1 0.1 0.1 0.1 0.3 0.1 0.7 0.1 0.5 0.1,538,biology business,,2100,42000
bot1,0.1 0.1 0.1 0.1 0.3 0.1 0.7 0.1 0.5 0.1,539,biology business,,6480,54000
bot1,0.1 0.1 0.1 0.1 0.3 0.1 0.7 0.1 0.5 0.1,540,biology business,,6000,40000
bot1,0.1 0.1 0.1 0.1 0.3 0.1 0.7 0.1 0.5 0.1,541,biology business,,3120,52000
bot1,0.1 0.1 0.1 0.1 0.3 0.1 0.7 0.1 0.5 0.1,542,biology business,,2940,42000
bot1,0.1 0.1 0.1 0.1 0.3 0.1 0.7 0.1 0.5 0.1,543,biology business,,6630,51000
bot1,0.1 0.1 0.1 0.1 0.3 0.1 0.7 0.1 0.5 0.1,544,biology business,,5000,50000
bot1,0.1 0.1 0.1 0.1 0.3 0.1 0.7 0.1 0.5 0.1,545,biology business,,8100,45000
bot1,0.1 0.1 0.1 0.1 0.3 0.1 0.7 0.1 0.5 0.1,546,biology business,,2380,34000
bot1,0.1 0.1 0.1 0.1 0.3 0.1 0.7 0.1 0.5 0.1,547,biology business,,2880,48000
bot1,0.1 0.1 0.1 0.1 0.3 0.1 0.7 0.1 0.5 0.1,548,biology business,,4620,33000
bot1,0.1 0.1 0.1 0.1 0.3 0.1 0.7 0.1 0.5 0.1,549,biology business,,5720,44000
bot1,0.1 0.1 0.1 0.1 0.3 0.1 0.7 0.1 0.5 0.1,550,biology business,,5900,59000
bot1,0.1 0.1 0.1 0.1 0.3 0.1 0.7 0.1 0.5 0.1,551,biology business,,4240,53000
bot1,0.1 0.1 0.1 0.1 0.3 0.1 0.7 0.1 0.5 0.1,552,biology business,,10260,57000
bot1,0.1 0.1 0.1 0.1 0.3 0.1 0.7 0.1 0.5 0.1,553,biology business,,2380,34000
bot1,0.1 0.1 0.1 0.1 0.3 0.1 0.7 0.1 0.5 0.1,554,biology business,,4950,55000
bot1,0.1 0.1 0.1 0.1 0.3 0.1 0.7 0.1 0.5 0.1,555,biology business,,2800,40000
bot1,0.1 0.1 0.1 0.1 0.3 0.1 0.7 0.1 0.5 0.1,556,biology business,,4620,42000
bot1,0.1 0.1 0.1 0.1 0.3 0.1 0.7 0.1 0.5 0.1,557,biology business,,4560,57000
bot1,0.1 0.1 0.1 0.1 0.3 0.1 0.7 0.1 0.5 0.1,558,biology business,,5100,51000
bot1,0.1 0.1 0.1 0.1 0.3 0.1 0.7 0.1 0.5 0.1,559,biology business,,1680,42000
bot1,0.1 0.1 0.1 0.1 0.3 0.1 0.7 0.1 0.5 0.1,560,biology business,,5500,50000
bot1,0.1 0.1 0.1 0.1 0.3 0.1 0.7 0.1 0.5 0.1,561,biology chemistry,,10800,54000
bot1,0.1 0.1 0.1 0.1 0.3 0.1 0.7 0.1 0.5 0.1,562,biology chemistry,,5170,47000
bot1,0.1 0.1 0.1 0.1 0.3 0.1 0.7 0.1 0.5 0.1,563,biology chemistry,,3520,32000
bot1,0.1 0.1 0.1 0.1 0.3 0.1 0.7 0.1 0.5 0.1,564,biology chemistry,,5610,51000
bot1,0.1 0.1 0.1 0.1 0.3 0.1 0.7 0.1 0.5 0.1,565,biology chemistry,,3700,37000
bot1,0.1 0.1 0.1 0.1 0.3 0.1 0.7 0.1 0.5 0.1,566,biology chemistry,,6450,43000
bot1,0.1 0.1 0.1 0.1 0.3 0.1 0.7 0.1 0.5 0.1,567,biology chemistry,,3780,54000
bot1,0.1 0.1 0.1 0.1 0.3 0.1 0.7 0.1 0.5 0.1,568,biology chemistry,,2850,57000
bot1,0.1 0.1 0.1 0.1 0.3 0.1 0.7 0.1 0.5 0.1,569,biology chemistry,,4200,35000
bot1,0.1 0.1 0.1 0.1 0.3 0.1 0.7 0.1 0.5 0.1,570,biology chemistry,,3480,58000
bot1,0.1 0.1 0.1 0.1 0.3 0.1 0.7 0.1 0.5 0.1,571,biology chemistry,,2800,40000
bot1,0.1 0.1 0.1 0.1 0.3 0.1 0.7 0.1 0.5 0.1,572,biology chemistry,,3510,39000
bot1,0.1 0.1 0.1 0.1 0.3 0.1 0.7 0.1 0.5 0.1,573,biology chemistry,,3440,43000
bot1,0.1 0.1 0.1 0.1 0.3 0.1 0.7 0.1 0.5 0.1,574,biology chemistry,,7360,46000
bot1,0.1 0.1 0.1 0.1 0.3 0.1 0.7 0.1 0.5 0.1,575,biology chemistry,,4590,51000
bot1,0.1 0.1 0.1 0.1 0.3 0.1 0.7 0.1 0.5 0.1,576,biology chemistry,,2450,35000
bot1,0.1 0.1 0.1 0.1 0.3 0.1 0.7 0.1 0.5 0.1,577,biology chemistry,,7350,49000
bot1,0.1 0.1 0.1 0.1 0.3 0.1 0.7 0.1 0.5 0.1,578,biology chemistry,,3430,49000
bot1,0.1 0.1 0.1 0.1 0.3 0.1 0.7 0.1 0.5 0.1,579,biology chemistry,,3150,45000
bot1,0.1 0.1 0.1 0.1 0.3 0.1 0.7 0.1 0.5 0.1,580,biology chemistry,,2380,34000
bot1,0.1 0.1 0.1 0.1 0.3 0.1 0.7 0.1 0.5 0.1,581,biology chemistry,,6000,50000
bot1,0.1 0.1 0.1 0.1 0.3 0.1 0.7 0.1 0.5 0.1,582,biology chemistry,,4180,38000
bot1,0.1 0.1 0.1 0.1 0.3 0.1 0.7 0.1 0.5 0.1,583,biology chemistry,,6960,58000
bot1,0.1 0.1 0.1 0.1 0.3 0.1 0.7 0.1 0.5 0.1,584,biology chemistry,,7540,58000
bot1,0.1 0.1 0.1 0.1 0.3 0.1 0.7 0.1 0.5 0.1,585,biology chemistry,,6110,47000
bot1,0.1 0.1 0.1 0.1 0.3 0.1 0.7 0.1 0.5 0.1,586,biology chemistry,,4400,44000
bot1,0.1 0.1 0.1 0.1 0.3 0.1 0.7 0.1 0.5 0.1,587,biology chemistry,,3360,48000
bot1,0.1 0.1 0.1 0.1 0.3 0.1 0.7 0.1 0.5 0.1,588,biology chemistry,,4200,60000
bot1,0.1 0.1 0.1 0.1 0.3 0.1 0.7 0.1 0.5 0.1,589,biology computer_science,,9120,38000
bot1,0.1 0.1 0.1 0.1 0.3 0.1 0.7 0.1 0.5 0.1,590,biology computer_science,,8970,39000
bot1,0.1 0.1 0.1 0.1 0.3 0.1 0.7 0.1 0.5 0.1,591,biology computer_science,,8400,42000
bot1,0.1 0.1 0.1 0.1 0.3 0.1 0.7 0.1 0.5 0.1,592,biology computer_science,,7260,33000
bot1,0.1 0.1 0.1 0.1 0.3 0.1 0.7 0.1 0.5 0.1,593,biology computer_science,,10080,48000
bot1,0.1 0.1 0.1 0.1 0.3 0.1 0.7 0.1 0.5 0.1,594,biology computer_science,,8580,39000
bot1,0.1 0.1 0.1 0.1 0.3 0.1 0.7 0.1 0.5 0.1,595,biology computer_science,,5850,39000
bot1,0.1 0.1 0.1 0.1 0.3 0.1 0.7 0.1 0.5 0.1,596,biology computer_science,,10640,56000
bot1,0.1 0.1 0.1 0.1 0.3 0.1 0.7 0.1 0.5 0.1,597,biology computer_science,,6840,38000
bot1,0.1 0.1 0.1 0.1 0.3 0.1 0.7 0.1 0.5 0.1,598,biology computer_science,,13680,57000
bot1,0.1 0.1 0.1 0.1 0.3 0.1 0.7 0.1 0.5 0.1,599,biology computer_science,,10600,53000
bot1,0.1 0.1 0.1 0.1 0.3 0.1 0.7 0.1 0.5 0.1,600,biology computer_science,,14160,59000
bot1,0.1 0.1 0.1 0.1 0.3 0.1 0.7 0.1 0.5 0.1,601,biology computer_science,,10350,45000
bot1,0.1 0.1 0.1 0.1 0.3 0.1 0.7 0.1 0.5 0.1,602,biology computer_science,like,14500,58000
bot1,0.1 0.1 0.1 0.1 0.3 0.1 0.7 0.1 0.5 0.1,603,biology computer_science,,9900,55000
bot1,0.1 0.1 0.1 0.1 0.3 0.1 0.7 0.1 0.5 0.1,604,biology computer_science,,15400,55000
bot1,0.1 0.1 0.1 0.1 0.3 0.1 0.7 0.1 0.5 0.1,605,biology computer_science,,13500,50000
bot1,0.1 0.1 0.1 0.1 0.3 0.1 0.7 0.1 0.5 0.1,606,biology computer_science,,7220,38000
bot1,0.1 0.1 0.1 0.1 0.3 0.1 0.7 0.1 0.5 0.1,607,biology computer_science,,13250,53000
bot1,0.1 0.1 0.1 0.1 0.3 0.1 0.7 0.1 0.5 0.1,608,biology computer_science,,11730,51000
bot1,0.1 0.1 0.1 0.1 0.3 0.1 0.7 0.1 0.5 0.1,609,biology computer_science,,12500,50000
bot1,0.1 0.1 0.1 0.1 0.3 0.1 0.7 0.1 0.5 0.1,610,biology computer_science,,14000,50000
bot1,0.1 0.1 0.1 0.1 0.3 0.1 0.7 0.1 0.5 0.1,611,biology computer_science,,7020,39000
bot1,0.1 0.1 0.1 0.1 0.3 0.1 0.7 0.1 0.5 0.1,612,biology computer_science,,7750,31000
bot1,0.1 0.1 0.1 0.1 0.3 0.1 0.7 0.1 0.5 0.1,613,biology computer_science,,10070,53000
bot1,0.1 0.1 0.1 0.1 0.3 0.1 0.7 0.1 0.5 0.1,614,biology computer_science,like,17110,59000
bot1,0.1 0.1 0.1 0.1 0.3 0.1 0.7 0.1 0.5 0.1,615,biology computer_science,,9010,53000
bot1,0.1 0.1 0.1 0.1 0.3 0.1 0.7 0.1 0.5 0.1,616,biology computer_science,,8640,36000
bot1,0.1 0.1 0.1 0.1 0.3 0.1 0.7 0.1 0.5 0.1,617,biology literature,,5640,47000
bot1,0.1 0.1 0.1 0.1 0.3 0.1 0.7 0.1 0.5 0.1,618,biology literature,,820,41000
bot1,0.1 0.1 0.1 0.1 0.3 0.1 0.7 0.1 0.5 0.1,619,biology literature,,4130,59000
bot1,0.1 0.1 0.1 0.1 0.3 0.1 0.7 0.1 0.5 0.1,620,biology literature,,3150,35000
bot1,0.1 0.1 0.1 0.1 0.3 0.1 0.7 0.1 0.5 0.1,621,biology literature,,5600,56000
bot1,0.1 0.1 0.1 0.1 0.3 0.1 0.7 0.1 0.5 0.1,622,biology literature,,3000,60000
bot1,0.1 0.1 0.1 0.1 0.3 0.1 0.7 0.1 0.5 0.1,623,biology literature,,4240,53000
bot1,0.1 0.1 0.1 0.1 0.3 0.1 0.7 0.1 0.5 0.1,624,biology literature,,2750,55000
bot1,0.1 0.1 0.1 0.1 0.3 0.1 0.7 0.1 0.5 0.1,625,biology literature,,9000,60000
bot1,0.1 0.1 0.1 0.1 0.3 0.1 0.7 0.1 0.5 0.1,626,biology literature,,5400,54000
bot1,0.1 0.1 0.1 0.1 0.3 0.1 0.7 0.1 0.5 0.1,627,biology literature,,5700,57000
bot1,0.1 0.1 0.1 0.1 0.3 0.1 0.7 0.1 0.5 0.1,628,biology literature,,5100,51000
bot1,0.1 0.1 0.1 0.1 0.3 0.1 0.7 0.1 0.5 0.1,629,biology literature,,3600,60000
bot1,0.1 0.1 0.1 0.1 0.3 0.1 0.7 0.1 0.5 0.1,630,biology literature,,5170,47000
bot1,0.1 0.1 0.1 0.1 0.3 0.1 0.7 0.1 0.5 0.1,631,biology literature,,4400,55000
bot1,0.1 0.1 0.1 0.1 0.3 0.1 0.7 0.1 0.5 0.1,632,biology literature,,5700,38000
bot1,0.1 0.1 0.1 0.1 0.3 0.1 0.7 0.1 0.5 0.1,633,biology literature,,3960,44000
bot1,0.1 0.1 0.1 0.1 0.3 0.1 0.7 0.1 0.5 0.1,634,biology literature,,2120,53000
bot1,0.1 0.1 0.1 0.1 0.3 0.1 0.7 0.1 0.5 0.1,635,biology literature,,6720,48000
bot1,0.1 0.1 0.1 0.1 0.3 0.1 0.7 0.1 0.5 0.1,636,biology literature,,5500,50000
bot1,0.1 0.1 0.1 0.1 0.3 0.1 0.7 0.1 0.5 0.1,637,biology literature,,1980,33000
bot1,0.1 0.1 0.1 0.1 0.3 0.1 0.7 0.1 0.5 0.1,638,biology literature,,4950,45000
bot1,0.1 0.1 0.1 0.1 0.3 0.1 0.7 0.1 0.5 0.1,639,biology literature,,8120,58000
bot1,0.1 0.1 0.1 0.1 0.3 0.1 0.7 0.1 0.5 0.1,640,biology literature,,3200,40000
bot1,0.1 0.1 0.1 0.1 0.3 0.1 0.7 0.1 0.5 0.1,641,biology literature,,2220,37000
bot1,0.1 0.1 0.1 0.1 0.3 0.1 0.7 0.1 0.5 0.1,642,biology literature,,2000,50000
bot1,0.1 0.1 0.1 0.1 0.3 0.1 0.7 0.1 0.5 0.1,643,biology literature,,4130,59000
bot1,0.1 0.1 0.1 0.1 0.3 0.1 0.7 0.1 0.5 0.1,644,biology literature,,2500,50000
bot1,0.1 0.1 0.1 0.1 0.3 0.1 0.7 0.1 0.5 0.1,645,biology mathematics,,17680,34000
bot1,0.1 0.1 0.1 0.1 0.3 0.1 0.7 0.1 0.5 0.1,646,biology mathematics,,16120,31000
bot1,0.1 0.1 0.1 0.1 0.3 0.1 0.7 0.1 0.5 0.1,647,biology mathematics,like,25200,45000
bot1,0.1 0.1 0.1 0.1 0.3 0.1 0.7 0.1 0.5 0.1,648,biology mathematics,like,21090,37000
bot1,0.1 0.1 0.1 0.1 0.3 0.1 0.7 0.1 0.5 0.1,649,biology mathematics,like,19380,34000
bot1,0.1 0.1 0.1 0.1 0.3 0.1 0.7 0.1 0.5 0.1,650,biology mathematics,like,27060,41000
bot1,0.1 0.1 0.1 0.1 0.3 0.1 0.7 0.1 0.5 0.1,651,biology mathematics,like,27560,53000
bot1,0.1 0.1 0.1 0.1 0.3 0.1 0.7 0.1 0.5 0.1,652,biology mathematics,like,26320,47000
bot1,0.1 0.1 0.1 0.1 0.3 0.1 0.7 0.1 0.5 0.1,653,biology mathematics,,30210,53000
bot1,0.1 0.1 0.1 0.1 0.3 0.1 0.7 0.1 0.5 0.1,654,biology mathematics,like,32480,58000
bot1,0.1 0.1 0.1 0.1 0.3 0.1 0.7 0.1 0.5 0.1,655,biology mathematics,,16830,33000
bot1,0.1 0.1 0.1 0.1 0.3 0.1 0.7 0.1 0.5 0.1,656,biology mathematics,like,29400,49000
bot1,0.1 0.1 0.1 0.1 0.3 0.1 0.7 0.1 0.5 0.1,657,biology mathematics,like,36000,60000
bot1,0.1 0.1 0.1 0.1 0.3 0.1 0.7 0.1 0.5 0.1,658,biology mathematics,like,26520,52000
bot1,0.1 0.1 0.1 0.1 0.3 0.1 0.7 0.1 0.5 0.1,659,biology mathematics,like,25960,44000
bot1,0.1 0.1 0.1 0.1 0.3 0.1 0.7 0.1 0.5 0.1,660,biology mathematics,like,22570,37000
bot1,0.1 0.1 0.1 0.1 0.3 0.1 0.7 0.1 0.5 0.1,661,biology mathematics,like,19470,33000
bot1,0.1 0.1 0.1 0.1 0.3 0.1 0.7 0.1 0.5 0.1,662,biology mathematics,,22550,41000
bot1,0.1 0.1 0.1 0.1 0.3 0.1 0.7 0.1 0.5 0.1,663,biology mathematics,,27000,50000
bot1,0.1 0.1 0.1 0.1 0.3 0.1 0.7 0.1 0.5 0.1,664,biology mathematics,like,21420,42000
bot1,0.1 0.1 0.1 0.1 0.3 0.1 0.7 0.1 0.5 0.1,665,biology mathematics,like,33600,60000
bot1,0.1 0.1 0.1 0.1 0.3 0.1 0.7 0.1 0.5 0.1,666,biology mathematics,,34770,57000
bot1,0.1 0.1 0.1 0.1 0.3 0.1 0.7 0.1 0.5 0.1,667,biology mathematics,like,18560,32000
bot1,0.1 0.1 0.1 0.1 0.3 0.1 0.7 0.1 0.5 0.1,668,biology mathematics,like,27500,50000
bot1,0.1 0.1 0.1 0.1 0.3 0.1 0.7 0.1 0.5 0.1,669,biology mathematics,like,17700,30000
bot1,0.1 0.1 0.1 0.1 0.3 0.1 0.7 0.1 0.5 0.1,670,biology mathematics,like,22800,40000
bot1,0.1 0.1 0.1 0.1 0.3 0.1 0.7 0.1 0.5 0.1,671,biology mathematics,like,20740,34000
bot1,0.1 0.1 0.1 0.1 0.3 0.1 0.7 0.1 0.5 0.1,672,biology mathematics,like,17640,36000
bot1,0.1 0.1 0.1 0.1 0.3 0.1 0.7 0.1 0.5 0.1,673,biology music,,3240,54000
bot1,0.1 0.1 0.1 0.1 0.3 0.1 0.7 0.1 0.5 0.1,674,biology music,,3840,48000
bot1,0.1 0.1 0.1 0.1 0.3 0.1 0.7 0.1 0.5 0.1,675,biology music,,2280,57000
bot1,0.1 0.1 0.1 0.1 0.3 0.1 0.7 0.1 0.5 0.1,676,biology music,,5400,54000
bot1,0.1 0.1 0.1 0.1 0.3 0.1 0.7 0.1 0.5 0.1,677,biology music,,5800,58000
bot1,0.1 0.1 0.1 0.1 0.3 0.1 0.7 0.1 0.5 0.1,678,biology music,,5320,38000
bot1,0.1 0.1 0.1 0.1 0.3 0.1 0.7 0.1 0.5 0.1,679,biology music,,2040,34000
bot1,0.1 0.1 0.1 0.1 0.3 0.1 0.7 0.1 0.5 0.1,680,biology music,,5170,47000
bot1,0.1 0.1 0.1 0.1 0.3 0.1 0.7 0.1 0.5 0.1,681,biology music,,2800,35000
bot1,0.1 0.1 0.1 0.1 0.3 0.1 0.7 0.1 0.5 0.1,682,biology music,,10260,57000
bot1,0.1 0.1 0.1 0.1 0.3 0.1 0.7 0.1 0.5 0.1,683,biology music,,2700,30000
bot1,0.1 0.1 0.1 0.1 0.3 0.1 0.7 0.1 0.5 0.1,684,biology music,,2750,55000
bot1,0.1 0.1 0.1 0.1 0.3 0.1 0.7 0.1 0.5 0.1,685,biology music,,4000,40000
bot1,0.1 0.1 0.1 0.1 0.3 0.1 0.7 0.1 0.5 0.1,686,biology music,,1900,38000
bot1,0.1 0.1 0.1 0.1 0.3 0.1 0.7 0.1 0.5 0.1,687,biology music,,5830,53000
bot1,0.1 0.1 0.1 0.1 0.3 0.1 0.7 0.1 0.5 0.1,688,biology music,,1320,33000
bot1,0.1 0.1 0.1 0.1 0.3 0.1 0.7 0.1 0.5 0.1,689,biology music,,2700,45000
bot1,0.1 0.1 0.1 0.1 0.3 0.1 0.7 0.1 0.5 0.1,690,biology music,,820,41000
bot1,0.1 0.1 0.1 0.1 0.3 0.1 0.7 0.1 0.5 0.1,691,biology music,,3300,33000
bot1,0.1 0.1 0.1 0.1 0.3 0.1 0.7 0.1 0.5 0.1,692,biology music,,2220,37000
bot1,0.1 0.1 0.1 0.1 0.3 0.1 0.7 0.1 0.5 0.1,693,biology music,,3410,31000
bot1,0.1 0.1 0.1 0.1 0.3 0.1 0.7 0.1 0.5 0.1,694,biology music,,6490,59000
bot1,0.1 0.1 0.1 0.1 0.3 0.1 0.7 0.1 0.5 0.1,695,biology music,,5980,46000
bot1,0.1 0.1 0.1 0.1 0.3 0.1 0.7 0.1 0.5 0.1,696,biology music,,5000,50000
bot1,0.1 0.1 0.1 0.1 0.3 0.1 0.7 0.1 0.5 0.1,697,biology music,,3720,31000
bot1,0.1 0.1 0.1 0.1 0.3 0.1 0.7 0.1 0.5 0.1,698,biology music,,4560,57000
bot1,0.1 0.1 0.1 0.1 0.3 0.1 0.7 0.1 0.5 0.1,699,biology music,,4080,51000
bot1,0.1 0.1 0.1 0.1 0.3 0.1 0.7 0.1 0.5 0.1,700,biology music,,5200,52000
bot1,0.1 0.1 0.1 0.1 0.3 0.1 0.7 0.1 0.5 0.1,701,biology physics,,13440,32000
bot1,0.1 0.1 0.1 0.1 0.3 0.1 0.7 0.1 0.5 0.1,702,biology physics,like,15200,40000
bot1,0.1 0.1 0.1 0.1 0.3 0.1 0.7 0.1 0.5 0.1,703,biology physics,like,11200,32000
bot1,0.1 0.1 0.1 0.1 0.3 0.1 0.7 0.1 0.5 0.1,704,biology physics,like,21070,49000
bot1,0.1 0.1 0.1 0.1 0.3 0.1 0.7 0.1 0.5 0.1,705,biology physics,,17860,47000
bot1,0.1 0.1 0.1 0.1 0.3 0.1 0.7 0.1 0.5 0.1,706,biology physics,,15960,42000
bot1,0.1 0.1 0.1 0.1 0.3 0.1 0.7 0.1 0.5 0.1,707,biology physics,,16560,46000
bot1,0.1 0.1 0.1 0.1 0.3 0.1 0.7 0.1 0.5 0.1,708,biology physics,,18860,46000
bot1,0.1 0.1 0.1 0.1 0.3 0.1 0.7 0.1 0.5 0.1,709,biology physics,like,12540,33000
bot1,0.1 0.1 0.1 0.1 0.3 0.1 0.7 0.1 0.5 0.1,710,biology physics,like,12870,33000
bot1,0.1 0.1 0.1 0.1 0.3 0.1 0.7 0.1 0.5 0.1,711,biology physics,like,20500,50000
bot1,0.1 0.1 0.1 0.1 0.3 0.1 0.7 0.1 0.5 0.1,712,biology physics,like,19270,47000
bot1,0.1 0.1 0.1 0.1 0.3 0.1 0.7 0.1 0.5 0.1,713,biology physics,,15840,36000
bot1,0.1 0.1 0.1 0.1 0.3 0.1 0.7 0.1 0.5 0.1,714,biology physics,like,20880,58000
bot1,0.1 0.1 0.1 0.1 0.3 0.1 0.7 0.1 0.5 0.1,715,biology physics,,16000,40000
bot1,0.1 0.1 0.1 0.1 0.3 0.1 0.7 0.1 0.5 0.1,716,biology physics,,17220,42000
bot1,0.1 0.1 0.1 0.1 0.3 0.1 0.7 0.1 0.5 0.1,717,biology physics,,11880,33000
bot1,0.1 0.1 0.1 0.1 0.3 0.1 0.7 0.1 0.5 0.1,718,biology physics,like,14800,40000
bot1,0.1 0.1 0.1 0.1 0.3 0.1 0.7 0.1 0.5 0.1,719,biology physics,like,16810,41000
bot1,0.1 0.1 0.1 0.1 0.3 0.1 0.7 0.1 0.5 0.1,720,biology physics,,21420,51000
bot1,0.1 0.1 0.1 0.1 0.3 0.1 0.7 0.1 0.5 0.1,721,biology physics,,11840,32000
bot1,0.1 0.1 0.1 0.1 0.3 0.1 0.7 0.1 0.5 0.1,722,biology physics,,15040,32000
bot1,0.1 0.1 0.1 0.1 0.3 0.1 0.7 0.1 0.5 0.1,723,biology physics,,12870,33000
bot1,0.1 0.1 0.1 0.1 0.3 0.1 0.7 0.1 0.5 0.1,724,biology physics,,13530,41000
bot1,0.1 0.1 0.1 0.1 0.3 0.1 0.7 0.1 0.5 0.1,725,biology physics,,18330,47000
bot1,0.1 0.1 0.1 0.1 0.3 0.1 0.7 0.1 0.5 0.1,726,biology physics,like,26400,60000
bot1,0.1 0.1 0.1 0.1 0.3 0.1 0.7 0.1 0.5 0.1,727,biology physics,like,14000,40000
bot1,0.1 0.1 0.1 0.1 0.3 0.1 0.7 0.1 0.5 0.1,728,biology physics,like,17630,43000
bot1,0.1 0.1 0.1 0.1 0.3 0.1 0.7 0.1 0.5 0.1,729,biology psychology,,4080,51000
bot1,0.1 0.1 0.1 0.1 0.3 0.1 0.7 0.1 0.5 0.1,730,biology psychology,,4730,43000
bot1,0.1 0.1 0.1 0.1 0.3 0.1 0.7 0.1 0.5 0.1,731,biology psychology,,4770,53000
bot1,0.1 0.1 0.1 0.1 0.3 0.1 0.7 0.1 0.5 0.1,732,biology psychology,,3510,39000
bot1,0.1 0.1 0.1 0.1 0.3 0.1 0.7 0.1 0.5 0.1,733,biology psychology,,5330,41000
bot1,0.1 0.1 0.1 0.1 0.3 0.1 0.7 0.1 0.5 0.1,734,biology psychology,,2300,46000
bot1,0.1 0.1 0.1 0.1 0.3 0.1 0.7 0.1 0.5 0.1,735,biology psychology,,4080,51000
bot1,0.1 0.1 0.1 0.1 0.3 0.1 0.7 0.1 0.5 0.1,736,biology psychology,,2850,57000
bot1,0.1 0.1 0.1 0.1 0.3 0.1 0.7 0.1 0.5 0.1,737,biology psychology,,7410,57000
bot1,0.1 0.1 0.1 0.1 0.3 0.1 0.7 0.1 0.5 0.1,738,biology psychology,,2310,33000
bot1,0.1 0.1 0.1 0.1 0.3 0.1 0.7 0.1 0.5 0.1,739,biology psychology,,2880,48000
bot1,0.1 0.1 0.1 0.1 0.3 0.1 0.7 0.1 0.5 0.1,740,biology psychology,,3010,43000
bot1,0.1 0.1 0.1 0.1 0.3 0.1 0.7 0.1 0.5 0.1,741,biology psychology,,5400,54000
bot1,0.1 0.1 0.1 0.1 0.3 0.1 0.7 0.1 0.5 0.1,742,biology psychology,,6370,49000
bot1,0.1 0.1 0.1 0.1 0.3 0.1 0.7 0.1 0.5 0.1,743,biology psychology,,6580,47000
bot1,0.1 0.1 0.1 0.1 0.3 0.1 0.7 0.1 0.5 0.1,744,biology psychology,,6490,59000
bot1,0.1 0.1 0.1 0.1 0.3 0.1 0.7 0.1 0.5 0.1,745,biology psychology,,2600,52000
bot1,0.1 0.1 0.1 0.1 0.3 0.1 0.7 0.1 0.5 0.1,746,biology psychology,,3150,35000
bot1,0.1 0.1 0.1 0.1 0.3 0.1 0.7 0.1 0.5 0.1,747,biology psychology,,4320,54000
bot1,0.1 0.1 0.1 0.1 0.3 0.1 0.7 0.1 0.5 0.1,748,biology psychology,,3600,40000
bot1,0.1 0.1 0.1 0.1 0.3 0.1 0.7 0.1 0.5 0.1,749,biology psychology,,2100,35000
bot1,0.1 0.1 0.1 0.1 0.3 0.1 0.7 0.1 0.5 0.1,750,biology psychology,,6720,48000
bot1,0.1 0.1 0.1 0.1 0.3 0.1 0.7 0.1 0.5 0.1,751,biology psychology,,2880,32000
bot1,0.1 0.1 0.1 0.1 0.3 0.1 0.7 0.1 0.5 0.1,752,biology psychology,,6500,50000
bot1,0.1 0.1 0.1 0.1 0.3 0.1 0.7 0.1 0.5 0.1,753,biology psychology,,1920,32000
bot1,0.1 0.1 0.1 0.1 0.3 0.1 0.7 0.1 0.5 0.1,754,biology psychology,,3960,36000
bot1,0.1 0.1 0.1 0.1 0.3 0.1 0.7 0.1 0.5 0.1,755,biology psychology,,6160,44000
bot1,0.1 0.1 0.1 0.1 0.3 0.1 0.7 0.1 0.5 0.1,756,biology psychology,,2050,41000
bot1,0.1 0.1 0.1 0.1 0.3 0.1 0.7 0.1 0.5 0.1,757,business chemistry,,3600,40000
bot1,0.1 0.1 0.1 0.1 0.3 0.1 0.7 0.1 0.5 0.1,758,business chemistry,,2880,48000
bot1,0.1 0.1 0.1 0.1 0.3 0.1 0.7 0.1 0.5 0.1,759,business chemistry,,5220,58000
bot1,0.1 0.1 0.1 0.1 0.3 0.1 0.7 0.1 0.5 0.1,760,business chemistry,,2450,35000
bot1,0.1 0.1 0.1 0.1 0.3 0.1 0.7 0.1 0.5 0.1,761,business chemistry,,1240,31000
bot1,0.1 0.1 0.1 0.1 0.3 0.1 0.7 0.1 0.5 0.1,762,business chemistry,,2280,38000
bot1,0.1 0.1 0.1 0.1 0.3 0.1 0.7 0.1 0.5 0.1,763,business chemistry,,6020,43000
bot1,0.1 0.1 0.1 0.1 0.3 0.1 0.7 0.1 0.5 0.1,764,business chemistry,,3520,44000
bot1,0.1 0.1 0.1 0.1 0.3 0.1 0.7 0.1 0.5 0.1,765,business chemistry,,5400,36000
bot1,0.1 0.1 0.1 0.1 0.3 0.1 0.7 0.1 0.5 0.1,766,business chemistry,,2970,33000
bot1,0.1 0.1 0.1 0.1 0.3 0.1 0.7 0.1 0.5 0.1,767,business chemistry,,2310,33000
bot1,0.1 0.1 0.1 0.1 0.3 0.1 0.7 0.1 0.5 0.1,768,business chemistry,,2550,51000
bot1,0.1 0.1 0.1 0.1 0.3 0.1 0.7 0.1 0.5 0.1,769,business chemistry,,2300,46000
bot1,0.1 0.1 0.1 0.1 0.3 0.1 0.7 0.1 0.5 0.1,770,business chemistry,,3100,31000
bot1,0.1 0.1 0.1 0.1 0.3 0.1 0.7 0.1 0.5 0.1,771,business chemistry,,2940,49000
bot1,0.1 0.1 0.1 0.1 0.3 0.1 0.7 0.1 0.5 0.1,772,business chemistry,,1800,36000
bot1,0.1 0.1 0.1 0.1 0.3 0.1 0.7 0.1 0.5 0.1,773,business chemistry,,2520,36000
bot1,0.1 0.1 0.1 0.1 0.3 0.1 0.7 0.1 0.5 0.1,774,business chemistry,,3240,54000
bot1,0.1 0.1 0.1 0.1 0.3 0.1 0.7 0.1 0.5 0.1,775,business chemistry,,2800,40000
bot1,0.1 0.1 0.1 0.1 0.3 0.1 0.7 0.1 0.5 0.1,776,business chemistry,,4500,45000
bot1,0.1 0.1 0.1 0.1 0.3 0.1 0.7 0.1 0.5 0.1,777,business chemistry,,1750,35000
bot1,0.1 0.1 0.1 0.1 0.3 0.1 0.7 0.1 0.5 0.1,778,business chemistry,,3760,47000
bot1,0.1 0.1 0.1 0.1 0.3 0.1 0.7 0.1 0.5 0.1,779,business chemistry,,5060,46000
bot1,0.1 0.1 0.1 0.1 0.3 0.1 0.7 0.1 0.5 0.1,780,business chemistry,,3570,51000
bot1,0.1 0.1 0.1 0.1 0.3 0.1 0.7 0.1 0.5 0.1,781,business chemistry,,1600,32000
bot1,0.1 0.1 0.1 0.1 0.3 0.1 0.7 0.1 0.5 0.1,782,business chemistry,,3710,53000
bot1,0.1 0.1 0.1 0.1 0.3 0.1 0.7 0.1 0.5 0.1,783,business chemistry,dislike,3300,30000
bot1,0.1 0.1 0.1 0.1 0.3 0.1 0.7 0.1 0.5 0.1,784,business chemistry,,1280,32000
bot1,0.1 0.1 0.1 0.1 0.3 0.1 0.7 0.1 0.5 0.1,785,business computer_science,,10080,48000
bot1,0.1 0.1 0.1 0.1 0.3 0.1 0.7 0.1 0.5 0.1,786,business computer_science,,10500,42000
bot1,0.1 0.1 0.1 0.1 0.3 0.1 0.7 0.1 0.5 0.1,787,business computer_science,,6880,43000
bot1,0.1 0.1 0.1 0.1 0.3 0.1 0.7 0.1 0.5 0.1,788,business computer_science,,7980,42000
bot1,0.1 0.1 0.1 0.1 0.3 0.1 0.7 0.1 0.5 0.1,789,business computer_science,,7200,40000
bot1,0.1 0.1 0.1 0.1 0.3 0.1 0.7 0.1 0.5 0.1,790,business computer_science,,12000,60000
bot1,0.1 0.1 0.1 0.1 0.3 0.1 0.7 0.1 0.5 0.1,791,business computer_science,,13440,56000
bot1,0.1 0.1 0.1 0.1 0.3 0.1 0.7 0.1 0.5 0.1,792,business computer_science,,10660,41000
bot1,0.1 0.1 0.1 0.1 0.3 0.1 0.7 0.1 0.5 0.1,793,business computer_science,,11400,57000
bot1,0.1 0.1 0.1 0.1 0.3 0.1 0.7 0.1 0.5 0.1,794,business computer_science,like,13330,43000
bot1,0.1 0.1 0.1 0.1 0.3 0.1 0.7 0.1 0.5 0.1,795,business computer_science,,8280,46000
bot1,0.1 0.1 0.1 0.1 0.3 0.1 0.7 0.1 0.5 0.1,796,business computer_science,,13110,57000
bot1,0.1 0.1 0.1 0.1 0.3 0.1 0.7 0.1 0.5 0.1,797,business computer_science,,8800,40000
bot1,0.1 0.1 0.1 0.1 0.3 0.1 0.7 0.1 0.5 0.1,798,business computer_science,,10800,54000
bot1,0.1 0.1 0.1 0.1 0.3 0.1 0.7 0.1 0.5 0.1,799,business computer_science,like,11500,46000
bot1,0.1 0.1 0.1 0.1 0.3 0.1 0.7 0.1 0.5 0.1,800,business computer_science,,9660,46000
bot1,0.1 0.1 0.1 0.1 0.3 0.1 0.7 0.1 0.5 0.1,801,business computer_science,like,17400,58000
bot1,0.1 0.1 0.1 0.1 0.3 0.1 0.7 0.1 0.5 0.1,802,business computer_science,,7790,41000
bot1,0.1 0.1 0.1 0.1 0.3 0.1 0.7 0.1 0.5 0.1,803,business computer_science,,13440,56000
bot1,0.1 0.1 0.1 0.1 0.3 0.1 0.7 0.1 0.5 0.1,804,business computer_science,,6800,34000
bot1,0.1 0.1 0.1 0.1 0.3 0.1 0.7 0.1 0.5 0.1,805,business computer_science,,4420,34000
bot1,0.1 0.1 0.1 0.1 0.3 0.1 0.7 0.1 0.5 0.1,806,business computer_science,,6300,35000
bot1,0.1 0.1 0.1 0.1 0.3 0.1 0.7 0.1 0.5 0.1,807,business computer_science,,8100,54000
bot1,0.1 0.1 0.1 0.1 0.3 0.1 0.7 0.1 0.5 0.1,808,business computer_science,,7680,32000
bot1,0.1 0.1 0.1 0.1 0.3 0.1 0.7 0.1 0.5 0.1,809,business computer_science,,11340,54000
bot1,0.1 0.1 0.1 0.1 0.3 0.1 0.7 0.1 0.5 0.1,810,business computer_science,,11880,44000
bot1,0.1 0.1 0.1 0.1 0.3 0.1 0.7 0.1 0.5 0.1,811,business computer_science,,9720,54000
bot1,0.1 0.1 0.1 0.1 0.3 0.1 0.7 0.1 0.5 0.1,812,business computer_science,,15810,51000
bot1,0.1 0.1 0.1 0.1 0.3 0.1 0.7 0.1 0.5 0.1,813,business literature,,960,48000
bot1,0.1 0.1 0.1 0.1 0.3 0.1 0.7 0.1 0.5 0.1,814,business literature,,5390,49000
bot1,0.1 0.1 0.1 0.1 0.3 0.1 0.7 0.1 0.5 0.1,815,business literature,,2500,50000
bot1,0.1 0.1 0.1 0.1 0.3 0.1 0.7 0.1 0.5 0.1,816,business literature,,6160,44000
bot1,0.1 0.1 0.1 0.1 0.3 0.1 0.7 0.1 0.5 0.1,817,business literature,,1760,44000
bot1,0.1 0.1 0.1 0.1 0.3 0.1 0.7 0.1 0.5 0.1,818,business literature,,4400,55000
bot1,0.1 0.1 0.1 0.1 0.3 0.1 0.7 0.1 0.5 0.1,819,business literature,,4340,31000
bot1,0.1 0.1 0.1 0.1 0.3 0.1 0.7 0.1 0.5 0.1,820,business literature,,3200,32000
bot1,0.1 0.1 0.1 0.1 0.3 0.1 0.7 0.1 0.5 0.1,821,business literature,,2200,44000
bot1,0.1 0.1 0.1 0.1 0.3 0.1 0.7 0.1 0.5 0.1,822,business literature,,4100,41000
bot1,0.1 0.1 0.1 0.1 0.3 0.1 0.7 0.1 0.5 0.1,823,business literature,,3520,32000
bot1,0.1 0.1 0.1 0.1 0.3 0.1 0.7 0.1 0.5 0.1,824,business literature,,5700,57000
bot1,0.1 0.1 0.1 0.1 0.3 0.1 0.7 0.1 0.5 0.1,825,business literature,,4900,49000
bot1,0.1 0.1 0.1 0.1 0.3 0.1 0.7 0.1 0.5 0.1,826,business literature,,2200,44000
bot1,0.1 0.1 0.1 0.1 0.3 0.1 0.7 0.1 0.5 0.1,827,business literature,,4200,60000
bot1,0.1 0.1 0.1 0.1 0.3 0.1 0.7 0.1 0.5 0.1,828,business literature,,7540,58000
bot1,0.1 0.1 0.1 0.1 0.3 0.1 0.7 0.1 0.5 0.1,829,business literature,,4720,59000
bot1,0.1 0.1 0.1 0.1 0.3 0.1 0.7 0.1 0.5 0.1,830,business literature,,7000,50000
bot1,0.1 0.1 0.1 0.1 0.3 0.1 0.7 0.1 0.5 0.1,831,business literature,,4900,49000
bot1,0.1 0.1 0.1 0.1 0.3 0.1 0.7 0.1 0.5 0.1,832,business literature,,3400,34000
bot1,0.1 0.1 0.1 0.1 0.3 0.1 0.7 0.1 0.5 0.1,833,business literature,,1320,44000
bot1,0.1 0.1 0.1 0.1 0.3 0.1 0.7 0.1 0.5 0.1,834,business literature,,4640,58000
bot1,0.1 0.1 0.1 0.1 0.3 0.1 0.7 0.1 0.5 0.1,835,business literature,,4680,52000
bot1,0.1 0.1 0.1 0.1 0.3 0.1 0.7 0.1 0.5 0.1,836,business literature,,8000,50000
bot1,0.1 0.1 0.1 0.1 0.3 0.1 0.7 0.1 0.5 0.1,837,business literature,,2590,37000
bot1,0.1 0.1 0.1 0.1 0.3 0.1 0.7 0.1 0.5 0.1,838,business literature,,3960,44000
bot1,0.1 0.1 0.1 0.1 0.3 0.1 0.7 0.1 0.5 0.1,839,business literature,,4410,49000
bot1,0.1 0.1 0.1 0.1 0.3 0.1 0.7 0.1 0.5 0.1,840,business literature,,3280,41000
bot1,0.1 0.1 0.1 0.1 0.3 0.1 0.7 0.1 0.5 0.1,841,business mathematics,like,24780,42000
bot1,0.1 0.1 0.1 0.1 0.3 0.1 0.7 0.1 0.5 0.1,842,business mathematics,,20400,40000
bot1,0.1 0.1 0.1 0.1 0.3 0.1 0.7 0.1 0.5 0.1,843,business mathematics,like,17980,31000
bot1,0.1 0.1 0.1 0.1 0.3 0.1 0.7 0.1 0.5 0.1,844,business mathematics,like,32000,50000
bot1,0.1 0.1 0.1 0.1 0.3 0.1 0.7 0.1 0.5 0.1,845,business mathematics,,24000,40000
bot1,0.1 0.1 0.1 0.1 0.3 0.1 0.7 0.1 0.5 0.1,846,business mathematics,like,29070,51000
bot1,0.1 0.1 0.1 0.1 0.3 0.1 0.7 0.1 0.5 0.1,847,business mathematics,like,20140,38000
bot1,0.1 0.1 0.1 0.1 0.3 0.1 0.7 0.1 0.5 0.1,848,business mathematics,,29580,51000
bot1,0.1 0.1 0.1 0.1 0.3 0.1 0.7 0.1 0.5 0.1,849,business mathematics,like,29400,49000
bot1,0.1 0.1 0.1 0.1 0.3 0.1 0.7 0.1 0.5 0.1,850,business mathematics,like,25200,40000
bot1,0.1 0.1 0.1 0.1 0.3 0.1 0.7 0.1 0.5 0.1,851,business mathematics,like,30600,51000
bot1,0.1 0.1 0.1 0.1 0.3 0.1 0.7 0.1 0.5 0.1,852,business mathematics,,19680,41000
bot1,0.1 0.1 0.1 0.1 0.3 0.1 0.7 0.1 0.5 0.1,853,business mathematics,,27500,50000
bot1,0.1 0.1 0.1 0.1 0.3 0.1 0.7 0.1 0.5 0.1,854,business mathematics,like,23940,42000
bot1,0.1 0.1 0.1 0.1 0.3 0.1 0.7 0.1 0.5 0.1,855,business mathematics,,30680,52000
bot1,0.1 0.1 0.1 0.1 0.3 0.1 0.7 0.1 0.5 0.1,856,business mathematics,like,23790,39000
bot1,0.1 0.1 0.1 0.1 0.3 0.1 0.7 0.1 0.5 0.1,857,business mathematics,like,28000,50000
bot1,0.1 0.1 0.1 0.1 0.3 0.1 0.7 0.1 0.5 0.1,858,business mathematics,like,33040,56000
bot1,0.1 0.1 0.1 0.1 0.3 0.1 0.7 0.1 0.5 0.1,859,business mathematics,,31720,52000
bot1,0.1 0.1 0.1 0.1 0.3 0.1 0.7 0.1 0.5 0.1,860,business mathematics,,33390,53000
bot1,0.1 0.1 0.1 0.1 0.3 0.1 0.7 0.1 0.5 0.1,861,business mathematics,like,33630,59000
bot1,0.1 0.1 0.1 0.1 0.3 0.1 0.7 0.1 0.5 0.1,862,business mathematics,like,33000,50000
bot1,0.1 0.1 0.1 0.1 0.3 0.1 0.7 0.1 0.5 0.1,863,business mathematics,like,26680,46000
bot1,0.1 0.1 0.1 0.1 0.3 0.1 0.7 0.1 0.5 0.1,864,business mathematics,like,25010,41000
bot1,0.1 0.1 0.1 0.1 0.3 0.1 0.7 0.1 0.5 0.1,865,business mathematics,like,33000,60000
bot1,0.1 0.1 0.1 0.1 0.3 0.1 0.7 0.1 0.5 0.1,866,business mathematics,like,37200,60000
bot1,0.1 0.1 0.1 0.1 0.3 0.1 0.7 0.1 0.5 0.1,867,business mathematics,like,20520,36000
bot1,0.1 0.1 0.1 0.1 0.3 0.1 0.7 0.1 0.5 0.1,868,business mathematics,like,18020,34000
bot1,0.1 0.1 0.1 0.1 0.3 0.1 0.7 0.1 0.5 0.1,869,business music,,4680,39000
bot1,0.1 0.1 0.1 0.1 0.3 0.1 0.7 0.1 0.5 0.1,870,business music,,3630,33000
bot1,0.1 0.1 0.1 0.1 0.3 0.1 0.7 0.1 0.5 0.1,871,business music,,6110,47000
bot1,0.1 0.1 0.1 0.1 0.3 0.1 0.7 0.1 0.5 0.1,872,business music,,2320,58000
bot1,0.1 0.1 0.1 0.1 0.3 0.1 0.7 0.1 0.5 0.1,873,business music,,4590,51000
bot1,0.1 0.1 0.1 0.1 0.3 0.1 0.7 0.1 0.5 0.1,874,business music,,3780,54000
bot1,0.1 0.1 0.1 0.1 0.3 0.1 0.7 0.1 0.5 0.1,875,business music,,4410,49000
bot1,0.1 0.1 0.1 0.1 0.3 0.1 0.7 0.1 0.5 0.1,876,business music,,4900,35000
bot1,0.1 0.1 0.1 0.1 0.3 0.1 0.7 0.1 0.5 0.1,877,business music,,6240,52000
bot1,0.1 0.1 0.1 0.1 0.3 0.1 0.7 0.1 0.5 0.1,878,business music,,3300,55000
bot1,0.1 0.1 0.1 0.1 0.3 0.1 0.7 0.1 0.5 0.1,879,business music,,2120,53000
bot1,0.1 0.1 0.1 0.1 0.3 0.1 0.7 0.1 0.5 0.1,880,business music,,4300,43000
bot1,0.1 0.1 0.1 0.1 0.3 0.1 0.7 0.1 0.5 0.1,881,business music,,2120,53000
bot1,0.1 0.1 0.1 0.1 0.3 0.1 0.7 0.1 0.5 0.1,882,business music,,3080,44000
bot1,0.1 0.1 0.1 0.1 0.3 0.1 0.7 0.1 0.5 0.1,883,business music,,5940,54000
bot1,0.1 0.1 0.1 0.1 0.3 0.1 0.7 0.1 0.5 0.1,884,business music,,3520,44000
bot1,0.1 0.1 0.1 0.1 0.3 0.1 0.7 0.1 0.5 0.1,885,business music,,2590,37000
bot1,0.1 0.1 0.1 0.1 0.3 0.1 0.7 0.1 0.5 0.1,886,business music,,2750,55000
bot1,0.1 0.1 0.1 0.1 0.3 0.1 0.7 0.1 0.5 0.1,887,business music,,4060,58000
bot1,0.1 0.1 0.1 0.1 0.3 0.1 0.7 0.1 0.5 0.1,888,business music,,3280,41000
bot1,0.1 0.1 0.1 0.1 0.3 0.1 0.7 0.1 0.5 0.1,889,business music,,6720,48000
bot1,0.1 0.1 0.1 0.1 0.3 0.1 0.7 0.1 0.5 0.1,890,business music,,3960,44000
bot1,0.1 0.1 0.1 0.1 0.3 0.1 0.7 0.1 0.5 0.1,891,business music,,7020,54000
bot1,0.1 0.1 0.1 0.1 0.3 0.1 0.7 0.1 0.5 0.1,892,business music,,9200,46000
bot1,0.1 0.1 0.1 0.1 0.3 0.1 0.7 0.1 0.5 0.1,893,business music,,2100,35000
bot1,0.1 0.1 0.1 0.1 0.3 0.1 0.7 0.1 0.5 0.1,894,business music,,2750,55000
bot1,0.1 0.1 0.1 0.1 0.3 0.1 0.7 0.1 0.5 0.1,895,business music,,6270,57000
bot1,0.1 0.1 0.1 0.1 0.3 0.1 0.7 0.1 0.5 0.1,896,business music,,5000,50000
bot1,0.1 0.1 0.1 0.1 0.3 0.1 0.7 0.1 0.5 0.1,897,business physics,like,15580,41000
bot1,0.1 0.1 0.1 0.1 0.3 0.1 0.7 0.1 0.5 0.1,898,business physics,,12870,33000
bot1,0.1 0.1 0.1 0.1 0.3 0.1 0.7 0.1 0.5 0.1,899,business physics,,16100,46000
bot1,0.1 0.1 0.1 0.1 0.3 0.1 0.7 0.1 0.5 0.1,900,business physics,,15210,39000
bot1,0.1 0.1 0.1 0.1 0.3 0.1 0.7 0.1 0.5 0.1,901,business physics,like,14700,35000
bot1,0.1 0.1 0.1 0.1 0.3 0.1 0.7 0.1 0.5 0.1,902,business physics,like,22620,58000
bot1,0.1 0.1 0.1 0.1 0.3 0.1 0.7 0.1 0.5 0.1,903,business physics,,24080,56000
bot1,0.1 0.1 0.1 0.1 0.3 0.1 0.7 0.1 0.5 0.1,904,business physics,like,22800,60000
bot1,0.1 0.1 0.1 0.1 0.3 0.1 0.7 0.1 0.5 0.1,905,business physics,like,21280,56000
bot1,0.1 0.1 0.1 0.1 0.3 0.1 0.7 0.1 0.5 0.1,906,business physics,,15580,41000
bot1,0.1 0.1 0.1 0.1 0.3 0.1 0.7 0.1 0.5 0.1,907,business physics,like,18490,43000
bot1,0.1 0.1 0.1 0.1 0.3 0.1 0.7 0.1 0.5 0.1,908,business physics,,16100,46000
bot1,0.1 0.1 0.1 0.1 0.3 0.1 0.7 0.1 0.5 0.1,909,business physics,like,17640,42000
bot1,0.1 0.1 0.1 0.1 0.3 0.1 0.7 0.1 0.5 0.1,910,business physics,,14760,41000
bot1,0.1 0.1 0.1 0.1 0.3 0.1 0.7 0.1 0.5 0.1,911,business physics,like,16400,40000
bot1,0.1 0.1 0.1 0.1 0.3 0.1 0.7 0.1 0.5 0.1,912,business physics,like,25760,56000
bot1,0.1 0.1 0.1 0.1 0.3 0.1 0.7 0.1 0.5 0.1,913,business physics,like,16000,40000
bot1,0.1 0.1 0.1 0.1 0.3 0.1 0.7 0.1 0.5 0.1,914,business physics,like,12920,34000
bot1,0.1 0.1 0.1 0.1 0.3 0.1 0.7 0.1 0.5 0.1,915,business physics,,23010,59000
bot1,0.1 0.1 0.1 0.1 0.3 0.1 0.7 0.1 0.5 0.1,916,business physics,like,22880,52000
bot1,0.1 0.1 0.1 0.1 0.3 0.1 0.7 0.1 0.5 0.1,917,business physics,like,21060,54000
bot1,0.1 0.1 0.1 0.1 0.3 0.1 0.7 0.1 0.5 0.1,918,business physics,like,18040,44000
bot1,0.1 0.1 0.1 0.1 0.3 0.1 0.7 0.1 0.5 0.1,919,business physics,like,26100,58000
bot1,0.1 0.1 0.1 0.1 0.3 0.1 0.7 0.1 0.5 0.1,920,business physics,like,15200,38000
bot1,0.1 0.1 0.1 0.1 0.3 0.1 0.7 0.1 0.5 0.1,921,business physics,like,11560,34000
bot1,0.1 0.1 0.1 0.1 0.3 0.1 0.7 0.1 0.5 0.1,922,business physics,,25440,53000
bot1,0.1 0.1 0.1 0.1 0.3 0.1 0.7 0.1 0.5 0.1,923,business physics,like,19350,43000
bot1,0.1 0.1 0.1 0.1 0.3 0.1 0.7 0.1 0.5 0.1,924,business physics,like,14040,39000
bot1,0.1 0.1 0.1 0.1 0.3 0.1 0.7 0.1 0.5 0.1,925,business psychology,,2970,33000
bot1,0.1 0.1 0.1 0.1 0.3 0.1 0.7 0.1 0.5 0.1,926,business psychology,,3010,43000
bot1,0.1 0.1 0.1 0.1 0.3 0.1 0.7 0.1 0.5 0.1,927,business psychology,,3920,49000
bot1,0.1 0.1 0.1 0.1 0.3 0.1 0.7 0.1 0.5 0.1,928,business psychology,,2640,33000
bot1,0.1 0.1 0.1 0.1 0.3 0.1 0.7 0.1 0.5 0.1,929,business psychology,,4050,45000
bot1,0.1 0.1 0.1 0.1 0.3 0.1 0.7 0.1 0.5 0.1,930,business psychology,,3900,30000
bot1,0.1 0.1 0.1 0.1 0.3 0.1 0.7 0.1 0.5 0.1,931,business psychology,,8640,48000
bot1,0.1 0.1 0.1 0.1 0.3 0.1 0.7 0.1 0.5 0.1,932,business psychology,,2380,34000
bot1,0.1 0.1 0.1 0.1 0.3 0.1 0.7 0.1 0.5 0.1,933,business psychology,,2700,30000
bot1,0.1 0.1 0.1 0.1 0.3 0.1 0.7 0.1 0.5 0.1,934,business psychology,,1480,37000
bot1,0.1 0.1 0.1 0.1 0.3 0.1 0.7 0.1 0.5 0.1,935,business psychology,,3850,35000
bot1,0.1 0.1 0.1 0.1 0.3 0.1 0.7 0.1 0.5 0.1,936,business psychology,,2880,32000
bot1,0.1 0.1 0.1 0.1 0.3 0.1 0.7 0.1 0.5 0.1,937,business psychology,,3690,41000
bot1,0.1 0.1 0.1 0.1 0.3 0.1 0.7 0.1 0.5 0.1,938,business psychology,,5060,46000
bot1,0.1 0.1 0.1 0.1 0.3 0.1 0.7 0.1 0.5 0.1,939,business psychology,,7150,55000
bot1,0.1 0.1 0.1 0.1 0.3 0.1 0.7 0.1 0.5 0.1,940,business psychology,,3290,47000
bot1,0.1 0.1 0.1 0.1 0.3 0.1 0.7 0.1 0.5 0.1,941,business psychology,,5700,57000
bot1,0.1 0.1 0.1 0.1 0.3 0.1 0.7 0.1 0.5 0.1,942,business psychology,,4000,50000
bot1,0.1 0.1 0.1 0.1 0.3 0.1 0.7 0.1 0.5 0.1,943,business psychology,,4510,41000
bot1,0.1 0.1 0.1 0.1 0.3 0.1 0.7 0.1 0.5 0.1,944,business psychology,,4200,30000
bot1,0.1 0.1 0.1 0.1 0.3 0.1 0.7 0.1 0.5 0.1,945,business psychology,,2880,32000
bot1,0.1 0.1 0.1 0.1 0.3 0.1 0.7 0.1 0.5 0.1,946,business psychology,,3180,53000
bot1,0.1 0.1 0.1 0.1 0.3 0.1 0.7 0.1 0.5 0.1,947,business psychology,,1650,33000
bot1,0.1 0.1 0.1 0.1 0.3 0.1 0.7 0.1 0.5 0.1,948,business psychology,,4240,53000
bot1,0.1 0.1 0.1 0.1 0.3 0.1 0.7 0.1 0.5 0.1,949,business psychology,,2380,34000
bot1,0.1 0.1 0.1 0.1 0.3 0.1 0.7 0.1 0.5 0.1,950,business psychology,,6110,47000
bot1,0.1 0.1 0.1 0.1 0.3 0.1 0.7 0.1 0.5 0.1,951,business psychology,,3000,50000
bot1,0.1 0.1 0.1 0.1 0.3 0.1 0.7 0.1 0.5 0.1,952,business psychology,,4860,54000
bot1,0.1 0.1 0.1 0.1 0.3 0.1 0.7 0.1 0.5 0.1,953,chemistry computer_science,,10920,52000
bot1,0.1 0.1 0.1 0.1 0.3 0.1 0.7 0.1 0.5 0.1,954,chemistry computer_science,like,9100,35000
bot1,0.1 0.1 0.1 0.1 0.3 0.1 0.7 0.1 0.5 0.1,955,chemistry computer_science,,9280,32000
bot1,0.1 0.1 0.1 0.1 0.3 0.1 0.7 0.1 0.5 0.1,956,chemistry computer_science,,12600,60000
bot1,0.1 0.1 0.1 0.1 0.3 0.1 0.7 0.1 0.5 0.1,957,chemistry computer_science,,8190,39000
bot1,0.1 0.1 0.1 0.1 0.3 0.1 0.7 0.1 0.5 0.1,958,chemistry computer_science,,10450,55000
bot1,0.1 0.1 0.1 0.1 0.3 0.1 0.7 0.1 0.5 0.1,959,chemistry computer_science,,7130,31000
bot1,0.1 0.1 0.1 0.1 0.3 0.1 0.7 0.1 0.5 0.1,960,chemistry computer_science,,10920,39000
bot1,0.1 0.1 0.1 0.1 0.3 0.1 0.7 0.1 0.5 0.1,961,chemistry computer_science,,13440,56000
bot1,0.1 0.1 0.1 0.1 0.3 0.1 0.7 0.1 0.5 0.1,962,chemistry computer_science,,7600,38000
bot1,0.1 0.1 0.1 0.1 0.3 0.1 0.7 0.1 0.5 0.1,963,chemistry computer_science,like,13000,50000
bot1,0.1 0.1 0.1 0.1 0.3 0.1 0.7 0.1 0.5 0.1,964,chemistry computer_science,,7790,41000
bot1,0.1 0.1 0.1 0.1 0.3 0.1 0.7 0.1 0.5 0.1,965,chemistry computer_science,like,8370,31000
bot1,0.1 0.1 0.1 0.1 0.3 0.1 0.7 0.1 0.5 0.1,966,chemistry computer_science,,8400,40000
bot1,0.1 0.1 0.1 0.1 0.3 0.1 0.7 0.1 0.5 0.1,967,chemistry computer_science,,9900,55000
bot1,0.1 0.1 0.1 0.1 0.3 0.1 0.7 0.1 0.5 0.1,968,chemistry computer_science,,11020,58000
bot1,0.1 0.1 0.1 0.1 0.3 0.1 0.7 0.1 0.5 0.1,969,chemistry computer_science,like,11440,44000
bot1,0.1 0.1 0.1 0.1 0.3 0.1 0.7 0.1 0.5 0.1,970,chemistry computer_science,,12180,42000
bot1,0.1 0.1 0.1 0.1 0.3 0.1 0.7 0.1 0.5 0.1,971,chemistry computer_science,,6650,35000
bot1,0.1 0.1 0.1 0.1 0.3 0.1 0.7 0.1 0.5 0.1,972,chemistry computer_science,,9000,45000
bot1,0.1 0.1 0.1 0.1 0.3 0.1 0.7 0.1 0.5 0.1,973,chemistry computer_science,,13750,55000
bot1,0.1 0.1 0.1 0.1 0.3 0.1 0.7 0.1 0.5 0.1,974,chemistry computer_science,like,16500,55000
bot1,0.1 0.1 0.1 0.1 0.3 0.1 0.7 0.1 0.5 0.1,975,chemistry computer_science,,9030,43000
bot1,0.1 0.1 0.1 0.1 0.3 0.1 0.7 0.1 0.5 0.1,976,chemistry computer_science,,9800,49000
bot1,0.1 0.1 0.1 0.1 0.3 0.1 0.7 0.1 0.5 0.1,977,chemistry computer_science,,7000,35000
bot1,0.1 0.1 0.1 0.1 0.3 0.1 0.7 0.1 0.5 0.1,978,chemistry computer_science,,10800,40000
bot1,0.1 0.1 0.1 0.1 0.3 0.1 0.7 0.1 0.5 0.1,979,chemistry computer_science,,8400,40000
bot1,0.1 0.1 0.1 0.1 0.3 0.1 0.7 0.1 0.5 0.1,980,chemistry computer_science,,8970,39000
bot1,0.1 0.1 0.1 0.1 0.3 0.1 0.7 0.1 0.5 0.1,981,chemistry literature,,5720,52000
bot1,0.1 0.1 0.1 0.1 0.3 0.1 0.7 0.1 0.5 0.1,982,chemistry literature,,4680,52000
bot1,0.1 0.1 0.1 0.1 0.3 0.1 0.7 0.1 0.5 0.1,983,chemistry literature,,2640,44000
bot1,0.1 0.1 0.1 0.1 0.3 0.1 0.7 0.1 0.5 0.1,984,chemistry literature,,3990,57000
bot1,0.1 0.1 0.1 0.1 0.3 0.1 0.7 0.1 0.5 0.1,985,chemistry literature,,3920,49000
bot1,0.1 0.1 0.1 0.1 0.3 0.1 0.7 0.1 0.5 0.1,986,chemistry literature,,5700,38000
bot1,0.1 0.1 0.1 0.1 0.3 0.1 0.7 0.1 0.5 0.1,987,chemistry literature,,3300,55000
bot1,0.1 0.1 0.1 0.1 0.3 0.1 0.7 0.1 0.5 0.1,988,chemistry literature,,4480,32000
bot1,0.1 0.1 0.1 0.1 0.3 0.1 0.7 0.1 0.5 0.1,989,chemistry literature,,3360,42000
bot1,0.1 0.1 0.1 0.1 0.3 0.1 0.7 0.1 0.5 0.1,990,chemistry literature,,8250,55000
bot1,0.1 0.1 0.1 0.1 0.3 0.1 0.7 0.1 0.5 0.1,991,chemistry literature,,3500,35000
bot1,0.1 0.1 0.1 0.1 0.3 0.1 0.7 0.1 0.5 0.1,992,chemistry literature,,3060,34000
bot1,0.1 0.1 0.1 0.1 0.3 0.1 0.7 0.1 0.5 0.1,993,chemistry literature,,5100,51000
bot1,0.1 0.1 0.1 0.1 0.3 0.1 0.7 0.1 0.5 0.1,994,chemistry literature,,1550,31000
bot1,0.1 0.1 0.1 0.1 0.3 0.1 0.7 0.1 0.5 0.1,995,chemistry literature,,4440,37000
bot1,0.1 0.1 0.1 0.1 0.3 0.1 0.7 0.1 0.5 0.1,996,chemistry literature,,7380,41000
bot1,0.1 0.1 0.1 0.1 0.3 0.1 0.7 0.1 0.5 0.1,997,chemistry literature,,3000,60000
bot1,0.1 0.1 0.1 0.1 0.3 0.1 0.7 0.1 0.5 0.1,998,chemistry literature,,5880,49000
bot1,0.1 0.1 0.1 0.1 0.3 0.1 0.7 0.1 0.5 0.1,999,chemistry literature,,3080,44000
bot1,0.1 0.1 0.1 0.1 0.3 0.1 0.7 0.1 0.5 0.1,1000,chemistry literature,,4100,41000
bot1,0.1 0.1 0.1 0.1 0.3 0.1 0.7 0.1 0.5 0.1,1001,chemistry literature,,3840,32000
bot1,0.1 0.1 0.1 0.1 0.3 0.1 0.7 0.1 0.5 0.1,1002,chemistry literature,,5060,46000
bot1,0.1 0.1 0.1 0.1 0.3 0.1 0.7 0.1 0.5 0.1,1003,chemistry literature,,1200,40000
bot1,0.1 0.1 0.1 0.1 0.3 0.1 0.7 0.1 0.5 0.1,1004,chemistry literature,,1480,37000
bot1,0.1 0.1 0.1 0.1 0.3 0.1 0.7 0.1 0.5 0.1,1005,chemistry literature,,3300,30000
bot1,0.1 0.1 0.1 0.1 0.3 0.1 0.7 0.1 0.5 0.1,1006,chemistry literature,,4950,45000
bot1,0.1 0.1 0.1 0.1 0.3 0.1 0.7 0.1 0.5 0.1,1007,chemistry literature,,7080,59000
bot1,0.1 0.1 0.1 0.1 0.3 0.1 0.7 0.1 0.5 0.1,1008,chemistry literature,,3800,38000
bot1,0.1 0.1 0.1 0.1 0.3 0.1 0.7 0.1 0.5 0.1,1009,chemistry mathematics,like,28600,52000
bot1,0.1 0.1 0.1 0.1 0.3 0.1 0.7 0.1 0.5 0.1,1010,chemistry mathematics,like,30380,49000
bot1,0.1 0.1 0.1 0.1 0.3 0.1 0.7 0.1 0.5 0.1,1011,chemistry mathematics,like,33040,59000
bot1,0.1 0.1 0.1 0.1 0.3 0.1 0.7 0.1 0.5 0.1,1012,chemistry mathematics,like,19800,36000
bot1,0.1 0.1 0.1 0.1 0.3 0.1 0.7 0.1 0.5 0.1,1013,chemistry mathematics,like,29640,57000
bot1,0.1 0.1 0.1 0.1 0.3 0.1 0.7 0.1 0.5 0.1,1014,chemistry mathematics,like,19600,35000
bot1,0.1 0.1 0.1 0.1 0.3 0.1 0.7 0.1 0.5 0.1,1015,chemistry mathematics,like,26400,44000
bot1,0.1 0.1 0.1 0.1 0.3 0.1 0.7 0.1 0.5 0.1,1016,chemistry mathematics,like,31350,55000
bot1,0.1 0.1 0.1 0.1 0.3 0.1 0.7 0.1 0.5 0.1,1017,chemistry mathematics,like,31350,57000
bot1,0.1 0.1 0.1 0.1 0.3 0.1 0.7 0.1 0.5 0.1,1018,chemistry mathematics,,31620,51000
bot1,0.1 0.1 0.1 0.1 0.3 0.1 0.7 0.1 0.5 0.1,1019,chemistry mathematics,,19840,32000
bot1,0.1 0.1 0.1 0.1 0.3 0.1 0.7 0.1 0.5 0.1,1020,chemistry mathematics,,23010,39000
bot1,0.1 0.1 0.1 0.1 0.3 0.1 0.7 0.1 0.5 0.1,1021,chemistry mathematics,like,30780,57000
bot1,0.1 0.1 0.1 0.1 0.3 0.1 0.7 0.1 0.5 0.1,1022,chemistry mathematics,,27560,52000
bot1,0.1 0.1 0.1 0.1 0.3 0.1 0.7 0.1 0.5 0.1,1023,chemistry mathematics,,31000,50000
bot1,0.1 0.1 0.1 0.1 0.3 0.1 0.7 0.1 0.5 0.1,1024,chemistry mathematics,,19680,41000
bot1,0.1 0.1 0.1 0.1 0.3 0.1 0.7 0.1 0.5 0.1,1025,chemistry mathematics,like,15840,33000
bot1,0.1 0.1 0.1 0.1 0.3 0.1 0.7 0.1 0.5 0.1,1026,chemistry mathematics,like,32450,55000
bot1,0.1 0.1 0.1 0.1 0.3 0.1 0.7 0.1 0.5 0.1,1027,chemistry mathematics,like,31900,55000
bot1,0.1 0.1 0.1 0.1 0.3 0.1 0.7 0.1 0.5 0.1,1028,chemistry mathematics,like,23370,41000
bot1,0.1 0.1 0.1 0.1 0.3 0.1 0.7 0.1 0.5 0.1,1029,chemistry mathematics,like,22550,41000
bot1,0.1 0.1 0.1 0.1 0.3 0.1 0.7 0.1 0.5 0.1,1030,chemistry mathematics,like,29140,47000
bot1,0.1 0.1 0.1 0.1 0.3 0.1 0.7 0.1 0.5 0.1,1031,chemistry mathematics,like,34220,58000
bot1,0.1 0.1 0.1 0.1 0.3 0.1 0.7 0.1 0.5 0.1,1032,chemistry mathematics,,19110,39000
bot1,0.1 0.1 0.1 0.1 0.3 0.1 0.7 0.1 0.5 0.1,1033,chemistry mathematics,like,31720,52000
bot1,0.1 0.1 0.1 0.1 0.3 0.1 0.7 0.1 0.5 0.1,1034,chemistry mathematics,like,23460,46000
bot1,0.1 0.1 0.1 0.1 0.3 0.1 0.7 0.1 0.5 0.1,1035,chemistry mathematics,like,26660,43000
bot1,0.1 0.1 0.1 0.1 0.3 0.1 0.7 0.1 0.5 0.1,1036,chemistry mathematics,like,17600,32000
bot1,0.1 0.1 0.1 0.1 0.3 0.1 0.7 0.1 0.5 0.1,1037,chemistry music,,4000,40000
bot1,0.1 0.1 0.1 0.1 0.3 0.1 0.7 0.1 0.5 0.1,1038,chemistry music,,6600,44000
bot1,0.1 0.1 0.1 0.1 0.3 0.1 0.7 0.1 0.5 0.1,1039,chemistry music,,8740,46000
bot1,0.1 0.1 0.1 0.1 0.3 0.1 0.7 0.1 0.5 0.1,1040,chemistry music,,6380,58000
bot1,0.1 0.1 0.1 0.1 0.3 0.1 0.7 0.1 0.5 0.1,1041,chemistry music,,6580,47000
bot1,0.1 0.1 0.1 0.1 0.3 0.1 0.7 0.1 0.5 0.1,1042,chemistry music,,1050,35000
bot1,0.1 0.1 0.1 0.1 0.3 0.1 0.7 0.1 0.5 0.1,1043,chemistry music,,2040,34000
bot1,0.1 0.1 0.1 0.1 0.3 0.1 0.7 0.1 0.5 0.1,1044,chemistry music,,5900,59000
bot1,0.1 0.1 0.1 0.1 0.3 0.1 0.7 0.1 0.5 0.1,1045,chemistry music,,1680,56000
bot1,0.1 0.1 0.1 0.1 0.3 0.1 0.7 0.1 0.5 0.1,1046,chemistry music,,4420,34000
bot1,0.1 0.1 0.1 0.1 0.3 0.1 0.7 0.1 0.5 0.1,1047,chemistry music,,4200,35000
bot1,0.1 0.1 0.1 0.1 0.3 0.1 0.7 0.1 0.5 0.1,1048,chemistry music,,6760,52000
bot1,0.1 0.1 0.1 0.1 0.3 0.1 0.7 0.1 0.5 0.1,1049,chemistry music,,4800,60000
bot1,0.1 0.1 0.1 0.1 0.3 0.1 0.7 0.1 0.5 0.1,1050,chemistry music,,5220,58000
bot1,0.1 0.1 0.1 0.1 0.3 0.1 0.7 0.1 0.5 0.1,1051,chemistry music,,1600,32000
bot1,0.1 0.1 0.1 0.1 0.3 0.1 0.7 0.1 0.5 0.1,1052,chemistry music,,5000,50000
bot1,0.1 0.1 0.1 0.1 0.3 0.1 0.7 0.1 0.5 0.1,1053,chemistry music,,2280,38000
bot1,0.1 0.1 0.1 0.1 0.3 0.1 0.7 0.1 0.5 0.1,1054,chemistry music,,3900,39000
bot1,0.1 0.1 0.1 0.1 0.3 0.1 0.7 0.1 0.5 0.1,1055,chemistry music,,2240,32000
bot1,0.1 0.1 0.1 0.1 0.3 0.1 0.7 0.1 0.5 0.1,1056,chemistry music,,2800,35000
bot1,0.1 0.1 0.1 0.1 0.3 0.1 0.7 0.1 0.5 0.1,1057,chemistry music,,5280,48000
bot1,0.1 0.1 0.1 0.1 0.3 0.1 0.7 0.1 0.5 0.1,1058,chemistry music,,5100,51000
bot1,0.1 0.1 0.1 0.1 0.3 0.1 0.7 0.1 0.5 0.1,1059,chemistry music,,5220,58000
bot1,0.1 0.1 0.1 0.1 0.3 0.1 0.7 0.1 0.5 0.1,1060,chemistry music,,3920,56000
bot1,0.1 0.1 0.1 0.1 0.3 0.1 0.7 0.1 0.5 0.1,1061,chemistry music,,4030,31000
bot1,0.1 0.1 0.1 0.1 0.3 0.1 0.7 0.1 0.5 0.1,1062,chemistry music,,2100,30000
bot1,0.1 0.1 0.1 0.1 0.3 0.1 0.7 0.1 0.5 0.1,1063,chemistry music,,6000,60000
bot1,0.1 0.1 0.1 0.1 0.3 0.1 0.7 0.1 0.5 0.1,1064,chemistry music,,4800,48000
bot1,0.1 0.1 0.1 0.1 0.3 0.1 0.7 0.1 0.5 0.1,1065,chemistry physics,,13680,36000
bot1,0.1 0.1 0.1 0.1 0.3 0.1 0.7 0.1 0.5 0.1,1066,chemistry physics,like,16340,43000
bot1,0.1 0.1 0.1 0.1 0.3 0.1 0.7 0.1 0.5 0.1,1067,chemistry physics,,14400,30000
bot1,0.1 0.1 0.1 0.1 0.3 0.1 0.7 0.1 0.5 0.1,1068,chemistry physics,like,18000,50000
bot1,0.1 0.1 0.1 0.1 0.3 0.1 0.7 0.1 0.5 0.1,1069,chemistry physics,,15000,50000
bot1,0.1 0.1 0.1 0.1 0.3 0.1 0.7 0.1 0.5 0.1,1070,chemistry physics,,16200,45000
bot1,0.1 0.1 0.1 0.1 0.3 0.1 0.7 0.1 0.5 0.1,1071,chemistry physics,,24750,55000
bot1,0.1 0.1 0.1 0.1 0.3 0.1 0.7 0.1 0.5 0.1,1072,chemistry physics,like,13650,39000
bot1,0.1 0.1 0.1 0.1 0.3 0.1 0.7 0.1 0.5 0.1,1073,chemistry physics,,20280,52000
bot1,0.1 0.1 0.1 0.1 0.3 0.1 0.7 0.1 0.5 0.1,1074,chemistry physics,,19800,44000
bot1,0.1 0.1 0.1 0.1 0.3 0.1 0.7 0.1 0.5 0.1,1075,chemistry physics,,16720,44000
bot1,0.1 0.1 0.1 0.1 0.3 0.1 0.7 0.1 0.5 0.1,1076,chemistry physics,like,19110,49000
bot1,0.1 0.1 0.1 0.1 0.3 0.1 0.7 0.1 0.5 0.1,1077,chemistry physics,,21090,57000
bot1,0.1 0.1 0.1 0.1 0.3 0.1 0.7 0.1 0.5 0.1,1078,chemistry physics,like,23850,53000
bot1,0.1 0.1 0.1 0.1 0.3 0.1 0.7 0.1 0.5 0.1,1079,chemistry physics,like,12710,41000
bot1,0.1 0.1 0.1 0.1 0.3 0.1 0.7 0.1 0.5 0.1,1080,chemistry physics,like,12920,34000
bot1,0.1 0.1 0.1 0.1 0.3 0.1 0.7 0.1 0.5 0.1,1081,chemistry physics,like,18400,46000
bot1,0.1 0.1 0.1 0.1 0.3 0.1 0.7 0.1 0.5 0.1,1082,chemistry physics,,13600,40000
bot1,0.1 0.1 0.1 0.1 0.3 0.1 0.7 0.1 0.5 0.1,1083,chemistry physics,like,12540,33000
bot1,0.1 0.1 0.1 0.1 0.3 0.1 0.7 0.1 0.5 0.1,1084,chemistry physics,like,16280,37000
bot1,0.1 0.1 0.1 0.1 0.3 0.1 0.7 0.1 0.5 0.1,1085,chemistry physics,,12710,31000
bot1,0.1 0.1 0.1 0.1 0.3 0.1 0.7 0.1 0.5 0.1,1086,chemistry physics,,17220,42000
bot1,0.1 0.1 0.1 0.1 0.3 0.1 0.7 0.1 0.5 0.1,1087,chemistry physics,like,15050,43000
bot1,0.1 0.1 0.1 0.1 0.3 0.1 0.7 0.1 0.5 0.1,1088,chemistry physics,like,25650,57000
bot1,0.1 0.1 0.1 0.1 0.3 0.1 0.7 0.1 0.5 0.1,1089,chemistry physics,,22960,56000
bot1,0.1 0.1 0.1 0.1 0.3 0.1 0.7 0.1 0.5 0.1,1090,chemistry physics,,20160,48000
bot1,0.1 0.1 0.1 0.1 0.3 0.1 0.7 0.1 0.5 0.1,1091,chemistry physics,like,15840,36000
bot1,0.1 0.1 0.1 0.1 0.3 0.1 0.7 0.1 0.5 0.1,1092,chemistry physics,,18450,45000
bot1,0.1 0.1 0.1 0.1 0.3 0.1 0.7 0.1 0.5 0.1,1093,chemistry psychology,,1760,44000
bot1,0.1 0.1 0.1 0.1 0.3 0.1 0.7 0.1 0.5 0.1,1094,chemistry psychology,,2730,39000
bot1,0.1 0.1 0.1 0.1 0.3 0.1 0.7 0.1 0.5 0.1,1095,chemistry psychology,,3200,32000
bot1,0.1 0.1 0.1 0.1 0.3 0.1 0.7 0.1 0.5 0.1,1096,chemistry psychology,,3220,46000
bot1,0.1 0.1 0.1 0.1 0.3 0.1 0.7 0.1 0.5 0.1,1097,chemistry psychology,,2960,37000
bot1,0.1 0.1 0.1 0.1 0.3 0.1 0.7 0.1 0.5 0.1,1098,chemistry psychology,,2870,41000
bot1,0.1 0.1 0.1 0.1 0.3 0.1 0.7 0.1 0.5 0.1,1099,chemistry psychology,,4290,39000
bot1,0.1 0.1 0.1 0.1 0.3 0.1 0.7 0.1 0.5 0.1,1100,chemistry psychology,,6380,58000
bot1,0.1 0.1 0.1 0.1 0.3 0.1 0.7 0.1 0.5 0.1,1101,chemistry psychology,,4590,51000
bot1,0.1 0.1 0.1 0.1 0.3 0.1 0.7 0.1 0.5 0.1,1102,chemistry psychology,,5170,47000
bot1,0.1 0.1 0.1 0.1 0.3 0.1 0.7 0.1 0.5 0.1,1103,chemistry psychology,,2970,33000
bot1,0.1 0.1 0.1 0.1 0.3 0.1 0.7 0.1 0.5 0.1,1104,chemistry psychology,,2900,58000
bot1,0.1 0.1 0.1 0.1 0.3 0.1 0.7 0.1 0.5 0.1,1105,chemistry psychology,,2460,41000
bot1,0.1 0.1 0.1 0.1 0.3 0.1 0.7 0.1 0.5 0.1,1106,chemistry psychology,,1230,41000
bot1,0.1 0.1 0.1 0.1 0.3 0.1 0.7 0.1 0.5 0.1,1107,chemistry psychology,,3100,31000
bot1,0.1 0.1 0.1 0.1 0.3 0.1 0.7 0.1 0.5 0.1,1108,chemistry psychology,,2160,36000
bot1,0.1 0.1 0.1 0.1 0.3 0.1 0.7 0.1 0.5 0.1,1109,chemistry psychology,,4680,39000
bot1,0.1 0.1 0.1 0.1 0.3 0.1 0.7 0.1 0.5 0.1,1110,chemistry psychology,,4600,46000
bot1,0.1 0.1 0.1 0.1 0.3 0.1 0.7 0.1 0.5 0.1,1111,chemistry psychology,,940,47000
bot1,0.1 0.1 0.1 0.1 0.3 0.1 0.7 0.1 0.5 0.1,1112,chemistry psychology,,1960,49000
bot1,0.1 0.1 0.1 0.1 0.3 0.1 0.7 0.1 0.5 0.1,1113,chemistry psychology,,3960,33000
bot1,0.1 0.1 0.1 0.1 0.3 0.1 0.7 0.1 0.5 0.1,1114,chemistry psychology,,1320,33000
bot1,0.1 0.1 0.1 0.1 0.3 0.1 0.7 0.1 0.5 0.1,1115,chemistry psychology,,5500,55000
bot1,0.1 0.1 0.1 0.1 0.3 0.1 0.7 0.1 0.5 0.1,1116,chemistry psychology,,3760,47000
bot1,0.1 0.1 0.1 0.1 0.3 0.1 0.7 0.1 0.5 0.1,1117,chemistry psychology,,6480,54000
bot1,0.1 0.1 0.1 0.1 0.3 0.1 0.7 0.1 0.5 0.1,1118,chemistry psychology,,5390,49000
bot1,0.1 0.1 0.1 0.1 0.3 0.1 0.7 0.1 0.5 0.1,1119,chemistry psychology,,2300,46000
bot1,0.1 0.1 0.1 0.1 0.3 0.1 0.7 0.1 0.5 0.1,1120,chemistry psychology,,1860,31000
bot1,0.1 0.1 0.1 0.1 0.3 0.1 0.7 0.1 0.5 0.1,1121,computer_science literature,,8800,40000
bot1,0.1 0.1 0.1 0.1 0.3 0.1 0.7 0.1 0.5 0.1,1122,computer_science literature,,9200,46000
bot1,0.1 0.1 0.1 0.1 0.3 0.1 0.7 0.1 0.5 0.1,1123,computer_science literature,,11270,49000
bot1,0.1 0.1 0.1 0.1 0.3 0.1 0.7 0.1 0.5 0.1,1124,computer_science literature,,7820,34000
bot1,0.1 0.1 0.1 0.1 0.3 0.1 0.7 0.1 0.5 0.1,1125,computer_science literature,,14700,49000
bot1,0.1 0.1 0.1 0.1 0.3 0.1 0.7 0.1 0.5 0.1,1126,computer_science literature,,10500,42000
bot1,0.1 0.1 0.1 0.1 0.3 0.1 0.7 0.1 0.5 0.1,1127,computer_science literature,,11660,53000
bot1,0.1 0.1 0.1 0.1 0.3 0.1 0.7 0.1 0.5 0.1,1128,computer_science literature,,11520,48000
bot1,0.1 0.1 0.1 0.1 0.3 0.1 0.7 0.1 0.5 0.1,1129,computer_science literature,,11760,56000
bot1,0.1 0.1 0.1 0.1 0.3 0.1 0.7 0.1 0.5 0.1,1130,computer_science literature,,8550,45000
bot1,0.1 0.1 0.1 0.1 0.3 0.1 0.7 0.1 0.5 0.1,1131,computer_science literature,,5070,39000
bot1,0.1 0.1 0.1 0.1 0.3 0.1 0.7 0.1 0.5 0.1,1132,computer_science literature,,6600,30000
bot1,0.1 0.1 0.1 0.1 0.3 0.1 0.7 0.1 0.5 0.1,1133,computer_science literature,,11730,51000
bot1,0.1 0.1 0.1 0.1 0.3 0.1 0.7 0.1 0.5 0.1,1134,computer_science literature,like,11610,43000
bot1,0.1 0.1 0.1 0.1 0.3 0.1 0.7 0.1 0.5 0.1,1135,computer_science literature,,14300,55000
bot1,0.1 0.1 0.1 0.1 0.3 0.1 0.7 0.1 0.5 0.1,1136,computer_science literature,,16530,57000
bot1,0.1 0.1 0.1 0.1 0.3 0.1 0.7 0.1 0.5 0.1,1137,computer_science literature,,5400,30000
bot1,0.1 0.1 0.1 0.1 0.3 0.1 0.7 0.1 0.5 0.1,1138,computer_science literature,,8360,38000
bot1,0.1 0.1 0.1 0.1 0.3 0.1 0.7 0.1 0.5 0.1,1139,computer_science literature,,11000,55000
bot1,0.1 0.1 0.1 0.1 0.3 0.1 0.7 0.1 0.5 0.1,1140,computer_science literature,,9120,48000
bot1,0.1 0.1 0.1 0.1 0.3 0.1 0.7 0.1 0.5 0.1,1141,computer_science literature,,11130,53000
bot1,0.1 0.1 0.1 0.1 0.3 0.1 0.7 0.1 0.5 0.1,1142,computer_science literature,,10800,45000
bot1,0.1 0.1 0.1 0.1 0.3 0.1 0.7 0.1 0.5 0.1,1143,computer_science literature,,11500,50000
bot1,0.1 0.1 0.1 0.1 0.3 0.1 0.7 0.1 0.5 0.1,1144,computer_science literature,,14040,54000
bot1,0.1 0.1 0.1 0.1 0.3 0.1 0.7 0.1 0.5 0.1,1145,computer_science literature,like,8500,34000
bot1,0.1 0.1 0.1 0.1 0.3 0.1 0.7 0.1 0.5 0.1,1146,computer_science literature,,7770,37000
bot1,0.1 0.1 0.1 0.1 0.3 0.1 0.7 0.1 0.5 0.1,1147,computer_science literature,like,15600,60000
bot1,0.1 0.1 0.1 0.1 0.3 0.1 0.7 0.1 0.5 0.1,1148,computer_science literature,,9000,36000
bot1,0.1 0.1 0.1 0.1 0.3 0.1 0.7 0.1 0.5 0.1,1149,computer_science mathematics,,22400,40000
bot1,0.1 0.1 0.1 0.1 0.3 0.1 0.7 0.1 0.5 0.1,1150,computer_science mathematics,like,18490,43000
bot1,0.1 0.1 0.1 0.1 0.3 0.1 0.7 0.1 0.5 0.1,1151,computer_science mathematics,,24940,43000
bot1,0.1 0.1 0.1 0.1 0.3 0.1 0.7 0.1 0.5 0.1,1152,computer_science mathematics,like,23520,49000
bot1,0.1 0.1 0.1 0.1 0.3 0.1 0.7 0.1 0.5 0.1,1153,computer_science mathematics,,29070,57000
bot1,0.1 0.1 0.1 0.1 0.3 0.1 0.7 0.1 0.5 0.1,1154,computer_science mathematics,like,30740,53000
bot1,0.1 0.1 0.1 0.1 0.3 0.1 0.7 0.1 0.5 0.1,1155,computer_science mathematics,like,20060,34000
bot1,0.1 0.1 0.1 0.1 0.3 0.1 0.7 0.1 0.5 0.1,1156,computer_science mathematics,like,25850,47000
bot1,0.1 0.1 0.1 0.1 0.3 0.1 0.7 0.1 0.5 0.1,1157,computer_science mathematics,,28050,51000
bot1,0.1 0.1 0.1 0.1 0.3 0.1 0.7 0.1 0.5 0.1,1158,computer_science mathematics,like,20160,42000
bot1,0.1 0.1 0.1 0.1 0.3 0.1 0.7 0.1 0.5 0.1,1159,computer_science mathematics,like,17150,35000
bot1,0.1 0.1 0.1 0.1 0.3 0.1 0.7 0.1 0.5 0.1,1160,computer_science mathematics,like,24440,47000
bot1,0.1 0.1 0.1 0.1 0.3 0.1 0.7 0.1 0.5 0.1,1161,computer_science mathematics,like,20910,41000
bot1,0.1 0.1 0.1 0.1 0.3 0.1 0.7 0.1 0.5 0.1,1162,computer_science mathematics,like,33060,57000
bot1,0.1 0.1 0.1 0.1 0.3 0.1 0.7 0.1 0.5 0.1,1163,computer_science mathematics,,26500,50000
bot1,0.1 0.1 0.1 0.1 0.3 0.1 0.7 0.1 0.5 0.1,1164,computer_science mathematics,like,21280,38000
bot1,0.1 0.1 0.1 0.1 0.3 0.1 0.7 0.1 0.5 0.1,1165,computer_science mathematics,,17640,36000
bot1,0.1 0.1 0.1 0.1 0.3 0.1 0.7 0.1 0.5 0.1,1166,computer_science mathematics,,20520,38000
bot1,0.1 0.1 0.1 0.1 0.3 0.1 0.7 0.1 0.5 0.1,1167,computer_science mathematics,like,19610,37000
bot1,0.1 0.1 0.1 0.1 0.3 0.1 0.7 0.1 0.5 0.1,1168,computer_science mathematics,like,20280,39000
bot1,0.1 0.1 0.1 0.1 0.3 0.1 0.7 0.1 0.5 0.1,1169,computer_science mathematics,,32760,52000
bot1,0.1 0.1 0.1 0.1 0.3 0.1 0.7 0.1 0.5 0.1,1170,computer_science mathematics,like,30160,52000
bot1,0.1 0.1 0.1 0.1 0.3 0.1 0.7 0.1 0.5 0.1,1171,computer_science mathematics,like,23850,45000
bot1,0.1 0.1 0.1 0.1 0.3 0.1 0.7 0.1 0.5 0.1,1172,computer_science mathematics,like,31860,59000
bot1,0.1 0.1 0.1 0.1 0.3 0.1 0.7 0.1 0.5 0.1,1173,computer_science mathematics,,31270,53000
bot1,0.1 0.1 0.1 0.1 0.3 0.1 0.7 0.1 0.5 0.1,1174,computer_science mathematics,like,17160,33000
bot1,0.1 0.1 0.1 0.1 0.3 0.1 0.7 0.1 0.5 0.1,1175,computer_science mathematics,,26790,47000
bot1,0.1 0.1 0.1 0.1 0.3 0.1 0.7 0.1 0.5 0.1,1176,computer_science mathematics,,23940,42000
bot1,0.1 0.1 0.1 0.1 0.3 0.1 0.7 0.1 0.5 0.1,1177,computer_science music,,12600,60000
bot1,0.1 0.1 0.1 0.1 0.3 0.1 0.7 0.1 0.5 0.1,1178,computer_science music,like,8840,34000
bot1,0.1 0.1 0.1 0.1 0.3 0.1 0.7 0.1 0.5 0.1,1179,computer_science music,,9360,39000
bot1,0.1 0.1 0.1 0.1 0.3 0.1 0.7 0.1 0.5 0.1,1180,computer_science music,,6400,32000
bot1,0.1 0.1 0.1 0.1 0.3 0.1 0.7 0.1 0.5 0.1,1181,computer_science music,,8800,44000
bot1,0.1 0.1 0.1 0.1 0.3 0.1 0.7 0.1 0.5 0.1,1182,computer_science music,,10600,53000
bot1,0.1 0.1 0.1 0.1 0.3 0.1 0.7 0.1 0.5 0.1,1183,computer_science music,,6840,36000
bot1,0.1 0.1 0.1 0.1 0.3 0.1 0.7 0.1 0.5 0.1,1184,computer_science music,,10640,38000
bot1,0.1 0.1 0.1 0.1 0.3 0.1 0.7 0.1 0.5 0.1,1185,computer_science music,,10400,52000
bot1,0.1 0.1 0.1 0.1 0.3 0.1 0.7 0.1 0.5 0.1,1186,computer_science music,like,8250,33000
bot1,0.1 0.1 0.1 0.1 0.3 0.1 0.7 0.1 0.5 0.1,1187,computer_science music,,8640,48000
bot1,0.1 0.1 0.1 0.1 0.3 0.1 0.7 0.1 0.5 0.1,1188,computer_science music,like,8680,31000
bot1,0.1 0.1 0.1 0.1 0.3 0.1 0.7 0.1 0.5 0.1,1189,computer_science music,,11500,46000
bot1,0.1 0.1 0.1 0.1 0.3 0.1 0.7 0.1 0.5 0.1,1190,computer_science music,,7400,37000
bot1,0.1 0.1 0.1 0.1 0.3 0.1 0.7 0.1 0.5 0.1,1191,computer_science music,,8170,43000
bot1,0.1 0.1 0.1 0.1 0.3 0.1 0.7 0.1 0.5 0.1,1192,computer_science music,,12600,45000
bot1,0.1 0.1 0.1 0.1 0.3 0.1 0.7 0.1 0.5 0.1,1193,computer_science music,,10800,54000
bot1,0.1 0.1 0.1 0.1 0.3 0.1 0.7 0.1 0.5 0.1,1194,computer_science music,,12600,60000
bot1,0.1 0.1 0.1 0.1 0.3 0.1 0.7 0.1 0.5 0.1,1195,computer_science music,,12980,59000
bot1,0.1 0.1 0.1 0.1 0.3 0.1 0.7 0.1 0.5 0.1,1196,computer_science music,,11000,50000
bot1,0.1 0.1 0.1 0.1 0.3 0.1 0.7 0.1 0.5 0.1,1197,computer_science music,,13920,58000
bot1,0.1 0.1 0.1 0.1 0.3 0.1 0.7 0.1 0.5 0.1,1198,computer_science music,,12000,50000
bot1,0.1 0.1 0.1 0.1 0.3 0.1 0.7 0.1 0.5 0.1,1199,computer_science music,,13800,60000
bot1,0.1 0.1 0.1 0.1 0.3 0.1 0.7 0.1 0.5 0.1,1200,computer_science music,,8970,39000
bot1,0.1 0.1 0.1 0.1 0.3 0.1 0.7 0.1 0.5 0.1,1201,computer_science music,,12980,59000
bot1,0.1 0.1 0.1 0.1 0.3 0.1 0.7 0.1 0.5 0.1,1202,computer_science music,,10000,50000
bot1,0.1 0.1 0.1 0.1 0.3 0.1 0.7 0.1 0.5 0.1,1203,computer_science music,,8930,47000
bot1,0.1 0.1 0.1 0.1 0.3 0.1 0.7 0.1 0.5 0.1,1204,computer_science music,,10830,57000
bot1,0.1 0.1 0.1 0.1 0.3 0.1 0.7 0.1 0.5 0.1,1205,computer_science physics,like,24780,59000
bot1,0.1 0.1 0.1 0.1 0.3 0.1 0.7 0.1 0.5 0.1,1206,computer_science physics,like,17630,43000
bot1,0.1 0.1 0.1 0.1 0.3 0.1 0.7 0.1 0.5 0.1,1207,computer_science physics,like,15750,35000
bot1,0.1 0.1 0.1 0.1 0.3 0.1 0.7 0.1 0.5 0.1,1208,computer_science physics,,12090,31000
bot1,0.1 0.1 0.1 0.1 0.3 0.1 0.7 0.1 0.5 0.1,1209,computer_science physics,,16800,42000
bot1,0.1 0.1 0.1 0.1 0.3 0.1 0.7 0.1 0.5 0.1,1210,computer_science physics,like,12250,35000
bot1,0.1 0.1 0.1 0.1 0.3 0.1 0.7 0.1 0.5 0.1,1211,computer_science physics,,27600,60000
bot1,0.1 0.1 0.1 0.1 0.3 0.1 0.7 0.1 0.5 0.1,1212,computer_science physics,,15600,39000
bot1,0.1 0.1 0.1 0.1 0.3 0.1 0.7 0.1 0.5 0.1,1213,computer_science physics,like,13200,30000
bot1,0.1 0.1 0.1 0.1 0.3 0.1 0.7 0.1 0.5 0.1,1214,computer_science physics,like,16660,49000
bot1,0.1 0.1 0.1 0.1 0.3 0.1 0.7 0.1 0.5 0.1,1215,computer_science physics,,15200,40000
bot1,0.1 0.1 0.1 0.1 0.3 0.1 0.7 0.1 0.5 0.1,1216,computer_science physics,,21000,50000
bot1,0.1 0.1 0.1 0.1 0.3 0.1 0.7 0.1 0.5 0.1,1217,computer_science physics,like,20700,45000
bot1,0.1 0.1 0.1 0.1 0.3 0.1 0.7 0.1 0.5 0.1,1218,computer_science physics,like,14620,34000
bot1,0.1 0.1 0.1 0.1 0.3 0.1 0.7 0.1 0.5 0.1,1219,computer_science physics,,18480,44000
bot1,0.1 0.1 0.1 0.1 0.3 0.1 0.7 0.1 0.5 0.1,1220,computer_science physics,,23650,55000
bot1,0.1 0.1 0.1 0.1 0.3 0.1 0.7 0.1 0.5 0.1,1221,computer_science physics,,13300,35000
bot1,0.1 0.1 0.1 0.1 0.3 0.1 0.7 0.1 0.5 0.1,1222,computer_science physics,like,19500,50000
bot1,0.1 0.1 0.1 0.1 0.3 0.1 0.7 0.1 0.5 0.1,1223,computer_science physics,like,14350,35000
bot1,0.1 0.1 0.1 0.1 0.3 0.1 0.7 0.1 0.5 0.1,1224,computer_science physics,,15600,40000
bot1,0.1 0.1 0.1 0.1 0.3 0.1 0.7 0.1 0.5 0.1,1225,computer_science physics,,22080,48000
bot1,0.1 0.1 0.1 0.1 0.3 0.1 0.7 0.1 0.5 0.1,1226,computer_science physics,like,15480,36000
bot1,0.1 0.1 0.1 0.1 0.3 0.1 0.7 0.1 0.5 0.1,1227,computer_science physics,like,23370,57000
bot1,0.1 0.1 0.1 0.1 0.3 0.1 0.7 0.1 0.5 0.1,1228,computer_science physics,,18060,42000
bot1,0.1 0.1 0.1 0.1 0.3 0.1 0.7 0.1 0.5 0.1,1229,computer_science physics,,16560,46000
bot1,0.1 0.1 0.1 0.1 0.3 0.1 0.7 0.1 0.5 0.1,1230,computer_science physics,,18060,42000
bot1,0.1 0.1 0.1 0.1 0.3 0.1 0.7 0.1 0.5 0.1,1231,computer_science physics,like,17850,35000
bot1,0.1 0.1 0.1 0.1 0.3 0.1 0.7 0.1 0.5 0.1,1232,computer_science physics,like,19800,45000
bot1,0.1 0.1 0.1 0.1 0.3 0.1 0.7 0.1 0.5 0.1,1233,computer_science psychology,like,9250,37000
bot1,0.1 0.1 0.1 0.1 0.3 0.1 0.7 0.1 0.5 0.1,1234,computer_science psychology,,9660,42000
bot1,0.1 0.1 0.1 0.1 0.3 0.1 0.7 0.1 0.5 0.1,1235,computer_science psychology,,12960,54000
bot1,0.1 0.1 0.1 0.1 0.3 0.1 0.7 0.1 0.5 0.1,1236,computer_science psychology,like,12400,40000
bot1,0.1 0.1 0.1 0.1 0.3 0.1 0.7 0.1 0.5 0.1,1237,computer_science psychology,,13250,53000
bot1,0.1 0.1 0.1 0.1 0.3 0.1 0.7 0.1 0.5 0.1,1238,computer_science psychology,,7980,38000
bot1,0.1 0.1 0.1 0.1 0.3 0.1 0.7 0.1 0.5 0.1,1239,computer_science psychology,,14040,52000
bot1,0.1 0.1 0.1 0.1 0.3 0.1 0.7 0.1 0.5 0.1,1240,computer_science psychology,like,14280,51000
bot1,0.1 0.1 0.1 0.1 0.3 0.1 0.7 0.1 0.5 0.1,1241,computer_science psychology,,8580,39000
bot1,0.1 0.1 0.1 0.1 0.3 0.1 0.7 0.1 0.5 0.1,1242,computer_science psychology,,7140,51000
bot1,0.1 0.1 0.1 0.1 0.3 0.1 0.7 0.1 0.5 0.1,1243,computer_science psychology,,11600,58000
bot1,0.1 0.1 0.1 0.1 0.3 0.1 0.7 0.1 0.5 0.1,1244,computer_science psychology,,9720,54000
bot1,0.1 0.1 0.1 0.1 0.3 0.1 0.7 0.1 0.5 0.1,1245,computer_science psychology,,7920,33000
bot1,0.1 0.1 0.1 0.1 0.3 0.1 0.7 0.1 0.5 0.1,1246,computer_science psychology,,13200,60000
bot1,0.1 0.1 0.1 0.1 0.3 0.1 0.7 0.1 0.5 0.1,1247,computer_science psychology,,12250,49000
bot1,0.1 0.1 0.1 0.1 0.3 0.1 0.7 0.1 0.5 0.1,1248,computer_science psychology,,13800,60000
bot1,0.1 0.1 0.1 0.1 0.3 0.1 0.7 0.1 0.5 0.1,1249,computer_science psychology,,5780,34000
bot1,0.1 0.1 0.1 0.1 0.3 0.1 0.7 0.1 0.5 0.1,1250,computer_science psychology,like,13720,49000
bot1,0.1 0.1 0.1 0.1 0.3 0.1 0.7 0.1 0.5 0.1,1251,computer_science psychology,,8840,52000
bot1,0.1 0.1 0.1 0.1 0.3 0.1 0.7 0.1 0.5 0.1,1252,computer_science psychology,like,11700,45000
bot1,0.1 0.1 0.1 0.1 0.3 0.1 0.7 0.1 0.5 0.1,1253,computer_science psychology,like,17050,55000
bot1,0.1 0.1 0.1 0.1 0.3 0.1 0.7 0.1 0.5 0.1,1254,computer_science psychology,,9000,36000
bot1,0.1 0.1 0.1 0.1 0.3 0.1 0.7 0.1 0.5 0.1,1255,computer_science psychology,,11730,51000
bot1,0.1 0.1 0.1 0.1 0.3 0.1 0.7 0.1 0.5 0.1,1256,computer_science psychology,,11970,57000
bot1,0.1 0.1 0.1 0.1 0.3 0.1 0.7 0.1 0.5 0.1,1257,computer_science psychology,,10580,46000
bot1,0.1 0.1 0.1 0.1 0.3 0.1 0.7 0.1 0.5 0.1,1258,computer_science psychology,,8840,52000
bot1,0.1 0.1 0.1 0.1 0.3 0.1 0.7 0.1 0.5 0.1,1259,computer_science psychology,,13570,59000
bot1,0.1 0.1 0.1 0.1 0.3 0.1 0.7 0.1 0.5 0.1,1260,computer_science psychology,,5890,31000
bot1,0.1 0.1 0.1 0.1 0.3 0.1 0.7 0.1 0.5 0.1,1261,literature mathematics,like,31900,58000
bot1,0.1 0.1 0.1 0.1 0.3 0.1 0.7 0.1 0.5 0.1,1262,literature mathematics,like,28320,48000
bot1,0.1 0.1 0.1 0.1 0.3 0.1 0.7 0.1 0.5 0.1,1263,literature mathematics,like,19600,35000
bot1,0.1 0.1 0.1 0.1 0.3 0.1 0.7 0.1 0.5 0.1,1264,literature mathematics,,26220,46000
bot1,0.1 0.1 0.1 0.1 0.3 0.1 0.7 0.1 0.5 0.1,1265,literature mathematics,like,31110,51000
bot1,0.1 0.1 0.1 0.1 0.3 0.1 0.7 0.1 0.5 0.1,1266,literature mathematics,like,28320,48000
bot1,0.1 0.1 0.1 0.1 0.3 0.1 0.7 0.1 0.5 0.1,1267,literature mathematics,like,33060,58000
bot1,0.1 0.1 0.1 0.1 0.3 0.1 0.7 0.1 0.5 0.1,1268,literature mathematics,like,35200,55000
bot1,0.1 0.1 0.1 0.1 0.3 0.1 0.7 0.1 0.5 0.1,1269,literature mathematics,like,18700,34000
bot1,0.1 0.1 0.1 0.1 0.3 0.1 0.7 0.1 0.5 0.1,1270,literature mathematics,like,24200,44000
bot1,0.1 0.1 0.1 0.1 0.3 0.1 0.7 0.1 0.5 0.1,1271,literature mathematics,,26320,47000
bot1,0.1 0.1 0.1 0.1 0.3 0.1 0.7 0.1 0.5 0.1,1272,literature mathematics,like,33550,55000
bot1,0.1 0.1 0.1 0.1 0.3 0.1 0.7 0.1 0.5 0.1,1273,literature mathematics,like,18300,30000
bot1,0.1 0.1 0.1 0.1 0.3 0.1 0.7 0.1 0.5 0.1,1274,literature mathematics,,29680,56000
bot1,0.1 0.1 0.1 0.1 0.3 0.1 0.7 0.1 0.5 0.1,1275,literature mathematics,,20880,36000
bot1,0.1 0.1 0.1 0.1 0.3 0.1 0.7 0.1 0.5 0.1,1276,literature mathematics,like,20460,31000
bot1,0.1 0.1 0.1 0.1 0.3 0.1 0.7 0.1 0.5 0.1,1277,literature mathematics,like,29120,52000
bot1,0.1 0.1 0.1 0.1 0.3 0.1 0.7 0.1 0.5 0.1,1278,literature mathematics,,17670,31000
bot1,0.1 0.1 0.1 0.1 0.3 0.1 0.7 0.1 0.5 0.1,1279,literature mathematics,like,16640,32000
bot1,0.1 0.1 0.1 0.1 0.3 0.1 0.7 0.1 0.5 0.1,1280,literature mathematics,like,26100,45000
bot1,0.1 0.1 0.1 0.1 0.3 0.1 0.7 0.1 0.5 0.1,1281,literature mathematics,like,23220,43000
bot1,0.1 0.1 0.1 0.1 0.3 0.1 0.7 0.1 0.5 0.1,1282,literature mathematics,like,20060,34000
bot1,0.1 0.1 0.1 0.1 0.3 0.1 0.7 0.1 0.5 0.1,1283,literature mathematics,like,27030,53000
bot1,0.1 0.1 0.1 0.1 0.3 0.1 0.7 0.1 0.5 0.1,1284,literature mathematics,like,24510,43000
bot1,0.1 0.1 0.1 0.1 0.3 0.1 0.7 0.1 0.5 0.1,1285,literature mathematics,like,31900,58000
bot1,0.1 0.1 0.1 0.1 0.3 0.1 0.7 0.1 0.5 0.1,1286,literature mathematics,,35340,57000
bot1,0.1 0.1 0.1 0.1 0.3 0.1 0.7 0.1 0.5 0.1,1287,literature mathematics,like,21840,42000
bot1,0.1 0.1 0.1 0.1 0.3 0.1 0.7 0.1 0.5 0.1,1288,literature mathematics,,29070,51000
bot1,0.1 0.1 0.1 0.1 0.3 0.1 0.7 0.1 0.5 0.1,1289,literature music,,5700,57000
bot1,0.1 0.1 0.1 0.1 0.3 0.1 0.7 0.1 0.5 0.1,1290,literature music,,1500,50000
bot1,0.1 0.1 0.1 0.1 0.3 0.1 0.7 0.1 0.5 0.1,1291,literature music,,3300,33000
bot1,0.1 0.1 0.1 0.1 0.3 0.1 0.7 0.1 0.5 0.1,1292,literature music,,4230,47000
bot1,0.1 0.1 0.1 0.1 0.3 0.1 0.7 0.1 0.5 0.1,1293,literature music,,2720,34000
bot1,0.1 0.1 0.1 0.1 0.3 0.1 0.7 0.1 0.5 0.1,1294,literature music,,2220,37000
bot1,0.1 0.1 0.1 0.1 0.3 0.1 0.7 0.1 0.5 0.1,1295,literature music,,3240,54000
bot1,0.1 0.1 0.1 0.1 0.3 0.1 0.7 0.1 0.5 0.1,1296,literature music,,4290,39000
bot1,0.1 0.1 0.1 0.1 0.3 0.1 0.7 0.1 0.5 0.1,1297,literature music,,2650,53000
bot1,0.1 0.1 0.1 0.1 0.3 0.1 0.7 0.1 0.5 0.1,1298,literature music,,2350,47000
bot1,0.1 0.1 0.1 0.1 0.3 0.1 0.7 0.1 0.5 0.1,1299,literature music,,2220,37000
bot1,0.1 0.1 0.1 0.1 0.3 0.1 0.7 0.1 0.5 0.1,1300,literature music,,4920,41000
bot1,0.1 0.1 0.1 0.1 0.3 0.1 0.7 0.1 0.5 0.1,1301,literature music,,3240,36000
bot1,0.1 0.1 0.1 0.1 0.3 0.1 0.7 0.1 0.5 0.1,1302,literature music,,5300,53000
bot1,0.1 0.1 0.1 0.1 0.3 0.1 0.7 0.1 0.5 0.1,1303,literature music,,1860,31000
bot1,0.1 0.1 0.1 0.1 0.3 0.1 0.7 0.1 0.5 0.1,1304,literature music,,5590,43000
bot1,0.1 0.1 0.1 0.1 0.3 0.1 0.7 0.1 0.5 0.1,1305,literature music,,4130,59000
bot1,0.1 0.1 0.1 0.1 0.3 0.1 0.7 0.1 0.5 0.1,1306,literature music,,1500,30000
bot1,0.1 0.1 0.1 0.1 0.3 0.1 0.7 0.1 0.5 0.1,1307,literature music,,4480,32000
bot1,0.1 0.1 0.1 0.1 0.3 0.1 0.7 0.1 0.5 0.1,1308,literature music,,2170,31000
bot1,0.1 0.1 0.1 0.1 0.3 0.1 0.7 0.1 0.5 0.1,1309,literature music,,5100,51000
bot1,0.1 0.1 0.1 0.1 0.3 0.1 0.7 0.1 0.5 0.1,1310,literature music,,3100,31000
bot1,0.1 0.1 0.1 0.1 0.3 0.1 0.7 0.1 0.5 0.1,1311,literature music,,4030,31000
bot1,0.1 0.1 0.1 0.1 0.3 0.1 0.7 0.1 0.5 0.1,1312,literature music,,5550,37000
bot1,0.1 0.1 0.1 0.1 0.3 0.1 0.7 0.1 0.5 0.1,1313,literature music,,5940,54000
bot1,0.1 0.1 0.1 0.1 0.3 0.1 0.7 0.1 0.5 0.1,1314,literature music,,3410,31000
bot1,0.1 0.1 0.1 0.1 0.3 0.1 0.7 0.1 0.5 0.1,1315,literature music,,2730,39000
bot1,0.1 0.1 0.1 0.1 0.3 0.1 0.7 0.1 0.5 0.1,1316,literature music,,3540,59000
bot1,0.1 0.1 0.1 0.1 0.3 0.1 0.7 0.1 0.5 0.1,1317,literature physics,like,15600,40000
bot1,0.1 0.1 0.1 0.1 0.3 0.1 0.7 0.1 0.5 0.1,1318,literature physics,,22140,54000
bot1,0.1 0.1 0.1 0.1 0.3 0.1 0.7 0.1 0.5 0.1,1319,literature physics,like,13600,40000
bot1,0.1 0.1 0.1 0.1 0.3 0.1 0.7 0.1 0.5 0.1,1320,literature physics,,19140,58000
bot1,0.1 0.1 0.1 0.1 0.3 0.1 0.7 0.1 0.5 0.1,1321,literature physics,,18870,51000
bot1,0.1 0.1 0.1 0.1 0.3 0.1 0.7 0.1 0.5 0.1,1322,literature physics,like,16770,43000
bot1,0.1 0.1 0.1 0.1 0.3 0.1 0.7 0.1 0.5 0.1,1323,literature physics,,9610,31000
bot1,0.1 0.1 0.1 0.1 0.3 0.1 0.7 0.1 0.5 0.1,1324,literature physics,like,16320,48000
bot1,0.1 0.1 0.1 0.1 0.3 0.1 0.7 0.1 0.5 0.1,1325,literature physics,,26550,59000
bot1,0.1 0.1 0.1 0.1 0.3 0.1 0.7 0.1 0.5 0.1,1326,literature physics,,19890,51000
bot1,0.1 0.1 0.1 0.1 0.3 0.1 0.7 0.1 0.5 0.1,1327,literature physics,like,18450,45000
bot1,0.1 0.1 0.1 0.1 0.3 0.1 0.7 0.1 0.5 0.1,1328,literature physics,,13530,41000
bot1,0.1 0.1 0.1 0.1 0.3 0.1 0.7 0.1 0.5 0.1,1329,literature physics,like,22950,51000
bot1,0.1 0.1 0.1 0.1 0.3 0.1 0.7 0.1 0.5 0.1,1330,literature physics,like,16560,46000
bot1,0.1 0.1 0.1 0.1 0.3 0.1 0.7 0.1 0.5 0.1,1331,literature physics,,16770,43000
bot1,0.1 0.1 0.1 0.1 0.3 0.1 0.7 0.1 0.5 0.1,1332,literature physics,,15600,39000
bot1,0.1 0.1 0.1 0.1 0.3 0.1 0.7 0.1 0.5 0.1,1333,literature physics,like,19980,54000
bot1,0.1 0.1 0.1 0.1 0.3 0.1 0.7 0.1 0.5 0.1,1334,literature physics,,15910,37000
bot1,0.1 0.1 0.1 0.1 0.3 0.1 0.7 0.1 0.5 0.1,1335,literature physics,,13650,39000
bot1,0.1 0.1 0.1 0.1 0.3 0.1 0.7 0.1 0.5 0.1,1336,literature physics,,13600,34000
bot1,0.1 0.1 0.1 0.1 0.3 0.1 0.7 0.1 0.5 0.1,1337,literature physics,,24190,59000
bot1,0.1 0.1 0.1 0.1 0.3 0.1 0.7 0.1 0.5 0.1,1338,literature physics,,17630,43000
bot1,0.1 0.1 0.1 0.1 0.3 0.1 0.7 0.1 0.5 0.1,1339,literature physics,,21150,47000
bot1,0.1 0.1 0.1 0.1 0.3 0.1 0.7 0.1 0.5 0.1,1340,literature physics,,17640,42000
bot1,0.1 0.1 0.1 0.1 0.3 0.1 0.7 0.1 0.5 0.1,1341,literature physics,like,15120,36000
bot1,0.1 0.1 0.1 0.1 0.3 0.1 0.7 0.1 0.5 0.1,1342,literature physics,like,10880,32000
bot1,0.1 0.1 0.1 0.1 0.3 0.1 0.7 0.1 0.5 0.1,1343,literature physics,like,22800,57000
bot1,0.1 0.1 0.1 0.1 0.3 0.1 0.7 0.1 0.5 0.1,1344,literature physics,,14570,47000
bot1,0.1 0.1 0.1 0.1 0.3 0.1 0.7 0.1 0.5 0.1,1345,literature psychology,,5040,36000
bot1,0.1 0.1 0.1 0.1 0.3 0.1 0.7 0.1 0.5 0.1,1346,literature psychology,,4200,42000
bot1,0.1 0.1 0.1 0.1 0.3 0.1 0.7 0.1 0.5 0.1,1347,literature psychology,,5390,49000
bot1,0.1 0.1 0.1 0.1 0.3 0.1 0.7 0.1 0.5 0.1,1348,literature psychology,,1600,32000
bot1,0.1 0.1 0.1 0.1 0.3 0.1 0.7 0.1 0.5 0.1,1349,literature psychology,,1080,54000
bot1,0.1 0.1 0.1 0.1 0.3 0.1 0.7 0.1 0.5 0.1,1350,literature psychology,,4590,51000
bot1,0.1 0.1 0.1 0.1 0.3 0.1 0.7 0.1 0.5 0.1,1351,literature psychology,,4050,45000
bot1,0.1 0.1 0.1 0.1 0.3 0.1 0.7 0.1 0.5 0.1,1352,literature psychology,,6490,59000
bot1,0.1 0.1 0.1 0.1 0.3 0.1 0.7 0.1 0.5 0.1,1353,literature psychology,,7800,60000
bot1,0.1 0.1 0.1 0.1 0.3 0.1 0.7 0.1 0.5 0.1,1354,literature psychology,,3600,36000
bot1,0.1 0.1 0.1 0.1 0.3 0.1 0.7 0.1 0.5 0.1,1355,literature psychology,,3000,60000
bot1,0.1 0.1 0.1 0.1 0.3 0.1 0.7 0.1 0.5 0.1,1356,literature psychology,,3710,53000
bot1,0.1 0.1 0.1 0.1 0.3 0.1 0.7 0.1 0.5 0.1,1357,literature psychology,,4500,45000
bot1,0.1 0.1 0.1 0.1 0.3 0.1 0.7 0.1 0.5 0.1,1358,literature psychology,,3640,52000
bot1,0.1 0.1 0.1 0.1 0.3 0.1 0.7 0.1 0.5 0.1,1359,literature psychology,,2880,36000
bot1,0.1 0.1 0.1 0.1 0.3 0.1 0.7 0.1 0.5 0.1,1360,literature psychology,,5920,37000
bot1,0.1 0.1 0.1 0.1 0.3 0.1 0.7 0.1 0.5 0.1,1361,literature psychology,,5940,54000
bot1,0.1 0.1 0.1 0.1 0.3 0.1 0.7 0.1 0.5 0.1,1362,literature psychology,,3080,44000
bot1,0.1 0.1 0.1 0.1 0.3 0.1 0.7 0.1 0.5 0.1,1363,literature psychology,,3280,41000
bot1,0.1 0.1 0.1 0.1 0.3 0.1 0.7 0.1 0.5 0.1,1364,literature psychology,,2050,41000
bot1,0.1 0.1 0.1 0.1 0.3 0.1 0.7 0.1 0.5 0.1,1365,literature psychology,,7200,45000
bot1,0.1 0.1 0.1 0.1 0.3 0.1 0.7 0.1 0.5 0.1,1366,literature psychology,,4950,55000
bot1,0.1 0.1 0.1 0.1 0.3 0.1 0.7 0.1 0.5 0.1,1367,literature psychology,,4500,45000
bot1,0.1 0.1 0.1 0.1 0.3 0.1 0.7 0.1 0.5 0.1,1368,literature psychology,,4000,40000
bot1,0.1 0.1 0.1 0.1 0.3 0.1 0.7 0.1 0.5 0.1,1369,literature psychology,,4920,41000
bot1,0.1 0.1 0.1 0.1 0.3 0.1 0.7 0.1 0.5 0.1,1370,literature psychology,,3100,31000
bot1,0.1 0.1 0.1 0.1 0.3 0.1 0.7 0.1 0.5 0.1,1371,literature psychology,,2220,37000
bot1,0.1 0.1 0.1 0.1 0.3 0.1 0.7 0.1 0.5 0.1,1372,literature psychology,,2100,30000
bot1,0.1 0.1 0.1 0.1 0.3 0.1 0.7 0.1 0.5 0.1,1373,mathematics music,like,31270,59000
bot1,0.1 0.1 0.1 0.1 0.3 0.1 0.7 0.1 0.5 0.1,1374,mathematics music,like,28090,53000
bot1,0.1 0.1 0.1 0.1 0.3 0.1 0.7 0.1 0.5 0.1,1375,mathematics music,,18020,34000
bot1,0.1 0.1 0.1 0.1 0.3 0.1 0.7 0.1 0.5 0.1,1376,mathematics music,like,22940,37000
bot1,0.1 0.1 0.1 0.1 0.3 0.1 0.7 0.1 0.5 0.1,1377,mathematics music,like,32480,56000
bot1,0.1 0.1 0.1 0.1 0.3 0.1 0.7 0.1 0.5 0.1,1378,mathematics music,like,27260,47000
bot1,0.1 0.1 0.1 0.1 0.3 0.1 0.7 0.1 0.5 0.1,1379,mathematics music,like,32130,51000
bot1,0.1 0.1 0.1 0.1 0.3 0.1 0.7 0.1 0.5 0.1,1380,mathematics music,,33480,54000
bot1,0.1 0.1 0.1 0.1 0.3 0.1 0.7 0.1 0.5 0.1,1381,mathematics music,like,34200,60000
bot1,0.1 0.1 0.1 0.1 0.3 0.1 0.7 0.1 0.5 0.1,1382,mathematics music,like,29150,53000
bot1,0.1 0.1 0.1 0.1 0.3 0.1 0.7 0.1 0.5 0.1,1383,mathematics music,,21000,35000
bot1,0.1 0.1 0.1 0.1 0.3 0.1 0.7 0.1 0.5 0.1,1384,mathematics music,,25010,41000
bot1,0.1 0.1 0.1 0.1 0.3 0.1 0.7 0.1 0.5 0.1,1385,mathematics music,,30740,53000
bot1,0.1 0.1 0.1 0.1 0.3 0.1 0.7 0.1 0.5 0.1,1386,mathematics music,,16450,35000
bot1,0.1 0.1 0.1 0.1 0.3 0.1 0.7 0.1 0.5 0.1,1387,mathematics music,,25850,47000
bot1,0.1 0.1 0.1 0.1 0.3 0.1 0.7 0.1 0.5 0.1,1388,mathematics music,,31200,60000
bot1,0.1 0.1 0.1 0.1 0.3 0.1 0.7 0.1 0.5 0.1,1389,mathematics music,like,17670,31000
bot1,0.1 0.1 0.1 0.1 0.3 0.1 0.7 0.1 0.5 0.1,1390,mathematics music,,15680,32000
bot1,0.1 0.1 0.1 0.1 0.3 0.1 0.7 0.1 0.5 0.1,1391,mathematics music,like,29580,51000
bot1,0.1 0.1 0.1 0.1 0.3 0.1 0.7 0.1 0.5 0.1,1392,mathematics music,like,18000,30000
bot1,0.1 0.1 0.1 0.1 0.3 0.1 0.7 0.1 0.5 0.1,1393,mathematics music,like,31920,56000
bot1,0.1 0.1 0.1 0.1 0.3 0.1 0.7 0.1 0.5 0.1,1394,mathematics music,like,16960,32000
bot1,0.1 0.1 0.1 0.1 0.3 0.1 0.7 0.1 0.5 0.1,1395,mathematics music,like,18000,30000
bot1,0.1 0.1 0.1 0.1 0.3 0.1 0.7 0.1 0.5 0.1,1396,mathematics music,like,26400,44000
bot1,0.1 0.1 0.1 0.1 0.3 0.1 0.7 0.1 0.5 0.1,1397,mathematics music,like,29890,49000
bot1,0.1 0.1 0.1 0.1 0.3 0.1 0.7 0.1 0.5 0.1,1398,mathematics music,like,35400,59000
bot1,0.1 0.1 0.1 0.1 0.3 0.1 0.7 0.1 0.5 0.1,1399,mathematics music,like,27900,45000
bot1,0.1 0.1 0.1 0.1 0.3 0.1 0.7 0.1 0.5 0.1,1400,mathematics music,,16500,30000
bot1,0.1 0.1 0.1 0.1 0.3 0.1 0.7 0.1 0.5 0.1,1401,mathematics physics,like,27260,47000
bot1,0.1 0.1 0.1 0.1 0.3 0.1 0.7 0.1 0.5 0.1,1402,mathematics physics,like,18600,30000
bot1,0.1 0.1 0.1 0.1 0.3 0.1 0.7 0.1 0.5 0.1,1403,mathematics physics,like,26220,38000
bot1,0.1 0.1 0.1 0.1 0.3 0.1 0.7 0.1 0.5 0.1,1404,mathematics physics,like,24960,39000
bot1,0.1 0.1 0.1 0.1 0.3 0.1 0.7 0.1 0.5 0.1,1405,mathematics physics,like,34720,56000
bot1,0.1 0.1 0.1 0.1 0.3 0.1 0.7 0.1 0.5 0.1,1406,mathematics physics,like,28380,43000
bot1,0.1 0.1 0.1 0.1 0.3 0.1 0.7 0.1 0.5 0.1,1407,mathematics physics,like,38350,59000
bot1,0.1 0.1 0.1 0.1 0.3 0.1 0.7 0.1 0.5 0.1,1408,mathematics physics,like,34810,59000
bot1,0.1 0.1 0.1 0.1 0.3 0.1 0.7 0.1 0.5 0.1,1409,mathematics physics,like,21080,34000
bot1,0.1 0.1 0.1 0.1 0.3 0.1 0.7 0.1 0.5 0.1,1410,mathematics physics,like,28420,49000
bot1,0.1 0.1 0.1 0.1 0.3 0.1 0.7 0.1 0.5 0.1,1411,mathematics physics,,32480,56000
bot1,0.1 0.1 0.1 0.1 0.3 0.1 0.7 0.1 0.5 0.1,1412,mathematics physics,like,32450,55000
bot1,0.1 0.1 0.1 0.1 0.3 0.1 0.7 0.1 0.5 0.1,1413,mathematics physics,like,26240,41000
bot1,0.1 0.1 0.1 0.1 0.3 0.1 0.7 0.1 0.5 0.1,1414,mathematics physics,,25960,44000
bot1,0.1 0.1 0.1 0.1 0.3 0.1 0.7 0.1 0.5 0.1,1415,mathematics physics,like,31200,52000
bot1,0.1 0.1 0.1 0.1 0.3 0.1 0.7 0.1 0.5 0.1,1416,mathematics physics,like,33660,51000
bot1,0.1 0.1 0.1 0.1 0.3 0.1 0.7 0.1 0.5 0.1,1417,mathematics physics,like,18880,32000
bot1,0.1 0.1 0.1 0.1 0.3 0.1 0.7 0.1 0.5 0.1,1418,mathematics physics,,34200,57000
bot1,0.1 0.1 0.1 0.1 0.3 0.1 0.7 0.1 0.5 0.1,1419,mathematics physics,like,19530,31000
bot1,0.1 0.1 0.1 0.1 0.3 0.1 0.7 0.1 0.5 0.1,1420,mathematics physics,like,25200,42000
bot1,0.1 0.1 0.1 0.1 0.3 0.1 0.7 0.1 0.5 0.1,1421,mathematics physics,like,26550,45000
bot1,0.1 0.1 0.1 0.1 0.3 0.1 0.7 0.1 0.5 0.1,1422,mathematics physics,like,17700,30000
bot1,0.1 0.1 0.1 0.1 0.3 0.1 0.7 0.1 0.5 0.1,1423,mathematics physics,,18560,32000
bot1,0.1 0.1 0.1 0.1 0.3 0.1 0.7 0.1 0.5 0.1,1424,mathematics physics,like,25800,43000
bot1,0.1 0.1 0.1 0.1 0.3 0.1 0.7 0.1 0.5 0.1,1425,mathematics physics,like,24400,40000
bot1,0.1 0.1 0.1 0.1 0.3 0.1 0.7 0.1 0.5 0.1,1426,mathematics physics,like,33630,57000
bot1,0.1 0.1 0.1 0.1 0.3 0.1 0.7 0.1 0.5 0.1,1427,mathematics physics,like,37120,58000
bot1,0.1 0.1 0.1 0.1 0.3 0.1 0.7 0.1 0.5 0.1,1428,mathematics physics,,20460,31000
bot1,0.1 0.1 0.1 0.1 0.3 0.1 0.7 0.1 0.5 0.1,1429,mathematics psychology,like,33060,58000
bot1,0.1 0.1 0.1 0.1 0.3 0.1 0.7 0.1 0.5 0.1,1430,mathematics psychology,,29580,58000
bot1,0.1 0.1 0.1 0.1 0.3 0.1 0.7 0.1 0.5 0.1,1431,mathematics psychology,like,22800,38000
bot1,0.1 0.1 0.1 0.1 0.3 0.1 0.7 0.1 0.5 0.1,1432,mathematics psychology,,17600,32000
bot1,0.1 0.1 0.1 0.1 0.3 0.1 0.7 0.1 0.5 0.1,1433,mathematics psychology,like,20520,38000
bot1,0.1 0.1 0.1 0.1 0.3 0.1 0.7 0.1 0.5 0.1,1434,mathematics psychology,,22560,48000
bot1,0.1 0.1 0.1 0.1 0.3 0.1 0.7 0.1 0.5 0.1,1435,mathematics psychology,like,19950,35000
bot1,0.1 0.1 0.1 0.1 0.3 0.1 0.7 0.1 0.5 0.1,1436,mathematics psychology,like,24400,40000
bot1,0.1 0.1 0.1 0.1 0.3 0.1 0.7 0.1 0.5 0.1,1437,mathematics psychology,like,21600,36000
bot1,0.1 0.1 0.1 0.1 0.3 0.1 0.7 0.1 0.5 0.1,1438,mathematics psychology,like,33480,54000
bot1,0.1 0.1 0.1 0.1 0.3 0.1 0.7 0.1 0.5 0.1,1439,mathematics psychology,like,30800,56000
bot1,0.1 0.1 0.1 0.1 0.3 0.1 0.7 0.1 0.5 0.1,1440,mathematics psychology,like,18240,32000
bot1,0.1 0.1 0.1 0.1 0.3 0.1 0.7 0.1 0.5 0.1,1441,mathematics psychology,like,30240,48000
bot1,0.1 0.1 0.1 0.1 0.3 0.1 0.7 0.1 0.5 0.1,1442,mathematics psychology,like,35280,56000
bot1,0.1 0.1 0.1 0.1 0.3 0.1 0.7 0.1 0.5 0.1,1443,mathematics psychology,like,29580,51000
bot1,0.1 0.1 0.1 0.1 0.3 0.1 0.7 0.1 0.5 0.1,1444,mathematics psychology,,23600,40000
bot1,0.1 0.1 0.1 0.1 0.3 0.1 0.7 0.1 0.5 0.1,1445,mathematics psychology,like,30210,53000
bot1,0.1 0.1 0.1 0.1 0.3 0.1 0.7 0.1 0.5 0.1,1446,mathematics psychology,like,32240,52000
bot1,0.1 0.1 0.1 0.1 0.3 0.1 0.7 0.1 0.5 0.1,1447,mathematics psychology,like,27140,46000
bot1,0.1 0.1 0.1 0.1 0.3 0.1 0.7 0.1 0.5 0.1,1448,mathematics psychology,like,25830,41000
bot1,0.1 0.1 0.1 0.1 0.3 0.1 0.7 0.1 0.5 0.1,1449,mathematics psychology,like,26230,43000
bot1,0.1 0.1 0.1 0.1 0.3 0.1 0.7 0.1 0.5 0.1,1450,mathematics psychology,,20160,32000
bot1,0.1 0.1 0.1 0.1 0.3 0.1 0.7 0.1 0.5 0.1,1451,mathematics psychology,like,28080,54000
bot1,0.1 0.1 0.1 0.1 0.3 0.1 0.7 0.1 0.5 0.1,1452,mathematics psychology,like,26460,49000
bot1,0.1 0.1 0.1 0.1 0.3 0.1 0.7 0.1 0.5 0.1,1453,mathematics psychology,like,34020,54000
bot1,0.1 0.1 0.1 0.1 0.3 0.1 0.7 0.1 0.5 0.1,1454,mathematics psychology,like,31000,50000
bot1,0.1 0.1 0.1 0.1 0.3 0.1 0.7 0.1 0.5 0.1,1455,mathematics psychology,,28160,44000
bot1,0.1 0.1 0.1 0.1 0.3 0.1 0.7 0.1 0.5 0.1,1456,mathematics psychology,like,24190,41000
bot1,0.1 0.1 0.1 0.1 0.3 0.1 0.7 0.1 0.5 0.1,1457,music physics,,16800,42000
bot1,0.1 0.1 0.1 0.1 0.3 0.1 0.7 0.1 0.5 0.1,1458,music physics,,24480,51000
bot1,0.1 0.1 0.1 0.1 0.3 0.1 0.7 0.1 0.5 0.1,1459,music physics,,17640,42000
bot1,0.1 0.1 0.1 0.1 0.3 0.1 0.7 0.1 0.5 0.1,1460,music physics,,21560,49000
bot1,0.1 0.1 0.1 0.1 0.3 0.1 0.7 0.1 0.5 0.1,1461,music physics,like,12210,37000
bot1,0.1 0.1 0.1 0.1 0.3 0.1 0.7 0.1 0.5 0.1,1462,music physics,like,13120,32000
bot1,0.1 0.1 0.1 0.1 0.3 0.1 0.7 0.1 0.5 0.1,1463,music physics,like,14700,42000
bot1,0.1 0.1 0.1 0.1 0.3 0.1 0.7 0.1 0.5 0.1,1464,music physics,like,17500,50000
bot1,0.1 0.1 0.1 0.1 0.3 0.1 0.7 0.1 0.5 0.1,1465,music physics,like,18060,42000
bot1,0.1 0.1 0.1 0.1 0.3 0.1 0.7 0.1 0.5 0.1,1466,music physics,like,11220,33000
bot1,0.1 0.1 0.1 0.1 0.3 0.1 0.7 0.1 0.5 0.1,1467,music physics,,27000,60000
bot1,0.1 0.1 0.1 0.1 0.3 0.1 0.7 0.1 0.5 0.1,1468,music physics,,13940,41000
bot1,0.1 0.1 0.1 0.1 0.3 0.1 0.7 0.1 0.5 0.1,1469,music physics,,14850,33000
bot1,0.1 0.1 0.1 0.1 0.3 0.1 0.7 0.1 0.5 0.1,1470,music physics,like,13650,35000
bot1,0.1 0.1 0.1 0.1 0.3 0.1 0.7 0.1 0.5 0.1,1471,music physics,like,19740,47000
bot1,0.1 0.1 0.1 0.1 0.3 0.1 0.7 0.1 0.5 0.1,1472,music physics,like,14620,43000
bot1,0.1 0.1 0.1 0.1 0.3 0.1 0.7 0.1 0.5 0.1,1473,music physics,,10880,32000
bot1,0.1 0.1 0.1 0.1 0.3 0.1 0.7 0.1 0.5 0.1,1474,music physics,like,11200,32000
bot1,0.1 0.1 0.1 0.1 0.3 0.1 0.7 0.1 0.5 0.1,1475,music physics,like,23100,55000
bot1,0.1 0.1 0.1 0.1 0.3 0.1 0.7 0.1 0.5 0.1,1476,music physics,like,15120,42000
bot1,0.1 0.1 0.1 0.1 0.3 0.1 0.7 0.1 0.5 0.1,1477,music physics,like,16770,43000
bot1,0.1 0.1 0.1 0.1 0.3 0.1 0.7 0.1 0.5 0.1,1478,music physics,like,10880,32000
bot1,0.1 0.1 0.1 0.1 0.3 0.1 0.7 0.1 0.5 0.1,1479,music physics,like,16920,47000
bot1,0.1 0.1 0.1 0.1 0.3 0.1 0.7 0.1 0.5 0.1,1480,music physics,like,14430,37000
bot1,0.1 0.1 0.1 0.1 0.3 0.1 0.7 0.1 0.5 0.1,1481,music physics,,12250,35000
bot1,0.1 0.1 0.1 0.1 0.3 0.1 0.7 0.1 0.5 0.1,1482,music physics,like,14700,35000
bot1,0.1 0.1 0.1 0.1 0.3 0.1 0.7 0.1 0.5 0.1,1483,music physics,,16380,39000
bot1,0.1 0.1 0.1 0.1 0.3 0.1 0.7 0.1 0.5 0.1,1484,music physics,like,13940,34000
bot1,0.1 0.1 0.1 0.1 0.3 0.1 0.7 0.1 0.5 0.1,1485,music psychology,,2580,43000
bot1,0.1 0.1 0.1 0.1 0.3 0.1 0.7 0.1 0.5 0.1,1486,music psychology,,3120,39000
bot1,0.1 0.1 0.1 0.1 0.3 0.1 0.7 0.1 0.5 0.1,1487,music psychology,,3840,32000
bot1,0.1 0.1 0.1 0.1 0.3 0.1 0.7 0.1 0.5 0.1,1488,music psychology,,3000,60000
bot1,0.1 0.1 0.1 0.1 0.3 0.1 0.7 0.1 0.5 0.1,1489,music psychology,,4500,50000
bot1,0.1 0.1 0.1 0.1 0.3 0.1 0.7 0.1 0.5 0.1,1490,music psychology,,1470,49000
bot1,0.1 0.1 0.1 0.1 0.3 0.1 0.7 0.1 0.5 0.1,1491,music psychology,,1650,33000
bot1,0.1 0.1 0.1 0.1 0.3 0.1 0.7 0.1 0.5 0.1,1492,music psychology,,2100,30000
bot1,0.1 0.1 0.1 0.1 0.3 0.1 0.7 0.1 0.5 0.1,1493,music psychology,,2800,40000
bot1,0.1 0.1 0.1 0.1 0.3 0.1 0.7 0.1 0.5 0.1,1494,music psychology,,5880,42000
bot1,0.1 0.1 0.1 0.1 0.3 0.1 0.7 0.1 0.5 0.1,1495,music psychology,,2400,40000
bot1,0.1 0.1 0.1 0.1 0.3 0.1 0.7 0.1 0.5 0.1,1496,music psychology,,3010,43000
bot1,0.1 0.1 0.1 0.1 0.3 0.1 0.7 0.1 0.5 0.1,1497,music psychology,,3990,57000
bot1,0.1 0.1 0.1 0.1 0.3 0.1 0.7 0.1 0.5 0.1,1498,music psychology,,9310,49000
bot1,0.1 0.1 0.1 0.1 0.3 0.1 0.7 0.1 0.5 0.1,1499,music psychology,,4000,40000
bot1,0.1 0.1 0.1 0.1 0.3 0.1 0.7 0.1 0.5 0.1,1500,music psychology,,3640,52000
bot1,0.1 0.1 0.1 0.1 0.3 0.1 0.7 0.1 0.5 0.1,1501,music psychology,,3200,40000
bot1,0.1 0.1 0.1 0.1 0.3 0.1 0.7 0.1 0.5 0.1,1502,music psychology,,3360,42000
bot1,0.1 0.1 0.1 0.1 0.3 0.1 0.7 0.1 0.5 0.1,1503,music psychology,,3510,39000
bot1,0.1 0.1 0.1 0.1 0.3 0.1 0.7 0.1 0.5 0.1,1504,music psychology,,5000,50000
bot1,0.1 0.1 0.1 0.1 0.3 0.1 0.7 0.1 0.5 0.1,1505,music psychology,,2880,48000
bot1,0.1 0.1 0.1 0.1 0.3 0.1 0.7 0.1 0.5 0.1,1506,music psychology,,3200,40000
bot1,0.1 0.1 0.1 0.1 0.3 0.1 0.7 0.1 0.5 0.1,1507,music psychology,,2240,56000
bot1,0.1 0.1 0.1 0.1 0.3 0.1 0.7 0.1 0.5 0.1,1508,music psychology,,4100,41000
bot1,0.1 0.1 0.1 0.1 0.3 0.1 0.7 0.1 0.5 0.1,1509,music psychology,,3840,48000
bot1,0.1 0.1 0.1 0.1 0.3 0.1 0.7 0.1 0.5 0.1,1510,music psychology,,1880,47000
bot1,0.1 0.1 0.1 0.1 0.3 0.1 0.7 0.1 0.5 0.1,1511,music psychology,,11880,54000
bot1,0.1 0.1 0.1 0.1 0.3 0.1 0.7 0.1 0.5 0.1,1512,music psychology,,6600,60000
bot1,0.1 0.1 0.1 0.1 0.3 0.1 0.7 0.1 0.5 0.1,1513,physics psychology,like,23400,60000
bot1,0.1 0.1 0.1 0.1 0.3 0.1 0.7 0.1 0.5 0.1,1514,physics psychology,,17600,44000
bot1,0.1 0.1 0.1 0.1 0.3 0.1 0.7 0.1 0.5 0.1,1515,physics psychology,,22960,56000
bot1,0.1 0.1 0.1 0.1 0.3 0.1 0.7 0.1 0.5 0.1,1516,physics psychology,like,22400,56000
bot1,0.1 0.1 0.1 0.1 0.3 0.1 0.7 0.1 0.5 0.1,1517,physics psychology,like,23100,55000
bot1,0.1 0.1 0.1 0.1 0.3 0.1 0.7 0.1 0.5 0.1,1518,physics psychology,like,18900,45000
bot1,0.1 0.1 0.1 0.1 0.3 0.1 0.7 0.1 0.5 0.1,1519,physics psychology,like,15600,39000
bot1,0.1 0.1 0.1 0.1 0.3 0.1 0.7 0.1 0.5 0.1,1520,physics psychology,,22440,51000
bot1,0.1 0.1 0.1 0.1 0.3 0.1 0.7 0.1 0.5 0.1,1521,physics psychology,,18060,43000
bot1,0.1 0.1 0.1 0.1 0.3 0.1 0.7 0.1 0.5 0.1,1522,physics psychology,,12480,32000
bot1,0.1 0.1 0.1 0.1 0.3 0.1 0.7 0.1 0.5 0.1,1523,physics psychology,like,19600,49000
bot1,0.1 0.1 0.1 0.1 0.3 0.1 0.7 0.1 0.5 0.1,1524,physics psychology,like,16800,42000
bot1,0.1 0.1 0.1 0.1 0.3 0.1 0.7 0.1 0.5 0.1,1525,physics psychology,,24780,59000
bot1,0.1 0.1 0.1 0.1 0.3 0.1 0.7 0.1 0.5 0.1,1526,physics psychology,,19760,52000
bot1,0.1 0.1 0.1 0.1 0.3 0.1 0.7 0.1 0.5 0.1,1527,physics psychology,like,12710,31000
bot1,0.1 0.1 0.1 0.1 0.3 0.1 0.7 0.1 0.5 0.1,1528,physics psychology,,17630,41000
bot1,0.1 0.1 0.1 0.1 0.3 0.1 0.7 0.1 0.5 0.1,1529,physics psychology,like,22000,55000
bot1,0.1 0.1 0.1 0.1 0.3 0.1 0.7 0.1 0.5 0.1,1530,physics psychology,,21000,50000
bot1,0.1 0.1 0.1 0.1 0.3 0.1 0.7 0.1 0.5 0.1,1531,physics psychology,like,11550,33000
bot1,0.1 0.1 0.1 0.1 0.3 0.1 0.7 0.1 0.5 0.1,1532,physics psychology,like,17340,51000
bot1,0.1 0.1 0.1 0.1 0.3 0.1 0.7 0.1 0.5 0.1,1533,physics psychology,like,13650,35000
bot1,0.1 0.1 0.1 0.1 0.3 0.1 0.7 0.1 0.5 0.1,1534,physics psychology,,14260,31000
bot1,0.1 0.1 0.1 0.1 0.3 0.1 0.7 0.1 0.5 0.1,1535,physics psychology,like,14000,50000
bot1,0.1 0.1 0.1 0.1 0.3 0.1 0.7 0.1 0.5 0.1,1536,physics psychology,like,15540,42000
bot1,0.1 0.1 0.1 0.1 0.3 0.1 0.7 0.1 0.5 0.1,1537,physics psychology,,17600,40000
bot1,0.1 0.1 0.1 0.1 0.3 0.1 0.7 0.1 0.5 0.1,1538,physics psychology,like,17200,43000
bot1,0.1 0.1 0.1 0.1 0.3 0.1 0.7 0.1 0.5 0.1,1539,physics psychology,like,14190,33000
bot1,0.1 0.1 0.1 0.1 0.3 0.1 0.7 0.1 0.5 0.1,1540,physics psychology,,14260,46000
bot1,0.1 0.1 0.1 0.1 0.3 0.1 0.7 0.1 0.5 0.1,1541,arts biology business,,2820,47000
bot1,0.1 0.1 0.1 0.1 0.3 0.1 0.7 0.1 0.5 0.1,1542,arts biology business,,4320,48000
bot1,0.1 0.1 0.1 0.1 0.3 0.1 0.7 0.1 0.5 0.1,1543,arts biology business,,2870,41000
bot1,0.1 0.1 0.1 0.1 0.3 0.1 0.7 0.1 0.5 0.1,1544,arts biology business,,5400,54000
bot1,0.1 0.1 0.1 0.1 0.3 0.1 0.7 0.1 0.5 0.1,1545,arts biology business,,2600,52000
bot1,0.1 0.1 0.1 0.1 0.3 0.1 0.7 0.1 0.5 0.1,1546,arts biology business,,3280,41000
bot1,0.1 0.1 0.1 0.1 0.3 0.1 0.7 0.1 0.5 0.1,1547,arts biology business,,3600,45000
bot1,0.1 0.1 0.1 0.1 0.3 0.1 0.7 0.1 0.5 0.1,1548,arts biology business,,3870,43000
bot1,0.1 0.1 0.1 0.1 0.3 0.1 0.7 0.1 0.5 0.1,1549,arts biology business,,2560,32000
bot1,0.1 0.1 0.1 0.1 0.3 0.1 0.7 0.1 0.5 0.1,1550,arts biology business,,6000,60000
bot1,0.1 0.1 0.1 0.1 0.3 0.1 0.7 0.1 0.5 0.1,1551,arts biology business,,4100,41000
bot1,0.1 0.1 0.1 0.1 0.3 0.1 0.7 0.1 0.5 0.1,1552,arts biology business,,4840,44000
bot1,0.1 0.1 0.1 0.1 0.3 0.1 0.7 0.1 0.5 0.1,1553,arts biology business,,5520,46000
bot1,0.1 0.1 0.1 0.1 0.3 0.1 0.7 0.1 0.5 0.1,1554,arts biology business,,4500,45000
bot1,0.1 0.1 0.1 0.1 0.3 0.1 0.7 0.1 0.5 0.1,1555,arts biology business,,3710,53000
bot1,0.1 0.1 0.1 0.1 0.3 0.1 0.7 0.1 0.5 0.1,1556,arts biology business,,2400,40000
bot1,0.1 0.1 0.1 0.1 0.3 0.1 0.7 0.1 0.5 0.1,1557,arts biology business,,3100,31000
bot1,0.1 0.1 0.1 0.1 0.3 0.1 0.7 0.1 0.5 0.1,1558,arts biology business,,1320,33000
bot1,0.1 0.1 0.1 0.1 0.3 0.1 0.7 0.1 0.5 0.1,1559,arts biology business,,2400,40000
bot1,0.1 0.1 0.1 0.1 0.3 0.1 0.7 0.1 0.5 0.1,1560,arts biology business,,4590,51000
bot1,0.1 0.1 0.1 0.1 0.3 0.1 0.7 0.1 0.5 0.1,1561,arts biology business,,5310,59000
bot1,0.1 0.1 0.1 0.1 0.3 0.1 0.7 0.1 0.5 0.1,1562,arts biology business,,4070,37000
bot1,0.1 0.1 0.1 0.1 0.3 0.1 0.7 0.1 0.5 0.1,1563,arts biology business,,3760,47000
bot1,0.1 0.1 0.1 0.1 0.3 0.1 0.7 0.1 0.5 0.1,1564,arts biology business,,4700,47000
bot1,0.1 0.1 0.1 0.1 0.3 0.1 0.7 0.1 0.5 0.1,1565,arts biology business,,3960,44000
bot1,0.1 0.1 0.1 0.1 0.3 0.1 0.7 0.1 0.5 0.1,1566,arts biology business,,4200,42000
bot1,0.1 0.1 0.1 0.1 0.3 0.1 0.7 0.1 0.5 0.1,1567,arts biology business,,2800,35000
bot1,0.1 0.1 0.1 0.1 0.3 0.1 0.7 0.1 0.5 0.1,1568,arts biology business,,3870,43000
bot1,0.1 0.1 0.1 0.1 0.3 0.1 0.7 0.1 0.5 0.1,1569,arts biology chemistry,,6890,53000
bot1,0.1 0.1 0.1 0.1 0.3 0.1 0.7 0.1 0.5 0.1,1570,arts biology chemistry,,3960,36000
bot1,0.1 0.1 0.1 0.1 0.3 0.1 0.7 0.1 0.5 0.1,1571,arts biology chemistry,,3010,43000
bot1,0.1 0.1 0.1 0.1 0.3 0.1 0.7 0.1 0.5 0.1,1572,arts biology chemistry,,4160,52000
bot1,0.1 0.1 0.1 0.1 0.3 0.1 0.7 0.1 0.5 0.1,1573,arts biology chemistry,,3800,38000
bot1,0.1 0.1 0.1 0.1 0.3 0.1 0.7 0.1 0.5 0.1,1574,arts biology chemistry,,3850,55000
bot1,0.1 0.1 0.1 0.1 0.3 0.1 0.7 0.1 0.5 0.1,1575,arts biology chemistry,,5280,48000
bot1,0.1 0.1 0.1 0.1 0.3 0.1 0.7 0.1 0.5 0.1,1576,arts biology chemistry,,6840,57000
bot1,0.1 0.1 0.1 0.1 0.3 0.1 0.7 0.1 0.5 0.1,1577,arts biology chemistry,,3690,41000
bot1,0.1 0.1 0.1 0.1 0.3 0.1 0.7 0.1 0.5 0.1,1578,arts biology chemistry,,4840,44000
bot1,0.1 0.1 0.1 0.1 0.3 0.1 0.7 0.1 0.5 0.1,1579,arts biology chemistry,,3570,51000
bot1,0.1 0.1 0.1 0.1 0.3 0.1 0.7 0.1 0.5 0.1,1580,arts biology chemistry,,4140,46000
bot1,0.1 0.1 0.1 0.1 0.3 0.1 0.7 0.1 0.5 0.1,1581,arts biology chemistry,,2800,40000
bot1,0.1 0.1 0.1 0.1 0.3 0.1 0.7 0.1 0.5 0.1,1582,arts biology chemistry,,3920,49000
bot1,0.1 0.1 0.1 0.1 0.3 0.1 0.7 0.1 0.5 0.1,1583,arts biology chemistry,,2640,33000
bot1,0.1 0.1 0.1 0.1 0.3 0.1 0.7 0.1 0.5 0.1,1584,arts biology chemistry,,6270,57000
bot1,0.1 0.1 0.1 0.1 0.3 0.1 0.7 0.1 0.5 0.1,1585,arts biology chemistry,,3850,35000
bot1,0.1 0.1 0.1 0.1 0.3 0.1 0.7 0.1 0.5 0.1,1586,arts biology chemistry,,8840,52000
bot1,0.1 0.1 0.1 0.1 0.3 0.1 0.7 0.1 0.5 0.1,1587,arts biology chemistry,,4720,59000
bot1,0.1 0.1 0.1 0.1 0.3 0.1 0.7 0.1 0.5 0.1,1588,arts biology chemistry,,3520,32000
bot1,0.1 0.1 0.1 0.1 0.3 0.1 0.7 0.1 0.5 0.1,1589,arts biology chemistry,,5600,40000
bot1,0.1 0.1 0.1 0.1 0.3 0.1 0.7 0.1 0.5 0.1,1590,arts biology chemistry,,3900,39000
bot1,0.1 0.1 0.1 0.1 0.3 0.1 0.7 0.1 0.5 0.1,1591,arts biology chemistry,,3280,41000
bot1,0.1 0.1 0.1 0.1 0.3 0.1 0.7 0.1 0.5 0.1,1592,arts biology chemistry,,2760,46000
bot1,0.1 0.1 0.1 0.1 0.3 0.1 0.7 0.1 0.5 0.1,1593,arts biology chemistry,,4410,49000
bot1,0.1 0.1 0.1 0.1 0.3 0.1 0.7 0.1 0.5 0.1,1594,arts biology chemistry,,2520,42000
bot1,0.1 0.1 0.1 0.1 0.3 0.1 0.7 0.1 0.5 0.1,1595,arts biology chemistry,,2250,45000
bot1,0.1 0.1 0.1 0.1 0.3 0.1 0.7 0.1 0.5 0.1,1596,arts biology chemistry,,6240,52000
bot1,0.1 0.1 0.1 0.1 0.3 0.1 0.7 0.1 0.5 0.1,1597,arts biology computer_science,,10620,59000
bot1,0.1 0.1 0.1 0.1 0.3 0.1 0.7 0.1 0.5 0.1,1598,arts biology computer_science,,9870,47000
bot1,0.1 0.1 0.1 0.1 0.3 0.1 0.7 0.1 0.5 0.1,1599,arts biology computer_science,,7410,39000
bot1,0.1 0.1 0.1 0.1 0.3 0.1 0.7 0.1 0.5 0.1,1600,arts biology computer_science,,7600,40000
bot1,0.1 0.1 0.1 0.1 0.3 0.1 0.7 0.1 0.5 0.1,1601,arts biology computer_science,,7840,49000
bot1,0.1 0.1 0.1 0.1 0.3 0.1 0.7 0.1 0.5 0.1,1602,arts biology computer_science,,7790,41000
bot1,0.1 0.1 0.1 0.1 0.3 0.1 0.7 0.1 0.5 0.1,1603,arts biology computer_science,,7200,45000
bot1,0.1 0.1 0.1 0.1 0.3 0.1 0.7 0.1 0.5 0.1,1604,arts biology computer_science,,8400,56000
bot1,0.1 0.1 0.1 0.1 0.3 0.1 0.7 0.1 0.5 0.1,1605,arts biology computer_science,,7520,47000
bot1,0.1 0.1 0.1 0.1 0.3 0.1 0.7 0.1 0.5 0.1,1606,arts biology computer_science,,7650,45000
bot1,0.1 0.1 0.1 0.1 0.3 0.1 0.7 0.1 0.5 0.1,1607,arts biology computer_science,,7650,45000
bot1,0.1 0.1 0.1 0.1 0.3 0.1 0.7 0.1 0.5 0.1,1608,arts biology computer_science,,12320,56000
bot1,0.1 0.1 0.1 0.1 0.3 0.1 0.7 0.1 0.5 0.1,1609,arts biology computer_science,,5600,35000
bot1,0.1 0.1 0.1 0.1 0.3 0.1 0.7 0.1 0.5 0.1,1610,arts biology computer_science,,6600,30000
bot1,0.1 0.1 0.1 0.1 0.3 0.1 0.7 0.1 0.5 0.1,1611,arts biology computer_science,,6290,37000
bot1,0.1 0.1 0.1 0.1 0.3 0.1 0.7 0.1 0.5 0.1,1612,arts biology computer_science,,5700,38000
bot1,0.1 0.1 0.1 0.1 0.3 0.1 0.7 0.1 0.5 0.1,1613,arts biology computer_science,,5850,39000
bot1,0.1 0.1 0.1 0.1 0.3 0.1 0.7 0.1 0.5 0.1,1614,arts biology computer_science,,6160,44000
bot1,0.1 0.1 0.1 0.1 0.3 0.1 0.7 0.1 0.5 0.1,1615,arts biology computer_science,,10260,54000
bot1,0.1 0.1 0.1 0.1 0.3 0.1 0.7 0.1 0.5 0.1,1616,arts biology computer_science,,11750,47000
bot1,0.1 0.1 0.1 0.1 0.3 0.1 0.7 0.1 0.5 0.1,1617,arts biology computer_science,,10560,48000
bot1,0.1 0.1 0.1 0.1 0.3 0.1 0.7 0.1 0.5 0.1,1618,arts biology computer_science,,10800,54000
bot1,0.1 0.1 0.1 0.1 0.3 0.1 0.7 0.1 0.5 0.1,1619,arts biology computer_science,,6970,41000
bot1,0.1 0.1 0.1 0.1 0.3 0.1 0.7 0.1 0.5 0.1,1620,arts biology computer_science,,8640,54000
bot1,0.1 0.1 0.1 0.1 0.3 0.1 0.7 0.1 0.5 0.1,1621,arts biology computer_science,,12720,53000
bot1,0.1 0.1 0.1 0.1 0.3 0.1 0.7 0.1 0.5 0.1,1622,arts biology computer_science,,7200,36000
bot1,0.1 0.1 0.1 0.1 0.3 0.1 0.7 0.1 0.5 0.1,1623,arts biology computer_science,,4950,33000
bot1,0.1 0.1 0.1 0.1 0.3 0.1 0.7 0.1 0.5 0.1,1624,arts biology computer_science,,10000,50000
bot1,0.1 0.1 0.1 0.1 0.3 0.1 0.7 0.1 0.5 0.1,1625,arts biology literature,,3900,39000
bot1,0.1 0.1 0.1 0.1 0.3 0.1 0.7 0.1 0.5 0.1,1626,arts biology literature,,1860,31000
bot1,0.1 0.1 0.1 0.1 0.3 0.1 0.7 0.1 0.5 0.1,1627,arts biology literature,,2870,41000
bot1,0.1 0.1 0.1 0.1 0.3 0.1 0.7 0.1 0.5 0.1,1628,arts biology literature,,2560,32000
bot1,0.1 0.1 0.1 0.1 0.3 0.1 0.7 0.1 0.5 0.1,1629,arts biology literature,,1320,33000
bot1,0.1 0.1 0.1 0.1 0.3 0.1 0.7 0.1 0.5 0.1,1630,arts biology literature,,4810,37000
bot1,0.1 0.1 0.1 0.1 0.3 0.1 0.7 0.1 0.5 0.1,1631,arts biology literature,,2120,53000
bot1,0.1 0.1 0.1 0.1 0.3 0.1 0.7 0.1 0.5 0.1,1632,arts biology literature,,6150,41000
bot1,0.1 0.1 0.1 0.1 0.3 0.1 0.7 0.1 0.5 0.1,1633,arts biology literature,,3920,49000
bot1,0.1 0.1 0.1 0.1 0.3 0.1 0.7 0.1 0.5 0.1,1634,arts biology literature,,5950,35000
bot1,0.1 0.1 0.1 0.1 0.3 0.1 0.7 0.1 0.5 0.1,1635,arts biology literature,,9350,55000
bot1,0.1 0.1 0.1 0.1 0.3 0.1 0.7 0.1 0.5 0.1,1636,arts biology literature,,1800,36000
bot1,0.1 0.1 0.1 0.1 0.3 0.1 0.7 0.1 0.5 0.1,1637,arts biology literature,,4800,48000
bot1,0.1 0.1 0.1 0.1 0.3 0.1 0.7 0.1 0.5 0.1,1638,arts biology literature,,4940,38000
bot1,0.1 0.1 0.1 0.1 0.3 0.1 0.7 0.1 0.5 0.1,1639,arts biology literature,,3150,35000
bot1,0.1 0.1 0.1 0.1 0.3 0.1 0.7 0.1 0.5 0.1,1640,arts biology literature,,5720,52000
bot1,0.1 0.1 0.1 0.1 0.3 0.1 0.7 0.1 0.5 0.1,1641,arts biology literature,,5280,48000
bot1,0.1 0.1 0.1 0.1 0.3 0.1 0.7 0.1 0.5 0.1,1642,arts biology literature,,6270,57000
bot1,0.1 0.1 0.1 0.1 0.3 0.1 0.7 0.1 0.5 0.1,1643,arts biology literature,,6380,58000
bot1,0.1 0.1 0.1 0.1 0.3 0.1 0.7 0.1 0.5 0.1,1644,arts biology literature,,3300,33000
bot1,0.1 0.1 0.1 0.1 0.3 0.1 0.7 0.1 0.5 0.1,1645,arts biology literature,,3240,54000
bot1,0.1 0.1 0.1 0.1 0.3 0.1 0.7 0.1 0.5 0.1,1646,arts biology literature,,4720,59000
bot1,0.1 0.1 0.1 0.1 0.3 0.1 0.7 0.1 0.5 0.1,1647,arts biology literature,,4560,38000
bot1,0.1 0.1 0.1 0.1 0.3 0.1 0.7 0.1 0.5 0.1,1648,arts biology literature,,2380,34000
bot1,0.1 0.1 0.1 0.1 0.3 0.1 0.7 0.1 0.5 0.1,1649,arts biology literature,,1360,34000
bot1,0.1 0.1 0.1 0.1 0.3 0.1 0.7 0.1 0.5 0.1,1650,arts biology literature,,4160,52000
bot1,0.1 0.1 0.1 0.1 0.3 0.1 0.7 0.1 0.5 0.1,1651,arts biology literature,,3330,37000
bot1,0.1 0.1 0.1 0.1 0.3 0.1 0.7 0.1 0.5 0.1,1652,arts biology literature,,4080,51000
bot1,0.1 0.1 0.1 0.1 0.3 0.1 0.7 0.1 0.5 0.1,1653,arts biology mathematics,like,18020,34000
bot1,0.1 0.1 0.1 0.1 0.3 0.1 0.7 0.1 0.5 0.1,1654,arts biology mathematics,,17860,38000
bot1,0.1 0.1 0.1 0.1 0.3 0.1 0.7 0.1 0.5 0.1,1655,arts biology mathematics,like,21420,42000
bot1,0.1 0.1 0.1 0.1 0.3 0.1 0.7 0.1 0.5 0.1,1656,arts biology mathematics,,26000,50000
bot1,0.1 0.1 0.1 0.1 0.3 0.1 0.7 0.1 0.5 0.1,1657,arts biology mathematics,like,27000,54000
bot1,0.1 0.1 0.1 0.1 0.3 0.1 0.7 0.1 0.5 0.1,1658,arts biology mathematics,,23920,46000
bot1,0.1 0.1 0.1 0.1 0.3 0.1 0.7 0.1 0.5 0.1,1659,arts biology mathematics,like,22360,52000
bot1,0.1 0.1 0.1 0.1 0.3 0.1 0.7 0.1 0.5 0.1,1660,arts biology mathematics,like,16810,41000
bot1,0.1 0.1 0.1 0.1 0.3 0.1 0.7 0.1 0.5 0.1,1661,arts biology mathematics,like,21600,45000
bot1,0.1 0.1 0.1 0.1 0.3 0.1 0.7 0.1 0.5 0.1,1662,arts biology mathematics,,15300,30000
bot1,0.1 0.1 0.1 0.1 0.3 0.1 0.7 0.1 0.5 0.1,1663,arts biology mathematics,,27360,57000
bot1,0.1 0.1 0.1 0.1 0.3 0.1 0.7 0.1 0.5 0.1,1664,arts biology mathematics,,27030,53000
bot1,0.1 0.1 0.1 0.1 0.3 0.1 0.7 0.1 0.5 0.1,1665,arts biology mathematics,like,25500,50000
bot1,0.1 0.1 0.1 0.1 0.3 0.1 0.7 0.1 0.5 0.1,1666,arts biology mathematics,like,20910,41000
bot1,0.1 0.1 0.1 0.1 0.3 0.1 0.7 0.1 0.5 0.1,1667,arts biology mathematics,,26950,55000
bot1,0.1 0.1 0.1 0.1 0.3 0.1 0.7 0.1 0.5 0.1,1668,arts biology mathematics,like,16200,36000
bot1,0.1 0.1 0.1 0.1 0.3 0.1 0.7 0.1 0.5 0.1,1669,arts biology mathematics,,25760,56000
bot1,0.1 0.1 0.1 0.1 0.3 0.1 0.7 0.1 0.5 0.1,1670,arts biology mathematics,like,19000,38000
bot1,0.1 0.1 0.1 0.1 0.3 0.1 0.7 0.1 0.5 0.1,1671,arts biology mathematics,,19890,39000
bot1,0.1 0.1 0.1 0.1 0.3 0.1 0.7 0.1 0.5 0.1,1672,arts biology mathematics,,22080,48000
bot1,0.1 0.1 0.1 0.1 0.3 0.1 0.7 0.1 0.5 0.1,1673,arts biology mathematics,like,25080,57000
bot1,0.1 0.1 0.1 0.1 0.3 0.1 0.7 0.1 0.5 0.1,1674,arts biology mathematics,,19600,40000
bot1,0.1 0.1 0.1 0.1 0.3 0.1 0.7 0.1 0.5 0.1,1675,arts biology mathematics,,25920,54000
bot1,0.1 0.1 0.1 0.1 0.3 0.1 0.7 0.1 0.5 0.1,1676,arts biology mathematics,like,16830,33000
bot1,0.1 0.1 0.1 0.1 0.3 0.1 0.7 0.1 0.5 0.1,1677,arts biology mathematics,,25760,56000
bot1,0.1 0.1 0.1 0.1 0.3 0.1 0.7 0.1 0.5 0.1,1678,arts biology mathematics,like,15510,33000
bot1,0.1 0.1 0.1 0.1 0.3 0.1 0.7 0.1 0.5 0.1,1679,arts biology mathematics,,15400,35000
bot1,0.1 0.1 0.1 0.1 0.3 0.1 0.7 0.1 0.5 0.1,1680,arts biology mathematics,like,13800,30000
bot1,0.1 0.1 0.1 0.1 0.3 0.1 0.7 0.1 0.5 0.1,1681,arts biology music,,3870,43000
bot1,0.1 0.1 0.1 0.1 0.3 0.1 0.7 0.1 0.5 0.1,1682,arts biology music,,5200,52000
bot1,0.1 0.1 0.1 0.1 0.3 0.1 0.7 0.1 0.5 0.1,1683,arts biology music,,4060,58000
bot1,0.1 0.1 0.1 0.1 0.3 0.1 0.7 0.1 0.5 0.1,1684,arts biology music,,2800,35000
bot1,0.1 0.1 0.1 0.1 0.3 0.1 0.7 0.1 0.5 0.1,1685,arts biology music,,5800,58000
bot1,0.1 0.1 0.1 0.1 0.3 0.1 0.7 0.1 0.5 0.1,1686,arts biology music,,3000,50000
bot1,0.1 0.1 0.1 0.1 0.3 0.1 0.7 0.1 0.5 0.1,1687,arts biology music,,4480,32000
bot1,0.1 0.1 0.1 0.1 0.3 0.1 0.7 0.1 0.5 0.1,1688,arts biology music,,2900,58000
bot1,0.1 0.1 0.1 0.1 0.3 0.1 0.7 0.1 0.5 0.1,1689,arts biology music,,2170,31000
bot1,0.1 0.1 0.1 0.1 0.3 0.1 0.7 0.1 0.5 0.1,1690,arts biology music,,5070,39000
bot1,0.1 0.1 0.1 0.1 0.3 0.1 0.7 0.1 0.5 0.1,1691,arts biology music,,3780,54000
bot1,0.1 0.1 0.1 0.1 0.3 0.1 0.7 0.1 0.5 0.1,1692,arts biology music,,5500,50000
bot1,0.1 0.1 0.1 0.1 0.3 0.1 0.7 0.1 0.5 0.1,1693,arts biology music,,3300,33000
bot1,0.1 0.1 0.1 0.1 0.3 0.1 0.7 0.1 0.5 0.1,1694,arts biology music,,3150,45000
bot1,0.1 0.1 0.1 0.1 0.3 0.1 0.7 0.1 0.5 0.1,1695,arts biology music,,5280,48000
bot1,0.1 0.1 0.1 0.1 0.3 0.1 0.7 0.1 0.5 0.1,1696,arts biology music,,4590,51000
bot1,0.1 0.1 0.1 0.1 0.3 0.1 0.7 0.1 0.5 0.1,1697,arts biology music,,3000,30000
bot1,0.1 0.1 0.1 0.1 0.3 0.1 0.7 0.1 0.5 0.1,1698,arts biology music,,3920,56000
bot1,0.1 0.1 0.1 0.1 0.3 0.1 0.7 0.1 0.5 0.1,1699,arts biology music,,2850,57000
bot1,0.1 0.1 0.1 0.1 0.3 0.1 0.7 0.1 0.5 0.1,1700,arts biology music,,4420,34000
bot1,0.1 0.1 0.1 0.1 0.3 0.1 0.7 0.1 0.5 0.1,1701,arts biology music,,1850,37000
bot1,0.1 0.1 0.1 0.1 0.3 0.1 0.7 0.1 0.5 0.1,1702,arts biology music,,5300,53000
bot1,0.1 0.1 0.1 0.1 0.3 0.1 0.7 0.1 0.5 0.1,1703,arts biology music,,2310,33000
bot1,0.1 0.1 0.1 0.1 0.3 0.1 0.7 0.1 0.5 0.1,1704,arts biology music,,2900,58000
bot1,0.1 0.1 0.1 0.1 0.3 0.1 0.7 0.1 0.5 0.1,1705,arts biology music,,5040,42000
bot1,0.1 0.1 0.1 0.1 0.3 0.1 0.7 0.1 0.5 0.1,1706,arts biology music,,2160,54000
bot1,0.1 0.1 0.1 0.1 0.3 0.1 0.7 0.1 0.5 0.1,1707,arts biology music,,5000,50000
bot1,0.1 0.1 0.1 0.1 0.3 0.1 0.7 0.1 0.5 0.1,1708,arts biology music,,3060,34000
bot1,0.1 0.1 0.1 0.1 0.3 0.1 0.7 0.1 0.5 0.1,1709,arts biology physics,like,15840,48000
bot1,0.1 0.1 0.1 0.1 0.3 0.1 0.7 0.1 0.5 0.1,1710,arts biology physics,,16500,50000
bot1,0.1 0.1 0.1 0.1 0.3 0.1 0.7 0.1 0.5 0.1,1711,arts biology physics,like,14350,41000
bot1,0.1 0.1 0.1 0.1 0.3 0.1 0.7 0.1 0.5 0.1,1712,arts biology physics,like,16000,50000
bot1,0.1 0.1 0.1 0.1 0.3 0.1 0.7 0.1 0.5 0.1,1713,arts biology physics,like,20060,59000
bot1,0.1 0.1 0.1 0.1 0.3 0.1 0.7 0.1 0.5 0.1,1714,arts biology physics,,16320,51000
bot1,0.1 0.1 0.1 0.1 0.3 0.1 0.7 0.1 0.5 0.1,1715,arts biology physics,,10800,36000
bot1,0.1 0.1 0.1 0.1 0.3 0.1 0.7 0.1 0.5 0.1,1716,arts biology physics,,11220,33000
bot1,0.1 0.1 0.1 0.1 0.3 0.1 0.7 0.1 0.5 0.1,1717,arts biology physics,,13530,33000
bot1,0.1 0.1 0.1 0.1 0.3 0.1 0.7 0.1 0.5 0.1,1718,arts biology physics,,13020,42000
bot1,0.1 0.1 0.1 0.1 0.3 0.1 0.7 0.1 0.5 0.1,1719,arts biology physics,,15050,43000
bot1,0.1 0.1 0.1 0.1 0.3 0.1 0.7 0.1 0.5 0.1,1720,arts biology physics,like,11220,34000
bot1,0.1 0.1 0.1 0.1 0.3 0.1 0.7 0.1 0.5 0.1,1721,arts biology physics,,21000,50000
bot1,0.1 0.1 0.1 0.1 0.3 0.1 0.7 0.1 0.5 0.1,1722,arts biology physics,like,15040,47000
bot1,0.1 0.1 0.1 0.1 0.3 0.1 0.7 0.1 0.5 0.1,1723,arts biology physics,,16430,53000
bot1,0.1 0.1 0.1 0.1 0.3 0.1 0.7 0.1 0.5 0.1,1724,arts biology physics,like,17820,54000
bot1,0.1 0.1 0.1 0.1 0.3 0.1 0.7 0.1 0.5 0.1,1725,arts biology physics,like,11400,30000
bot1,0.1 0.1 0.1 0.1 0.3 0.1 0.7 0.1 0.5 0.1,1726,arts biology physics,,18360,51000
bot1,0.1 0.1 0.1 0.1 0.3 0.1 0.7 0.1 0.5 0.1,1727,arts biology physics,,12600,36000
bot1,0.1 0.1 0.1 0.1 0.3 0.1 0.7 0.1 0.5 0.1,1728,arts biology physics,,18400,46000
bot1,0.1 0.1 0.1 0.1 0.3 0.1 0.7 0.1 0.5 0.1,1729,arts biology physics,like,13440,42000
bot1,0.1 0.1 0.1 0.1 0.3 0.1 0.7 0.1 0.5 0.1,1730,arts biology physics,,8990,31000
bot1,0.1 0.1 0.1 0.1 0.3 0.1 0.7 0.1 0.5 0.1,1731,arts biology physics,,20900,55000
bot1,0.1 0.1 0.1 0.1 0.3 0.1 0.7 0.1 0.5 0.1,1732,arts biology physics,like,14400,45000
bot1,0.1 0.1 0.1 0.1 0.3 0.1 0.7 0.1 0.5 0.1,1733,arts biology physics,,9990,37000
bot1,0.1 0.1 0.1 0.1 0.3 0.1 0.7 0.1 0.5 0.1,1734,arts biology physics,like,15680,49000
bot1,0.1 0.1 0.1 0.1 0.3 0.1 0.7 0.1 0.5 0.1,1735,arts biology physics,like,20300,58000
bot1,0.1 0.1 0.1 0.1 0.3 0.1 0.7 0.1 0.5 0.1,1736,arts biology physics,,13940,41000
bot1,0.1 0.1 0.1 0.1 0.3 0.1 0.7 0.1 0.5 0.1,1737,arts biology psychology,,4080,34000
bot1,0.1 0.1 0.1 0.1 0.3 0.1 0.7 0.1 0.5 0.1,1738,arts biology psychology,,6720,56000
bot1,0.1 0.1 0.1 0.1 0.3 0.1 0.7 0.1 0.5 0.1,1739,arts biology psychology,,4920,41000
bot1,0.1 0.1 0.1 0.1 0.3 0.1 0.7 0.1 0.5 0.1,1740,arts biology psychology,,4550,35000
bot1,0.1 0.1 0.1 0.1 0.3 0.1 0.7 0.1 0.5 0.1,1741,arts biology psychology,,3000,60000
bot1,0.1 0.1 0.1 0.1 0.3 0.1 0.7 0.1 0.5 0.1,1742,arts biology psychology,,2880,32000
bot1,0.1 0.1 0.1 0.1 0.3 0.1 0.7 0.1 0.5 0.1,1743,arts biology psychology,,2560,32000
bot1,0.1 0.1 0.1 0.1 0.3 0.1 0.7 0.1 0.5 0.1,1744,arts biology psychology,,1800,36000
bot1,0.1 0.1 0.1 0.1 0.3 0.1 0.7 0.1 0.5 0.1,1745,arts biology psychology,,2170,31000
bot1,0.1 0.1 0.1 0.1 0.3 0.1 0.7 0.1 0.5 0.1,1746,arts biology psychology,,4620,42000
bot1,0.1 0.1 0.1 0.1 0.3 0.1 0.7 0.1 0.5 0.1,1747,arts biology psychology,,3000,50000
bot1,0.1 0.1 0.1 0.1 0.3 0.1 0.7 0.1 0.5 0.1,1748,arts biology psychology,,6480,54000
bot1,0.1 0.1 0.1 0.1 0.3 0.1 0.7 0.1 0.5 0.1,1749,arts biology psychology,,3120,52000
bot1,0.1 0.1 0.1 0.1 0.3 0.1 0.7 0.1 0.5 0.1,1750,arts biology psychology,,7500,50000
bot1,0.1 0.1 0.1 0.1 0.3 0.1 0.7 0.1 0.5 0.1,1751,arts biology psychology,,3920,49000
bot1,0.1 0.1 0.1 0.1 0.3 0.1 0.7 0.1 0.5 0.1,1752,arts biology psychology,,3520,32000
bot1,0.1 0.1 0.1 0.1 0.3 0.1 0.7 0.1 0.5 0.1,1753,arts biology psychology,,4140,46000
bot1,0.1 0.1 0.1 0.1 0.3 0.1 0.7 0.1 0.5 0.1,1754,arts biology psychology,,3850,55000
bot1,0.1 0.1 0.1 0.1 0.3 0.1 0.7 0.1 0.5 0.1,1755,arts biology psychology,,3200,40000
bot1,0.1 0.1 0.1 0.1 0.3 0.1 0.7 0.1 0.5 0.1,1756,arts biology psychology,,4000,50000
bot1,0.1 0.1 0.1 0.1 0.3 0.1 0.7 0.1 0.5 0.1,1757,arts biology psychology,,4000,50000
bot1,0.1 0.1 0.1 0.1 0.3 0.1 0.7 0.1 0.5 0.1,1758,arts biology psychology,,4800,32000
bot1,0.1 0.1 0.1 0.1 0.3 0.1 0.7 0.1 0.5 0.1,1759,arts biology psychology,,1290,43000
bot1,0.1 0.1 0.1 0.1 0.3 0.1 0.7 0.1 0.5 0.1,1760,arts biology psychology,,3420,57000
bot1,0.1 0.1 0.1 0.1 0.3 0.1 0.7 0.1 0.5 0.1,1761,arts biology psychology,,2590,37000
bot1,0.1 0.1 0.1 0.1 0.3 0.1 0.7 0.1 0.5 0.1,1762,arts biology psychology,,5160,43000
bot1,0.1 0.1 0.1 0.1 0.3 0.1 0.7 0.1 0.5 0.1,1763,arts biology psychology,,4900,49000
bot1,0.1 0.1 0.1 0.1 0.3 0.1 0.7 0.1 0.5 0.1,1764,arts biology psychology,,4290,39000
bot1,0.1 0.1 0.1 0.1 0.3 0.1 0.7 0.1 0.5 0.1,1765,arts business chemistry,,3060,51000
bot1,0.1 0.1 0.1 0.1 0.3 0.1 0.7 0.1 0.5 0.1,1766,arts business chemistry,,3630,33000
bot1,0.1 0.1 0.1 0.1 0.3 0.1 0.7 0.1 0.5 0.1,1767,arts business chemistry,,2720,34000
bot1,0.1 0.1 0.1 0.1 0.3 0.1 0.7 0.1 0.5 0.1,1768,arts business chemistry,,3150,35000
bot1,0.1 0.1 0.1 0.1 0.3 0.1 0.7 0.1 0.5 0.1,1769,arts business chemistry,,4510,41000
bot1,0.1 0.1 0.1 0.1 0.3 0.1 0.7 0.1 0.5 0.1,1770,arts business chemistry,,2750,55000
bot1,0.1 0.1 0.1 0.1 0.3 0.1 0.7 0.1 0.5 0.1,1771,arts business chemistry,,5320,38000
bot1,0.1 0.1 0.1 0.1 0.3 0.1 0.7 0.1 0.5 0.1,1772,arts business chemistry,,3060,34000
bot1,0.1 0.1 0.1 0.1 0.3 0.1 0.7 0.1 0.5 0.1,1773,arts business chemistry,,4560,57000
bot1,0.1 0.1 0.1 0.1 0.3 0.1 0.7 0.1 0.5 0.1,1774,arts business chemistry,,6380,58000
bot1,0.1 0.1 0.1 0.1 0.3 0.1 0.7 0.1 0.5 0.1,1775,arts business chemistry,,5220,58000
bot1,0.1 0.1 0.1 0.1 0.3 0.1 0.7 0.1 0.5 0.1,1776,arts business chemistry,,6050,55000
bot1,0.1 0.1 0.1 0.1 0.3 0.1 0.7 0.1 0.5 0.1,1777,arts business chemistry,,2300,46000
bot1,0.1 0.1 0.1 0.1 0.3 0.1 0.7 0.1 0.5 0.1,1778,arts business chemistry,,6240,52000
bot1,0.1 0.1 0.1 0.1 0.3 0.1 0.7 0.1 0.5 0.1,1779,arts business chemistry,,4000,50000
bot1,0.1 0.1 0.1 0.1 0.3 0.1 0.7 0.1 0.5 0.1,1780,arts business chemistry,,4840,44000
bot1,0.1 0.1 0.1 0.1 0.3 0.1 0.7 0.1 0.5 0.1,1781,arts business chemistry,,1550,31000
bot1,0.1 0.1 0.1 0.1 0.3 0.1 0.7 0.1 0.5 0.1,1782,arts business chemistry,,3360,48000
bot1,0.1 0.1 0.1 0.1 0.3 0.1 0.7 0.1 0.5 0.1,1783,arts business chemistry,,2800,35000
bot1,0.1 0.1 0.1 0.1 0.3 0.1 0.7 0.1 0.5 0.1,1784,arts business chemistry,,1980,33000
bot1,0.1 0.1 0.1 0.1 0.3 0.1 0.7 0.1 0.5 0.1,1785,arts business chemistry,,4080,51000
bot1,0.1 0.1 0.1 0.1 0.3 0.1 0.7 0.1 0.5 0.1,1786,arts business chemistry,,2960,37000
bot1,0.1 0.1 0.1 0.1 0.3 0.1 0.7 0.1 0.5 0.1,1787,arts business chemistry,,2400,30000
bot1,0.1 0.1 0.1 0.1 0.3 0.1 0.7 0.1 0.5 0.1,1788,arts business chemistry,,6270,57000
bot1,0.1 0.1 0.1 0.1 0.3 0.1 0.7 0.1 0.5 0.1,1789,arts business chemistry,,4340,31000
bot1,0.1 0.1 0.1 0.1 0.3 0.1 0.7 0.1 0.5 0.1,1790,arts business chemistry,,4620,42000
bot1,0.1 0.1 0.1 0.1 0.3 0.1 0.7 0.1 0.5 0.1,1791,arts business chemistry,,3850,35000
bot1,0.1 0.1 0.1 0.1 0.3 0.1 0.7 0.1 0.5 0.1,1792,arts business chemistry,,6270,57000
bot1,0.1 0.1 0.1 0.1 0.3 0.1 0.7 0.1 0.5 0.1,1793,arts business computer_science,,11000,55000
bot1,0.1 0.1 0.1 0.1 0.3 0.1 0.7 0.1 0.5 0.1,1794,arts business computer_science,,10600,53000
bot1,0.1 0.1 0.1 0.1 0.3 0.1 0.7 0.1 0.5 0.1,1795,arts business computer_science,,7400,37000
bot1,0.1 0.1 0.1 0.1 0.3 0.1 0.7 0.1 0.5 0.1,1796,arts business computer_science,,9460,43000
bot1,0.1 0.1 0.1 0.1 0.3 0.1 0.7 0.1 0.5 0.1,1797,arts business computer_science,,7600,40000
bot1,0.1 0.1 0.1 0.1 0.3 0.1 0.7 0.1 0.5 0.1,1798,arts business computer_science,,5760,32000
bot1,0.1 0.1 0.1 0.1 0.3 0.1 0.7 0.1 0.5 0.1,1799,arts business computer_science,,6270,33000
bot1,0.1 0.1 0.1 0.1 0.3 0.1 0.7 0.1 0.5 0.1,1800,arts business computer_science,,12180,58000
bot1,0.1 0.1 0.1 0.1 0.3 0.1 0.7 0.1 0.5 0.1,1801,arts business computer_science,,7030,37000
bot1,0.1 0.1 0.1 0.1 0.3 0.1 0.7 0.1 0.5 0.1,1802,arts business computer_science,,5580,31000
bot1,0.1 0.1 0.1 0.1 0.3 0.1 0.7 0.1 0.5 0.1,1803,arts business computer_science,,5440,32000
bot1,0.1 0.1 0.1 0.1 0.3 0.1 0.7 0.1 0.5 0.1,1804,arts business computer_science,,10260,57000
bot1,0.1 0.1 0.1 0.1 0.3 0.1 0.7 0.1 0.5 0.1,1805,arts business computer_science,,11970,57000
bot1,0.1 0.1 0.1 0.1 0.3 0.1 0.7 0.1 0.5 0.1,1806,arts business computer_science,,4800,32000
bot1,0.1 0.1 0.1 0.1 0.3 0.1 0.7 0.1 0.5 0.1,1807,arts business computer_science,,5400,30000
bot1,0.1 0.1 0.1 0.1 0.3 0.1 0.7 0.1 0.5 0.1,1808,arts business computer_science,,6630,39000
bot1,0.1 0.1 0.1 0.1 0.3 0.1 0.7 0.1 0.5 0.1,1809,arts business computer_science,,5460,39000
bot1,0.1 0.1 0.1 0.1 0.3 0.1 0.7 0.1 0.5 0.1,1810,arts business computer_science,,5550,37000
bot1,0.1 0.1 0.1 0.1 0.3 0.1 0.7 0.1 0.5 0.1,1811,arts business computer_science,,6720,48000
bot1,0.1 0.1 0.1 0.1 0.3 0.1 0.7 0.1 0.5 0.1,1812,arts business computer_science,,10800,54000
bot1,0.1 0.1 0.1 0.1 0.3 0.1 0.7 0.1 0.5 0.1,1813,arts business computer_science,,7950,53000
bot1,0.1 0.1 0.1 0.1 0.3 0.1 0.7 0.1 0.5 0.1,1814,arts business computer_science,,11880,54000
bot1,0.1 0.1 0.1 0.1 0.3 0.1 0.7 0.1 0.5 0.1,1815,arts business computer_science,,7140,34000
bot1,0.1 0.1 0.1 0.1 0.3 0.1 0.7 0.1 0.5 0.1,1816,arts business computer_science,,6880,43000
bot1,0.1 0.1 0.1 0.1 0.3 0.1 0.7 0.1 0.5 0.1,1817,arts business computer_science,,10340,47000
bot1,0.1 0.1 0.1 0.1 0.3 0.1 0.7 0.1 0.5 0.1,1818,arts business computer_science,,9520,56000
bot1,0.1 0.1 0.1 0.1 0.3 0.1 0.7 0.1 0.5 0.1,1819,arts business computer_science,,5400,30000
bot1,0.1 0.1 0.1 0.1 0.3 0.1 0.7 0.1 0.5 0.1,1820,arts business computer_science,,6900,30000
bot1,0.1 0.1 0.1 0.1 0.3 0.1 0.7 0.1 0.5 0.1,1821,arts business literature,,2520,42000
bot1,0.1 0.1 0.1 0.1 0.3 0.1 0.7 0.1 0.5 0.1,1822,arts business literature,,5830,53000
bot1,0.1 0.1 0.1 0.1 0.3 0.1 0.7 0.1 0.5 0.1,1823,arts business literature,,4320,36000
bot1,0.1 0.1 0.1 0.1 0.3 0.1 0.7 0.1 0.5 0.1,1824,arts business literature,,3700,37000
bot1,0.1 0.1 0.1 0.1 0.3 0.1 0.7 0.1 0.5 0.1,1825,arts business literature,,2400,60000
bot1,0.1 0.1 0.1 0.1 0.3 0.1 0.7 0.1 0.5 0.1,1826,arts business literature,,2380,34000
bot1,0.1 0.1 0.1 0.1 0.3 0.1 0.7 0.1 0.5 0.1,1827,arts business literature,,1600,32000
bot1,0.1 0.1 0.1 0.1 0.3 0.1 0.7 0.1 0.5 0.1,1828,arts business literature,,5180,37000
bot1,0.1 0.1 0.1 0.1 0.3 0.1 0.7 0.1 0.5 0.1,1829,arts business literature,,4140,46000
bot1,0.1 0.1 0.1 0.1 0.3 0.1 0.7 0.1 0.5 0.1,1830,arts business literature,,3480,58000
bot1,0.1 0.1 0.1 0.1 0.3 0.1 0.7 0.1 0.5 0.1,1831,arts business literature,,3710,53000
bot1,0.1 0.1 0.1 0.1 0.3 0.1 0.7 0.1 0.5 0.1,1832,arts business literature,,2310,33000
bot1,0.1 0.1 0.1 0.1 0.3 0.1 0.7 0.1 0.5 0.1,1833,arts business literature,,4500,50000
bot1,0.1 0.1 0.1 0.1 0.3 0.1 0.7 0.1 0.5 0.1,1834,arts business literature,,4160,32000
bot1,0.1 0.1 0.1 0.1 0.3 0.1 0.7 0.1 0.5 0.1,1835,arts business literature,,2480,31000
bot1,0.1 0.1 0.1 0.1 0.3 0.1 0.7 0.1 0.5 0.1,1836,arts business literature,,6600,60000
bot1,0.1 0.1 0.1 0.1 0.3 0.1 0.7 0.1 0.5 0.1,1837,arts business literature,,2730,39000
bot1,0.1 0.1 0.1 0.1 0.3 0.1 0.7 0.1 0.5 0.1,1838,arts business literature,,3600,40000
bot1,0.1 0.1 0.1 0.1 0.3 0.1 0.7 0.1 0.5 0.1,1839,arts business literature,,2940,42000
bot1,0.1 0.1 0.1 0.1 0.3 0.1 0.7 0.1 0.5 0.1,1840,arts business literature,,4770,53000
bot1,0.1 0.1 0.1 0.1 0.3 0.1 0.7 0.1 0.5 0.1,1841,arts business literature,,3960,44000
bot1,0.1 0.1 0.1 0.1 0.3 0.1 0.7 0.1 0.5 0.1,1842,arts business literature,,2560,32000
bot1,0.1 0.1 0.1 0.1 0.3 0.1 0.7 0.1 0.5 0.1,1843,arts business literature,,2720,34000
bot1,0.1 0.1 0.1 0.1 0.3 0.1 0.7 0.1 0.5 0.1,1844,arts business literature,,5280,48000
bot1,0.1 0.1 0.1 0.1 0.3 0.1 0.7 0.1 0.5 0.1,1845,arts business literature,,990,33000
bot1,0.1 0.1 0.1 0.1 0.3 0.1 0.7 0.1 0.5 0.1,1846,arts business literature,,5280,44000
bot1,0.1 0.1 0.1 0.1 0.3 0.1 0.7 0.1 0.5 0.1,1847,arts business literature,,3300,33000
bot1,0.1 0.1 0.1 0.1 0.3 0.1 0.7 0.1 0.5 0.1,1848,arts business literature,,3000,60000
bot1,0.1 0.1 0.1 0.1 0.3 0.1 0.7 0.1 0.5 0.1,1849,arts business mathematics,like,23320,44000
bot1,0.1 0.1 0.1 0.1 0.3 0.1 0.7 0.1 0.5 0.1,1850,arts business mathematics,like,20140,38000
bot1,0.1 0.1 0.1 0.1 0.3 0.1 0.7 0.1 0.5 0.1,1851,arts business mathematics,,15360,32000
bot1,0.1 0.1 0.1 0.1 0.3 0.1 0.7 0.1 0.5 0.1,1852,arts business mathematics,like,27540,51000
bot1,0.1 0.1 0.1 0.1 0.3 0.1 0.7 0.1 0.5 0.1,1853,arts business mathematics,like,23400,52000
bot1,0.1 0.1 0.1 0.1 0.3 0.1 0.7 0.1 0.5 0.1,1854,arts business mathematics,,13020,31000
bot1,0.1 0.1 0.1 0.1 0.3 0.1 0.7 0.1 0.5 0.1,1855,arts business mathematics,like,30210,57000
bot1,0.1 0.1 0.1 0.1 0.3 0.1 0.7 0.1 0.5 0.1,1856,arts business mathematics,like,15040,32000
bot1,0.1 0.1 0.1 0.1 0.3 0.1 0.7 0.1 0.5 0.1,1857,arts business mathematics,like,30000,60000
bot1,0.1 0.1 0.1 0.1 0.3 0.1 0.7 0.1 0.5 0.1,1858,arts business mathematics,,22540,46000
bot1,0.1 0.1 0.1 0.1 0.3 0.1 0.7 0.1 0.5 0.1,1859,arts business mathematics,,19890,39000
bot1,0.1 0.1 0.1 0.1 0.3 0.1 0.7 0.1 0.5 0.1,1860,arts business mathematics,,16800,35000
bot1,0.1 0.1 0.1 0.1 0.3 0.1 0.7 0.1 0.5 0.1,1861,arts business mathematics,like,19740,42000
bot1,0.1 0.1 0.1 0.1 0.3 0.1 0.7 0.1 0.5 0.1,1862,arts business mathematics,like,26320,47000
bot1,0.1 0.1 0.1 0.1 0.3 0.1 0.7 0.1 0.5 0.1,1863,arts business mathematics,,17760,37000
bot1,0.1 0.1 0.1 0.1 0.3 0.1 0.7 0.1 0.5 0.1,1864,arts business mathematics,like,14850,33000
bot1,0.1 0.1 0.1 0.1 0.3 0.1 0.7 0.1 0.5 0.1,1865,arts business mathematics,like,15640,34000
bot1,0.1 0.1 0.1 0.1 0.3 0.1 0.7 0.1 0.5 0.1,1866,arts business mathematics,like,14260,31000
bot1,0.1 0.1 0.1 0.1 0.3 0.1 0.7 0.1 0.5 0.1,1867,arts business mathematics,,18130,37000
bot1,0.1 0.1 0.1 0.1 0.3 0.1 0.7 0.1 0.5 0.1,1868,arts business mathematics,,24080,56000
bot1,0.1 0.1 0.1 0.1 0.3 0.1 0.7 0.1 0.5 0.1,1869,arts business mathematics,,24990,51000
bot1,0.1 0.1 0.1 0.1 0.3 0.1 0.7 0.1 0.5 0.1,1870,arts business mathematics,,27000,50000
bot1,0.1 0.1 0.1 0.1 0.3 0.1 0.7 0.1 0.5 0.1,1871,arts business mathematics,,21120,48000
bot1,0.1 0.1 0.1 0.1 0.3 0.1 0.7 0.1 0.5 0.1,1872,arts business mathematics,like,22960,56000
bot1,0.1 0.1 0.1 0.1 0.3 0.1 0.7 0.1 0.5 0.1,1873,arts business mathematics,,14720,32000
bot1,0.1 0.1 0.1 0.1 0.3 0.1 0.7 0.1 0.5 0.1,1874,arts business mathematics,,24500,50000
bot1,0.1 0.1 0.1 0.1 0.3 0.1 0.7 0.1 0.5 0.1,1875,arts business mathematics,,14280,34000
bot1,0.1 0.1 0.1 0.1 0.3 0.1 0.7 0.1 0.5 0.1,1876,arts business mathematics,like,30210,57000
bot1,0.1 0.1 0.1 0.1 0.3 0.1 0.7 0.1 0.5 0.1,1877,arts business music,,3200,40000
bot1,0.1 0.1 0.1 0.1 0.3 0.1 0.7 0.1 0.5 0.1,1878,arts business music,,9600,60000
bot1,0.1 0.1 0.1 0.1 0.3 0.1 0.7 0.1 0.5 0.1,1879,arts business music,,2450,35000
bot1,0.1 0.1 0.1 0.1 0.3 0.1 0.7 0.1 0.5 0.1,1880,arts business music,,1290,43000
bot1,0.1 0.1 0.1 0.1 0.3 0.1 0.7 0.1 0.5 0.1,1881,arts business music,,3360,42000
bot1,0.1 0.1 0.1 0.1 0.3 0.1 0.7 0.1 0.5 0.1,1882,arts business music,,2100,42000
bot1,0.1 0.1 0.1 0.1 0.3 0.1 0.7 0.1 0.5 0.1,1883,arts business music,,4550,35000
bot1,0.1 0.1 0.1 0.1 0.3 0.1 0.7 0.1 0.5 0.1,1884,arts business music,,5310,59000
bot1,0.1 0.1 0.1 0.1 0.3 0.1 0.7 0.1 0.5 0.1,1885,arts business music,,2660,38000
bot1,0.1 0.1 0.1 0.1 0.3 0.1 0.7 0.1 0.5 0.1,1886,arts business music,,3400,34000
bot1,0.1 0.1 0.1 0.1 0.3 0.1 0.7 0.1 0.5 0.1,1887,arts business music,,2940,49000
bot1,0.1 0.1 0.1 0.1 0.3 0.1 0.7 0.1 0.5 0.1,1888,arts business music,,6500,50000
bot1,0.1 0.1 0.1 0.1 0.3 0.1 0.7 0.1 0.5 0.1,1889,arts business music,,3870,43000
bot1,0.1 0.1 0.1 0.1 0.3 0.1 0.7 0.1 0.5 0.1,1890,arts business music,,2250,45000
bot1,0.1 0.1 0.1 0.1 0.3 0.1 0.7 0.1 0.5 0.1,1891,arts business music,,3800,38000
bot1,0.1 0.1 0.1 0.1 0.3 0.1 0.7 0.1 0.5 0.1,1892,arts business music,,3010,43000
bot1,0.1 0.1 0.1 0.1 0.3 0.1 0.7 0.1 0.5 0.1,1893,arts business music,,6960,58000
bot1,0.1 0.1 0.1 0.1 0.3 0.1 0.7 0.1 0.5 0.1,1894,arts business music,,4810,37000
bot1,0.1 0.1 0.1 0.1 0.3 0.1 0.7 0.1 0.5 0.1,1895,arts business music,,6050,55000
bot1,0.1 0.1 0.1 0.1 0.3 0.1 0.7 0.1 0.5 0.1,1896,arts business music,,3900,30000
bot1,0.1 0.1 0.1 0.1 0.3 0.1 0.7 0.1 0.5 0.1,1897,arts business music,,3300,55000
bot1,0.1 0.1 0.1 0.1 0.3 0.1 0.7 0.1 0.5 0.1,1898,arts business music,,4050,45000
bot1,0.1 0.1 0.1 0.1 0.3 0.1 0.7 0.1 0.5 0.1,1899,arts business music,,5850,45000
bot1,0.1 0.1 0.1 0.1 0.3 0.1 0.7 0.1 0.5 0.1,1900,arts business music,,3840,48000
bot1,0.1 0.1 0.1 0.1 0.3 0.1 0.7 0.1 0.5 0.1,1901,arts business music,,2520,42000
bot1,0.1 0.1 0.1 0.1 0.3 0.1 0.7 0.1 0.5 0.1,1902,arts business music,,2700,30000
bot1,0.1 0.1 0.1 0.1 0.3 0.1 0.7 0.1 0.5 0.1,1903,arts business music,,2590,37000
bot1,0.1 0.1 0.1 0.1 0.3 0.1 0.7 0.1 0.5 0.1,1904,arts business music,,3300,55000
bot1,0.1 0.1 0.1 0.1 0.3 0.1 0.7 0.1 0.5 0.1,1905,arts business physics,like,10540,31000
bot1,0.1 0.1 0.1 0.1 0.3 0.1 0.7 0.1 0.5 0.1,1906,arts business physics,,15300,45000
bot1,0.1 0.1 0.1 0.1 0.3 0.1 0.7 0.1 0.5 0.1,1907,arts business physics,like,19440,54000
bot1,0.1 0.1 0.1 0.1 0.3 0.1 0.7 0.1 0.5 0.1,1908,arts business physics,,10730,37000
bot1,0.1 0.1 0.1 0.1 0.3 0.1 0.7 0.1 0.5 0.1,1909,arts business physics,like,12540,33000
bot1,0.1 0.1 0.1 0.1 0.3 0.1 0.7 0.1 0.5 0.1,1910,arts business physics,like,12580,37000
bot1,0.1 0.1 0.1 0.1 0.3 0.1 0.7 0.1 0.5 0.1,1911,arts business physics,like,21280,56000
bot1,0.1 0.1 0.1 0.1 0.3 0.1 0.7 0.1 0.5 0.1,1912,arts business physics,like,21200,53000
bot1,0.1 0.1 0.1 0.1 0.3 0.1 0.7 0.1 0.5 0.1,1913,arts business physics,,18600,60000
bot1,0.1 0.1 0.1 0.1 0.3 0.1 0.7 0.1 0.5 0.1,1914,arts business physics,,19950,57000
bot1,0.1 0.1 0.1 0.1 0.3 0.1 0.7 0.1 0.5 0.1,1915,arts business physics,like,15960,42000
bot1,0.1 0.1 0.1 0.1 0.3 0.1 0.7 0.1 0.5 0.1,1916,arts business physics,,19040,56000
bot1,0.1 0.1 0.1 0.1 0.3 0.1 0.7 0.1 0.5 0.1,1917,arts business physics,,14700,35000
bot1,0.1 0.1 0.1 0.1 0.3 0.1 0.7 0.1 0.5 0.1,1918,arts business physics,,15360,48000
bot1,0.1 0.1 0.1 0.1 0.3 0.1 0.7 0.1 0.5 0.1,1919,arts business physics,,20140,53000
bot1,0.1 0.1 0.1 0.1 0.3 0.1 0.7 0.1 0.5 0.1,1920,arts business physics,like,19470,59000
bot1,0.1 0.1 0.1 0.1 0.3 0.1 0.7 0.1 0.5 0.1,1921,arts business physics,like,18720,52000
bot1,0.1 0.1 0.1 0.1 0.3 0.1 0.7 0.1 0.5 0.1,1922,arts business physics,,22200,60000
bot1,0.1 0.1 0.1 0.1 0.3 0.1 0.7 0.1 0.5 0.1,1923,arts business physics,like,11560,34000
bot1,0.1 0.1 0.1 0.1 0.3 0.1 0.7 0.1 0.5 0.1,1924,arts business physics,,12960,36000
bot1,0.1 0.1 0.1 0.1 0.3 0.1 0.7 0.1 0.5 0.1,1925,arts business physics,like,17050,55000
bot1,0.1 0.1 0.1 0.1 0.3 0.1 0.7 0.1 0.5 0.1,1926,arts business physics,like,13950,45000
bot1,0.1 0.1 0.1 0.1 0.3 0.1 0.7 0.1 0.5 0.1,1927,arts business physics,like,13650,35000
bot1,0.1 0.1 0.1 0.1 0.3 0.1 0.7 0.1 0.5 0.1,1928,arts business physics,,11200,32000
bot1,0.1 0.1 0.1 0.1 0.3 0.1 0.7 0.1 0.5 0.1,1929,arts business physics,like,16660,49000
bot1,0.1 0.1 0.1 0.1 0.3 0.1 0.7 0.1 0.5 0.1,1930,arts business physics,like,12420,46000
bot1,0.1 0.1 0.1 0.1 0.3 0.1 0.7 0.1 0.5 0.1,1931,arts business physics,,12400,40000
bot1,0.1 0.1 0.1 0.1 0.3 0.1 0.7 0.1 0.5 0.1,1932,arts business physics,like,14040,36000
bot1,0.1 0.1 0.1 0.1 0.3 0.1 0.7 0.1 0.5 0.1,1933,arts business psychology,,3600,40000
bot1,0.1 0.1 0.1 0.1 0.3 0.1 0.7 0.1 0.5 0.1,1934,arts business psychology,,5900,59000
bot1,0.1 0.1 0.1 0.1 0.3 0.1 0.7 0.1 0.5 0.1,1935,arts business psychology,,3420,57000
bot1,0.1 0.1 0.1 0.1 0.3 0.1 0.7 0.1 0.5 0.1,1936,arts business psychology,,2100,30000
bot1,0.1 0.1 0.1 0.1 0.3 0.1 0.7 0.1 0.5 0.1,1937,arts business psychology,,5200,52000
bot1,0.1 0.1 0.1 0.1 0.3 0.1 0.7 0.1 0.5 0.1,1938,arts business psychology,,4860,54000
bot1,0.1 0.1 0.1 0.1 0.3 0.1 0.7 0.1 0.5 0.1,1939,arts business psychology,,5980,46000
bot1,0.1 0.1 0.1 0.1 0.3 0.1 0.7 0.1 0.5 0.1,1940,arts business psychology,,7200,60000
bot1,0.1 0.1 0.1 0.1 0.3 0.1 0.7 0.1 0.5 0.1,1941,arts business psychology,,4160,52000
bot1,0.1 0.1 0.1 0.1 0.3 0.1 0.7 0.1 0.5 0.1,1942,arts business psychology,,4620,42000
bot1,0.1 0.1 0.1 0.1 0.3 0.1 0.7 0.1 0.5 0.1,1943,arts business psychology,,3600,40000
bot1,0.1 0.1 0.1 0.1 0.3 0.1 0.7 0.1 0.5 0.1,1944,arts business psychology,,2720,34000
bot1,0.1 0.1 0.1 0.1 0.3 0.1 0.7 0.1 0.5 0.1,1945,arts business psychology,,3710,53000
bot1,0.1 0.1 0.1 0.1 0.3 0.1 0.7 0.1 0.5 0.1,1946,arts business psychology,,3850,55000
bot1,0.1 0.1 0.1 0.1 0.3 0.1 0.7 0.1 0.5 0.1,1947,arts business psychology,,4050,45000
bot1,0.1 0.1 0.1 0.1 0.3 0.1 0.7 0.1 0.5 0.1,1948,arts business psychology,,3150,35000
bot1,0.1 0.1 0.1 0.1 0.3 0.1 0.7 0.1 0.5 0.1,1949,arts business psychology,,3760,47000
bot1,0.1 0.1 0.1 0.1 0.3 0.1 0.7 0.1 0.5 0.1,1950,arts business psychology,,4720,59000
bot1,0.1 0.1 0.1 0.1 0.3 0.1 0.7 0.1 0.5 0.1,1951,arts business psychology,,3690,41000
bot1,0.1 0.1 0.1 0.1 0.3 0.1 0.7 0.1 0.5 0.1,1952,arts business psychology,,2400,48000
bot1,0.1 0.1 0.1 0.1 0.3 0.1 0.7 0.1 0.5 0.1,1953,arts business psychology,,5880,42000
bot1,0.1 0.1 0.1 0.1 0.3 0.1 0.7 0.1 0.5 0.1,1954,arts business psychology,,4160,52000
bot1,0.1 0.1 0.1 0.1 0.3 0.1 0.7 0.1 0.5 0.1,1955,arts business psychology,,1400,35000
bot1,0.1 0.1 0.1 0.1 0.3 0.1 0.7 0.1 0.5 0.1,1956,arts business psychology,,3600,60000
bot1,0.1 0.1 0.1 0.1 0.3 0.1 0.7 0.1 0.5 0.1,1957,arts business psychology,,2880,48000
bot1,0.1 0.1 0.1 0.1 0.3 0.1 0.7 0.1 0.5 0.1,1958,arts business psychology,,2160,54000
bot1,0.1 0.1 0.1 0.1 0.3 0.1 0.7 0.1 0.5 0.1,1959,arts business psychology,,3720,31000
bot1,0.1 0.1 0.1 0.1 0.3 0.1 0.7 0.1 0.5 0.1,1960,arts business psychology,,3200,40000
bot1,0.1 0.1 0.1 0.1 0.3 0.1 0.7 0.1 0.5 0.1,1961,arts chemistry computer_science,,12600,60000
bot1,0.1 0.1 0.1 0.1 0.3 0.1 0.7 0.1 0.5 0.1,1962,arts chemistry computer_science,,10500,50000
bot1,0.1 0.1 0.1 0.1 0.3 0.1 0.7 0.1 0.5 0.1,1963,arts chemistry computer_science,,10620,59000
bot1,0.1 0.1 0.1 0.1 0.3 0.1 0.7 0.1 0.5 0.1,1964,arts chemistry computer_science,,8000,40000
bot1,0.1 0.1 0.1 0.1 0.3 0.1 0.7 0.1 0.5 0.1,1965,arts chemistry computer_science,,7030,37000
bot1,0.1 0.1 0.1 0.1 0.3 0.1 0.7 0.1 0.5 0.1,1966,arts chemistry computer_science,,9600,40000
bot1,0.1 0.1 0.1 0.1 0.3 0.1 0.7 0.1 0.5 0.1,1967,arts chemistry computer_science,,11020,58000
bot1,0.1 0.1 0.1 0.1 0.3 0.1 0.7 0.1 0.5 0.1,1968,arts chemistry computer_science,,10640,56000
bot1,0.1 0.1 0.1 0.1 0.3 0.1 0.7 0.1 0.5 0.1,1969,arts chemistry computer_science,,9000,50000
bot1,0.1 0.1 0.1 0.1 0.3 0.1 0.7 0.1 0.5 0.1,1970,arts chemistry computer_science,,5600,40000
bot1,0.1 0.1 0.1 0.1 0.3 0.1 0.7 0.1 0.5 0.1,1971,arts chemistry computer_science,,7600,38000
bot1,0.1 0.1 0.1 0.1 0.3 0.1 0.7 0.1 0.5 0.1,1972,arts chemistry computer_science,like,14560,52000
bot1,0.1 0.1 0.1 0.1 0.3 0.1 0.7 0.1 0.5 0.1,1973,arts chemistry computer_science,,6460,38000
bot1,0.1 0.1 0.1 0.1 0.3 0.1 0.7 0.1 0.5 0.1,1974,arts chemistry computer_science,,9010,53000
bot1,0.1 0.1 0.1 0.1 0.3 0.1 0.7 0.1 0.5 0.1,1975,arts chemistry computer_science,,8400,42000
bot1,0.1 0.1 0.1 0.1 0.3 0.1 0.7 0.1 0.5 0.1,1976,arts chemistry computer_science,,8600,43000
bot1,0.1 0.1 0.1 0.1 0.3 0.1 0.7 0.1 0.5 0.1,1977,arts chemistry computer_science,like,14500,58000
bot1,0.1 0.1 0.1 0.1 0.3 0.1 0.7 0.1 0.5 0.1,1978,arts chemistry computer_science,,12760,58000
bot1,0.1 0.1 0.1 0.1 0.3 0.1 0.7 0.1 0.5 0.1,1979,arts chemistry computer_science,,10340,47000
bot1,0.1 0.1 0.1 0.1 0.3 0.1 0.7 0.1 0.5 0.1,1980,arts chemistry computer_science,,8400,56000
bot1,0.1 0.1 0.1 0.1 0.3 0.1 0.7 0.1 0.5 0.1,1981,arts chemistry computer_science,,11400,57000
bot1,0.1 0.1 0.1 0.1 0.3 0.1 0.7 0.1 0.5 0.1,1982,arts chemistry computer_science,,10800,54000
bot1,0.1 0.1 0.1 0.1 0.3 0.1 0.7 0.1 0.5 0.1,1983,arts chemistry computer_science,,6300,35000
bot1,0.1 0.1 0.1 0.1 0.3 0.1 0.7 0.1 0.5 0.1,1984,arts chemistry computer_science,,8800,55000
bot1,0.1 0.1 0.1 0.1 0.3 0.1 0.7 0.1 0.5 0.1,1985,arts chemistry computer_science,,8190,39000
bot1,0.1 0.1 0.1 0.1 0.3 0.1 0.7 0.1 0.5 0.1,1986,arts chemistry computer_science,,7220,38000
bot1,0.1 0.1 0.1 0.1 0.3 0.1 0.7 0.1 0.5 0.1,1987,arts chemistry computer_science,,5440,32000
bot1,0.1 0.1 0.1 0.1 0.3 0.1 0.7 0.1 0.5 0.1,1988,arts chemistry computer_science,,12180,58000
bot1,0.1 0.1 0.1 0.1 0.3 0.1 0.7 0.1 0.5 0.1,1989,arts chemistry literature,,4240,53000
bot1,0.1 0.1 0.1 0.1 0.3 0.1 0.7 0.1 0.5 0.1,1990,arts chemistry literature,,3000,60000
bot1,0.1 0.1 0.1 0.1 0.3 0.1 0.7 0.1 0.5 0.1,1991,arts chemistry literature,,1920,32000
bot1,0.1 0.1 0.1 0.1 0.3 0.1 0.7 0.1 0.5 0.1,1992,arts chemistry literature,,2940,49000
bot1,0.1 0.1 0.1 0.1 0.3 0.1 0.7 0.1 0.5 0.1,1993,arts chemistry literature,,4680,52000
bot1,0.1 0.1 0.1 0.1 0.3 0.1 0.7 0.1 0.5 0.1,1994,arts chemistry literature,,5400,60000
bot1,0.1 0.1 0.1 0.1 0.3 0.1 0.7 0.1 0.5 0.1,1995,arts chemistry literature,,4900,49000
bot1,0.1 0.1 0.1 0.1 0.3 0.1 0.7 0.1 0.5 0.1,1996,arts chemistry literature,,4200,35000
bot1,0.1 0.1 0.1 0.1 0.3 0.1 0.7 0.1 0.5 0.1,1997,arts chemistry literature,,2400,40000
bot1,0.1 0.1 0.1 0.1 0.3 0.1 0.7 0.1 0.5 0.1,1998,arts chemistry literature,,5400,36000
bot1,0.1 0.1 0.1 0.1 0.3 0.1 0.7 0.1 0.5 0.1,1999,arts chemistry literature,,4230,47000
bot1,0.1 0.1 0.1 0.1 0.3 0.1 0.7 0.1 0.5 0.1,2000,arts chemistry literature,,5830,53000
bot1,0.1 0.1 0.1 0.1 0.3 0.1 0.7 0.1 0.5 0.1,2001,arts chemistry literature,,4590,51000
bot1,0.1 0.1 0.1 0.1 0.3 0.1 0.7 0.1 0.5 0.1,2002,arts chemistry literature,,4070,37000
bot1,0.1 0.1 0.1 0.1 0.3 0.1 0.7 0.1 0.5 0.1,2003,arts chemistry literature,,5040,42000
bot1,0.1 0.1 0.1 0.1 0.3 0.1 0.7 0.1 0.5 0.1,2004,arts chemistry literature,,3360,56000
bot1,0.1 0.1 0.1 0.1 0.3 0.1 0.7 0.1 0.5 0.1,2005,arts chemistry literature,,4030,31000
bot1,0.1 0.1 0.1 0.1 0.3 0.1 0.7 0.1 0.5 0.1,2006,arts chemistry literature,,2580,43000
bot1,0.1 0.1 0.1 0.1 0.3 0.1 0.7 0.1 0.5 0.1,2007,arts chemistry literature,,2800,56000
bot1,0.1 0.1 0.1 0.1 0.3 0.1 0.7 0.1 0.5 0.1,2008,arts chemistry literature,,3430,49000
bot1,0.1 0.1 0.1 0.1 0.3 0.1 0.7 0.1 0.5 0.1,2009,arts chemistry literature,,3960,33000
bot1,0.1 0.1 0.1 0.1 0.3 0.1 0.7 0.1 0.5 0.1,2010,arts chemistry literature,,1400,35000
bot1,0.1 0.1 0.1 0.1 0.3 0.1 0.7 0.1 0.5 0.1,2011,arts chemistry literature,,2880,32000
bot1,0.1 0.1 0.1 0.1 0.3 0.1 0.7 0.1 0.5 0.1,2012,arts chemistry literature,,3300,33000
bot1,0.1 0.1 0.1 0.1 0.3 0.1 0.7 0.1 0.5 0.1,2013,arts chemistry literature,,3780,42000
bot1,0.1 0.1 0.1 0.1 0.3 0.1 0.7 0.1 0.5 0.1,2014,arts chemistry literature,,5220,58000
bot1,0.1 0.1 0.1 0.1 0.3 0.1 0.7 0.1 0.5 0.1,2015,arts chemistry literature,,2240,32000
bot1,0.1 0.1 0.1 0.1 0.3 0.1 0.7 0.1 0.5 0.1,2016,arts chemistry literature,,3780,42000
bot1,0.1 0.1 0.1 0.1 0.3 0.1 0.7 0.1 0.5 0.1,2017,arts chemistry mathematics,like,26100,58000
bot1,0.1 0.1 0.1 0.1 0.3 0.1 0.7 0.1 0.5 0.1,2018,arts chemistry mathematics,,15400,35000
bot1,0.1 0.1 0.1 0.1 0.3 0.1 0.7 0.1 0.5 0.1,2019,arts chemistry mathematics,like,18620,38000
bot1,0.1 0.1 0.1 0.1 0.3 0.1 0.7 0.1 0.5 0.1,2020,arts chemistry mathematics,,16720,38000
bot1,0.1 0.1 0.1 0.1 0.3 0.1 0.7 0.1 0.5 0.1,2021,arts chemistry mathematics,,18240,38000
bot1,0.1 0.1 0.1 0.1 0.3 0.1 0.7 0.1 0.5 0.1,2022,arts chemistry mathematics,like,17340,34000
bot1,0.1 0.1 0.1 0.1 0.3 0.1 0.7 0.1 0.5 0.1,2023,arts chemistry mathematics,like,19380,51000
bot1,0.1 0.1 0.1 0.1 0.3 0.1 0.7 0.1 0.5 0.1,2024,arts chemistry mathematics,,25500,51000
bot1,0.1 0.1 0.1 0.1 0.3 0.1 0.7 0.1 0.5 0.1,2025,arts chemistry mathematics,like,21620,47000
bot1,0.1 0.1 0.1 0.1 0.3 0.1 0.7 0.1 0.5 0.1,2026,arts chemistry mathematics,,25380,54000
bot1,0.1 0.1 0.1 0.1 0.3 0.1 0.7 0.1 0.5 0.1,2027,arts chemistry mathematics,,21150,47000
bot1,0.1 0.1 0.1 0.1 0.3 0.1 0.7 0.1 0.5 0.1,2028,arts chemistry mathematics,like,21840,42000
bot1,0.1 0.1 0.1 0.1 0.3 0.1 0.7 0.1 0.5 0.1,2029,arts chemistry mathematics,like,18490,43000
bot1,0.1 0.1 0.1 0.1 0.3 0.1 0.7 0.1 0.5 0.1,2030,arts chemistry mathematics,like,28050,51000
bot1,0.1 0.1 0.1 0.1 0.3 0.1 0.7 0.1 0.5 0.1,2031,arts chemistry mathematics,,21600,45000
bot1,0.1 0.1 0.1 0.1 0.3 0.1 0.7 0.1 0.5 0.1,2032,arts chemistry mathematics,like,18500,37000
bot1,0.1 0.1 0.1 0.1 0.3 0.1 0.7 0.1 0.5 0.1,2033,arts chemistry mathematics,like,14400,32000
bot1,0.1 0.1 0.1 0.1 0.3 0.1 0.7 0.1 0.5 0.1,2034,arts chemistry mathematics,,27930,57000
bot1,0.1 0.1 0.1 0.1 0.3 0.1 0.7 0.1 0.5 0.1,2035,arts chemistry mathematics,,21160,46000
bot1,0.1 0.1 0.1 0.1 0.3 0.1 0.7 0.1 0.5 0.1,2036,arts chemistry mathematics,like,23460,46000
bot1,0.1 0.1 0.1 0.1 0.3 0.1 0.7 0.1 0.5 0.1,2037,arts chemistry mathematics,like,27540,51000
bot1,0.1 0.1 0.1 0.1 0.3 0.1 0.7 0.1 0.5 0.1,2038,arts chemistry mathematics,like,18020,34000
bot1,0.1 0.1 0.1 0.1 0.3 0.1 0.7 0.1 0.5 0.1,2039,arts chemistry mathematics,like,27000,54000
bot1,0.1 0.1 0.1 0.1 0.3 0.1 0.7 0.1 0.5 0.1,2040,arts chemistry mathematics,like,28200,60000
bot1,0.1 0.1 0.1 0.1 0.3 0.1 0.7 0.1 0.5 0.1,2041,arts chemistry mathematics,,18000,36000
bot1,0.1 0.1 0.1 0.1 0.3 0.1 0.7 0.1 0.5 0.1,2042,arts chemistry mathematics,like,17340,34000
bot1,0.1 0.1 0.1 0.1 0.3 0.1 0.7 0.1 0.5 0.1,2043,arts chemistry mathematics,like,17280,32000
bot1,0.1 0.1 0.1 0.1 0.3 0.1 0.7 0.1 0.5 0.1,2044,arts chemistry mathematics,like,22360,43000
bot1,0.1 0.1 0.1 0.1 0.3 0.1 0.7 0.1 0.5 0.1,2045,arts chemistry music,,4480,56000
bot1,0.1 0.1 0.1 0.1 0.3 0.1 0.7 0.1 0.5 0.1,2046,arts chemistry music,,5600,56000
bot1,0.1 0.1 0.1 0.1 0.3 0.1 0.7 0.1 0.5 0.1,2047,arts chemistry music,,3200,40000
bot1,0.1 0.1 0.1 0.1 0.3 0.1 0.7 0.1 0.5 0.1,2048,arts chemistry music,,2950,59000
bot1,0.1 0.1 0.1 0.1 0.3 0.1 0.7 0.1 0.5 0.1,2049,arts chemistry music,,2240,32000
bot1,0.1 0.1 0.1 0.1 0.3 0.1 0.7 0.1 0.5 0.1,2050,arts chemistry music,,4200,42000
bot1,0.1 0.1 0.1 0.1 0.3 0.1 0.7 0.1 0.5 0.1,2051,arts chemistry music,,6840,57000
bot1,0.1 0.1 0.1 0.1 0.3 0.1 0.7 0.1 0.5 0.1,2052,arts chemistry music,,5280,44000
bot1,0.1 0.1 0.1 0.1 0.3 0.1 0.7 0.1 0.5 0.1,2053,arts chemistry music,,1800,30000
bot1,0.1 0.1 0.1 0.1 0.3 0.1 0.7 0.1 0.5 0.1,2054,arts chemistry music,,2450,49000
bot1,0.1 0.1 0.1 0.1 0.3 0.1 0.7 0.1 0.5 0.1,2055,arts chemistry music,,7150,55000
bot1,0.1 0.1 0.1 0.1 0.3 0.1 0.7 0.1 0.5 0.1,2056,arts chemistry music,,4300,43000
bot1,0.1 0.1 0.1 0.1 0.3 0.1 0.7 0.1 0.5 0.1,2057,arts chemistry music,,6720,48000
bot1,0.1 0.1 0.1 0.1 0.3 0.1 0.7 0.1 0.5 0.1,2058,arts chemistry music,,4320,54000
bot1,0.1 0.1 0.1 0.1 0.3 0.1 0.7 0.1 0.5 0.1,2059,arts chemistry music,,2310,33000
bot1,0.1 0.1 0.1 0.1 0.3 0.1 0.7 0.1 0.5 0.1,2060,arts chemistry music,,5280,48000
bot1,0.1 0.1 0.1 0.1 0.3 0.1 0.7 0.1 0.5 0.1,2061,arts chemistry music,,2750,55000
bot1,0.1 0.1 0.1 0.1 0.3 0.1 0.7 0.1 0.5 0.1,2062,arts chemistry music,,3760,47000
bot1,0.1 0.1 0.1 0.1 0.3 0.1 0.7 0.1 0.5 0.1,2063,arts chemistry music,,4060,58000
bot1,0.1 0.1 0.1 0.1 0.3 0.1 0.7 0.1 0.5 0.1,2064,arts chemistry music,,4200,42000
bot1,0.1 0.1 0.1 0.1 0.3 0.1 0.7 0.1 0.5 0.1,2065,arts chemistry music,,2400,48000
bot1,0.1 0.1 0.1 0.1 0.3 0.1 0.7 0.1 0.5 0.1,2066,arts chemistry music,,2170,31000
bot1,0.1 0.1 0.1 0.1 0.3 0.1 0.7 0.1 0.5 0.1,2067,arts chemistry music,,4200,42000
bot1,0.1 0.1 0.1 0.1 0.3 0.1 0.7 0.1 0.5 0.1,2068,arts chemistry music,,5390,49000
bot1,0.1 0.1 0.1 0.1 0.3 0.1 0.7 0.1 0.5 0.1,2069,arts chemistry music,,6300,42000
bot1,0.1 0.1 0.1 0.1 0.3 0.1 0.7 0.1 0.5 0.1,2070,arts chemistry music,,5220,58000
bot1,0.1 0.1 0.1 0.1 0.3 0.1 0.7 0.1 0.5 0.1,2071,arts chemistry music,,3640,52000
bot1,0.1 0.1 0.1 0.1 0.3 0.1 0.7 0.1 0.5 0.1,2072,arts chemistry music,,1590,53000
bot1,0.1 0.1 0.1 0.1 0.3 0.1 0.7 0.1 0.5 0.1,2073,arts chemistry physics,like,13680,38000
bot1,0.1 0.1 0.1 0.1 0.3 0.1 0.7 0.1 0.5 0.1,2074,arts chemistry physics,like,9600,30000
bot1,0.1 0.1 0.1 0.1 0.3 0.1 0.7 0.1 0.5 0.1,2075,arts chemistry physics,like,17600,55000
bot1,0.1 0.1 0.1 0.1 0.3 0.1 0.7 0.1 0.5 0.1,2076,arts chemistry physics,,12920,38000
bot1,0.1 0.1 0.1 0.1 0.3 0.1 0.7 0.1 0.5 0.1,2077,arts chemistry physics,like,17670,57000
bot1,0.1 0.1 0.1 0.1 0.3 0.1 0.7 0.1 0.5 0.1,2078,arts chemistry physics,,10890,33000
bot1,0.1 0.1 0.1 0.1 0.3 0.1 0.7 0.1 0.5 0.1,2079,arts chemistry physics,,10730,37000
bot1,0.1 0.1 0.1 0.1 0.3 0.1 0.7 0.1 0.5 0.1,2080,arts chemistry physics,,19610,53000
bot1,0.1 0.1 0.1 0.1 0.3 0.1 0.7 0.1 0.5 0.1,2081,arts chemistry physics,,20160,56000
bot1,0.1 0.1 0.1 0.1 0.3 0.1 0.7 0.1 0.5 0.1,2082,arts chemistry physics,like,19610,53000
bot1,0.1 0.1 0.1 0.1 0.3 0.1 0.7 0.1 0.5 0.1,2083,arts chemistry physics,like,18500,50000
bot1,0.1 0.1 0.1 0.1 0.3 0.1 0.7 0.1 0.5 0.1,2084,arts chemistry physics,like,16280,44000
bot1,0.1 0.1 0.1 0.1 0.3 0.1 0.7 0.1 0.5 0.1,2085,arts chemistry physics,,15680,56000
bot1,0.1 0.1 0.1 0.1 0.3 0.1 0.7 0.1 0.5 0.1,2086,arts chemistry physics,,12150,45000
bot1,0.1 0.1 0.1 0.1 0.3 0.1 0.7 0.1 0.5 0.1,2087,arts chemistry physics,like,18240,57000
bot1,0.1 0.1 0.1 0.1 0.3 0.1 0.7 0.1 0.5 0.1,2088,arts chemistry physics,like,10230,31000
bot1,0.1 0.1 0.1 0.1 0.3 0.1 0.7 0.1 0.5 0.1,2089,arts chemistry physics,,11200,35000
bot1,0.1 0.1 0.1 0.1 0.3 0.1 0.7 0.1 0.5 0.1,2090,arts chemistry physics,,16640,52000
bot1,0.1 0.1 0.1 0.1 0.3 0.1 0.7 0.1 0.5 0.1,2091,arts chemistry physics,like,12580,34000
bot1,0.1 0.1 0.1 0.1 0.3 0.1 0.7 0.1 0.5 0.1,2092,arts chemistry physics,,16100,46000
bot1,0.1 0.1 0.1 0.1 0.3 0.1 0.7 0.1 0.5 0.1,2093,arts chemistry physics,,10800,30000
bot1,0.1 0.1 0.1 0.1 0.3 0.1 0.7 0.1 0.5 0.1,2094,arts chemistry physics,like,19140,58000
bot1,0.1 0.1 0.1 0.1 0.3 0.1 0.7 0.1 0.5 0.1,2095,arts chemistry physics,like,21840,56000
bot1,0.1 0.1 0.1 0.1 0.3 0.1 0.7 0.1 0.5 0.1,2096,arts chemistry physics,like,8370,31000
bot1,0.1 0.1 0.1 0.1 0.3 0.1 0.7 0.1 0.5 0.1,2097,arts chemistry physics,,22420,59000
bot1,0.1 0.1 0.1 0.1 0.3 0.1 0.7 0.1 0.5 0.1,2098,arts chemistry physics,,12240,36000
bot1,0.1 0.1 0.1 0.1 0.3 0.1 0.7 0.1 0.5 0.1,2099,arts chemistry physics,,16240,56000
bot1,0.1 0.1 0.1 0.1 0.3 0.1 0.7 0.1 0.5 0.1,2100,arts chemistry physics,,11760,42000
bot1,0.1 0.1 0.1 0.1 0.3 0.1 0.7 0.1 0.5 0.1,2101,arts chemistry psychology,,4950,33000
bot1,0.1 0.1 0.1 0.1 0.3 0.1 0.7 0.1 0.5 0.1,2102,arts chemistry psychology,,5920,37000
bot1,0.1 0.1 0.1 0.1 0.3 0.1 0.7 0.1 0.5 0.1,2103,arts chemistry psychology,,3920,49000
bot1,0.1 0.1 0.1 0.1 0.3 0.1 0.7 0.1 0.5 0.1,2104,arts chemistry psychology,,5400,60000
bot1,0.1 0.1 0.1 0.1 0.3 0.1 0.7 0.1 0.5 0.1,2105,arts chemistry psychology,,3360,48000
bot1,0.1 0.1 0.1 0.1 0.3 0.1 0.7 0.1 0.5 0.1,2106,arts chemistry psychology,,4510,41000
bot1,0.1 0.1 0.1 0.1 0.3 0.1 0.7 0.1 0.5 0.1,2107,arts chemistry psychology,,5220,58000
bot1,0.1 0.1 0.1 0.1 0.3 0.1 0.7 0.1 0.5 0.1,2108,arts chemistry psychology,,4480,56000
bot1,0.1 0.1 0.1 0.1 0.3 0.1 0.7 0.1 0.5 0.1,2109,arts chemistry psychology,,3120,39000
bot1,0.1 0.1 0.1 0.1 0.3 0.1 0.7 0.1 0.5 0.1,2110,arts chemistry psychology,,2790,31000
bot1,0.1 0.1 0.1 0.1 0.3 0.1 0.7 0.1 0.5 0.1,2111,arts chemistry psychology,,4800,48000
bot1,0.1 0.1 0.1 0.1 0.3 0.1 0.7 0.1 0.5 0.1,2112,arts chemistry psychology,,3960,36000
bot1,0.1 0.1 0.1 0.1 0.3 0.1 0.7 0.1 0.5 0.1,2113,arts chemistry psychology,,4500,50000
bot1,0.1 0.1 0.1 0.1 0.3 0.1 0.7 0.1 0.5 0.1,2114,arts chemistry psychology,,2880,36000
bot1,0.1 0.1 0.1 0.1 0.3 0.1 0.7 0.1 0.5 0.1,2115,arts chemistry psychology,,5160,43000
bot1,0.1 0.1 0.1 0.1 0.3 0.1 0.7 0.1 0.5 0.1,2116,arts chemistry psychology,,7410,57000
bot1,0.1 0.1 0.1 0.1 0.3 0.1 0.7 0.1 0.5 0.1,2117,arts chemistry psychology,,4860,54000
bot1,0.1 0.1 0.1 0.1 0.3 0.1 0.7 0.1 0.5 0.1,2118,arts chemistry psychology,,3600,45000
bot1,0.1 0.1 0.1 0.1 0.3 0.1 0.7 0.1 0.5 0.1,2119,arts chemistry psychology,,4000,50000
bot1,0.1 0.1 0.1 0.1 0.3 0.1 0.7 0.1 0.5 0.1,2120,arts chemistry psychology,,7700,55000
bot1,0.1 0.1 0.1 0.1 0.3 0.1 0.7 0.1 0.5 0.1,2121,arts chemistry psychology,,3040,38000
bot1,0.1 0.1 0.1 0.1 0.3 0.1 0.7 0.1 0.5 0.1,2122,arts chemistry psychology,,4200,60000
bot1,0.1 0.1 0.1 0.1 0.3 0.1 0.7 0.1 0.5 0.1,2123,arts chemistry psychology,,7800,60000
bot1,0.1 0.1 0.1 0.1 0.3 0.1 0.7 0.1 0.5 0.1,2124,arts chemistry psychology,,3420,38000
bot1,0.1 0.1 0.1 0.1 0.3 0.1 0.7 0.1 0.5 0.1,2125,arts chemistry psychology,,2520,42000
bot1,0.1 0.1 0.1 0.1 0.3 0.1 0.7 0.1 0.5 0.1,2126,arts chemistry psychology,,2640,44000
bot1,0.1 0.1 0.1 0.1 0.3 0.1 0.7 0.1 0.5 0.1,2127,arts chemistry psychology,,2640,44000
bot1,0.1 0.1 0.1 0.1 0.3 0.1 0.7 0.1 0.5 0.1,2128,arts chemistry psychology,,3220,46000
bot1,0.1 0.1 0.1 0.1 0.3 0.1 0.7 0.1 0.5 0.1,2129,arts computer_science literature,,7980,42000
bot1,0.1 0.1 0.1 0.1 0.3 0.1 0.7 0.1 0.5 0.1,2130,arts computer_science literature,,5700,30000
bot1,0.1 0.1 0.1 0.1 0.3 0.1 0.7 0.1 0.5 0.1,2131,arts computer_science literature,,8670,51000
bot1,0.1 0.1 0.1 0.1 0.3 0.1 0.7 0.1 0.5 0.1,2132,arts computer_science literature,,10080,56000
bot1,0.1 0.1 0.1 0.1 0.3 0.1 0.7 0.1 0.5 0.1,2133,arts computer_science literature,,9500,50000
bot1,0.1 0.1 0.1 0.1 0.3 0.1 0.7 0.1 0.5 0.1,2134,arts computer_science literature,,7800,39000
bot1,0.1 0.1 0.1 0.1 0.3 0.1 0.7 0.1 0.5 0.1,2135,arts computer_science literature,,7590,33000
bot1,0.1 0.1 0.1 0.1 0.3 0.1 0.7 0.1 0.5 0.1,2136,arts computer_science literature,,7200,40000
bot1,0.1 0.1 0.1 0.1 0.3 0.1 0.7 0.1 0.5 0.1,2137,arts computer_science literature,,9000,50000
bot1,0.1 0.1 0.1 0.1 0.3 0.1 0.7 0.1 0.5 0.1,2138,arts computer_science literature,,7600,38000
bot1,0.1 0.1 0.1 0.1 0.3 0.1 0.7 0.1 0.5 0.1,2139,arts computer_science literature,,10400,52000
bot1,0.1 0.1 0.1 0.1 0.3 0.1 0.7 0.1 0.5 0.1,2140,arts computer_science literature,,9000,50000
bot1,0.1 0.1 0.1 0.1 0.3 0.1 0.7 0.1 0.5 0.1,2141,arts computer_science literature,,7140,34000
bot1,0.1 0.1 0.1 0.1 0.3 0.1 0.7 0.1 0.5 0.1,2142,arts computer_science literature,,8510,37000
bot1,0.1 0.1 0.1 0.1 0.3 0.1 0.7 0.1 0.5 0.1,2143,arts computer_science literature,,11000,55000
bot1,0.1 0.1 0.1 0.1 0.3 0.1 0.7 0.1 0.5 0.1,2144,arts computer_science literature,,8800,55000
bot1,0.1 0.1 0.1 0.1 0.3 0.1 0.7 0.1 0.5 0.1,2145,arts computer_science literature,,9690,51000
bot1,0.1 0.1 0.1 0.1 0.3 0.1 0.7 0.1 0.5 0.1,2146,arts computer_science literature,,6800,34000
bot1,0.1 0.1 0.1 0.1 0.3 0.1 0.7 0.1 0.5 0.1,2147,arts computer_science literature,,9000,50000
bot1,0.1 0.1 0.1 0.1 0.3 0.1 0.7 0.1 0.5 0.1,2148,arts computer_science literature,,8580,39000
bot1,0.1 0.1 0.1 0.1 0.3 0.1 0.7 0.1 0.5 0.1,2149,arts computer_science literature,,6880,43000
bot1,0.1 0.1 0.1 0.1 0.3 0.1 0.7 0.1 0.5 0.1,2150,arts computer_science literature,,8480,53000
bot1,0.1 0.1 0.1 0.1 0.3 0.1 0.7 0.1 0.5 0.1,2151,arts computer_science literature,,10400,52000
bot1,0.1 0.1 0.1 0.1 0.3 0.1 0.7 0.1 0.5 0.1,2152,arts computer_science literature,,8960,56000
bot1,0.1 0.1 0.1 0.1 0.3 0.1 0.7 0.1 0.5 0.1,2153,arts computer_science literature,,7950,53000
bot1,0.1 0.1 0.1 0.1 0.3 0.1 0.7 0.1 0.5 0.1,2154,arts computer_science literature,,10200,51000
bot1,0.1 0.1 0.1 0.1 0.3 0.1 0.7 0.1 0.5 0.1,2155,arts computer_science literature,,7150,55000
bot1,0.1 0.1 0.1 0.1 0.3 0.1 0.7 0.1 0.5 0.1,2156,arts computer_science literature,,10200,60000
bot1,0.1 0.1 0.1 0.1 0.3 0.1 0.7 0.1 0.5 0.1,2157,arts computer_science mathematics,like,21160,46000
bot1,0.1 0.1 0.1 0.1 0.3 0.1 0.7 0.1 0.5 0.1,2158,arts computer_science mathematics,,16800,35000
bot1,0.1 0.1 0.1 0.1 0.3 0.1 0.7 0.1 0.5 0.1,2159,arts computer_science mathematics,,24360,58000
bot1,0.1 0.1 0.1 0.1 0.3 0.1 0.7 0.1 0.5 0.1,2160,arts computer_science mathematics,,18720,39000
bot1,0.1 0.1 0.1 0.1 0.3 0.1 0.7 0.1 0.5 0.1,2161,arts computer_science mathematics,like,14960,34000
bot1,0.1 0.1 0.1 0.1 0.3 0.1 0.7 0.1 0.5 0.1,2162,arts computer_science mathematics,like,23850,53000
bot1,0.1 0.1 0.1 0.1 0.3 0.1 0.7 0.1 0.5 0.1,2163,arts computer_science mathematics,,26460,54000
bot1,0.1 0.1 0.1 0.1 0.3 0.1 0.7 0.1 0.5 0.1,2164,arts computer_science mathematics,,31800,60000
bot1,0.1 0.1 0.1 0.1 0.3 0.1 0.7 0.1 0.5 0.1,2165,arts computer_science mathematics,,21200,40000
bot1,0.1 0.1 0.1 0.1 0.3 0.1 0.7 0.1 0.5 0.1,2166,arts computer_science mathematics,like,15540,37000
bot1,0.1 0.1 0.1 0.1 0.3 0.1 0.7 0.1 0.5 0.1,2167,arts computer_science mathematics,,24380,53000
bot1,0.1 0.1 0.1 0.1 0.3 0.1 0.7 0.1 0.5 0.1,2168,arts computer_science mathematics,like,20640,43000
bot1,0.1 0.1 0.1 0.1 0.3 0.1 0.7 0.1 0.5 0.1,2169,arts computer_science mathematics,like,19600,40000
bot1,0.1 0.1 0.1 0.1 0.3 0.1 0.7 0.1 0.5 0.1,2170,arts computer_science mathematics,like,24960,48000
bot1,0.1 0.1 0.1 0.1 0.3 0.1 0.7 0.1 0.5 0.1,2171,arts computer_science mathematics,like,28500,57000
bot1,0.1 0.1 0.1 0.1 0.3 0.1 0.7 0.1 0.5 0.1,2172,arts computer_science mathematics,,16740,31000
bot1,0.1 0.1 0.1 0.1 0.3 0.1 0.7 0.1 0.5 0.1,2173,arts computer_science mathematics,,23040,48000
bot1,0.1 0.1 0.1 0.1 0.3 0.1 0.7 0.1 0.5 0.1,2174,arts computer_science mathematics,like,23520,49000
bot1,0.1 0.1 0.1 0.1 0.3 0.1 0.7 0.1 0.5 0.1,2175,arts computer_science mathematics,like,29580,58000
bot1,0.1 0.1 0.1 0.1 0.3 0.1 0.7 0.1 0.5 0.1,2176,arts computer_science mathematics,like,15840,33000
bot1,0.1 0.1 0.1 0.1 0.3 0.1 0.7 0.1 0.5 0.1,2177,arts computer_science mathematics,,19320,42000
bot1,0.1 0.1 0.1 0.1 0.3 0.1 0.7 0.1 0.5 0.1,2178,arts computer_science mathematics,like,22360,43000
bot1,0.1 0.1 0.1 0.1 0.3 0.1 0.7 0.1 0.5 0.1,2179,arts computer_science mathematics,like,31350,57000
bot1,0.1 0.1 0.1 0.1 0.3 0.1 0.7 0.1 0.5 0.1,2180,arts computer_science mathematics,like,19080,36000
bot1,0.1 0.1 0.1 0.1 0.3 0.1 0.7 0.1 0.5 0.1,2181,arts computer_science mathematics,like,21600,48000
bot1,0.1 0.1 0.1 0.1 0.3 0.1 0.7 0.1 0.5 0.1,2182,arts computer_science mathematics,like,24200,44000
bot1,0.1 0.1 0.1 0.1 0.3 0.1 0.7 0.1 0.5 0.1,2183,arts computer_science mathematics,like,26790,57000
bot1,0.1 0.1 0.1 0.1 0.3 0.1 0.7 0.1 0.5 0.1,2184,arts computer_science mathematics,like,26460,54000
bot1,0.1 0.1 0.1 0.1 0.3 0.1 0.7 0.1 0.5 0.1,2185,arts computer_science music,,7600,40000
bot1,0.1 0.1 0.1 0.1 0.3 0.1 0.7 0.1 0.5 0.1,2186,arts computer_science music,,5950,35000
bot1,0.1 0.1 0.1 0.1 0.3 0.1 0.7 0.1 0.5 0.1,2187,arts computer_science music,,4960,31000
bot1,0.1 0.1 0.1 0.1 0.3 0.1 0.7 0.1 0.5 0.1,2188,arts computer_science music,,8360,38000
bot1,0.1 0.1 0.1 0.1 0.3 0.1 0.7 0.1 0.5 0.1,2189,arts computer_science music,,9720,54000
bot1,0.1 0.1 0.1 0.1 0.3 0.1 0.7 0.1 0.5 0.1,2190,arts computer_science music,,10260,54000
bot1,0.1 0.1 0.1 0.1 0.3 0.1 0.7 0.1 0.5 0.1,2191,arts computer_science music,,10450,55000
bot1,0.1 0.1 0.1 0.1 0.3 0.1 0.7 0.1 0.5 0.1,2192,arts computer_science music,,6080,32000
bot1,0.1 0.1 0.1 0.1 0.3 0.1 0.7 0.1 0.5 0.1,2193,arts computer_science music,,6880,43000
bot1,0.1 0.1 0.1 0.1 0.3 0.1 0.7 0.1 0.5 0.1,2194,arts computer_science music,,6720,42000
bot1,0.1 0.1 0.1 0.1 0.3 0.1 0.7 0.1 0.5 0.1,2195,arts computer_science music,,8550,45000
bot1,0.1 0.1 0.1 0.1 0.3 0.1 0.7 0.1 0.5 0.1,2196,arts computer_science music,,5580,31000
bot1,0.1 0.1 0.1 0.1 0.3 0.1 0.7 0.1 0.5 0.1,2197,arts computer_science music,,11660,53000
bot1,0.1 0.1 0.1 0.1 0.3 0.1 0.7 0.1 0.5 0.1,2198,arts computer_science music,,6300,30000
bot1,0.1 0.1 0.1 0.1 0.3 0.1 0.7 0.1 0.5 0.1,2199,arts computer_science music,,9180,54000
bot1,0.1 0.1 0.1 0.1 0.3 0.1 0.7 0.1 0.5 0.1,2200,arts computer_science music,,7200,36000
bot1,0.1 0.1 0.1 0.1 0.3 0.1 0.7 0.1 0.5 0.1,2201,arts computer_science music,,4800,30000
bot1,0.1 0.1 0.1 0.1 0.3 0.1 0.7 0.1 0.5 0.1,2202,arts computer_science music,,8510,37000
bot1,0.1 0.1 0.1 0.1 0.3 0.1 0.7 0.1 0.5 0.1,2203,arts computer_science music,,11020,58000
bot1,0.1 0.1 0.1 0.1 0.3 0.1 0.7 0.1 0.5 0.1,2204,arts computer_science music,,6120,34000
bot1,0.1 0.1 0.1 0.1 0.3 0.1 0.7 0.1 0.5 0.1,2205,arts computer_science music,,8280,46000
bot1,0.1 0.1 0.1 0.1 0.3 0.1 0.7 0.1 0.5 0.1,2206,arts computer_science music,,8400,35000
bot1,0.1 0.1 0.1 0.1 0.3 0.1 0.7 0.1 0.5 0.1,2207,arts computer_science music,,4960,31000
bot1,0.1 0.1 0.1 0.1 0.3 0.1 0.7 0.1 0.5 0.1,2208,arts computer_science music,,7020,39000
bot1,0.1 0.1 0.1 0.1 0.3 0.1 0.7 0.1 0.5 0.1,2209,arts computer_science music,,8740,46000
bot1,0.1 0.1 0.1 0.1 0.3 0.1 0.7 0.1 0.5 0.1,2210,arts computer_science music,,8000,40000
bot1,0.1 0.1 0.1 0.1 0.3 0.1 0.7 0.1 0.5 0.1,2211,arts computer_science music,,10200,51000
bot1,0.1 0.1 0.1 0.1 0.3 0.1 0.7 0.1 0.5 0.1,2212,arts computer_science music,,7600,40000
bot1,0.1 0.1 0.1 0.1 0.3 0.1 0.7 0.1 0.5 0.1,2213,arts computer_science physics,,16200,45000
bot1,0.1 0.1 0.1 0.1 0.3 0.1 0.7 0.1 0.5 0.1,2214,arts computer_science physics,,12960,36000
bot1,0.1 0.1 0.1 0.1 0.3 0.1 0.7 0.1 0.5 0.1,2215,arts computer_science physics,,21830,59000
bot1,0.1 0.1 0.1 0.1 0.3 0.1 0.7 0.1 0.5 0.1,2216,arts computer_science physics,like,17220,42000
bot1,0.1 0.1 0.1 0.1 0.3 0.1 0.7 0.1 0.5 0.1,2217,arts computer_science physics,,12950,37000
bot1,0.1 0.1 0.1 0.1 0.3 0.1 0.7 0.1 0.5 0.1,2218,arts computer_science physics,,12580,34000
bot1,0.1 0.1 0.1 0.1 0.3 0.1 0.7 0.1 0.5 0.1,2219,arts computer_science physics,like,9900,30000
bot1,0.1 0.1 0.1 0.1 0.3 0.1 0.7 0.1 0.5 0.1,2220,arts computer_science physics,,11200,35000
bot1,0.1 0.1 0.1 0.1 0.3 0.1 0.7 0.1 0.5 0.1,2221,arts computer_science physics,,18720,52000
bot1,0.1 0.1 0.1 0.1 0.3 0.1 0.7 0.1 0.5 0.1,2222,arts computer_science physics,like,12090,31000
bot1,0.1 0.1 0.1 0.1 0.3 0.1 0.7 0.1 0.5 0.1,2223,arts computer_science physics,like,17500,50000
bot1,0.1 0.1 0.1 0.1 0.3 0.1 0.7 0.1 0.5 0.1,2224,arts computer_science physics,,18330,47000
bot1,0.1 0.1 0.1 0.1 0.3 0.1 0.7 0.1 0.5 0.1,2225,arts computer_science physics,like,18130,49000
bot1,0.1 0.1 0.1 0.1 0.3 0.1 0.7 0.1 0.5 0.1,2226,arts computer_science physics,,20400,51000
bot1,0.1 0.1 0.1 0.1 0.3 0.1 0.7 0.1 0.5 0.1,2227,arts computer_science physics,like,20720,56000
bot1,0.1 0.1 0.1 0.1 0.3 0.1 0.7 0.1 0.5 0.1,2228,arts computer_science physics,like,17680,52000
bot1,0.1 0.1 0.1 0.1 0.3 0.1 0.7 0.1 0.5 0.1,2229,arts computer_science physics,,17160,44000
bot1,0.1 0.1 0.1 0.1 0.3 0.1 0.7 0.1 0.5 0.1,2230,arts computer_science physics,like,17390,47000
bot1,0.1 0.1 0.1 0.1 0.3 0.1 0.7 0.1 0.5 0.1,2231,arts computer_science physics,,17680,52000
bot1,0.1 0.1 0.1 0.1 0.3 0.1 0.7 0.1 0.5 0.1,2232,arts computer_science physics,like,16640,52000
bot1,0.1 0.1 0.1 0.1 0.3 0.1 0.7 0.1 0.5 0.1,2233,arts computer_science physics,like,10200,30000
bot1,0.1 0.1 0.1 0.1 0.3 0.1 0.7 0.1 0.5 0.1,2234,arts computer_science physics,like,19890,51000
bot1,0.1 0.1 0.1 0.1 0.3 0.1 0.7 0.1 0.5 0.1,2235,arts computer_science physics,,14720,46000
bot1,0.1 0.1 0.1 0.1 0.3 0.1 0.7 0.1 0.5 0.1,2236,arts computer_science physics,,17640,49000
bot1,0.1 0.1 0.1 0.1 0.3 0.1 0.7 0.1 0.5 0.1,2237,arts computer_science physics,,17630,43000
bot1,0.1 0.1 0.1 0.1 0.3 0.1 0.7 0.1 0.5 0.1,2238,arts computer_science physics,like,11880,33000
bot1,0.1 0.1 0.1 0.1 0.3 0.1 0.7 0.1 0.5 0.1,2239,arts computer_science physics,,19110,49000
bot1,0.1 0.1 0.1 0.1 0.3 0.1 0.7 0.1 0.5 0.1,2240,arts computer_science physics,,12540,33000
bot1,0.1 0.1 0.1 0.1 0.3 0.1 0.7 0.1 0.5 0.1,2241,arts computer_science psychology,,8550,45000
bot1,0.1 0.1 0.1 0.1 0.3 0.1 0.7 0.1 0.5 0.1,2242,arts computer_science psychology,,7920,36000
bot1,0.1 0.1 0.1 0.1 0.3 0.1 0.7 0.1 0.5 0.1,2243,arts computer_science psychology,,12320,56000
bot1,0.1 0.1 0.1 0.1 0.3 0.1 0.7 0.1 0.5 0.1,2244,arts computer_science psychology,,6480,36000
bot1,0.1 0.1 0.1 0.1 0.3 0.1 0.7 0.1 0.5 0.1,2245,arts computer_science psychology,,8170,43000
bot1,0.1 0.1 0.1 0.1 0.3 0.1 0.7 0.1 0.5 0.1,2246,arts computer_science psychology,,7440,31000
bot1,0.1 0.1 0.1 0.1 0.3 0.1 0.7 0.1 0.5 0.1,2247,arts computer_science psychology,,9440,59000
bot1,0.1 0.1 0.1 0.1 0.3 0.1 0.7 0.1 0.5 0.1,2248,arts computer_science psychology,,9440,59000
bot1,0.1 0.1 0.1 0.1 0.3 0.1 0.7 0.1 0.5 0.1,2249,arts computer_science psychology,,7030,37000
bot1,0.1 0.1 0.1 0.1 0.3 0.1 0.7 0.1 0.5 0.1,2250,arts computer_science psychology,,7140,51000
bot1,0.1 0.1 0.1 0.1 0.3 0.1 0.7 0.1 0.5 0.1,2251,arts computer_science psychology,,7260,33000
bot1,0.1 0.1 0.1 0.1 0.3 0.1 0.7 0.1 0.5 0.1,2252,arts computer_science psychology,,10710,51000
bot1,0.1 0.1 0.1 0.1 0.3 0.1 0.7 0.1 0.5 0.1,2253,arts computer_science psychology,like,15000,60000
bot1,0.1 0.1 0.1 0.1 0.3 0.1 0.7 0.1 0.5 0.1,2254,arts computer_science psychology,,8740,46000
bot1,0.1 0.1 0.1 0.1 0.3 0.1 0.7 0.1 0.5 0.1,2255,arts computer_science psychology,,11660,53000
bot1,0.1 0.1 0.1 0.1 0.3 0.1 0.7 0.1 0.5 0.1,2256,arts computer_science psychology,,8360,38000
bot1,0.1 0.1 0.1 0.1 0.3 0.1 0.7 0.1 0.5 0.1,2257,arts computer_science psychology,,9680,44000
bot1,0.1 0.1 0.1 0.1 0.3 0.1 0.7 0.1 0.5 0.1,2258,arts computer_science psychology,,7410,39000
bot1,0.1 0.1 0.1 0.1 0.3 0.1 0.7 0.1 0.5 0.1,2259,arts computer_science psychology,,5270,31000
bot1,0.1 0.1 0.1 0.1 0.3 0.1 0.7 0.1 0.5 0.1,2260,arts computer_science psychology,,7700,35000
bot1,0.1 0.1 0.1 0.1 0.3 0.1 0.7 0.1 0.5 0.1,2261,arts computer_science psychology,,9120,57000
bot1,0.1 0.1 0.1 0.1 0.3 0.1 0.7 0.1 0.5 0.1,2262,arts computer_science psychology,,11000,55000
bot1,0.1 0.1 0.1 0.1 0.3 0.1 0.7 0.1 0.5 0.1,2263,arts computer_science psychology,,8600,43000
bot1,0.1 0.1 0.1 0.1 0.3 0.1 0.7 0.1 0.5 0.1,2264,arts computer_science psychology,,6270,33000
bot1,0.1 0.1 0.1 0.1 0.3 0.1 0.7 0.1 0.5 0.1,2265,arts computer_science psychology,,9860,58000
bot1,0.1 0.1 0.1 0.1 0.3 0.1 0.7 0.1 0.5 0.1,2266,arts computer_science psychology,,13680,57000
bot1,0.1 0.1 0.1 0.1 0.3 0.1 0.7 0.1 0.5 0.1,2267,arts computer_science psychology,,9000,50000
bot1,0.1 0.1 0.1 0.1 0.3 0.1 0.7 0.1 0.5 0.1,2268,arts computer_science psychology,,8610,41000
bot1,0.1 0.1 0.1 0.1 0.3 0.1 0.7 0.1 0.5 0.1,2269,arts literature mathematics,like,30600,60000
bot1,0.1 0.1 0.1 0.1 0.3 0.1 0.7 0.1 0.5 0.1,2270,arts literature mathematics,,28420,58000
bot1,0.1 0.1 0.1 0.1 0.3 0.1 0.7 0.1 0.5 0.1,2271,arts literature mathematics,like,19680,41000
bot1,0.1 0.1 0.1 0.1 0.3 0.1 0.7 0.1 0.5 0.1,2272,arts literature mathematics,,16800,35000
bot1,0.1 0.1 0.1 0.1 0.3 0.1 0.7 0.1 0.5 0.1,2273,arts literature mathematics,,18060,42000
bot1,0.1 0.1 0.1 0.1 0.3 0.1 0.7 0.1 0.5 0.1,2274,arts literature mathematics,like,17860,38000
bot1,0.1 0.1 0.1 0.1 0.3 0.1 0.7 0.1 0.5 0.1,2275,arts literature mathematics,,28080,52000
bot1,0.1 0.1 0.1 0.1 0.3 0.1 0.7 0.1 0.5 0.1,2276,arts literature mathematics,,25850,55000
bot1,0.1 0.1 0.1 0.1 0.3 0.1 0.7 0.1 0.5 0.1,2277,arts literature mathematics,like,31900,58000
bot1,0.1 0.1 0.1 0.1 0.3 0.1 0.7 0.1 0.5 0.1,2278,arts literature mathematics,like,15840,33000
bot1,0.1 0.1 0.1 0.1 0.3 0.1 0.7 0.1 0.5 0.1,2279,arts literature mathematics,,25440,53000
bot1,0.1 0.1 0.1 0.1 0.3 0.1 0.7 0.1 0.5 0.1,2280,arts literature mathematics,,27000,60000
bot1,0.1 0.1 0.1 0.1 0.3 0.1 0.7 0.1 0.5 0.1,2281,arts literature mathematics,,16170,33000
bot1,0.1 0.1 0.1 0.1 0.3 0.1 0.7 0.1 0.5 0.1,2282,arts literature mathematics,like,24480,48000
bot1,0.1 0.1 0.1 0.1 0.3 0.1 0.7 0.1 0.5 0.1,2283,arts literature mathematics,like,21600,48000
bot1,0.1 0.1 0.1 0.1 0.3 0.1 0.7 0.1 0.5 0.1,2284,arts literature mathematics,like,17850,35000
bot1,0.1 0.1 0.1 0.1 0.3 0.1 0.7 0.1 0.5 0.1,2285,arts literature mathematics,like,28080,54000
bot1,0.1 0.1 0.1 0.1 0.3 0.1 0.7 0.1 0.5 0.1,2286,arts literature mathematics,like,15900,30000
bot1,0.1 0.1 0.1 0.1 0.3 0.1 0.7 0.1 0.5 0.1,2287,arts literature mathematics,,31320,58000
bot1,0.1 0.1 0.1 0.1 0.3 0.1 0.7 0.1 0.5 0.1,2288,arts literature mathematics,,29580,58000
bot1,0.1 0.1 0.1 0.1 0.3 0.1 0.7 0.1 0.5 0.1,2289,arts literature mathematics,like,27730,59000
bot1,0.1 0.1 0.1 0.1 0.3 0.1 0.7 0.1 0.5 0.1,2290,arts literature mathematics,like,28420,58000
bot1,0.1 0.1 0.1 0.1 0.3 0.1 0.7 0.1 0.5 0.1,2291,arts literature mathematics,like,14570,31000
bot1,0.1 0.1 0.1 0.1 0.3 0.1 0.7 0.1 0.5 0.1,2292,arts literature mathematics,,25000,50000
bot1,0.1 0.1 0.1 0.1 0.3 0.1 0.7 0.1 0.5 0.1,2293,arts literature mathematics,like,30160,52000
bot1,0.1 0.1 0.1 0.1 0.3 0.1 0.7 0.1 0.5 0.1,2294,arts literature mathematics,like,21620,46000
bot1,0.1 0.1 0.1 0.1 0.3 0.1 0.7 0.1 0.5 0.1,2295,arts literature mathematics,like,25440,48000
bot1,0.1 0.1 0.1 0.1 0.3 0.1 0.7 0.1 0.5 0.1,2296,arts literature mathematics,like,18870,37000
bot1,0.1 0.1 0.1 0.1 0.3 0.1 0.7 0.1 0.5 0.1,2297,arts literature music,,4590,51000
bot1,0.1 0.1 0.1 0.1 0.3 0.1 0.7 0.1 0.5 0.1,2298,arts literature music,,6440,46000
bot1,0.1 0.1 0.1 0.1 0.3 0.1 0.7 0.1 0.5 0.1,2299,arts literature music,,2080,52000
bot1,0.1 0.1 0.1 0.1 0.3 0.1 0.7 0.1 0.5 0.1,2300,arts literature music,,4730,43000
bot1,0.1 0.1 0.1 0.1 0.3 0.1 0.7 0.1 0.5 0.1,2301,arts literature music,,1850,37000
bot1,0.1 0.1 0.1 0.1 0.3 0.1 0.7 0.1 0.5 0.1,2302,arts literature music,,5100,51000
bot1,0.1 0.1 0.1 0.1 0.3 0.1 0.7 0.1 0.5 0.1,2303,arts literature music,,5460,42000
bot1,0.1 0.1 0.1 0.1 0.3 0.1 0.7 0.1 0.5 0.1,2304,arts literature music,,3920,56000
bot1,0.1 0.1 0.1 0.1 0.3 0.1 0.7 0.1 0.5 0.1,2305,arts literature music,,1960,49000
bot1,0.1 0.1 0.1 0.1 0.3 0.1 0.7 0.1 0.5 0.1,2306,arts literature music,,3000,50000
bot1,0.1 0.1 0.1 0.1 0.3 0.1 0.7 0.1 0.5 0.1,2307,arts literature music,,4140,46000
bot1,0.1 0.1 0.1 0.1 0.3 0.1 0.7 0.1 0.5 0.1,2308,arts literature music,,3420,57000
bot1,0.1 0.1 0.1 0.1 0.3 0.1 0.7 0.1 0.5 0.1,2309,arts literature music,,2100,35000
bot1,0.1 0.1 0.1 0.1 0.3 0.1 0.7 0.1 0.5 0.1,2310,arts literature music,,2250,45000
bot1,0.1 0.1 0.1 0.1 0.3 0.1 0.7 0.1 0.5 0.1,2311,arts literature music,,3200,40000
bot1,0.1 0.1 0.1 0.1 0.3 0.1 0.7 0.1 0.5 0.1,2312,arts literature music,,1860,31000
bot1,0.1 0.1 0.1 0.1 0.3 0.1 0.7 0.1 0.5 0.1,2313,arts literature music,,5170,47000
bot1,0.1 0.1 0.1 0.1 0.3 0.1 0.7 0.1 0.5 0.1,2314,arts literature music,,3360,42000
bot1,0.1 0.1 0.1 0.1 0.3 0.1 0.7 0.1 0.5 0.1,2315,arts literature music,,3200,32000
bot1,0.1 0.1 0.1 0.1 0.3 0.1 0.7 0.1 0.5 0.1,2316,arts literature music,,3300,55000
bot1,0.1 0.1 0.1 0.1 0.3 0.1 0.7 0.1 0.5 0.1,2317,arts literature music,,3200,32000
bot1,0.1 0.1 0.1 0.1 0.3 0.1 0.7 0.1 0.5 0.1,2318,arts literature music,,5280,44000
bot1,0.1 0.1 0.1 0.1 0.3 0.1 0.7 0.1 0.5 0.1,2319,arts literature music,,3600,45000
bot1,0.1 0.1 0.1 0.1 0.3 0.1 0.7 0.1 0.5 0.1,2320,arts literature music,,1800,30000
bot1,0.1 0.1 0.1 0.1 0.3 0.1 0.7 0.1 0.5 0.1,2321,arts literature music,,3010,43000
bot1,0.1 0.1 0.1 0.1 0.3 0.1 0.7 0.1 0.5 0.1,2322,arts literature music,,4230,47000
bot1,0.1 0.1 0.1 0.1 0.3 0.1 0.7 0.1 0.5 0.1,2323,arts literature music,,2240,32000
bot1,0.1 0.1 0.1 0.1 0.3 0.1 0.7 0.1 0.5 0.1,2324,arts literature music,,8400,60000
bot1,0.1 0.1 0.1 0.1 0.3 0.1 0.7 0.1 0.5 0.1,2325,arts literature physics,like,14430,39000
bot1,0.1 0.1 0.1 0.1 0.3 0.1 0.7 0.1 0.5 0.1,2326,arts literature physics,,15980,47000
bot1,0.1 0.1 0.1 0.1 0.3 0.1 0.7 0.1 0.5 0.1,2327,arts literature physics,like,17340,51000
bot1,0.1 0.1 0.1 0.1 0.3 0.1 0.7 0.1 0.5 0.1,2328,arts literature physics,like,12800,40000
bot1,0.1 0.1 0.1 0.1 0.3 0.1 0.7 0.1 0.5 0.1,2329,arts literature physics,,10230,31000
bot1,0.1 0.1 0.1 0.1 0.3 0.1 0.7 0.1 0.5 0.1,2330,arts literature physics,,19380,57000
bot1,0.1 0.1 0.1 0.1 0.3 0.1 0.7 0.1 0.5 0.1,2331,arts literature physics,,15510,47000
bot1,0.1 0.1 0.1 0.1 0.3 0.1 0.7 0.1 0.5 0.1,2332,arts literature physics,like,18130,49000
bot1,0.1 0.1 0.1 0.1 0.3 0.1 0.7 0.1 0.5 0.1,2333,arts literature physics,like,18360,51000
bot1,0.1 0.1 0.1 0.1 0.3 0.1 0.7 0.1 0.5 0.1,2334,arts literature physics,,13640,44000
bot1,0.1 0.1 0.1 0.1 0.3 0.1 0.7 0.1 0.5 0.1,2335,arts literature physics,,20520,54000
bot1,0.1 0.1 0.1 0.1 0.3 0.1 0.7 0.1 0.5 0.1,2336,arts literature physics,,11700,30000
bot1,0.1 0.1 0.1 0.1 0.3 0.1 0.7 0.1 0.5 0.1,2337,arts literature physics,like,15680,56000
bot1,0.1 0.1 0.1 0.1 0.3 0.1 0.7 0.1 0.5 0.1,2338,arts literature physics,like,17050,55000
bot1,0.1 0.1 0.1 0.1 0.3 0.1 0.7 0.1 0.5 0.1,2339,arts literature physics,,15180,46000
bot1,0.1 0.1 0.1 0.1 0.3 0.1 0.7 0.1 0.5 0.1,2340,arts literature physics,like,10890,33000
bot1,0.1 0.1 0.1 0.1 0.3 0.1 0.7 0.1 0.5 0.1,2341,arts literature physics,,9800,35000
bot1,0.1 0.1 0.1 0.1 0.3 0.1 0.7 0.1 0.5 0.1,2342,arts literature physics,like,20720,56000
bot1,0.1 0.1 0.1 0.1 0.3 0.1 0.7 0.1 0.5 0.1,2343,arts literature physics,like,19610,53000
bot1,0.1 0.1 0.1 0.1 0.3 0.1 0.7 0.1 0.5 0.1,2344,arts literature physics,like,10640,38000
bot1,0.1 0.1 0.1 0.1 0.3 0.1 0.7 0.1 0.5 0.1,2345,arts literature physics,,12960,36000
bot1,0.1 0.1 0.1 0.1 0.3 0.1 0.7 0.1 0.5 0.1,2346,arts literature physics,like,14820,57000
bot1,0.1 0.1 0.1 0.1 0.3 0.1 0.7 0.1 0.5 0.1,2347,arts literature physics,,16280,44000
bot1,0.1 0.1 0.1 0.1 0.3 0.1 0.7 0.1 0.5 0.1,2348,arts literature physics,,12240,36000
bot1,0.1 0.1 0.1 0.1 0.3 0.1 0.7 0.1 0.5 0.1,2349,arts literature physics,like,9570,33000
bot1,0.1 0.1 0.1 0.1 0.3 0.1 0.7 0.1 0.5 0.1,2350,arts literature physics,,9920,31000
bot1,0.1 0.1 0.1 0.1 0.3 0.1 0.7 0.1 0.5 0.1,2351,arts literature physics,like,17920,56000
bot1,0.1 0.1 0.1 0.1 0.3 0.1 0.7 0.1 0.5 0.1,2352,arts literature physics,like,11550,33000
bot1,0.1 0.1 0.1 0.1 0.3 0.1 0.7 0.1 0.5 0.1,2353,arts literature psychology,,4400,44000
bot1,0.1 0.1 0.1 0.1 0.3 0.1 0.7 0.1 0.5 0.1,2354,arts literature psychology,,2880,48000
bot1,0.1 0.1 0.1 0.1 0.3 0.1 0.7 0.1 0.5 0.1,2355,arts literature psychology,,3060,34000
bot1,0.1 0.1 0.1 0.1 0.3 0.1 0.7 0.1 0.5 0.1,2356,arts literature psychology,,1500,30000
bot1,0.1 0.1 0.1 0.1 0.3 0.1 0.7 0.1 0.5 0.1,2357,arts literature psychology,,2790,31000
bot1,0.1 0.1 0.1 0.1 0.3 0.1 0.7 0.1 0.5 0.1,2358,arts literature psychology,,4730,43000
bot1,0.1 0.1 0.1 0.1 0.3 0.1 0.7 0.1 0.5 0.1,2359,arts literature psychology,,3150,45000
bot1,0.1 0.1 0.1 0.1 0.3 0.1 0.7 0.1 0.5 0.1,2360,arts literature psychology,,5940,54000
bot1,0.1 0.1 0.1 0.1 0.3 0.1 0.7 0.1 0.5 0.1,2361,arts literature psychology,,5250,35000
bot1,0.1 0.1 0.1 0.1 0.3 0.1 0.7 0.1 0.5 0.1,2362,arts literature psychology,,3500,35000
bot1,0.1 0.1 0.1 0.1 0.3 0.1 0.7 0.1 0.5 0.1,2363,arts literature psychology,,3060,34000
bot1,0.1 0.1 0.1 0.1 0.3 0.1 0.7 0.1 0.5 0.1,2364,arts literature psychology,,4590,51000
bot1,0.1 0.1 0.1 0.1 0.3 0.1 0.7 0.1 0.5 0.1,2365,arts literature psychology,,5800,58000
bot1,0.1 0.1 0.1 0.1 0.3 0.1 0.7 0.1 0.5 0.1,2366,arts literature psychology,,4640,58000
bot1,0.1 0.1 0.1 0.1 0.3 0.1 0.7 0.1 0.5 0.1,2367,arts literature psychology,,2940,49000
bot1,0.1 0.1 0.1 0.1 0.3 0.1 0.7 0.1 0.5 0.1,2368,arts literature psychology,,7560,54000
bot1,0.1 0.1 0.1 0.1 0.3 0.1 0.7 0.1 0.5 0.1,2369,arts literature psychology,,2940,42000
bot1,0.1 0.1 0.1 0.1 0.3 0.1 0.7 0.1 0.5 0.1,2370,arts literature psychology,,2730,39000
bot1,0.1 0.1 0.1 0.1 0.3 0.1 0.7 0.1 0.5 0.1,2371,arts literature psychology,,2040,34000
bot1,0.1 0.1 0.1 0.1 0.3 0.1 0.7 0.1 0.5 0.1,2372,arts literature psychology,,4410,49000
bot1,0.1 0.1 0.1 0.1 0.3 0.1 0.7 0.1 0.5 0.1,2373,arts literature psychology,,4240,53000
bot1,0.1 0.1 0.1 0.1 0.3 0.1 0.7 0.1 0.5 0.1,2374,arts literature psychology,,5040,56000
bot1,0.1 0.1 0.1 0.1 0.3 0.1 0.7 0.1 0.5 0.1,2375,arts literature psychology,,3990,57000
bot1,0.1 0.1 0.1 0.1 0.3 0.1 0.7 0.1 0.5 0.1,2376,arts literature psychology,,4240,53000
bot1,0.1 0.1 0.1 0.1 0.3 0.1 0.7 0.1 0.5 0.1,2377,arts literature psychology,,5000,50000
bot1,0.1 0.1 0.1 0.1 0.3 0.1 0.7 0.1 0.5 0.1,2378,arts literature psychology,,2160,36000
bot1,0.1 0.1 0.1 0.1 0.3 0.1 0.7 0.1 0.5 0.1,2379,arts literature psychology,,4680,39000
bot1,0.1 0.1 0.1 0.1 0.3 0.1 0.7 0.1 0.5 0.1,2380,arts literature psychology,,7080,59000
bot1,0.1 0.1 0.1 0.1 0.3 0.1 0.7 0.1 0.5 0.1,2381,arts mathematics music,,25480,52000
bot1,0.1 0.1 0.1 0.1 0.3 0.1 0.7 0.1 0.5 0.1,2382,arts mathematics music,like,27000,60000
bot1,0.1 0.1 0.1 0.1 0.3 0.1 0.7 0.1 0.5 0.1,2383,arts mathematics music,,23970,47000
bot1,0.1 0.1 0.1 0.1 0.3 0.1 0.7 0.1 0.5 0.1,2384,arts mathematics music,,19200,40000
bot1,0.1 0.1 0.1 0.1 0.3 0.1 0.7 0.1 0.5 0.1,2385,arts mathematics music,like,22140,54000
bot1,0.1 0.1 0.1 0.1 0.3 0.1 0.7 0.1 0.5 0.1,2386,arts mathematics music,,19350,45000
bot1,0.1 0.1 0.1 0.1 0.3 0.1 0.7 0.1 0.5 0.1,2387,arts mathematics music,,26400,60000
bot1,0.1 0.1 0.1 0.1 0.3 0.1 0.7 0.1 0.5 0.1,2388,arts mathematics music,like,20210,43000
bot1,0.1 0.1 0.1 0.1 0.3 0.1 0.7 0.1 0.5 0.1,2389,arts mathematics music,like,30740,58000
bot1,0.1 0.1 0.1 0.1 0.3 0.1 0.7 0.1 0.5 0.1,2390,arts mathematics music,,18720,39000
bot1,0.1 0.1 0.1 0.1 0.3 0.1 0.7 0.1 0.5 0.1,2391,arts mathematics music,like,19350,43000
bot1,0.1 0.1 0.1 0.1 0.3 0.1 0.7 0.1 0.5 0.1,2392,arts mathematics music,,22080,46000
bot1,0.1 0.1 0.1 0.1 0.3 0.1 0.7 0.1 0.5 0.1,2393,arts mathematics music,,22260,42000
bot1,0.1 0.1 0.1 0.1 0.3 0.1 0.7 0.1 0.5 0.1,2394,arts mathematics music,like,26520,51000
bot1,0.1 0.1 0.1 0.1 0.3 0.1 0.7 0.1 0.5 0.1,2395,arts mathematics music,like,19760,38000
bot1,0.1 0.1 0.1 0.1 0.3 0.1 0.7 0.1 0.5 0.1,2396,arts mathematics music,like,16100,35000
bot1,0.1 0.1 0.1 0.1 0.3 0.1 0.7 0.1 0.5 0.1,2397,arts mathematics music,,24990,51000
bot1,0.1 0.1 0.1 0.1 0.3 0.1 0.7 0.1 0.5 0.1,2398,arts mathematics music,like,30800,56000
bot1,0.1 0.1 0.1 0.1 0.3 0.1 0.7 0.1 0.5 0.1,2399,arts mathematics music,like,24200,55000
bot1,0.1 0.1 0.1 0.1 0.3 0.1 0.7 0.1 0.5 0.1,2400,arts mathematics music,like,23760,54000
bot1,0.1 0.1 0.1 0.1 0.3 0.1 0.7 0.1 0.5 0.1,2401,arts mathematics music,,22140,41000
bot1,0.1 0.1 0.1 0.1 0.3 0.1 0.7 0.1 0.5 0.1,2402,arts mathematics music,like,16830,33000
bot1,0.1 0.1 0.1 0.1 0.3 0.1 0.7 0.1 0.5 0.1,2403,arts mathematics music,like,22950,51000
bot1,0.1 0.1 0.1 0.1 0.3 0.1 0.7 0.1 0.5 0.1,2404,arts mathematics music,like,29640,57000
bot1,0.1 0.1 0.1 0.1 0.3 0.1 0.7 0.1 0.5 0.1,2405,arts mathematics music,like,25000,50000
bot1,0.1 0.1 0.1 0.1 0.3 0.1 0.7 0.1 0.5 0.1,2406,arts mathematics music,,19240,37000
bot1,0.1 0.1 0.1 0.1 0.3 0.1 0.7 0.1 0.5 0.1,2407,arts mathematics music,like,29150,55000
bot1,0.1 0.1 0.1 0.1 0.3 0.1 0.7 0.1 0.5 0.1,2408,arts mathematics music,like,19500,39000
bot1,0.1 0.1 0.1 0.1 0.3 0.1 0.7 0.1 0.5 0.1,2409,arts mathematics physics,like,16430,31000
bot1,0.1 0.1 0.1 0.1 0.3 0.1 0.7 0.1 0.5 0.1,2410,arts mathematics physics,like,19740,42000
bot1,0.1 0.1 0.1 0.1 0.3 0.1 0.7 0.1 0.5 0.1,2411,arts mathematics physics,like,30250,55000
bot1,0.1 0.1 0.1 0.1 0.3 0.1 0.7 0.1 0.5 0.1,2412,arts mathematics physics,like,23600,40000
bot1,0.1 0.1 0.1 0.1 0.3 0.1 0.7 0.1 0.5 0.1,2413,arts mathematics physics,like,17050,31000
bot1,0.1 0.1 0.1 0.1 0.3 0.1 0.7 0.1 0.5 0.1,2414,arts mathematics physics,like,19380,38000
bot1,0.1 0.1 0.1 0.1 0.3 0.1 0.7 0.1 0.5 0.1,2415,arts mathematics physics,like,30780,57000
bot1,0.1 0.1 0.1 0.1 0.3 0.1 0.7 0.1 0.5 0.1,2416,arts mathematics physics,like,31920,57000
bot1,0.1 0.1 0.1 0.1 0.3 0.1 0.7 0.1 0.5 0.1,2417,arts mathematics physics,,19610,37000
bot1,0.1 0.1 0.1 0.1 0.3 0.1 0.7 0.1 0.5 0.1,2418,arts mathematics physics,like,28600,52000
bot1,0.1 0.1 0.1 0.1 0.3 0.1 0.7 0.1 0.5 0.1,2419,arts mathematics physics,like,22960,41000
bot1,0.1 0.1 0.1 0.1 0.3 0.1 0.7 0.1 0.5 0.1,2420,arts mathematics physics,like,26790,47000
bot1,0.1 0.1 0.1 0.1 0.3 0.1 0.7 0.1 0.5 0.1,2421,arts mathematics physics,like,18360,36000
bot1,0.1 0.1 0.1 0.1 0.3 0.1 0.7 0.1 0.5 0.1,2422,arts mathematics physics,like,34200,60000
bot1,0.1 0.1 0.1 0.1 0.3 0.1 0.7 0.1 0.5 0.1,2423,arts mathematics physics,like,24200,44000
bot1,0.1 0.1 0.1 0.1 0.3 0.1 0.7 0.1 0.5 0.1,2424,arts mathematics physics,,27540,51000
bot1,0.1 0.1 0.1 0.1 0.3 0.1 0.7 0.1 0.5 0.1,2425,arts mathematics physics,like,31200,60000
bot1,0.1 0.1 0.1 0.1 0.3 0.1 0.7 0.1 0.5 0.1,2426,arts mathematics physics,like,23000,46000
bot1,0.1 0.1 0.1 0.1 0.3 0.1 0.7 0.1 0.5 0.1,2427,arts mathematics physics,like,16120,31000
bot1,0.1 0.1 0.1 0.1 0.3 0.1 0.7 0.1 0.5 0.1,2428,arts mathematics physics,like,25380,47000
bot1,0.1 0.1 0.1 0.1 0.3 0.1 0.7 0.1 0.5 0.1,2429,arts mathematics physics,like,18900,35000
bot1,0.1 0.1 0.1 0.1 0.3 0.1 0.7 0.1 0.5 0.1,2430,arts mathematics physics,like,21280,38000
bot1,0.1 0.1 0.1 0.1 0.3 0.1 0.7 0.1 0.5 0.1,2431,arts mathematics physics,like,22880,44000
bot1,0.1 0.1 0.1 0.1 0.3 0.1 0.7 0.1 0.5 0.1,2432,arts mathematics physics,like,18700,34000
bot1,0.1 0.1 0.1 0.1 0.3 0.1 0.7 0.1 0.5 0.1,2433,arts mathematics physics,like,30090,59000
bot1,0.1 0.1 0.1 0.1 0.3 0.1 0.7 0.1 0.5 0.1,2434,arts mathematics physics,,17050,31000
bot1,0.1 0.1 0.1 0.1 0.3 0.1 0.7 0.1 0.5 0.1,2435,arts mathematics physics,like,24500,50000
bot1,0.1 0.1 0.1 0.1 0.3 0.1 0.7 0.1 0.5 0.1,2436,arts mathematics physics,like,28560,51000
bot1,0.1 0.1 0.1 0.1 0.3 0.1 0.7 0.1 0.5 0.1,2437,arts mathematics psychology,like,28050,55000
bot1,0.1 0.1 0.1 0.1 0.3 0.1 0.7 0.1 0.5 0.1,2438,arts mathematics psychology,like,19270,41000
bot1,0.1 0.1 0.1 0.1 0.3 0.1 0.7 0.1 0.5 0.1,2439,arts mathematics psychology,like,26000,52000
bot1,0.1 0.1 0.1 0.1 0.3 0.1 0.7 0.1 0.5 0.1,2440,arts mathematics psychology,like,17760,37000
bot1,0.1 0.1 0.1 0.1 0.3 0.1 0.7 0.1 0.5 0.1,2441,arts mathematics psychology,,22540,46000
bot1,0.1 0.1 0.1 0.1 0.3 0.1 0.7 0.1 0.5 0.1,2442,arts mathematics psychology,like,23920,46000
bot1,0.1 0.1 0.1 0.1 0.3 0.1 0.7 0.1 0.5 0.1,2443,arts mathematics psychology,like,24910,47000
bot1,0.1 0.1 0.1 0.1 0.3 0.1 0.7 0.1 0.5 0.1,2444,arts mathematics psychology,like,14400,32000
bot1,0.1 0.1 0.1 0.1 0.3 0.1 0.7 0.1 0.5 0.1,2445,arts mathematics psychology,,27260,58000
bot1,0.1 0.1 0.1 0.1 0.3 0.1 0.7 0.1 0.5 0.1,2446,arts mathematics psychology,like,21200,40000
bot1,0.1 0.1 0.1 0.1 0.3 0.1 0.7 0.1 0.5 0.1,2447,arts mathematics psychology,,19500,39000
bot1,0.1 0.1 0.1 0.1 0.3 0.1 0.7 0.1 0.5 0.1,2448,arts mathematics psychology,like,28080,54000
bot1,0.1 0.1 0.1 0.1 0.3 0.1 0.7 0.1 0.5 0.1,2449,arts mathematics psychology,like,20700,45000
bot1,0.1 0.1 0.1 0.1 0.3 0.1 0.7 0.1 0.5 0.1,2450,arts mathematics psychology,like,26880,56000
bot1,0.1 0.1 0.1 0.1 0.3 0.1 0.7 0.1 0.5 0.1,2451,arts mathematics psychology,,25000,50000
bot1,0.1 0.1 0.1 0.1 0.3 0.1 0.7 0.1 0.5 0.1,2452,arts mathematics psychology,like,25500,51000
bot1,0.1 0.1 0.1 0.1 0.3 0.1 0.7 0.1 0.5 0.1,2453,arts mathematics psychology,,18500,37000
bot1,0.1 0.1 0.1 0.1 0.3 0.1 0.7 0.1 0.5 0.1,2454,arts mathematics psychology,like,25970,49000
bot1,0.1 0.1 0.1 0.1 0.3 0.1 0.7 0.1 0.5 0.1,2455,arts mathematics psychology,like,18130,37000
bot1,0.1 0.1 0.1 0.1 0.3 0.1 0.7 0.1 0.5 0.1,2456,arts mathematics psychology,like,23970,51000
bot1,0.1 0.1 0.1 0.1 0.3 0.1 0.7 0.1 0.5 0.1,2457,arts mathematics psychology,like,21000,42000
bot1,0.1 0.1 0.1 0.1 0.3 0.1 0.7 0.1 0.5 0.1,2458,arts mathematics psychology,,29400,60000
bot1,0.1 0.1 0.1 0.1 0.3 0.1 0.7 0.1 0.5 0.1,2459,arts mathematics psychology,,18240,38000
bot1,0.1 0.1 0.1 0.1 0.3 0.1 0.7 0.1 0.5 0.1,2460,arts mathematics psychology,like,19110,39000
bot1,0.1 0.1 0.1 0.1 0.3 0.1 0.7 0.1 0.5 0.1,2461,arts mathematics psychology,,22540,46000
bot1,0.1 0.1 0.1 0.1 0.3 0.1 0.7 0.1 0.5 0.1,2462,arts mathematics psychology,like,21730,41000
bot1,0.1 0.1 0.1 0.1 0.3 0.1 0.7 0.1 0.5 0.1,2463,arts mathematics psychology,like,20240,46000
bot1,0.1 0.1 0.1 0.1 0.3 0.1 0.7 0.1 0.5 0.1,2464,arts mathematics psychology,like,13640,31000
bot1,0.1 0.1 0.1 0.1 0.3 0.1 0.7 0.1 0.5 0.1,2465,arts music physics,like,16500,50000
bot1,0.1 0.1 0.1 0.1 0.3 0.1 0.7 0.1 0.5 0.1,2466,arts music physics,,17020,46000
bot1,0.1 0.1 0.1 0.1 0.3 0.1 0.7 0.1 0.5 0.1,2467,arts music physics,like,11220,33000
bot1,0.1 0.1 0.1 0.1 0.3 0.1 0.7 0.1 0.5 0.1,2468,arts music physics,,20400,60000
bot1,0.1 0.1 0.1 0.1 0.3 0.1 0.7 0.1 0.5 0.1,2469,arts music physics,like,14570,47000
bot1,0.1 0.1 0.1 0.1 0.3 0.1 0.7 0.1 0.5 0.1,2470,arts music physics,,9280,32000
bot1,0.1 0.1 0.1 0.1 0.3 0.1 0.7 0.1 0.5 0.1,2471,arts music physics,,17000,50000
bot1,0.1 0.1 0.1 0.1 0.3 0.1 0.7 0.1 0.5 0.1,2472,arts music physics,like,19380,57000
bot1,0.1 0.1 0.1 0.1 0.3 0.1 0.7 0.1 0.5 0.1,2473,arts music physics,like,21840,56000
bot1,0.1 0.1 0.1 0.1 0.3 0.1 0.7 0.1 0.5 0.1,2474,arts music physics,like,15510,47000
bot1,0.1 0.1 0.1 0.1 0.3 0.1 0.7 0.1 0.5 0.1,2475,arts music physics,like,17980,58000
bot1,0.1 0.1 0.1 0.1 0.3 0.1 0.7 0.1 0.5 0.1,2476,arts music physics,like,18900,54000
bot1,0.1 0.1 0.1 0.1 0.3 0.1 0.7 0.1 0.5 0.1,2477,arts music physics,like,20160,56000
bot1,0.1 0.1 0.1 0.1 0.3 0.1 0.7 0.1 0.5 0.1,2478,arts music physics,,18020,53000
bot1,0.1 0.1 0.1 0.1 0.3 0.1 0.7 0.1 0.5 0.1,2479,arts music physics,like,10200,30000
bot1,0.1 0.1 0.1 0.1 0.3 0.1 0.7 0.1 0.5 0.1,2480,arts music physics,like,13600,40000
bot1,0.1 0.1 0.1 0.1 0.3 0.1 0.7 0.1 0.5 0.1,2481,arts music physics,,11200,32000
bot1,0.1 0.1 0.1 0.1 0.3 0.1 0.7 0.1 0.5 0.1,2482,arts music physics,like,20350,55000
bot1,0.1 0.1 0.1 0.1 0.3 0.1 0.7 0.1 0.5 0.1,2483,arts music physics,,9280,32000
bot1,0.1 0.1 0.1 0.1 0.3 0.1 0.7 0.1 0.5 0.1,2484,arts music physics,like,11100,37000
bot1,0.1 0.1 0.1 0.1 0.3 0.1 0.7 0.1 0.5 0.1,2485,arts music physics,,13760,43000
bot1,0.1 0.1 0.1 0.1 0.3 0.1 0.7 0.1 0.5 0.1,2486,arts music physics,,17000,50000
bot1,0.1 0.1 0.1 0.1 0.3 0.1 0.7 0.1 0.5 0.1,2487,arts music physics,like,12400,40000
bot1,0.1 0.1 0.1 0.1 0.3 0.1 0.7 0.1 0.5 0.1,2488,arts music physics,like,16830,51000
bot1,0.1 0.1 0.1 0.1 0.3 0.1 0.7 0.1 0.5 0.1,2489,arts music physics,,9000,30000
bot1,0.1 0.1 0.1 0.1 0.3 0.1 0.7 0.1 0.5 0.1,2490,arts music physics,like,16660,49000
bot1,0.1 0.1 0.1 0.1 0.3 0.1 0.7 0.1 0.5 0.1,2491,arts music physics,like,20140,53000
bot1,0.1 0.1 0.1 0.1 0.3 0.1 0.7 0.1 0.5 0.1,2492,arts music physics,,17680,52000
bot1,0.1 0.1 0.1 0.1 0.3 0.1 0.7 0.1 0.5 0.1,2493,arts music psychology,,2050,41000
bot1,0.1 0.1 0.1 0.1 0.3 0.1 0.7 0.1 0.5 0.1,2494,arts music psychology,,2970,33000
bot1,0.1 0.1 0.1 0.1 0.3 0.1 0.7 0.1 0.5 0.1,2495,arts music psychology,,4080,51000
bot1,0.1 0.1 0.1 0.1 0.3 0.1 0.7 0.1 0.5 0.1,2496,arts music psychology,,4160,32000
bot1,0.1 0.1 0.1 0.1 0.3 0.1 0.7 0.1 0.5 0.1,2497,arts music psychology,,5900,59000
bot1,0.1 0.1 0.1 0.1 0.3 0.1 0.7 0.1 0.5 0.1,2498,arts music psychology,,3780,42000
bot1,0.1 0.1 0.1 0.1 0.3 0.1 0.7 0.1 0.5 0.1,2499,arts music psychology,,1800,30000
bot1,0.1 0.1 0.1 0.1 0.3 0.1 0.7 0.1 0.5 0.1,2500,arts music psychology,,5640,47000
bot1,0.1 0.1 0.1 0.1 0.3 0.1 0.7 0.1 0.5 0.1,2501,arts music psychology,,9010,53000
bot1,0.1 0.1 0.1 0.1 0.3 0.1 0.7 0.1 0.5 0.1,2502,arts music psychology,,3850,55000
bot1,0.1 0.1 0.1 0.1 0.3 0.1 0.7 0.1 0.5 0.1,2503,arts music psychology,,2340,39000
bot1,0.1 0.1 0.1 0.1 0.3 0.1 0.7 0.1 0.5 0.1,2504,arts music psychology,,2720,34000
bot1,0.1 0.1 0.1 0.1 0.3 0.1 0.7 0.1 0.5 0.1,2505,arts music psychology,,5220,58000
bot1,0.1 0.1 0.1 0.1 0.3 0.1 0.7 0.1 0.5 0.1,2506,arts music psychology,,3300,55000
bot1,0.1 0.1 0.1 0.1 0.3 0.1 0.7 0.1 0.5 0.1,2507,arts music psychology,,5500,50000
bot1,0.1 0.1 0.1 0.1 0.3 0.1 0.7 0.1 0.5 0.1,2508,arts music psychology,,4800,60000
bot1,0.1 0.1 0.1 0.1 0.3 0.1 0.7 0.1 0.5 0.1,2509,arts music psychology,,6270,57000
bot1,0.1 0.1 0.1 0.1 0.3 0.1 0.7 0.1 0.5 0.1,2510,arts music psychology,,1980,33000
bot1,0.1 0.1 0.1 0.1 0.3 0.1 0.7 0.1 0.5 0.1,2511,arts music psychology,,5760,48000
bot1,0.1 0.1 0.1 0.1 0.3 0.1 0.7 0.1 0.5 0.1,2512,arts music psychology,,1880,47000
bot1,0.1 0.1 0.1 0.1 0.3 0.1 0.7 0.1 0.5 0.1,2513,arts music psychology,,2560,32000
bot1,0.1 0.1 0.1 0.1 0.3 0.1 0.7 0.1 0.5 0.1,2514,arts music psychology,,2650,53000
bot1,0.1 0.1 0.1 0.1 0.3 0.1 0.7 0.1 0.5 0.1,2515,arts music psychology,,5830,53000
bot1,0.1 0.1 0.1 0.1 0.3 0.1 0.7 0.1 0.5 0.1,2516,arts music psychology,,4300,43000
bot1,0.1 0.1 0.1 0.1 0.3 0.1 0.7 0.1 0.5 0.1,2517,arts music psychology,,2280,57000
bot1,0.1 0.1 0.1 0.1 0.3 0.1 0.7 0.1 0.5 0.1,2518,arts music psychology,,5250,35000
bot1,0.1 0.1 0.1 0.1 0.3 0.1 0.7 0.1 0.5 0.1,2519,arts music psychology,,3430,49000
bot1,0.1 0.1 0.1 0.1 0.3 0.1 0.7 0.1 0.5 0.1,2520,arts music psychology,,2880,36000
bot1,0.1 0.1 0.1 0.1 0.3 0.1 0.7 0.1 0.5 0.1,2521,arts physics psychology,,17850,51000
bot1,0.1 0.1 0.1 0.1 0.3 0.1 0.7 0.1 0.5 0.1,2522,arts physics psychology,like,18810,57000
bot1,0.1 0.1 0.1 0.1 0.3 0.1 0.7 0.1 0.5 0.1,2523,arts physics psychology,,21600,54000
bot1,0.1 0.1 0.1 0.1 0.3 0.1 0.7 0.1 0.5 0.1,2524,arts physics psychology,like,16450,47000
bot1,0.1 0.1 0.1 0.1 0.3 0.1 0.7 0.1 0.5 0.1,2525,arts physics psychology,,15980,47000
bot1,0.1 0.1 0.1 0.1 0.3 0.1 0.7 0.1 0.5 0.1,2526,arts physics psychology,like,16830,51000
bot1,0.1 0.1 0.1 0.1 0.3 0.1 0.7 0.1 0.5 0.1,2527,arts physics psychology,,13200,33000
bot1,0.1 0.1 0.1 0.1 0.3 0.1 0.7 0.1 0.5 0.1,2528,arts physics psychology,,16320,48000
bot1,0.1 0.1 0.1 0.1 0.3 0.1 0.7 0.1 0.5 0.1,2529,arts physics psychology,like,14800,40000
bot1,0.1 0.1 0.1 0.1 0.3 0.1 0.7 0.1 0.5 0.1,2530,arts physics psychology,,17850,51000
bot1,0.1 0.1 0.1 0.1 0.3 0.1 0.7 0.1 0.5 0.1,2531,arts physics psychology,,9570,33000
bot1,0.1 0.1 0.1 0.1 0.3 0.1 0.7 0.1 0.5 0.1,2532,arts physics psychology,like,11520,32000
bot1,0.1 0.1 0.1 0.1 0.3 0.1 0.7 0.1 0.5 0.1,2533,arts physics psychology,like,13600,40000
bot1,0.1 0.1 0.1 0.1 0.3 0.1 0.7 0.1 0.5 0.1,2534,arts physics psychology,,13600,40000
bot1,0.1 0.1 0.1 0.1 0.3 0.1 0.7 0.1 0.5 0.1,2535,arts physics psychology,,14040,39000
bot1,0.1 0.1 0.1 0.1 0.3 0.1 0.7 0.1 0.5 0.1,2536,arts physics psychology,like,9860,34000
bot1,0.1 0.1 0.1 0.1 0.3 0.1 0.7 0.1 0.5 0.1,2537,arts physics psychology,,12710,41000
bot1,0.1 0.1 0.1 0.1 0.3 0.1 0.7 0.1 0.5 0.1,2538,arts physics psychology,,18600,60000
bot1,0.1 0.1 0.1 0.1 0.3 0.1 0.7 0.1 0.5 0.1,2539,arts physics psychology,,9300,30000
bot1,0.1 0.1 0.1 0.1 0.3 0.1 0.7 0.1 0.5 0.1,2540,arts physics psychology,like,18150,55000
bot1,0.1 0.1 0.1 0.1 0.3 0.1 0.7 0.1 0.5 0.1,2541,arts physics psychology,,20140,53000
bot1,0.1 0.1 0.1 0.1 0.3 0.1 0.7 0.1 0.5 0.1,2542,arts physics psychology,like,11400,38000
bot1,0.1 0.1 0.1 0.1 0.3 0.1 0.7 0.1 0.5 0.1,2543,arts physics psychology,like,12240,34000
bot1,0.1 0.1 0.1 0.1 0.3 0.1 0.7 0.1 0.5 0.1,2544,arts physics psychology,like,11200,40000
bot1,0.1 0.1 0.1 0.1 0.3 0.1 0.7 0.1 0.5 0.1,2545,arts physics psychology,like,16280,44000
bot1,0.1 0.1 0.1 0.1 0.3 0.1 0.7 0.1 0.5 0.1,2546,arts physics psychology,,18900,54000
bot1,0.1 0.1 0.1 0.1 0.3 0.1 0.7 0.1 0.5 0.1,2547,arts physics psychology,,16450,47000
bot1,0.1 0.1 0.1 0.1 0.3 0.1 0.7 0.1 0.5 0.1,2548,arts physics psychology,like,14500,50000
bot1,0.1 0.1 0.1 0.1 0.3 0.1 0.7 0.1 0.5 0.1,2549,biology business chemistry,,7280,56000
bot1,0.1 0.1 0.1 0.1 0.3 0.1 0.7 0.1 0.5 0.1,2550,biology business chemistry,,6720,56000
bot1,0.1 0.1 0.1 0.1 0.3 0.1 0.7 0.1 0.5 0.1,2551,biology business chemistry,,7050,47000
bot1,0.1 0.1 0.1 0.1 0.3 0.1 0.7 0.1 0.5 0.1,2552,biology business chemistry,,3710,53000
bot1,0.1 0.1 0.1 0.1 0.3 0.1 0.7 0.1 0.5 0.1,2553,biology business chemistry,,2880,32000
bot1,0.1 0.1 0.1 0.1 0.3 0.1 0.7 0.1 0.5 0.1,2554,biology business chemistry,,4060,58000
bot1,0.1 0.1 0.1 0.1 0.3 0.1 0.7 0.1 0.5 0.1,2555,biology business chemistry,,5980,46000
bot1,0.1 0.1 0.1 0.1 0.3 0.1 0.7 0.1 0.5 0.1,2556,biology business chemistry,,4480,56000
bot1,0.1 0.1 0.1 0.1 0.3 0.1 0.7 0.1 0.5 0.1,2557,biology business chemistry,,3780,42000
bot1,0.1 0.1 0.1 0.1 0.3 0.1 0.7 0.1 0.5 0.1,2558,biology business chemistry,,3960,36000
bot1,0.1 0.1 0.1 0.1 0.3 0.1 0.7 0.1 0.5 0.1,2559,biology business chemistry,,3290,47000
bot1,0.1 0.1 0.1 0.1 0.3 0.1 0.7 0.1 0.5 0.1,2560,biology business chemistry,,6380,58000
bot1,0.1 0.1 0.1 0.1 0.3 0.1 0.7 0.1 0.5 0.1,2561,biology business chemistry,,4050,45000
bot1,0.1 0.1 0.1 0.1 0.3 0.1 0.7 0.1 0.5 0.1,2562,biology business chemistry,,2720,34000
bot1,0.1 0.1 0.1 0.1 0.3 0.1 0.7 0.1 0.5 0.1,2563,biology business chemistry,,4070,37000
bot1,0.1 0.1 0.1 0.1 0.3 0.1 0.7 0.1 0.5 0.1,2564,biology business chemistry,,1920,48000
bot1,0.1 0.1 0.1 0.1 0.3 0.1 0.7 0.1 0.5 0.1,2565,biology business chemistry,,2340,39000
bot1,0.1 0.1 0.1 0.1 0.3 0.1 0.7 0.1 0.5 0.1,2566,biology business chemistry,,3220,46000
bot1,0.1 0.1 0.1 0.1 0.3 0.1 0.7 0.1 0.5 0.1,2567,biology business chemistry,,4200,42000
bot1,0.1 0.1 0.1 0.1 0.3 0.1 0.7 0.1 0.5 0.1,2568,biology business chemistry,,3600,30000
bot1,0.1 0.1 0.1 0.1 0.3 0.1 0.7 0.1 0.5 0.1,2569,biology business chemistry,,3420,57000
bot1,0.1 0.1 0.1 0.1 0.3 0.1 0.7 0.1 0.5 0.1,2570,biology business chemistry,,3920,49000
bot1,0.1 0.1 0.1 0.1 0.3 0.1 0.7 0.1 0.5 0.1,2571,biology business chemistry,,4320,54000
bot1,0.1 0.1 0.1 0.1 0.3 0.1 0.7 0.1 0.5 0.1,2572,biology business chemistry,,3520,44000
bot1,0.1 0.1 0.1 0.1 0.3 0.1 0.7 0.1 0.5 0.1,2573,biology business chemistry,,2880,48000
bot1,0.1 0.1 0.1 0.1 0.3 0.1 0.7 0.1 0.5 0.1,2574,biology business chemistry,,5100,51000
bot1,0.1 0.1 0.1 0.1 0.3 0.1 0.7 0.1 0.5 0.1,2575,biology business chemistry,,2720,34000
bot1,0.1 0.1 0.1 0.1 0.3 0.1 0.7 0.1 0.5 0.1,2576,biology business chemistry,,5850,45000
bot1,0.1 0.1 0.1 0.1 0.3 0.1 0.7 0.1 0.5 0.1,2577,biology business computer_science,,6510,31000
bot1,0.1 0.1 0.1 0.1 0.3 0.1 0.7 0.1 0.5 0.1,2578,biology business computer_science,,10350,45000
bot1,0.1 0.1 0.1 0.1 0.3 0.1 0.7 0.1 0.5 0.1,2579,biology business computer_science,like,9500,38000
bot1,0.1 0.1 0.1 0.1 0.3 0.1 0.7 0.1 0.5 0.1,2580,biology business computer_science,,4030,31000
bot1,0.1 0.1 0.1 0.1 0.3 0.1 0.7 0.1 0.5 0.1,2581,biology business computer_science,,7360,46000
bot1,0.1 0.1 0.1 0.1 0.3 0.1 0.7 0.1 0.5 0.1,2582,biology business computer_science,,8610,41000
bot1,0.1 0.1 0.1 0.1 0.3 0.1 0.7 0.1 0.5 0.1,2583,biology business computer_science,,9440,59000
bot1,0.1 0.1 0.1 0.1 0.3 0.1 0.7 0.1 0.5 0.1,2584,biology business computer_science,,4650,31000
bot1,0.1 0.1 0.1 0.1 0.3 0.1 0.7 0.1 0.5 0.1,2585,biology business computer_science,,12000,50000
bot1,0.1 0.1 0.1 0.1 0.3 0.1 0.7 0.1 0.5 0.1,2586,biology business computer_science,,11960,52000
bot1,0.1 0.1 0.1 0.1 0.3 0.1 0.7 0.1 0.5 0.1,2587,biology business computer_science,,11000,50000
bot1,0.1 0.1 0.1 0.1 0.3 0.1 0.7 0.1 0.5 0.1,2588,biology business computer_science,,12320,56000
bot1,0.1 0.1 0.1 0.1 0.3 0.1 0.7 0.1 0.5 0.1,2589,biology business computer_science,,8640,48000
bot1,0.1 0.1 0.1 0.1 0.3 0.1 0.7 0.1 0.5 0.1,2590,biology business computer_science,,5950,35000
bot1,0.1 0.1 0.1 0.1 0.3 0.1 0.7 0.1 0.5 0.1,2591,biology business computer_science,,8820,42000
bot1,0.1 0.1 0.1 0.1 0.3 0.1 0.7 0.1 0.5 0.1,2592,biology business computer_science,,12000,50000
bot1,0.1 0.1 0.1 0.1 0.3 0.1 0.7 0.1 0.5 0.1,2593,biology business computer_science,,5760,32000
bot1,0.1 0.1 0.1 0.1 0.3 0.1 0.7 0.1 0.5 0.1,2594,biology business computer_science,,6300,42000
bot1,0.1 0.1 0.1 0.1 0.3 0.1 0.7 0.1 0.5 0.1,2595,biology business computer_science,,7770,37000
bot1,0.1 0.1 0.1 0.1 0.3 0.1 0.7 0.1 0.5 0.1,2596,biology business computer_science,,6560,41000
bot1,0.1 0.1 0.1 0.1 0.3 0.1 0.7 0.1 0.5 0.1,2597,biology business computer_science,,7380,41000
bot1,0.1 0.1 0.1 0.1 0.3 0.1 0.7 0.1 0.5 0.1,2598,biology business computer_science,,9450,45000
bot1,0.1 0.1 0.1 0.1 0.3 0.1 0.7 0.1 0.5 0.1,2599,biology business computer_science,,6600,30000
bot1,0.1 0.1 0.1 0.1 0.3 0.1 0.7 0.1 0.5 0.1,2600,biology business computer_science,,4760,34000
bot1,0.1 0.1 0.1 0.1 0.3 0.1 0.7 0.1 0.5 0.1,2601,biology business computer_science,,7400,37000
bot1,0.1 0.1 0.1 0.1 0.3 0.1 0.7 0.1 0.5 0.1,2602,biology business computer_science,,11000,50000
bot1,0.1 0.1 0.1 0.1 0.3 0.1 0.7 0.1 0.5 0.1,2603,biology business computer_science,,6460,34000
bot1,0.1 0.1 0.1 0.1 0.3 0.1 0.7 0.1 0.5 0.1,2604,biology business computer_science,,7380,41000
bot1,0.1 0.1 0.1 0.1 0.3 0.1 0.7 0.1 0.5 0.1,2605,biology business literature,,7840,56000
bot1,0.1 0.1 0.1 0.1 0.3 0.1 0.7 0.1 0.5 0.1,2606,biology business literature,,2590,37000
bot1,0.1 0.1 0.1 0.1 0.3 0.1 0.7 0.1 0.5 0.1,2607,biology business literature,,2000,40000
bot1,0.1 0.1 0.1 0.1 0.3 0.1 0.7 0.1 0.5 0.1,2608,biology business literature,,2250,45000
bot1,0.1 0.1 0.1 0.1 0.3 0.1 0.7 0.1 0.5 0.1,2609,biology business literature,,2250,45000
bot1,0.1 0.1 0.1 0.1 0.3 0.1 0.7 0.1 0.5 0.1,2610,biology business literature,,2100,35000
bot1,0.1 0.1 0.1 0.1 0.3 0.1 0.7 0.1 0.5 0.1,2611,biology business literature,,3010,43000
bot1,0.1 0.1 0.1 0.1 0.3 0.1 0.7 0.1 0.5 0.1,2612,biology business literature,,1240,31000
bot1,0.1 0.1 0.1 0.1 0.3 0.1 0.7 0.1 0.5 0.1,2613,biology business literature,,7680,48000
bot1,0.1 0.1 0.1 0.1 0.3 0.1 0.7 0.1 0.5 0.1,2614,biology business literature,,5500,50000
bot1,0.1 0.1 0.1 0.1 0.3 0.1 0.7 0.1 0.5 0.1,2615,biology business literature,,6960,58000
bot1,0.1 0.1 0.1 0.1 0.3 0.1 0.7 0.1 0.5 0.1,2616,biology business literature,,1860,31000
bot1,0.1 0.1 0.1 0.1 0.3 0.1 0.7 0.1 0.5 0.1,2617,biology business literature,,5900,59000
bot1,0.1 0.1 0.1 0.1 0.3 0.1 0.7 0.1 0.5 0.1,2618,biology business literature,,7200,60000
bot1,0.1 0.1 0.1 0.1 0.3 0.1 0.7 0.1 0.5 0.1,2619,biology business literature,,6720,48000
bot1,0.1 0.1 0.1 0.1 0.3 0.1 0.7 0.1 0.5 0.1,2620,biology business literature,,4640,58000
bot1,0.1 0.1 0.1 0.1 0.3 0.1 0.7 0.1 0.5 0.1,2621,biology business literature,,5100,51000
bot1,0.1 0.1 0.1 0.1 0.3 0.1 0.7 0.1 0.5 0.1,2622,biology business literature,,4800,60000
bot1,0.1 0.1 0.1 0.1 0.3 0.1 0.7 0.1 0.5 0.1,2623,biology business literature,,4400,44000
bot1,0.1 0.1 0.1 0.1 0.3 0.1 0.7 0.1 0.5 0.1,2624,biology business literature,,3600,45000
bot1,0.1 0.1 0.1 0.1 0.3 0.1 0.7 0.1 0.5 0.1,2625,biology business literature,,3500,35000
bot1,0.1 0.1 0.1 0.1 0.3 0.1 0.7 0.1 0.5 0.1,2626,biology business literature,,3010,43000
bot1,0.1 0.1 0.1 0.1 0.3 0.1 0.7 0.1 0.5 0.1,2627,biology business literature,,4400,55000
bot1,0.1 0.1 0.1 0.1 0.3 0.1 0.7 0.1 0.5 0.1,2628,biology business literature,,3780,54000
bot1,0.1 0.1 0.1 0.1 0.3 0.1 0.7 0.1 0.5 0.1,2629,biology business literature,,4590,51000
bot1,0.1 0.1 0.1 0.1 0.3 0.1 0.7 0.1 0.5 0.1,2630,biology business literature,,1400,35000
bot1,0.1 0.1 0.1 0.1 0.3 0.1 0.7 0.1 0.5 0.1,2631,biology business literature,,4000,40000
bot1,0.1 0.1 0.1 0.1 0.3 0.1 0.7 0.1 0.5 0.1,2632,biology business literature,,3920,49000
bot1,0.1 0.1 0.1 0.1 0.3 0.1 0.7 0.1 0.5 0.1,2633,biology business mathematics,,17760,37000
bot1,0.1 0.1 0.1 0.1 0.3 0.1 0.7 0.1 0.5 0.1,2634,biology business mathematics,like,16660,34000
bot1,0.1 0.1 0.1 0.1 0.3 0.1 0.7 0.1 0.5 0.1,2635,biology business mathematics,like,17280,36000
bot1,0.1 0.1 0.1 0.1 0.3 0.1 0.7 0.1 0.5 0.1,2636,biology business mathematics,,28320,59000
bot1,0.1 0.1 0.1 0.1 0.3 0.1 0.7 0.1 0.5 0.1,2637,biology business mathematics,like,22790,43000
bot1,0.1 0.1 0.1 0.1 0.3 0.1 0.7 0.1 0.5 0.1,2638,biology business mathematics,,23030,49000
bot1,0.1 0.1 0.1 0.1 0.3 0.1 0.7 0.1 0.5 0.1,2639,biology business mathematics,like,22500,45000
bot1,0.1 0.1 0.1 0.1 0.3 0.1 0.7 0.1 0.5 0.1,2640,biology business mathematics,,23030,49000
bot1,0.1 0.1 0.1 0.1 0.3 0.1 0.7 0.1 0.5 0.1,2641,biology business mathematics,like,28050,55000
bot1,0.1 0.1 0.1 0.1 0.3 0.1 0.7 0.1 0.5 0.1,2642,biology business mathematics,like,25920,54000
bot1,0.1 0.1 0.1 0.1 0.3 0.1 0.7 0.1 0.5 0.1,2643,biology business mathematics,,19350,45000
bot1,0.1 0.1 0.1 0.1 0.3 0.1 0.7 0.1 0.5 0.1,2644,biology business mathematics,like,27260,58000
bot1,0.1 0.1 0.1 0.1 0.3 0.1 0.7 0.1 0.5 0.1,2645,biology business mathematics,like,28560,56000
bot1,0.1 0.1 0.1 0.1 0.3 0.1 0.7 0.1 0.5 0.1,2646,biology business mathematics,like,27000,60000
bot1,0.1 0.1 0.1 0.1 0.3 0.1 0.7 0.1 0.5 0.1,2647,biology business mathematics,like,23000,50000
bot1,0.1 0.1 0.1 0.1 0.3 0.1 0.7 0.1 0.5 0.1,2648,biology business mathematics,,22360,43000
bot1,0.1 0.1 0.1 0.1 0.3 0.1 0.7 0.1 0.5 0.1,2649,biology business mathematics,like,14570,31000
bot1,0.1 0.1 0.1 0.1 0.3 0.1 0.7 0.1 0.5 0.1,2650,biology business mathematics,like,22360,43000
bot1,0.1 0.1 0.1 0.1 0.3 0.1 0.7 0.1 0.5 0.1,2651,biology business mathematics,like,23100,55000
bot1,0.1 0.1 0.1 0.1 0.3 0.1 0.7 0.1 0.5 0.1,2652,biology business mathematics,like,25380,54000
bot1,0.1 0.1 0.1 0.1 0.3 0.1 0.7 0.1 0.5 0.1,2653,biology business mathematics,like,25440,48000
bot1,0.1 0.1 0.1 0.1 0.3 0.1 0.7 0.1 0.5 0.1,2654,biology business mathematics,like,26550,59000
bot1,0.1 0.1 0.1 0.1 0.3 0.1 0.7 0.1 0.5 0.1,2655,biology business mathematics,,28080,52000
bot1,0.1 0.1 0.1 0.1 0.3 0.1 0.7 0.1 0.5 0.1,2656,biology business mathematics,like,23220,43000
bot1,0.1 0.1 0.1 0.1 0.3 0.1 0.7 0.1 0.5 0.1,2657,biology business mathematics,,20700,45000
bot1,0.1 0.1 0.1 0.1 0.3 0.1 0.7 0.1 0.5 0.1,2658,biology business mathematics,,28320,59000
bot1,0.1 0.1 0.1 0.1 0.3 0.1 0.7 0.1 0.5 0.1,2659,biology business mathematics,like,19110,39000
bot1,0.1 0.1 0.1 0.1 0.3 0.1 0.7 0.1 0.5 0.1,2660,biology business mathematics,like,24440,47000
bot1,0.1 0.1 0.1 0.1 0.3 0.1 0.7 0.1 0.5 0.1,2661,biology business music,,3240,36000
bot1,0.1 0.1 0.1 0.1 0.3 0.1 0.7 0.1 0.5 0.1,2662,biology business music,,3180,53000
bot1,0.1 0.1 0.1 0.1 0.3 0.1 0.7 0.1 0.5 0.1,2663,biology business music,,2880,48000
bot1,0.1 0.1 0.1 0.1 0.3 0.1 0.7 0.1 0.5 0.1,2664,biology business music,,3220,46000
bot1,0.1 0.1 0.1 0.1 0.3 0.1 0.7 0.1 0.5 0.1,2665,biology business music,,4000,50000
bot1,0.1 0.1 0.1 0.1 0.3 0.1 0.7 0.1 0.5 0.1,2666,biology business music,,2200,55000
bot1,0.1 0.1 0.1 0.1 0.3 0.1 0.7 0.1 0.5 0.1,2667,biology business music,,2870,41000
bot1,0.1 0.1 0.1 0.1 0.3 0.1 0.7 0.1 0.5 0.1,2668,biology business music,,6450,43000
bot1,0.1 0.1 0.1 0.1 0.3 0.1 0.7 0.1 0.5 0.1,2669,biology business music,,1900,38000
bot1,0.1 0.1 0.1 0.1 0.3 0.1 0.7 0.1 0.5 0.1,2670,biology business music,,1880,47000
bot1,0.1 0.1 0.1 0.1 0.3 0.1 0.7 0.1 0.5 0.1,2671,biology business music,,3690,41000
bot1,0.1 0.1 0.1 0.1 0.3 0.1 0.7 0.1 0.5 0.1,2672,biology business music,,4080,51000
bot1,0.1 0.1 0.1 0.1 0.3 0.1 0.7 0.1 0.5 0.1,2673,biology business music,,3600,36000
bot1,0.1 0.1 0.1 0.1 0.3 0.1 0.7 0.1 0.5 0.1,2674,biology business music,,4950,55000
bot1,0.1 0.1 0.1 0.1 0.3 0.1 0.7 0.1 0.5 0.1,2675,biology business music,,3150,35000
bot1,0.1 0.1 0.1 0.1 0.3 0.1 0.7 0.1 0.5 0.1,2676,biology business music,,2820,47000
bot1,0.1 0.1 0.1 0.1 0.3 0.1 0.7 0.1 0.5 0.1,2677,biology business music,,4290,39000
bot1,0.1 0.1 0.1 0.1 0.3 0.1 0.7 0.1 0.5 0.1,2678,biology business music,,5940,54000
bot1,0.1 0.1 0.1 0.1 0.3 0.1 0.7 0.1 0.5 0.1,2679,biology business music,,4240,53000
bot1,0.1 0.1 0.1 0.1 0.3 0.1 0.7 0.1 0.5 0.1,2680,biology business music,,2850,57000
bot1,0.1 0.1 0.1 0.1 0.3 0.1 0.7 0.1 0.5 0.1,2681,biology business music,,3710,53000
bot1,0.1 0.1 0.1 0.1 0.3 0.1 0.7 0.1 0.5 0.1,2682,biology business music,,3850,55000
bot1,0.1 0.1 0.1 0.1 0.3 0.1 0.7 0.1 0.5 0.1,2683,biology business music,,3150,35000
bot1,0.1 0.1 0.1 0.1 0.3 0.1 0.7 0.1 0.5 0.1,2684,biology business music,,4600,46000
bot1,0.1 0.1 0.1 0.1 0.3 0.1 0.7 0.1 0.5 0.1,2685,biology business music,,3600,40000
bot1,0.1 0.1 0.1 0.1 0.3 0.1 0.7 0.1 0.5 0.1,2686,biology business music,,4900,49000
bot1,0.1 0.1 0.1 0.1 0.3 0.1 0.7 0.1 0.5 0.1,2687,biology business music,,8840,52000
bot1,0.1 0.1 0.1 0.1 0.3 0.1 0.7 0.1 0.5 0.1,2688,biology business music,,5460,42000
bot1,0.1 0.1 0.1 0.1 0.3 0.1 0.7 0.1 0.5 0.1,2689,biology business physics,,9900,30000
bot1,0.1 0.1 0.1 0.1 0.3 0.1 0.7 0.1 0.5 0.1,2690,biology business physics,like,17360,56000
bot1,0.1 0.1 0.1 0.1 0.3 0.1 0.7 0.1 0.5 0.1,2691,biology business physics,like,20650,59000
bot1,0.1 0.1 0.1 0.1 0.3 0.1 0.7 0.1 0.5 0.1,2692,biology business physics,like,12800,32000
bot1,0.1 0.1 0.1 0.1 0.3 0.1 0.7 0.1 0.5 0.1,2693,biology business physics,like,10360,37000
bot1,0.1 0.1 0.1 0.1 0.3 0.1 0.7 0.1 0.5 0.1,2694,biology business physics,,16170,49000
bot1,0.1 0.1 0.1 0.1 0.3 0.1 0.7 0.1 0.5 0.1,2695,biology business physics,,14700,42000
bot1,0.1 0.1 0.1 0.1 0.3 0.1 0.7 0.1 0.5 0.1,2696,biology business physics,,13020,42000
bot1,0.1 0.1 0.1 0.1 0.3 0.1 0.7 0.1 0.5 0.1,2697,biology business physics,,15640,46000
bot1,0.1 0.1 0.1 0.1 0.3 0.1 0.7 0.1 0.5 0.1,2698,biology business physics,like,18000,60000
bot1,0.1 0.1 0.1 0.1 0.3 0.1 0.7 0.1 0.5 0.1,2699,biology business physics,,22800,60000
bot1,0.1 0.1 0.1 0.1 0.3 0.1 0.7 0.1 0.5 0.1,2700,biology business physics,like,9800,35000
bot1,0.1 0.1 0.1 0.1 0.3 0.1 0.7 0.1 0.5 0.1,2701,biology business physics,like,13200,44000
bot1,0.1 0.1 0.1 0.1 0.3 0.1 0.7 0.1 0.5 0.1,2702,biology business physics,,19950,57000
bot1,0.1 0.1 0.1 0.1 0.3 0.1 0.7 0.1 0.5 0.1,2703,biology business physics,,19250,55000
bot1,0.1 0.1 0.1 0.1 0.3 0.1 0.7 0.1 0.5 0.1,2704,biology business physics,like,12240,36000
bot1,0.1 0.1 0.1 0.1 0.3 0.1 0.7 0.1 0.5 0.1,2705,biology business physics,,18620,49000
bot1,0.1 0.1 0.1 0.1 0.3 0.1 0.7 0.1 0.5 0.1,2706,biology business physics,,16640,52000
bot1,0.1 0.1 0.1 0.1 0.3 0.1 0.7 0.1 0.5 0.1,2707,biology business physics,,10500,35000
bot1,0.1 0.1 0.1 0.1 0.3 0.1 0.7 0.1 0.5 0.1,2708,biology business physics,like,14760,41000
bot1,0.1 0.1 0.1 0.1 0.3 0.1 0.7 0.1 0.5 0.1,2709,biology business physics,,10800,30000
bot1,0.1 0.1 0.1 0.1 0.3 0.1 0.7 0.1 0.5 0.1,2710,biology business physics,like,9280,32000
bot1,0.1 0.1 0.1 0.1 0.3 0.1 0.7 0.1 0.5 0.1,2711,biology business physics,,16740,54000
bot1,0.1 0.1 0.1 0.1 0.3 0.1 0.7 0.1 0.5 0.1,2712,biology business physics,,18870,51000
bot1,0.1 0.1 0.1 0.1 0.3 0.1 0.7 0.1 0.5 0.1,2713,biology business physics,like,15360,48000
bot1,0.1 0.1 0.1 0.1 0.3 0.1 0.7 0.1 0.5 0.1,2714,biology business physics,like,11400,30000
bot1,0.1 0.1 0.1 0.1 0.3 0.1 0.7 0.1 0.5 0.1,2715,biology business physics,like,10240,32000
bot1,0.1 0.1 0.1 0.1 0.3 0.1 0.7 0.1 0.5 0.1,2716,biology business physics,like,16920,47000
bot1,0.1 0.1 0.1 0.1 0.3 0.1 0.7 0.1 0.5 0.1,2717,biology business psychology,,4480,56000
bot1,0.1 0.1 0.1 0.1 0.3 0.1 0.7 0.1 0.5 0.1,2718,biology business psychology,,2880,48000
bot1,0.1 0.1 0.1 0.1 0.3 0.1 0.7 0.1 0.5 0.1,2719,biology business psychology,,6000,60000
bot1,0.1 0.1 0.1 0.1 0.3 0.1 0.7 0.1 0.5 0.1,2720,biology business psychology,,3700,37000
bot1,0.1 0.1 0.1 0.1 0.3 0.1 0.7 0.1 0.5 0.1,2721,biology business psychology,,3240,36000
bot1,0.1 0.1 0.1 0.1 0.3 0.1 0.7 0.1 0.5 0.1,2722,biology business psychology,,2940,42000
bot1,0.1 0.1 0.1 0.1 0.3 0.1 0.7 0.1 0.5 0.1,2723,biology business psychology,,5320,38000
bot1,0.1 0.1 0.1 0.1 0.3 0.1 0.7 0.1 0.5 0.1,2724,biology business psychology,,4600,46000
bot1,0.1 0.1 0.1 0.1 0.3 0.1 0.7 0.1 0.5 0.1,2725,biology business psychology,,1920,32000
bot1,0.1 0.1 0.1 0.1 0.3 0.1 0.7 0.1 0.5 0.1,2726,biology business psychology,,4400,40000
bot1,0.1 0.1 0.1 0.1 0.3 0.1 0.7 0.1 0.5 0.1,2727,biology business psychology,,5500,55000
bot1,0.1 0.1 0.1 0.1 0.3 0.1 0.7 0.1 0.5 0.1,2728,biology business psychology,,3040,38000
bot1,0.1 0.1 0.1 0.1 0.3 0.1 0.7 0.1 0.5 0.1,2729,biology business psychology,,9520,56000
bot1,0.1 0.1 0.1 0.1 0.3 0.1 0.7 0.1 0.5 0.1,2730,biology business psychology,,3040,38000
bot1,0.1 0.1 0.1 0.1 0.3 0.1 0.7 0.1 0.5 0.1,2731,biology business psychology,,5400,60000
bot1,0.1 0.1 0.1 0.1 0.3 0.1 0.7 0.1 0.5 0.1,2732,biology business psychology,,3150,45000
bot1,0.1 0.1 0.1 0.1 0.3 0.1 0.7 0.1 0.5 0.1,2733,biology business psychology,,5400,54000
bot1,0.1 0.1 0.1 0.1 0.3 0.1 0.7 0.1 0.5 0.1,2734,biology business psychology,,4320,54000
bot1,0.1 0.1 0.1 0.1 0.3 0.1 0.7 0.1 0.5 0.1,2735,biology business psychology,,6600,44000
bot1,0.1 0.1 0.1 0.1 0.3 0.1 0.7 0.1 0.5 0.1,2736,biology business psychology,,3990,57000
bot1,0.1 0.1 0.1 0.1 0.3 0.1 0.7 0.1 0.5 0.1,2737,biology business psychology,,5610,33000
bot1,0.1 0.1 0.1 0.1 0.3 0.1 0.7 0.1 0.5 0.1,2738,biology business psychology,,3360,42000
bot1,0.1 0.1 0.1 0.1 0.3 0.1 0.7 0.1 0.5 0.1,2739,biology business psychology,,4440,37000
bot1,0.1 0.1 0.1 0.1 0.3 0.1 0.7 0.1 0.5 0.1,2740,biology business psychology,,4440,37000
bot1,0.1 0.1 0.1 0.1 0.3 0.1 0.7 0.1 0.5 0.1,2741,biology business psychology,,1720,43000
bot1,0.1 0.1 0.1 0.1 0.3 0.1 0.7 0.1 0.5 0.1,2742,biology business psychology,,4140,46000
bot1,0.1 0.1 0.1 0.1 0.3 0.1 0.7 0.1 0.5 0.1,2743,biology business psychology,,5720,52000
bot1,0.1 0.1 0.1 0.1 0.3 0.1 0.7 0.1 0.5 0.1,2744,biology business psychology,,3330,37000
bot1,0.1 0.1 0.1 0.1 0.3 0.1 0.7 0.1 0.5 0.1,2745,biology chemistry computer_science,,9660,42000
bot1,0.1 0.1 0.1 0.1 0.3 0.1 0.7 0.1 0.5 0.1,2746,biology chemistry computer_science,,12880,56000
bot1,0.1 0.1 0.1 0.1 0.3 0.1 0.7 0.1 0.5 0.1,2747,biology chemistry computer_science,,9870,47000
bot1,0.1 0.1 0.1 0.1 0.3 0.1 0.7 0.1 0.5 0.1,2748,biology chemistry computer_science,,9900,45000
bot1,0.1 0.1 0.1 0.1 0.3 0.1 0.7 0.1 0.5 0.1,2749,biology chemistry computer_science,,6120,36000
bot1,0.1 0.1 0.1 0.1 0.3 0.1 0.7 0.1 0.5 0.1,2750,biology chemistry computer_science,,6840,38000
bot1,0.1 0.1 0.1 0.1 0.3 0.1 0.7 0.1 0.5 0.1,2751,biology chemistry computer_science,,10600,53000
bot1,0.1 0.1 0.1 0.1 0.3 0.1 0.7 0.1 0.5 0.1,2752,biology chemistry computer_science,,10030,59000
bot1,0.1 0.1 0.1 0.1 0.3 0.1 0.7 0.1 0.5 0.1,2753,biology chemistry computer_science,,10600,53000
bot1,0.1 0.1 0.1 0.1 0.3 0.1 0.7 0.1 0.5 0.1,2754,biology chemistry computer_science,,8480,53000
bot1,0.1 0.1 0.1 0.1 0.3 0.1 0.7 0.1 0.5 0.1,2755,biology chemistry computer_science,,7980,38000
bot1,0.1 0.1 0.1 0.1 0.3 0.1 0.7 0.1 0.5 0.1,2756,biology chemistry computer_science,,8280,36000
bot1,0.1 0.1 0.1 0.1 0.3 0.1 0.7 0.1 0.5 0.1,2757,biology chemistry computer_science,,12320,56000
bot1,0.1 0.1 0.1 0.1 0.3 0.1 0.7 0.1 0.5 0.1,2758,biology chemistry computer_science,,6460,34000
bot1,0.1 0.1 0.1 0.1 0.3 0.1 0.7 0.1 0.5 0.1,2759,biology chemistry computer_science,,5940,33000
bot1,0.1 0.1 0.1 0.1 0.3 0.1 0.7 0.1 0.5 0.1,2760,biology chemistry computer_science,,8670,51000
bot1,0.1 0.1 0.1 0.1 0.3 0.1 0.7 0.1 0.5 0.1,2761,biology chemistry computer_science,,7200,45000
bot1,0.1 0.1 0.1 0.1 0.3 0.1 0.7 0.1 0.5 0.1,2762,biology chemistry computer_science,,10800,54000
bot1,0.1 0.1 0.1 0.1 0.3 0.1 0.7 0.1 0.5 0.1,2763,biology chemistry computer_science,,11400,60000
bot1,0.1 0.1 0.1 0.1 0.3 0.1 0.7 0.1 0.5 0.1,2764,biology chemistry computer_science,,8100,45000
bot1,0.1 0.1 0.1 0.1 0.3 0.1 0.7 0.1 0.5 0.1,2765,biology chemistry computer_science,,8400,40000
bot1,0.1 0.1 0.1 0.1 0.3 0.1 0.7 0.1 0.5 0.1,2766,biology chemistry computer_science,,11020,58000
bot1,0.1 0.1 0.1 0.1 0.3 0.1 0.7 0.1 0.5 0.1,2767,biology chemistry computer_science,,8550,57000
bot1,0.1 0.1 0.1 0.1 0.3 0.1 0.7 0.1 0.5 0.1,2768,biology chemistry computer_science,,6650,35000
bot1,0.1 0.1 0.1 0.1 0.3 0.1 0.7 0.1 0.5 0.1,2769,biology chemistry computer_science,,12980,59000
bot1,0.1 0.1 0.1 0.1 0.3 0.1 0.7 0.1 0.5 0.1,2770,biology chemistry computer_science,,7980,42000
bot1,0.1 0.1 0.1 0.1 0.3 0.1 0.7 0.1 0.5 0.1,2771,biology chemistry computer_science,,8160,48000
bot1,0.1 0.1 0.1 0.1 0.3 0.1 0.7 0.1 0.5 0.1,2772,biology chemistry computer_science,,7820,46000
bot1,0.1 0.1 0.1 0.1 0.3 0.1 0.7 0.1 0.5 0.1,2773,biology chemistry literature,,3600,45000
bot1,0.1 0.1 0.1 0.1 0.3 0.1 0.7 0.1 0.5 0.1,2774,biology chemistry literature,,2790,31000
bot1,0.1 0.1 0.1 0.1 0.3 0.1 0.7 0.1 0.5 0.1,2775,biology chemistry literature,,5460,42000
bot1,0.1 0.1 0.1 0.1 0.3 0.1 0.7 0.1 0.5 0.1,2776,biology chemistry literature,,4320,54000
bot1,0.1 0.1 0.1 0.1 0.3 0.1 0.7 0.1 0.5 0.1,2777,biology chemistry literature,,2640,33000
bot1,0.1 0.1 0.1 0.1 0.3 0.1 0.7 0.1 0.5 0.1,2778,biology chemistry literature,,3080,44000
bot1,0.1 0.1 0.1 0.1 0.3 0.1 0.7 0.1 0.5 0.1,2779,biology chemistry literature,,2400,30000
bot1,0.1 0.1 0.1 0.1 0.3 0.1 0.7 0.1 0.5 0.1,2780,biology chemistry literature,,3960,36000
bot1,0.1 0.1 0.1 0.1 0.3 0.1 0.7 0.1 0.5 0.1,2781,biology chemistry literature,,2970,33000
bot1,0.1 0.1 0.1 0.1 0.3 0.1 0.7 0.1 0.5 0.1,2782,biology chemistry literature,,3430,49000
bot1,0.1 0.1 0.1 0.1 0.3 0.1 0.7 0.1 0.5 0.1,2783,biology chemistry literature,,2100,35000
bot1,0.1 0.1 0.1 0.1 0.3 0.1 0.7 0.1 0.5 0.1,2784,biology chemistry literature,,2590,37000
bot1,0.1 0.1 0.1 0.1 0.3 0.1 0.7 0.1 0.5 0.1,2785,biology chemistry literature,,5400,60000
bot1,0.1 0.1 0.1 0.1 0.3 0.1 0.7 0.1 0.5 0.1,2786,biology chemistry literature,,4100,41000
bot1,0.1 0.1 0.1 0.1 0.3 0.1 0.7 0.1 0.5 0.1,2787,biology chemistry literature,,3010,43000
bot1,0.1 0.1 0.1 0.1 0.3 0.1 0.7 0.1 0.5 0.1,2788,biology chemistry literature,,6760,52000
bot1,0.1 0.1 0.1 0.1 0.3 0.1 0.7 0.1 0.5 0.1,2789,biology chemistry literature,,3690,41000
bot1,0.1 0.1 0.1 0.1 0.3 0.1 0.7 0.1 0.5 0.1,2790,biology chemistry literature,,3800,38000
bot1,0.1 0.1 0.1 0.1 0.3 0.1 0.7 0.1 0.5 0.1,2791,biology chemistry literature,,4800,48000
bot1,0.1 0.1 0.1 0.1 0.3 0.1 0.7 0.1 0.5 0.1,2792,biology chemistry literature,,4800,48000
bot1,0.1 0.1 0.1 0.1 0.3 0.1 0.7 0.1 0.5 0.1,2793,biology chemistry literature,,4480,56000
bot1,0.1 0.1 0.1 0.1 0.3 0.1 0.7 0.1 0.5 0.1,2794,biology chemistry literature,,2660,38000
bot1,0.1 0.1 0.1 0.1 0.3 0.1 0.7 0.1 0.5 0.1,2795,biology chemistry literature,,1880,47000
bot1,0.1 0.1 0.1 0.1 0.3 0.1 0.7 0.1 0.5 0.1,2796,biology chemistry literature,,4200,42000
bot1,0.1 0.1 0.1 0.1 0.3 0.1 0.7 0.1 0.5 0.1,2797,biology chemistry literature,,6050,55000
bot1,0.1 0.1 0.1 0.1 0.3 0.1 0.7 0.1 0.5 0.1,2798,biology chemistry literature,,1360,34000
bot1,0.1 0.1 0.1 0.1 0.3 0.1 0.7 0.1 0.5 0.1,2799,biology chemistry literature,,3000,30000
bot1,0.1 0.1 0.1 0.1 0.3 0.1 0.7 0.1 0.5 0.1,2800,biology chemistry literature,,6300,45000
bot1,0.1 0.1 0.1 0.1 0.3 0.1 0.7 0.1 0.5 0.1,2801,biology chemistry mathematics,like,30740,58000
bot1,0.1 0.1 0.1 0.1 0.3 0.1 0.7 0.1 0.5 0.1,2802,biology chemistry mathematics,like,24380,46000
bot1,0.1 0.1 0.1 0.1 0.3 0.1 0.7 0.1 0.5 0.1,2803,biology chemistry mathematics,like,18400,40000
bot1,0.1 0.1 0.1 0.1 0.3 0.1 0.7 0.1 0.5 0.1,2804,biology chemistry mathematics,like,21840,39000
bot1,0.1 0.1 0.1 0.1 0.3 0.1 0.7 0.1 0.5 0.1,2805,biology chemistry mathematics,like,29640,57000
bot1,0.1 0.1 0.1 0.1 0.3 0.1 0.7 0.1 0.5 0.1,2806,biology chemistry mathematics,,20580,42000
bot1,0.1 0.1 0.1 0.1 0.3 0.1 0.7 0.1 0.5 0.1,2807,biology chemistry mathematics,like,18200,35000
bot1,0.1 0.1 0.1 0.1 0.3 0.1 0.7 0.1 0.5 0.1,2808,biology chemistry mathematics,like,30240,56000
bot1,0.1 0.1 0.1 0.1 0.3 0.1 0.7 0.1 0.5 0.1,2809,biology chemistry mathematics,like,28560,56000
bot1,0.1 0.1 0.1 0.1 0.3 0.1 0.7 0.1 0.5 0.1,2810,biology chemistry mathematics,like,22000,44000
bot1,0.1 0.1 0.1 0.1 0.3 0.1 0.7 0.1 0.5 0.1,2811,biology chemistry mathematics,like,20520,38000
bot1,0.1 0.1 0.1 0.1 0.3 0.1 0.7 0.1 0.5 0.1,2812,biology chemistry mathematics,like,23970,47000
bot1,0.1 0.1 0.1 0.1 0.3 0.1 0.7 0.1 0.5 0.1,2813,biology chemistry mathematics,,26950,55000
bot1,0.1 0.1 0.1 0.1 0.3 0.1 0.7 0.1 0.5 0.1,2814,biology chemistry mathematics,like,15300,30000
bot1,0.1 0.1 0.1 0.1 0.3 0.1 0.7 0.1 0.5 0.1,2815,biology chemistry mathematics,,21730,41000
bot1,0.1 0.1 0.1 0.1 0.3 0.1 0.7 0.1 0.5 0.1,2816,biology chemistry mathematics,,30000,60000
bot1,0.1 0.1 0.1 0.1 0.3 0.1 0.7 0.1 0.5 0.1,2817,biology chemistry mathematics,like,24000,48000
bot1,0.1 0.1 0.1 0.1 0.3 0.1 0.7 0.1 0.5 0.1,2818,biology chemistry mathematics,like,22000,50000
bot1,0.1 0.1 0.1 0.1 0.3 0.1 0.7 0.1 0.5 0.1,2819,biology chemistry mathematics,,25920,54000
bot1,0.1 0.1 0.1 0.1 0.3 0.1 0.7 0.1 0.5 0.1,2820,biology chemistry mathematics,like,18000,40000
bot1,0.1 0.1 0.1 0.1 0.3 0.1 0.7 0.1 0.5 0.1,2821,biology chemistry mathematics,like,23850,45000
bot1,0.1 0.1 0.1 0.1 0.3 0.1 0.7 0.1 0.5 0.1,2822,biology chemistry mathematics,,22000,44000
bot1,0.1 0.1 0.1 0.1 0.3 0.1 0.7 0.1 0.5 0.1,2823,biology chemistry mathematics,,18900,42000
bot1,0.1 0.1 0.1 0.1 0.3 0.1 0.7 0.1 0.5 0.1,2824,biology chemistry mathematics,,21560,44000
bot1,0.1 0.1 0.1 0.1 0.3 0.1 0.7 0.1 0.5 0.1,2825,biology chemistry mathematics,,14620,34000
bot1,0.1 0.1 0.1 0.1 0.3 0.1 0.7 0.1 0.5 0.1,2826,biology chemistry mathematics,,25000,50000
bot1,0.1 0.1 0.1 0.1 0.3 0.1 0.7 0.1 0.5 0.1,2827,biology chemistry mathematics,like,20000,40000
bot1,0.1 0.1 0.1 0.1 0.3 0.1 0.7 0.1 0.5 0.1,2828,biology chemistry mathematics,,22050,49000
bot1,0.1 0.1 0.1 0.1 0.3 0.1 0.7 0.1 0.5 0.1,2829,biology chemistry music,,5130,57000
bot1,0.1 0.1 0.1 0.1 0.3 0.1 0.7 0.1 0.5 0.1,2830,biology chemistry music,,3520,32000
bot1,0.1 0.1 0.1 0.1 0.3 0.1 0.7 0.1 0.5 0.1,2831,biology chemistry music,,2590,37000
bot1,0.1 0.1 0.1 0.1 0.3 0.1 0.7 0.1 0.5 0.1,2832,biology chemistry music,,4500,50000
bot1,0.1 0.1 0.1 0.1 0.3 0.1 0.7 0.1 0.5 0.1,2833,biology chemistry music,,3420,38000
bot1,0.1 0.1 0.1 0.1 0.3 0.1 0.7 0.1 0.5 0.1,2834,biology chemistry music,,3780,42000
bot1,0.1 0.1 0.1 0.1 0.3 0.1 0.7 0.1 0.5 0.1,2835,biology chemistry music,,4400,44000
bot1,0.1 0.1 0.1 0.1 0.3 0.1 0.7 0.1 0.5 0.1,2836,biology chemistry music,,5400,60000
bot1,0.1 0.1 0.1 0.1 0.3 0.1 0.7 0.1 0.5 0.1,2837,biology chemistry music,,3360,48000
bot1,0.1 0.1 0.1 0.1 0.3 0.1 0.7 0.1 0.5 0.1,2838,biology chemistry music,,3520,44000
bot1,0.1 0.1 0.1 0.1 0.3 0.1 0.7 0.1 0.5 0.1,2839,biology chemistry music,,2450,35000
bot1,0.1 0.1 0.1 0.1 0.3 0.1 0.7 0.1 0.5 0.1,2840,biology chemistry music,,2380,34000
bot1,0.1 0.1 0.1 0.1 0.3 0.1 0.7 0.1 0.5 0.1,2841,biology chemistry music,,7650,51000
bot1,0.1 0.1 0.1 0.1 0.3 0.1 0.7 0.1 0.5 0.1,2842,biology chemistry music,,5830,53000
bot1,0.1 0.1 0.1 0.1 0.3 0.1 0.7 0.1 0.5 0.1,2843,biology chemistry music,,2560,32000
bot1,0.1 0.1 0.1 0.1 0.3 0.1 0.7 0.1 0.5 0.1,2844,biology chemistry music,,2520,42000
bot1,0.1 0.1 0.1 0.1 0.3 0.1 0.7 0.1 0.5 0.1,2845,biology chemistry music,,2880,32000
bot1,0.1 0.1 0.1 0.1 0.3 0.1 0.7 0.1 0.5 0.1,2846,biology chemistry music,,4500,45000
bot1,0.1 0.1 0.1 0.1 0.3 0.1 0.7 0.1 0.5 0.1,2847,biology chemistry music,,1800,30000
bot1,0.1 0.1 0.1 0.1 0.3 0.1 0.7 0.1 0.5 0.1,2848,biology chemistry music,,3220,46000
bot1,0.1 0.1 0.1 0.1 0.3 0.1 0.7 0.1 0.5 0.1,2849,biology chemistry music,,3520,32000
bot1,0.1 0.1 0.1 0.1 0.3 0.1 0.7 0.1 0.5 0.1,2850,biology chemistry music,,5880,49000
bot1,0.1 0.1 0.1 0.1 0.3 0.1 0.7 0.1 0.5 0.1,2851,biology chemistry music,,5500,50000
bot1,0.1 0.1 0.1 0.1 0.3 0.1 0.7 0.1 0.5 0.1,2852,biology chemistry music,,3780,42000
bot1,0.1 0.1 0.1 0.1 0.3 0.1 0.7 0.1 0.5 0.1,2853,biology chemistry music,,1850,37000
bot1,0.1 0.1 0.1 0.1 0.3 0.1 0.7 0.1 0.5 0.1,2854,biology chemistry music,,5720,44000
bot1,0.1 0.1 0.1 0.1 0.3 0.1 0.7 0.1 0.5 0.1,2855,biology chemistry music,,3740,34000
bot1,0.1 0.1 0.1 0.1 0.3 0.1 0.7 0.1 0.5 0.1,2856,biology chemistry music,,3500,35000
bot1,0.1 0.1 0.1 0.1 0.3 0.1 0.7 0.1 0.5 0.1,2857,biology chemistry physics,like,16830,51000
bot1,0.1 0.1 0.1 0.1 0.3 0.1 0.7 0.1 0.5 0.1,2858,biology chemistry physics,,18290,59000
bot1,0.1 0.1 0.1 0.1 0.3 0.1 0.7 0.1 0.5 0.1,2859,biology chemistry physics,,15300,45000
bot1,0.1 0.1 0.1 0.1 0.3 0.1 0.7 0.1 0.5 0.1,2860,biology chemistry physics,,19950,57000
bot1,0.1 0.1 0.1 0.1 0.3 0.1 0.7 0.1 0.5 0.1,2861,biology chemistry physics,like,13300,38000
bot1,0.1 0.1 0.1 0.1 0.3 0.1 0.7 0.1 0.5 0.1,2862,biology chemistry physics,like,11560,34000
bot1,0.1 0.1 0.1 0.1 0.3 0.1 0.7 0.1 0.5 0.1,2863,biology chemistry physics,,17680,52000
bot1,0.1 0.1 0.1 0.1 0.3 0.1 0.7 0.1 0.5 0.1,2864,biology chemistry physics,like,16320,48000
bot1,0.1 0.1 0.1 0.1 0.3 0.1 0.7 0.1 0.5 0.1,2865,biology chemistry physics,,18000,50000
bot1,0.1 0.1 0.1 0.1 0.3 0.1 0.7 0.1 0.5 0.1,2866,biology chemistry physics,like,18560,58000
bot1,0.1 0.1 0.1 0.1 0.3 0.1 0.7 0.1 0.5 0.1,2867,biology chemistry physics,,12880,46000
bot1,0.1 0.1 0.1 0.1 0.3 0.1 0.7 0.1 0.5 0.1,2868,biology chemistry physics,like,17390,47000
bot1,0.1 0.1 0.1 0.1 0.3 0.1 0.7 0.1 0.5 0.1,2869,biology chemistry physics,like,12300,41000
bot1,0.1 0.1 0.1 0.1 0.3 0.1 0.7 0.1 0.5 0.1,2870,biology chemistry physics,,9620,37000
bot1,0.1 0.1 0.1 0.1 0.3 0.1 0.7 0.1 0.5 0.1,2871,biology chemistry physics,like,16280,44000
bot1,0.1 0.1 0.1 0.1 0.3 0.1 0.7 0.1 0.5 0.1,2872,biology chemistry physics,like,14620,43000
bot1,0.1 0.1 0.1 0.1 0.3 0.1 0.7 0.1 0.5 0.1,2873,biology chemistry physics,,15600,39000
bot1,0.1 0.1 0.1 0.1 0.3 0.1 0.7 0.1 0.5 0.1,2874,biology chemistry physics,like,15180,46000
bot1,0.1 0.1 0.1 0.1 0.3 0.1 0.7 0.1 0.5 0.1,2875,biology chemistry physics,,17100,57000
bot1,0.1 0.1 0.1 0.1 0.3 0.1 0.7 0.1 0.5 0.1,2876,biology chemistry physics,,13650,39000
bot1,0.1 0.1 0.1 0.1 0.3 0.1 0.7 0.1 0.5 0.1,2877,biology chemistry physics,like,10800,30000
bot1,0.1 0.1 0.1 0.1 0.3 0.1 0.7 0.1 0.5 0.1,2878,biology chemistry physics,like,12600,45000
bot1,0.1 0.1 0.1 0.1 0.3 0.1 0.7 0.1 0.5 0.1,2879,biology chemistry physics,like,14400,45000
bot1,0.1 0.1 0.1 0.1 0.3 0.1 0.7 0.1 0.5 0.1,2880,biology chemistry physics,like,18900,54000
bot1,0.1 0.1 0.1 0.1 0.3 0.1 0.7 0.1 0.5 0.1,2881,biology chemistry physics,like,14040,39000
bot1,0.1 0.1 0.1 0.1 0.3 0.1 0.7 0.1 0.5 0.1,2882,biology chemistry physics,like,15400,55000
bot1,0.1 0.1 0.1 0.1 0.3 0.1 0.7 0.1 0.5 0.1,2883,biology chemistry physics,like,13530,41000
bot1,0.1 0.1 0.1 0.1 0.3 0.1 0.7 0.1 0.5 0.1,2884,biology chemistry physics,,18560,58000
bot1,0.1 0.1 0.1 0.1 0.3 0.1 0.7 0.1 0.5 0.1,2885,biology chemistry psychology,,3360,42000
bot1,0.1 0.1 0.1 0.1 0.3 0.1 0.7 0.1 0.5 0.1,2886,biology chemistry psychology,,6760,52000
bot1,0.1 0.1 0.1 0.1 0.3 0.1 0.7 0.1 0.5 0.1,2887,biology chemistry psychology,,3780,42000
bot1,0.1 0.1 0.1 0.1 0.3 0.1 0.7 0.1 0.5 0.1,2888,biology chemistry psychology,,2220,37000
bot1,0.1 0.1 0.1 0.1 0.3 0.1 0.7 0.1 0.5 0.1,2889,biology chemistry psychology,,4730,43000
bot1,0.1 0.1 0.1 0.1 0.3 0.1 0.7 0.1 0.5 0.1,2890,biology chemistry psychology,,4140,46000
bot1,0.1 0.1 0.1 0.1 0.3 0.1 0.7 0.1 0.5 0.1,2891,biology chemistry psychology,,5900,59000
bot1,0.1 0.1 0.1 0.1 0.3 0.1 0.7 0.1 0.5 0.1,2892,biology chemistry psychology,,6760,52000
bot1,0.1 0.1 0.1 0.1 0.3 0.1 0.7 0.1 0.5 0.1,2893,biology chemistry psychology,,4290,39000
bot1,0.1 0.1 0.1 0.1 0.3 0.1 0.7 0.1 0.5 0.1,2894,biology chemistry psychology,,6110,47000
bot1,0.1 0.1 0.1 0.1 0.3 0.1 0.7 0.1 0.5 0.1,2895,biology chemistry psychology,,3440,43000
bot1,0.1 0.1 0.1 0.1 0.3 0.1 0.7 0.1 0.5 0.1,2896,biology chemistry psychology,,4160,32000
bot1,0.1 0.1 0.1 0.1 0.3 0.1 0.7 0.1 0.5 0.1,2897,biology chemistry psychology,,2730,39000
bot1,0.1 0.1 0.1 0.1 0.3 0.1 0.7 0.1 0.5 0.1,2898,biology chemistry psychology,,1320,44000
bot1,0.1 0.1 0.1 0.1 0.3 0.1 0.7 0.1 0.5 0.1,2899,biology chemistry psychology,,4180,38000
bot1,0.1 0.1 0.1 0.1 0.3 0.1 0.7 0.1 0.5 0.1,2900,biology chemistry psychology,,8100,45000
bot1,0.1 0.1 0.1 0.1 0.3 0.1 0.7 0.1 0.5 0.1,2901,biology chemistry psychology,,2700,30000
bot1,0.1 0.1 0.1 0.1 0.3 0.1 0.7 0.1 0.5 0.1,2902,biology chemistry psychology,,3760,47000
bot1,0.1 0.1 0.1 0.1 0.3 0.1 0.7 0.1 0.5 0.1,2903,biology chemistry psychology,,2310,33000
bot1,0.1 0.1 0.1 0.1 0.3 0.1 0.7 0.1 0.5 0.1,2904,biology chemistry psychology,,2040,34000
bot1,0.1 0.1 0.1 0.1 0.3 0.1 0.7 0.1 0.5 0.1,2905,biology chemistry psychology,,3710,53000
bot1,0.1 0.1 0.1 0.1 0.3 0.1 0.7 0.1 0.5 0.1,2906,biology chemistry psychology,,3520,32000
bot1,0.1 0.1 0.1 0.1 0.3 0.1 0.7 0.1 0.5 0.1,2907,biology chemistry psychology,,2700,45000
bot1,0.1 0.1 0.1 0.1 0.3 0.1 0.7 0.1 0.5 0.1,2908,biology chemistry psychology,,4300,43000
bot1,0.1 0.1 0.1 0.1 0.3 0.1 0.7 0.1 0.5 0.1,2909,biology chemistry psychology,,6050,55000
bot1,0.1 0.1 0.1 0.1 0.3 0.1 0.7 0.1 0.5 0.1,2910,biology chemistry psychology,,3280,41000
bot1,0.1 0.1 0.1 0.1 0.3 0.1 0.7 0.1 0.5 0.1,2911,biology chemistry psychology,,4400,55000
bot1,0.1 0.1 0.1 0.1 0.3 0.1 0.7 0.1 0.5 0.1,2912,biology chemistry psychology,,3840,32000
bot1,0.1 0.1 0.1 0.1 0.3 0.1 0.7 0.1 0.5 0.1,2913,biology computer_science literature,,10800,60000
bot1,0.1 0.1 0.1 0.1 0.3 0.1 0.7 0.1 0.5 0.1,2914,biology computer_science literature,,6080,38000
bot1,0.1 0.1 0.1 0.1 0.3 0.1 0.7 0.1 0.5 0.1,2915,biology computer_science literature,,5120,32000
bot1,0.1 0.1 0.1 0.1 0.3 0.1 0.7 0.1 0.5 0.1,2916,biology computer_science literature,,7350,35000
bot1,0.1 0.1 0.1 0.1 0.3 0.1 0.7 0.1 0.5 0.1,2917,biology computer_science literature,,11200,56000
bot1,0.1 0.1 0.1 0.1 0.3 0.1 0.7 0.1 0.5 0.1,2918,biology computer_science literature,,8820,42000
bot1,0.1 0.1 0.1 0.1 0.3 0.1 0.7 0.1 0.5 0.1,2919,biology computer_science literature,,6600,33000
bot1,0.1 0.1 0.1 0.1 0.3 0.1 0.7 0.1 0.5 0.1,2920,biology computer_science literature,,10400,52000
bot1,0.1 0.1 0.1 0.1 0.3 0.1 0.7 0.1 0.5 0.1,2921,biology computer_science literature,,11340,54000
bot1,0.1 0.1 0.1 0.1 0.3 0.1 0.7 0.1 0.5 0.1,2922,biology computer_science literature,,8510,37000
bot1,0.1 0.1 0.1 0.1 0.3 0.1 0.7 0.1 0.5 0.1,2923,biology computer_science literature,,6200,31000
bot1,0.1 0.1 0.1 0.1 0.3 0.1 0.7 0.1 0.5 0.1,2924,biology computer_science literature,,10070,53000
bot1,0.1 0.1 0.1 0.1 0.3 0.1 0.7 0.1 0.5 0.1,2925,biology computer_science literature,,10120,46000
bot1,0.1 0.1 0.1 0.1 0.3 0.1 0.7 0.1 0.5 0.1,2926,biology computer_science literature,,7200,36000
bot1,0.1 0.1 0.1 0.1 0.3 0.1 0.7 0.1 0.5 0.1,2927,biology computer_science literature,,8670,51000
bot1,0.1 0.1 0.1 0.1 0.3 0.1 0.7 0.1 0.5 0.1,2928,biology computer_science literature,,12390,59000
bot1,0.1 0.1 0.1 0.1 0.3 0.1 0.7 0.1 0.5 0.1,2929,biology computer_science literature,,9000,50000
bot1,0.1 0.1 0.1 0.1 0.3 0.1 0.7 0.1 0.5 0.1,2930,biology computer_science literature,,10070,53000
bot1,0.1 0.1 0.1 0.1 0.3 0.1 0.7 0.1 0.5 0.1,2931,biology computer_science literature,,6900,46000
bot1,0.1 0.1 0.1 0.1 0.3 0.1 0.7 0.1 0.5 0.1,2932,biology computer_science literature,,5850,45000
bot1,0.1 0.1 0.1 0.1 0.3 0.1 0.7 0.1 0.5 0.1,2933,biology computer_science literature,,8280,36000
bot1,0.1 0.1 0.1 0.1 0.3 0.1 0.7 0.1 0.5 0.1,2934,biology computer_science literature,,7130,31000
bot1,0.1 0.1 0.1 0.1 0.3 0.1 0.7 0.1 0.5 0.1,2935,biology computer_science literature,,4320,36000
bot1,0.1 0.1 0.1 0.1 0.3 0.1 0.7 0.1 0.5 0.1,2936,biology computer_science literature,,7400,37000
bot1,0.1 0.1 0.1 0.1 0.3 0.1 0.7 0.1 0.5 0.1,2937,biology computer_science literature,,7600,40000
bot1,0.1 0.1 0.1 0.1 0.3 0.1 0.7 0.1 0.5 0.1,2938,biology computer_science literature,,9350,55000
bot1,0.1 0.1 0.1 0.1 0.3 0.1 0.7 0.1 0.5 0.1,2939,biology computer_science literature,,4290,33000
bot1,0.1 0.1 0.1 0.1 0.3 0.1 0.7 0.1 0.5 0.1,2940,biology computer_science literature,,5550,37000
bot1,0.1 0.1 0.1 0.1 0.3 0.1 0.7 0.1 0.5 0.1,2941,biology computer_science mathematics,like,16120,31000
bot1,0.1 0.1 0.1 0.1 0.3 0.1 0.7 0.1 0.5 0.1,2942,biology computer_science mathematics,,24440,52000
bot1,0.1 0.1 0.1 0.1 0.3 0.1 0.7 0.1 0.5 0.1,2943,biology computer_science mathematics,like,24990,49000
bot1,0.1 0.1 0.1 0.1 0.3 0.1 0.7 0.1 0.5 0.1,2944,biology computer_science mathematics,,23760,54000
bot1,0.1 0.1 0.1 0.1 0.3 0.1 0.7 0.1 0.5 0.1,2945,biology computer_science mathematics,,17500,35000
bot1,0.1 0.1 0.1 0.1 0.3 0.1 0.7 0.1 0.5 0.1,2946,biology computer_science mathematics,like,25500,51000
bot1,0.1 0.1 0.1 0.1 0.3 0.1 0.7 0.1 0.5 0.1,2947,biology computer_science mathematics,like,29500,59000
bot1,0.1 0.1 0.1 0.1 0.3 0.1 0.7 0.1 0.5 0.1,2948,biology computer_science mathematics,like,28080,54000
bot1,0.1 0.1 0.1 0.1 0.3 0.1 0.7 0.1 0.5 0.1,2949,biology computer_science mathematics,,15190,31000
bot1,0.1 0.1 0.1 0.1 0.3 0.1 0.7 0.1 0.5 0.1,2950,biology computer_science mathematics,,15640,34000
bot1,0.1 0.1 0.1 0.1 0.3 0.1 0.7 0.1 0.5 0.1,2951,biology computer_science mathematics,like,28050,55000
bot1,0.1 0.1 0.1 0.1 0.3 0.1 0.7 0.1 0.5 0.1,2952,biology computer_science mathematics,like,23400,45000
bot1,0.1 0.1 0.1 0.1 0.3 0.1 0.7 0.1 0.5 0.1,2953,biology computer_science mathematics,like,24910,47000
bot1,0.1 0.1 0.1 0.1 0.3 0.1 0.7 0.1 0.5 0.1,2954,biology computer_science mathematics,,29700,54000
bot1,0.1 0.1 0.1 0.1 0.3 0.1 0.7 0.1 0.5 0.1,2955,biology computer_science mathematics,like,28420,58000
bot1,0.1 0.1 0.1 0.1 0.3 0.1 0.7 0.1 0.5 0.1,2956,biology computer_science mathematics,like,19800,36000
bot1,0.1 0.1 0.1 0.1 0.3 0.1 0.7 0.1 0.5 0.1,2957,biology computer_science mathematics,like,18480,42000
bot1,0.1 0.1 0.1 0.1 0.3 0.1 0.7 0.1 0.5 0.1,2958,biology computer_science mathematics,like,18020,34000
bot1,0.1 0.1 0.1 0.1 0.3 0.1 0.7 0.1 0.5 0.1,2959,biology computer_science mathematics,,15190,31000
bot1,0.1 0.1 0.1 0.1 0.3 0.1 0.7 0.1 0.5 0.1,2960,biology computer_science mathematics,like,21560,44000
bot1,0.1 0.1 0.1 0.1 0.3 0.1 0.7 0.1 0.5 0.1,2961,biology computer_science mathematics,like,23500,47000
bot1,0.1 0.1 0.1 0.1 0.3 0.1 0.7 0.1 0.5 0.1,2962,biology computer_science mathematics,like,17640,36000
bot1,0.1 0.1 0.1 0.1 0.3 0.1 0.7 0.1 0.5 0.1,2963,biology computer_science mathematics,like,21150,47000
bot1,0.1 0.1 0.1 0.1 0.3 0.1 0.7 0.1 0.5 0.1,2964,biology computer_science mathematics,,24910,53000
bot1,0.1 0.1 0.1 0.1 0.3 0.1 0.7 0.1 0.5 0.1,2965,biology computer_science mathematics,like,29070,57000
bot1,0.1 0.1 0.1 0.1 0.3 0.1 0.7 0.1 0.5 0.1,2966,biology computer_science mathematics,like,26550,59000
bot1,0.1 0.1 0.1 0.1 0.3 0.1 0.7 0.1 0.5 0.1,2967,biology computer_science mathematics,like,19250,35000
bot1,0.1 0.1 0.1 0.1 0.3 0.1 0.7 0.1 0.5 0.1,2968,biology computer_science mathematics,like,20060,34000
bot1,0.1 0.1 0.1 0.1 0.3 0.1 0.7 0.1 0.5 0.1,2969,biology computer_science music,,11200,56000
bot1,0.1 0.1 0.1 0.1 0.3 0.1 0.7 0.1 0.5 0.1,2970,biology computer_science music,,8610,41000
bot1,0.1 0.1 0.1 0.1 0.3 0.1 0.7 0.1 0.5 0.1,2971,biology computer_science music,,8640,54000
bot1,0.1 0.1 0.1 0.1 0.3 0.1 0.7 0.1 0.5 0.1,2972,biology computer_science music,,8820,42000
bot1,0.1 0.1 0.1 0.1 0.3 0.1 0.7 0.1 0.5 0.1,2973,biology computer_science music,,11600,58000
bot1,0.1 0.1 0.1 0.1 0.3 0.1 0.7 0.1 0.5 0.1,2974,biology computer_science music,,15390,57000
bot1,0.1 0.1 0.1 0.1 0.3 0.1 0.7 0.1 0.5 0.1,2975,biology computer_science music,,7350,49000
bot1,0.1 0.1 0.1 0.1 0.3 0.1 0.7 0.1 0.5 0.1,2976,biology computer_science music,,8480,53000
bot1,0.1 0.1 0.1 0.1 0.3 0.1 0.7 0.1 0.5 0.1,2977,biology computer_science music,,11400,60000
bot1,0.1 0.1 0.1 0.1 0.3 0.1 0.7 0.1 0.5 0.1,2978,biology computer_science music,,6300,42000
bot1,0.1 0.1 0.1 0.1 0.3 0.1 0.7 0.1 0.5 0.1,2979,biology computer_science music,,9180,51000
bot1,0.1 0.1 0.1 0.1 0.3 0.1 0.7 0.1 0.5 0.1,2980,biology computer_science music,,7990,47000
bot1,0.1 0.1 0.1 0.1 0.3 0.1 0.7 0.1 0.5 0.1,2981,biology computer_science music,,7020,39000
bot1,0.1 0.1 0.1 0.1 0.3 0.1 0.7 0.1 0.5 0.1,2982,biology computer_science music,,10500,50000
bot1,0.1 0.1 0.1 0.1 0.3 0.1 0.7 0.1 0.5 0.1,2983,biology computer_science music,,5610,33000
bot1,0.1 0.1 0.1 0.1 0.3 0.1 0.7 0.1 0.5 0.1,2984,biology computer_science music,,7680,32000
bot1,0.1 0.1 0.1 0.1 0.3 0.1 0.7 0.1 0.5 0.1,2985,biology computer_science music,,12000,60000
bot1,0.1 0.1 0.1 0.1 0.3 0.1 0.7 0.1 0.5 0.1,2986,biology computer_science music,,9690,57000
bot1,0.1 0.1 0.1 0.1 0.3 0.1 0.7 0.1 0.5 0.1,2987,biology computer_science music,,3960,33000
bot1,0.1 0.1 0.1 0.1 0.3 0.1 0.7 0.1 0.5 0.1,2988,biology computer_science music,,5610,33000
bot1,0.1 0.1 0.1 0.1 0.3 0.1 0.7 0.1 0.5 0.1,2989,biology computer_science music,,11500,50000
bot1,0.1 0.1 0.1 0.1 0.3 0.1 0.7 0.1 0.5 0.1,2990,biology computer_science music,,9180,51000
bot1,0.1 0.1 0.1 0.1 0.3 0.1 0.7 0.1 0.5 0.1,2991,biology computer_science music,,8820,49000
bot1,0.1 0.1 0.1 0.1 0.3 0.1 0.7 0.1 0.5 0.1,2992,biology computer_science music,,6840,38000
bot1,0.1 0.1 0.1 0.1 0.3 0.1 0.7 0.1 0.5 0.1,2993,biology computer_science music,,6290,37000
bot1,0.1 0.1 0.1 0.1 0.3 0.1 0.7 0.1 0.5 0.1,2994,biology computer_science music,,5440,32000
bot1,0.1 0.1 0.1 0.1 0.3 0.1 0.7 0.1 0.5 0.1,2995,biology computer_science music,,11800,59000
bot1,0.1 0.1 0.1 0.1 0.3 0.1 0.7 0.1 0.5 0.1,2996,biology computer_science music,,7650,45000
bot1,0.1 0.1 0.1 0.1 0.3 0.1 0.7 0.1 0.5 0.1,2997,biology computer_science physics,like,20160,56000
bot1,0.1 0.1 0.1 0.1 0.3 0.1 0.7 0.1 0.5 0.1,2998,biology computer_science physics,like,20350,55000
bot1,0.1 0.1 0.1 0.1 0.3 0.1 0.7 0.1 0.5 0.1,2999,biology computer_science physics,,13940,41000
bot1,0.1 0.1 0.1 0.1 0.3 0.1 0.7 0.1 0.5 0.1,3000,biology computer_science physics,,24600,60000
bot1,0.1 0.1 0.1 0.1 0.3 0.1 0.7 0.1 0.5 0.1,3001,biology computer_science physics,,20720,56000
bot1,0.1 0.1 0.1 0.1 0.3 0.1 0.7 0.1 0.5 0.1,3002,biology computer_science physics,like,18200,52000
bot1,0.1 0.1 0.1 0.1 0.3 0.1 0.7 0.1 0.5 0.1,3003,biology computer_science physics,,18130,49000
bot1,0.1 0.1 0.1 0.1 0.3 0.1 0.7 0.1 0.5 0.1,3004,biology computer_science physics,,11470,31000
bot1,0.1 0.1 0.1 0.1 0.3 0.1 0.7 0.1 0.5 0.1,3005,biology computer_science physics,like,17920,56000
bot1,0.1 0.1 0.1 0.1 0.3 0.1 0.7 0.1 0.5 0.1,3006,biology computer_science physics,,24000,60000
bot1,0.1 0.1 0.1 0.1 0.3 0.1 0.7 0.1 0.5 0.1,3007,biology computer_science physics,,16560,46000
bot1,0.1 0.1 0.1 0.1 0.3 0.1 0.7 0.1 0.5 0.1,3008,biology computer_science physics,,19080,53000
bot1,0.1 0.1 0.1 0.1 0.3 0.1 0.7 0.1 0.5 0.1,3009,biology computer_science physics,,16800,42000
bot1,0.1 0.1 0.1 0.1 0.3 0.1 0.7 0.1 0.5 0.1,3010,biology computer_science physics,like,19320,46000
bot1,0.1 0.1 0.1 0.1 0.3 0.1 0.7 0.1 0.5 0.1,3011,biology computer_science physics,like,18720,48000
bot1,0.1 0.1 0.1 0.1 0.3 0.1 0.7 0.1 0.5 0.1,3012,biology computer_science physics,,12250,35000
bot1,0.1 0.1 0.1 0.1 0.3 0.1 0.7 0.1 0.5 0.1,3013,biology computer_science physics,,18800,47000
bot1,0.1 0.1 0.1 0.1 0.3 0.1 0.7 0.1 0.5 0.1,3014,biology computer_science physics,like,11880,33000
bot1,0.1 0.1 0.1 0.1 0.3 0.1 0.7 0.1 0.5 0.1,3015,biology computer_science physics,,16800,48000
bot1,0.1 0.1 0.1 0.1 0.3 0.1 0.7 0.1 0.5 0.1,3016,biology computer_science physics,,15840,44000
bot1,0.1 0.1 0.1 0.1 0.3 0.1 0.7 0.1 0.5 0.1,3017,biology computer_science physics,like,15050,43000
bot1,0.1 0.1 0.1 0.1 0.3 0.1 0.7 0.1 0.5 0.1,3018,biology computer_science physics,,12250,35000
bot1,0.1 0.1 0.1 0.1 0.3 0.1 0.7 0.1 0.5 0.1,3019,biology computer_science physics,,16920,47000
bot1,0.1 0.1 0.1 0.1 0.3 0.1 0.7 0.1 0.5 0.1,3020,biology computer_science physics,like,13600,40000
bot1,0.1 0.1 0.1 0.1 0.3 0.1 0.7 0.1 0.5 0.1,3021,biology computer_science physics,,16450,47000
bot1,0.1 0.1 0.1 0.1 0.3 0.1 0.7 0.1 0.5 0.1,3022,biology computer_science physics,,14520,44000
bot1,0.1 0.1 0.1 0.1 0.3 0.1 0.7 0.1 0.5 0.1,3023,biology computer_science physics,like,21460,58000
bot1,0.1 0.1 0.1 0.1 0.3 0.1 0.7 0.1 0.5 0.1,3024,biology computer_science physics,like,14000,40000
bot1,0.1 0.1 0.1 0.1 0.3 0.1 0.7 0.1 0.5 0.1,3025,biology computer_science psychology,,11180,43000
bot1,0.1 0.1 0.1 0.1 0.3 0.1 0.7 0.1 0.5 0.1,3026,biology computer_science psychology,,9460,43000
bot1,0.1 0.1 0.1 0.1 0.3 0.1 0.7 0.1 0.5 0.1,3027,biology computer_science psychology,,8000,40000
bot1,0.1 0.1 0.1 0.1 0.3 0.1 0.7 0.1 0.5 0.1,3028,biology computer_science psychology,,9600,48000
bot1,0.1 0.1 0.1 0.1 0.3 0.1 0.7 0.1 0.5 0.1,3029,biology computer_science psychology,,5460,42000
bot1,0.1 0.1 0.1 0.1 0.3 0.1 0.7 0.1 0.5 0.1,3030,biology computer_science psychology,,10030,59000
bot1,0.1 0.1 0.1 0.1 0.3 0.1 0.7 0.1 0.5 0.1,3031,biology computer_science psychology,,8610,41000
bot1,0.1 0.1 0.1 0.1 0.3 0.1 0.7 0.1 0.5 0.1,3032,biology computer_science psychology,,8800,44000
bot1,0.1 0.1 0.1 0.1 0.3 0.1 0.7 0.1 0.5 0.1,3033,biology computer_science psychology,,3300,30000
bot1,0.1 0.1 0.1 0.1 0.3 0.1 0.7 0.1 0.5 0.1,3034,biology computer_science psychology,,7800,39000
bot1,0.1 0.1 0.1 0.1 0.3 0.1 0.7 0.1 0.5 0.1,3035,biology computer_science psychology,,8740,46000
bot1,0.1 0.1 0.1 0.1 0.3 0.1 0.7 0.1 0.5 0.1,3036,biology computer_science psychology,,11020,58000
bot1,0.1 0.1 0.1 0.1 0.3 0.1 0.7 0.1 0.5 0.1,3037,biology computer_science psychology,,7410,39000
bot1,0.1 0.1 0.1 0.1 0.3 0.1 0.7 0.1 0.5 0.1,3038,biology computer_science psychology,,6120,36000
bot1,0.1 0.1 0.1 0.1 0.3 0.1 0.7 0.1 0.5 0.1,3039,biology computer_science psychology,,5400,30000
bot1,0.1 0.1 0.1 0.1 0.3 0.1 0.7 0.1 0.5 0.1,3040,biology computer_science psychology,,10200,60000
bot1,0.1 0.1 0.1 0.1 0.3 0.1 0.7 0.1 0.5 0.1,3041,biology computer_science psychology,,5700,38000
bot1,0.1 0.1 0.1 0.1 0.3 0.1 0.7 0.1 0.5 0.1,3042,biology computer_science psychology,,8280,46000
bot1,0.1 0.1 0.1 0.1 0.3 0.1 0.7 0.1 0.5 0.1,3043,biology computer_science psychology,,14160,59000
bot1,0.1 0.1 0.1 0.1 0.3 0.1 0.7 0.1 0.5 0.1,3044,biology computer_science psychology,,6600,33000
bot1,0.1 0.1 0.1 0.1 0.3 0.1 0.7 0.1 0.5 0.1,3045,biology computer_science psychology,,8200,41000
bot1,0.1 0.1 0.1 0.1 0.3 0.1 0.7 0.1 0.5 0.1,3046,biology computer_science psychology,,6840,38000
bot1,0.1 0.1 0.1 0.1 0.3 0.1 0.7 0.1 0.5 0.1,3047,biology computer_science psychology,,9600,48000
bot1,0.1 0.1 0.1 0.1 0.3 0.1 0.7 0.1 0.5 0.1,3048,biology computer_science psychology,,5320,38000
bot1,0.1 0.1 0.1 0.1 0.3 0.1 0.7 0.1 0.5 0.1,3049,biology computer_science psychology,,5120,32000
bot1,0.1 0.1 0.1 0.1 0.3 0.1 0.7 0.1 0.5 0.1,3050,biology computer_science psychology,,9600,48000
bot1,0.1 0.1 0.1 0.1 0.3 0.1 0.7 0.1 0.5 0.1,3051,biology computer_science psychology,like,14840,53000
bot1,0.1 0.1 0.1 0.1 0.3 0.1 0.7 0.1 0.5 0.1,3052,biology computer_science psychology,,7600,40000
bot1,0.1 0.1 0.1 0.1 0.3 0.1 0.7 0.1 0.5 0.1,3053,biology literature mathematics,like,15400,35000
bot1,0.1 0.1 0.1 0.1 0.3 0.1 0.7 0.1 0.5 0.1,3054,biology literature mathematics,like,29580,58000
bot1,0.1 0.1 0.1 0.1 0.3 0.1 0.7 0.1 0.5 0.1,3055,biology literature mathematics,like,24480,48000
bot1,0.1 0.1 0.1 0.1 0.3 0.1 0.7 0.1 0.5 0.1,3056,biology literature mathematics,like,16830,33000
bot1,0.1 0.1 0.1 0.1 0.3 0.1 0.7 0.1 0.5 0.1,3057,biology literature mathematics,,19500,39000
bot1,0.1 0.1 0.1 0.1 0.3 0.1 0.7 0.1 0.5 0.1,3058,biology literature mathematics,like,27500,55000
bot1,0.1 0.1 0.1 0.1 0.3 0.1 0.7 0.1 0.5 0.1,3059,biology literature mathematics,,15360,32000
bot1,0.1 0.1 0.1 0.1 0.3 0.1 0.7 0.1 0.5 0.1,3060,biology literature mathematics,like,31270,59000
bot1,0.1 0.1 0.1 0.1 0.3 0.1 0.7 0.1 0.5 0.1,3061,biology literature mathematics,like,18450,41000
bot1,0.1 0.1 0.1 0.1 0.3 0.1 0.7 0.1 0.5 0.1,3062,biology literature mathematics,,20640,43000
bot1,0.1 0.1 0.1 0.1 0.3 0.1 0.7 0.1 0.5 0.1,3063,biology literature mathematics,like,23940,57000
bot1,0.1 0.1 0.1 0.1 0.3 0.1 0.7 0.1 0.5 0.1,3064,biology literature mathematics,,25920,54000
bot1,0.1 0.1 0.1 0.1 0.3 0.1 0.7 0.1 0.5 0.1,3065,biology literature mathematics,like,22500,50000
bot1,0.1 0.1 0.1 0.1 0.3 0.1 0.7 0.1 0.5 0.1,3066,biology literature mathematics,,28320,59000
bot1,0.1 0.1 0.1 0.1 0.3 0.1 0.7 0.1 0.5 0.1,3067,biology literature mathematics,like,29700,54000
bot1,0.1 0.1 0.1 0.1 0.3 0.1 0.7 0.1 0.5 0.1,3068,biology literature mathematics,like,17050,31000
bot1,0.1 0.1 0.1 0.1 0.3 0.1 0.7 0.1 0.5 0.1,3069,biology literature mathematics,like,16120,31000
bot1,0.1 0.1 0.1 0.1 0.3 0.1 0.7 0.1 0.5 0.1,3070,biology literature mathematics,,23520,48000
bot1,0.1 0.1 0.1 0.1 0.3 0.1 0.7 0.1 0.5 0.1,3071,biology literature mathematics,,21620,46000
bot1,0.1 0.1 0.1 0.1 0.3 0.1 0.7 0.1 0.5 0.1,3072,biology literature mathematics,,16660,34000
bot1,0.1 0.1 0.1 0.1 0.3 0.1 0.7 0.1 0.5 0.1,3073,biology literature mathematics,like,26500,53000
bot1,0.1 0.1 0.1 0.1 0.3 0.1 0.7 0.1 0.5 0.1,3074,biology literature mathematics,,21560,44000
bot1,0.1 0.1 0.1 0.1 0.3 0.1 0.7 0.1 0.5 0.1,3075,biology literature mathematics,like,22560,48000
bot1,0.1 0.1 0.1 0.1 0.3 0.1 0.7 0.1 0.5 0.1,3076,biology literature mathematics,like,17390,37000
bot1,0.1 0.1 0.1 0.1 0.3 0.1 0.7 0.1 0.5 0.1,3077,biology literature mathematics,,27500,55000
bot1,0.1 0.1 0.1 0.1 0.3 0.1 0.7 0.1 0.5 0.1,3078,biology literature mathematics,,15980,34000
bot1,0.1 0.1 0.1 0.1 0.3 0.1 0.7 0.1 0.5 0.1,3079,biology literature mathematics,like,22050,45000
bot1,0.1 0.1 0.1 0.1 0.3 0.1 0.7 0.1 0.5 0.1,3080,biology literature mathematics,,14260,31000
bot1,0.1 0.1 0.1 0.1 0.3 0.1 0.7 0.1 0.5 0.1,3081,biology literature music,,1900,38000
bot1,0.1 0.1 0.1 0.1 0.3 0.1 0.7 0.1 0.5 0.1,3082,biology literature music,,5520,46000
bot1,0.1 0.1 0.1 0.1 0.3 0.1 0.7 0.1 0.5 0.1,3083,biology literature music,,5200,52000
bot1,0.1 0.1 0.1 0.1 0.3 0.1 0.7 0.1 0.5 0.1,3084,biology literature music,,3060,34000
bot1,0.1 0.1 0.1 0.1 0.3 0.1 0.7 0.1 0.5 0.1,3085,biology literature music,,5040,36000
bot1,0.1 0.1 0.1 0.1 0.3 0.1 0.7 0.1 0.5 0.1,3086,biology literature music,,3000,50000
bot1,0.1 0.1 0.1 0.1 0.3 0.1 0.7 0.1 0.5 0.1,3087,biology literature music,,3760,47000
bot1,0.1 0.1 0.1 0.1 0.3 0.1 0.7 0.1 0.5 0.1,3088,biology literature music,,4240,53000
bot1,0.1 0.1 0.1 0.1 0.3 0.1 0.7 0.1 0.5 0.1,3089,biology literature music,,2590,37000
bot1,0.1 0.1 0.1 0.1 0.3 0.1 0.7 0.1 0.5 0.1,3090,biology literature music,,3240,54000
bot1,0.1 0.1 0.1 0.1 0.3 0.1 0.7 0.1 0.5 0.1,3091,biology literature music,,4590,51000
bot1,0.1 0.1 0.1 0.1 0.3 0.1 0.7 0.1 0.5 0.1,3092,biology literature music,,2240,32000
bot1,0.1 0.1 0.1 0.1 0.3 0.1 0.7 0.1 0.5 0.1,3093,biology literature music,,2580,43000
bot1,0.1 0.1 0.1 0.1 0.3 0.1 0.7 0.1 0.5 0.1,3094,biology literature music,,2050,41000
bot1,0.1 0.1 0.1 0.1 0.3 0.1 0.7 0.1 0.5 0.1,3095,biology literature music,,4510,41000
bot1,0.1 0.1 0.1 0.1 0.3 0.1 0.7 0.1 0.5 0.1,3096,biology literature music,,2700,30000
bot1,0.1 0.1 0.1 0.1 0.3 0.1 0.7 0.1 0.5 0.1,3097,biology literature music,,1750,35000
bot1,0.1 0.1 0.1 0.1 0.3 0.1 0.7 0.1 0.5 0.1,3098,biology literature music,,4410,49000
bot1,0.1 0.1 0.1 0.1 0.3 0.1 0.7 0.1 0.5 0.1,3099,biology literature music,,3300,55000
bot1,0.1 0.1 0.1 0.1 0.3 0.1 0.7 0.1 0.5 0.1,3100,biology literature music,,3400,34000
bot1,0.1 0.1 0.1 0.1 0.3 0.1 0.7 0.1 0.5 0.1,3101,biology literature music,,4130,59000
bot1,0.1 0.1 0.1 0.1 0.3 0.1 0.7 0.1 0.5 0.1,3102,biology literature music,,2160,36000
bot1,0.1 0.1 0.1 0.1 0.3 0.1 0.7 0.1 0.5 0.1,3103,biology literature music,,4080,34000
bot1,0.1 0.1 0.1 0.1 0.3 0.1 0.7 0.1 0.5 0.1,3104,biology literature music,,7980,57000
bot1,0.1 0.1 0.1 0.1 0.3 0.1 0.7 0.1 0.5 0.1,3105,biology literature music,,6360,53000
bot1,0.1 0.1 0.1 0.1 0.3 0.1 0.7 0.1 0.5 0.1,3106,biology literature music,,3600,60000
bot1,0.1 0.1 0.1 0.1 0.3 0.1 0.7 0.1 0.5 0.1,3107,biology literature music,,3740,34000
bot1,0.1 0.1 0.1 0.1 0.3 0.1 0.7 0.1 0.5 0.1,3108,biology literature music,,7280,56000
bot1,0.1 0.1 0.1 0.1 0.3 0.1 0.7 0.1 0.5 0.1,3109,biology literature physics,,14400,40000
bot1,0.1 0.1 0.1 0.1 0.3 0.1 0.7 0.1 0.5 0.1,3110,biology literature physics,like,10230,33000
bot1,0.1 0.1 0.1 0.1 0.3 0.1 0.7 0.1 0.5 0.1,3111,biology literature physics,,15750,45000
bot1,0.1 0.1 0.1 0.1 0.3 0.1 0.7 0.1 0.5 0.1,3112,biology literature physics,like,9360,36000
bot1,0.1 0.1 0.1 0.1 0.3 0.1 0.7 0.1 0.5 0.1,3113,biology literature physics,,11880,36000
bot1,0.1 0.1 0.1 0.1 0.3 0.1 0.7 0.1 0.5 0.1,3114,biology literature physics,like,15180,46000
bot1,0.1 0.1 0.1 0.1 0.3 0.1 0.7 0.1 0.5 0.1,3115,biology literature physics,like,17390,47000
bot1,0.1 0.1 0.1 0.1 0.3 0.1 0.7 0.1 0.5 0.1,3116,biology literature physics,,18020,53000
bot1,0.1 0.1 0.1 0.1 0.3 0.1 0.7 0.1 0.5 0.1,3117,biology literature physics,like,18200,52000
bot1,0.1 0.1 0.1 0.1 0.3 0.1 0.7 0.1 0.5 0.1,3118,biology literature physics,,12000,30000
bot1,0.1 0.1 0.1 0.1 0.3 0.1 0.7 0.1 0.5 0.1,3119,biology literature physics,like,18560,58000
bot1,0.1 0.1 0.1 0.1 0.3 0.1 0.7 0.1 0.5 0.1,3120,biology literature physics,like,10850,31000
bot1,0.1 0.1 0.1 0.1 0.3 0.1 0.7 0.1 0.5 0.1,3121,biology literature physics,,9610,31000
bot1,0.1 0.1 0.1 0.1 0.3 0.1 0.7 0.1 0.5 0.1,3122,biology literature physics,,19250,55000
bot1,0.1 0.1 0.1 0.1 0.3 0.1 0.7 0.1 0.5 0.1,3123,biology literature physics,,12920,38000
bot1,0.1 0.1 0.1 0.1 0.3 0.1 0.7 0.1 0.5 0.1,3124,biology literature physics,,16000,50000
bot1,0.1 0.1 0.1 0.1 0.3 0.1 0.7 0.1 0.5 0.1,3125,biology literature physics,,10240,32000
bot1,0.1 0.1 0.1 0.1 0.3 0.1 0.7 0.1 0.5 0.1,3126,biology literature physics,,14060,38000
bot1,0.1 0.1 0.1 0.1 0.3 0.1 0.7 0.1 0.5 0.1,3127,biology literature physics,,21830,59000
bot1,0.1 0.1 0.1 0.1 0.3 0.1 0.7 0.1 0.5 0.1,3128,biology literature physics,,18810,57000
bot1,0.1 0.1 0.1 0.1 0.3 0.1 0.7 0.1 0.5 0.1,3129,biology literature physics,like,15600,39000
bot1,0.1 0.1 0.1 0.1 0.3 0.1 0.7 0.1 0.5 0.1,3130,biology literature physics,like,16000,50000
bot1,0.1 0.1 0.1 0.1 0.3 0.1 0.7 0.1 0.5 0.1,3131,biology literature physics,like,14280,42000
bot1,0.1 0.1 0.1 0.1 0.3 0.1 0.7 0.1 0.5 0.1,3132,biology literature physics,,17160,52000
bot1,0.1 0.1 0.1 0.1 0.3 0.1 0.7 0.1 0.5 0.1,3133,biology literature physics,,13600,40000
bot1,0.1 0.1 0.1 0.1 0.3 0.1 0.7 0.1 0.5 0.1,3134,biology literature physics,like,16170,49000
bot1,0.1 0.1 0.1 0.1 0.3 0.1 0.7 0.1 0.5 0.1,3135,biology literature physics,like,9450,35000
bot1,0.1 0.1 0.1 0.1 0.3 0.1 0.7 0.1 0.5 0.1,3136,biology literature physics,,21000,60000
bot1,0.1 0.1 0.1 0.1 0.3 0.1 0.7 0.1 0.5 0.1,3137,biology literature psychology,,5310,59000
bot1,0.1 0.1 0.1 0.1 0.3 0.1 0.7 0.1 0.5 0.1,3138,biology literature psychology,,1860,31000
bot1,0.1 0.1 0.1 0.1 0.3 0.1 0.7 0.1 0.5 0.1,3139,biology literature psychology,,4140,46000
bot1,0.1 0.1 0.1 0.1 0.3 0.1 0.7 0.1 0.5 0.1,3140,biology literature psychology,,3600,45000
bot1,0.1 0.1 0.1 0.1 0.3 0.1 0.7 0.1 0.5 0.1,3141,biology literature psychology,,1750,35000
bot1,0.1 0.1 0.1 0.1 0.3 0.1 0.7 0.1 0.5 0.1,3142,biology literature psychology,,5100,51000
bot1,0.1 0.1 0.1 0.1 0.3 0.1 0.7 0.1 0.5 0.1,3143,biology literature psychology,,8500,50000
bot1,0.1 0.1 0.1 0.1 0.3 0.1 0.7 0.1 0.5 0.1,3144,biology literature psychology,,5980,46000
bot1,0.1 0.1 0.1 0.1 0.3 0.1 0.7 0.1 0.5 0.1,3145,biology literature psychology,,3720,31000
bot1,0.1 0.1 0.1 0.1 0.3 0.1 0.7 0.1 0.5 0.1,3146,biology literature psychology,,4060,58000
bot1,0.1 0.1 0.1 0.1 0.3 0.1 0.7 0.1 0.5 0.1,3147,biology literature psychology,,6160,56000
bot1,0.1 0.1 0.1 0.1 0.3 0.1 0.7 0.1 0.5 0.1,3148,biology literature psychology,,5400,60000
bot1,0.1 0.1 0.1 0.1 0.3 0.1 0.7 0.1 0.5 0.1,3149,biology literature psychology,,3420,38000
bot1,0.1 0.1 0.1 0.1 0.3 0.1 0.7 0.1 0.5 0.1,3150,biology literature psychology,,3600,40000
bot1,0.1 0.1 0.1 0.1 0.3 0.1 0.7 0.1 0.5 0.1,3151,biology literature psychology,,4590,51000
bot1,0.1 0.1 0.1 0.1 0.3 0.1 0.7 0.1 0.5 0.1,3152,biology literature psychology,,5300,53000
bot1,0.1 0.1 0.1 0.1 0.3 0.1 0.7 0.1 0.5 0.1,3153,biology literature psychology,,4800,60000
bot1,0.1 0.1 0.1 0.1 0.3 0.1 0.7 0.1 0.5 0.1,3154,biology literature psychology,,5130,57000
bot1,0.1 0.1 0.1 0.1 0.3 0.1 0.7 0.1 0.5 0.1,3155,biology literature psychology,,3330,37000
bot1,0.1 0.1 0.1 0.1 0.3 0.1 0.7 0.1 0.5 0.1,3156,biology literature psychology,,4320,48000
bot1,0.1 0.1 0.1 0.1 0.3 0.1 0.7 0.1 0.5 0.1,3157,biology literature psychology,,3120,39000
bot1,0.1 0.1 0.1 0.1 0.3 0.1 0.7 0.1 0.5 0.1,3158,biology literature psychology,,4000,40000
bot1,0.1 0.1 0.1 0.1 0.3 0.1 0.7 0.1 0.5 0.1,3159,biology literature psychology,,1700,34000
bot1,0.1 0.1 0.1 0.1 0.3 0.1 0.7 0.1 0.5 0.1,3160,biology literature psychology,,2040,34000
bot1,0.1 0.1 0.1 0.1 0.3 0.1 0.7 0.1 0.5 0.1,3161,biology literature psychology,,5100,51000
bot1,0.1 0.1 0.1 0.1 0.3 0.1 0.7 0.1 0.5 0.1,3162,biology literature psychology,,5700,57000
bot1,0.1 0.1 0.1 0.1 0.3 0.1 0.7 0.1 0.5 0.1,3163,biology literature psychology,,4160,52000
bot1,0.1 0.1 0.1 0.1 0.3 0.1 0.7 0.1 0.5 0.1,3164,biology literature psychology,,5520,46000
bot1,0.1 0.1 0.1 0.1 0.3 0.1 0.7 0.1 0.5 0.1,3165,biology mathematics music,,21070,43000
bot1,0.1 0.1 0.1 0.1 0.3 0.1 0.7 0.1 0.5 0.1,3166,biology mathematics music,like,28080,54000
bot1,0.1 0.1 0.1 0.1 0.3 0.1 0.7 0.1 0.5 0.1,3167,biology mathematics music,,27730,59000
bot1,0.1 0.1 0.1 0.1 0.3 0.1 0.7 0.1 0.5 0.1,3168,biology mathematics music,,14000,35000
bot1,0.1 0.1 0.1 0.1 0.3 0.1 0.7 0.1 0.5 0.1,3169,biology mathematics music,like,26320,47000
bot1,0.1 0.1 0.1 0.1 0.3 0.1 0.7 0.1 0.5 0.1,3170,biology mathematics music,,23850,53000
bot1,0.1 0.1 0.1 0.1 0.3 0.1 0.7 0.1 0.5 0.1,3171,biology mathematics music,like,20000,40000
bot1,0.1 0.1 0.1 0.1 0.3 0.1 0.7 0.1 0.5 0.1,3172,biology mathematics music,,15980,34000
bot1,0.1 0.1 0.1 0.1 0.3 0.1 0.7 0.1 0.5 0.1,3173,biology mathematics music,like,23760,54000
bot1,0.1 0.1 0.1 0.1 0.3 0.1 0.7 0.1 0.5 0.1,3174,biology mathematics music,like,21070,43000
bot1,0.1 0.1 0.1 0.1 0.3 0.1 0.7 0.1 0.5 0.1,3175,biology mathematics music,like,18330,39000
bot1,0.1 0.1 0.1 0.1 0.3 0.1 0.7 0.1 0.5 0.1,3176,biology mathematics music,like,29500,59000
bot1,0.1 0.1 0.1 0.1 0.3 0.1 0.7 0.1 0.5 0.1,3177,biology mathematics music,like,25500,50000
bot1,0.1 0.1 0.1 0.1 0.3 0.1 0.7 0.1 0.5 0.1,3178,biology mathematics music,,18620,38000
bot1,0.1 0.1 0.1 0.1 0.3 0.1 0.7 0.1 0.5 0.1,3179,biology mathematics music,like,18720,36000
bot1,0.1 0.1 0.1 0.1 0.3 0.1 0.7 0.1 0.5 0.1,3180,biology mathematics music,like,16800,35000
bot1,0.1 0.1 0.1 0.1 0.3 0.1 0.7 0.1 0.5 0.1,3181,biology mathematics music,like,24010,49000
bot1,0.1 0.1 0.1 0.1 0.3 0.1 0.7 0.1 0.5 0.1,3182,biology mathematics music,,24500,49000
bot1,0.1 0.1 0.1 0.1 0.3 0.1 0.7 0.1 0.5 0.1,3183,biology mathematics music,,17020,37000
bot1,0.1 0.1 0.1 0.1 0.3 0.1 0.7 0.1 0.5 0.1,3184,biology mathematics music,like,16280,37000
bot1,0.1 0.1 0.1 0.1 0.3 0.1 0.7 0.1 0.5 0.1,3185,biology mathematics music,like,22140,41000
bot1,0.1 0.1 0.1 0.1 0.3 0.1 0.7 0.1 0.5 0.1,3186,biology mathematics music,like,26460,54000
bot1,0.1 0.1 0.1 0.1 0.3 0.1 0.7 0.1 0.5 0.1,3187,biology mathematics music,,22080,46000
bot1,0.1 0.1 0.1 0.1 0.3 0.1 0.7 0.1 0.5 0.1,3188,biology mathematics music,like,25200,45000
bot1,0.1 0.1 0.1 0.1 0.3 0.1 0.7 0.1 0.5 0.1,3189,biology mathematics music,like,21320,41000
bot1,0.1 0.1 0.1 0.1 0.3 0.1 0.7 0.1 0.5 0.1,3190,biology mathematics music,like,19740,42000
bot1,0.1 0.1 0.1 0.1 0.3 0.1 0.7 0.1 0.5 0.1,3191,biology mathematics music,,14960,34000
bot1,0.1 0.1 0.1 0.1 0.3 0.1 0.7 0.1 0.5 0.1,3192,biology mathematics music,like,16650,37000
bot1,0.1 0.1 0.1 0.1 0.3 0.1 0.7 0.1 0.5 0.1,3193,biology mathematics physics,like,28080,54000
bot1,0.1 0.1 0.1 0.1 0.3 0.1 0.7 0.1 0.5 0.1,3194,biology mathematics physics,like,31860,59000
bot1,0.1 0.1 0.1 0.1 0.3 0.1 0.7 0.1 0.5 0.1,3195,biology mathematics physics,like,22360,43000
bot1,0.1 0.1 0.1 0.1 0.3 0.1 0.7 0.1 0.5 0.1,3196,biology mathematics physics,like,27030,51000
bot1,0.1 0.1 0.1 0.1 0.3 0.1 0.7 0.1 0.5 0.1,3197,biology mathematics physics,like,29700,54000
bot1,0.1 0.1 0.1 0.1 0.3 0.1 0.7 0.1 0.5 0.1,3198,biology mathematics physics,,19600,35000
bot1,0.1 0.1 0.1 0.1 0.3 0.1 0.7 0.1 0.5 0.1,3199,biology mathematics physics,like,24200,44000
bot1,0.1 0.1 0.1 0.1 0.3 0.1 0.7 0.1 0.5 0.1,3200,biology mathematics physics,like,23850,45000
bot1,0.1 0.1 0.1 0.1 0.3 0.1 0.7 0.1 0.5 0.1,3201,biology mathematics physics,like,31350,57000
bot1,0.1 0.1 0.1 0.1 0.3 0.1 0.7 0.1 0.5 0.1,3202,biology mathematics physics,like,20350,37000
bot1,0.1 0.1 0.1 0.1 0.3 0.1 0.7 0.1 0.5 0.1,3203,biology mathematics physics,like,28080,54000
bot1,0.1 0.1 0.1 0.1 0.3 0.1 0.7 0.1 0.5 0.1,3204,biology mathematics physics,,27030,53000
bot1,0.1 0.1 0.1 0.1 0.3 0.1 0.7 0.1 0.5 0.1,3205,biology mathematics physics,like,27030,53000
bot1,0.1 0.1 0.1 0.1 0.3 0.1 0.7 0.1 0.5 0.1,3206,biology mathematics physics,like,28420,49000
bot1,0.1 0.1 0.1 0.1 0.3 0.1 0.7 0.1 0.5 0.1,3207,biology mathematics physics,like,25440,48000
bot1,0.1 0.1 0.1 0.1 0.3 0.1 0.7 0.1 0.5 0.1,3208,biology mathematics physics,like,25760,46000
bot1,0.1 0.1 0.1 0.1 0.3 0.1 0.7 0.1 0.5 0.1,3209,biology mathematics physics,like,26000,52000
bot1,0.1 0.1 0.1 0.1 0.3 0.1 0.7 0.1 0.5 0.1,3210,biology mathematics physics,like,26220,46000
bot1,0.1 0.1 0.1 0.1 0.3 0.1 0.7 0.1 0.5 0.1,3211,biology mathematics physics,like,24640,44000
bot1,0.1 0.1 0.1 0.1 0.3 0.1 0.7 0.1 0.5 0.1,3212,biology mathematics physics,,17050,31000
bot1,0.1 0.1 0.1 0.1 0.3 0.1 0.7 0.1 0.5 0.1,3213,biology mathematics physics,,19240,37000
bot1,0.1 0.1 0.1 0.1 0.3 0.1 0.7 0.1 0.5 0.1,3214,biology mathematics physics,like,22260,42000
bot1,0.1 0.1 0.1 0.1 0.3 0.1 0.7 0.1 0.5 0.1,3215,biology mathematics physics,like,17050,31000
bot1,0.1 0.1 0.1 0.1 0.3 0.1 0.7 0.1 0.5 0.1,3216,biology mathematics physics,like,24380,46000
bot1,0.1 0.1 0.1 0.1 0.3 0.1 0.7 0.1 0.5 0.1,3217,biology mathematics physics,like,35400,60000
bot1,0.1 0.1 0.1 0.1 0.3 0.1 0.7 0.1 0.5 0.1,3218,biology mathematics physics,like,21060,39000
bot1,0.1 0.1 0.1 0.1 0.3 0.1 0.7 0.1 0.5 0.1,3219,biology mathematics physics,like,31900,58000
bot1,0.1 0.1 0.1 0.1 0.3 0.1 0.7 0.1 0.5 0.1,3220,biology mathematics physics,,28560,56000
bot1,0.1 0.1 0.1 0.1 0.3 0.1 0.7 0.1 0.5 0.1,3221,biology mathematics psychology,,17150,35000
bot1,0.1 0.1 0.1 0.1 0.3 0.1 0.7 0.1 0.5 0.1,3222,biology mathematics psychology,,24010,49000
bot1,0.1 0.1 0.1 0.1 0.3 0.1 0.7 0.1 0.5 0.1,3223,biology mathematics psychology,,24440,52000
bot1,0.1 0.1 0.1 0.1 0.3 0.1 0.7 0.1 0.5 0.1,3224,biology mathematics psychology,like,17340,34000
bot1,0.1 0.1 0.1 0.1 0.3 0.1 0.7 0.1 0.5 0.1,3225,biology mathematics psychology,like,25000,50000
bot1,0.1 0.1 0.1 0.1 0.3 0.1 0.7 0.1 0.5 0.1,3226,biology mathematics psychology,,23850,53000
bot1,0.1 0.1 0.1 0.1 0.3 0.1 0.7 0.1 0.5 0.1,3227,biology mathematics psychology,,17150,35000
bot1,0.1 0.1 0.1 0.1 0.3 0.1 0.7 0.1 0.5 0.1,3228,biology mathematics psychology,like,31800,60000
bot1,0.1 0.1 0.1 0.1 0.3 0.1 0.7 0.1 0.5 0.1,3229,biology mathematics psychology,,22090,47000
bot1,0.1 0.1 0.1 0.1 0.3 0.1 0.7 0.1 0.5 0.1,3230,biology mathematics psychology,like,21500,43000
bot1,0.1 0.1 0.1 0.1 0.3 0.1 0.7 0.1 0.5 0.1,3231,biology mathematics psychology,,15600,30000
bot1,0.1 0.1 0.1 0.1 0.3 0.1 0.7 0.1 0.5 0.1,3232,biology mathematics psychology,like,22560,48000
bot1,0.1 0.1 0.1 0.1 0.3 0.1 0.7 0.1 0.5 0.1,3233,biology mathematics psychology,like,30160,58000
bot1,0.1 0.1 0.1 0.1 0.3 0.1 0.7 0.1 0.5 0.1,3234,biology mathematics psychology,like,21560,44000
bot1,0.1 0.1 0.1 0.1 0.3 0.1 0.7 0.1 0.5 0.1,3235,biology mathematics psychology,like,19600,40000
bot1,0.1 0.1 0.1 0.1 0.3 0.1 0.7 0.1 0.5 0.1,3236,biology mathematics psychology,like,31270,59000
bot1,0.1 0.1 0.1 0.1 0.3 0.1 0.7 0.1 0.5 0.1,3237,biology mathematics psychology,like,18200,35000
bot1,0.1 0.1 0.1 0.1 0.3 0.1 0.7 0.1 0.5 0.1,3238,biology mathematics psychology,like,17490,33000
bot1,0.1 0.1 0.1 0.1 0.3 0.1 0.7 0.1 0.5 0.1,3239,biology mathematics psychology,,24960,52000
bot1,0.1 0.1 0.1 0.1 0.3 0.1 0.7 0.1 0.5 0.1,3240,biology mathematics psychology,like,19270,41000
bot1,0.1 0.1 0.1 0.1 0.3 0.1 0.7 0.1 0.5 0.1,3241,biology mathematics psychology,,25480,52000
bot1,0.1 0.1 0.1 0.1 0.3 0.1 0.7 0.1 0.5 0.1,3242,biology mathematics psychology,like,26400,55000
bot1,0.1 0.1 0.1 0.1 0.3 0.1 0.7 0.1 0.5 0.1,3243,biology mathematics psychology,,24990,49000
bot1,0.1 0.1 0.1 0.1 0.3 0.1 0.7 0.1 0.5 0.1,3244,biology mathematics psychology,like,19320,42000
bot1,0.1 0.1 0.1 0.1 0.3 0.1 0.7 0.1 0.5 0.1,3245,biology mathematics psychology,like,15500,31000
bot1,0.1 0.1 0.1 0.1 0.3 0.1 0.7 0.1 0.5 0.1,3246,biology mathematics psychology,like,30090,59000
bot1,0.1 0.1 0.1 0.1 0.3 0.1 0.7 0.1 0.5 0.1,3247,biology mathematics psychology,,27930,57000
bot1,0.1 0.1 0.1 0.1 0.3 0.1 0.7 0.1 0.5 0.1,3248,biology mathematics psychology,,16660,34000
bot1,0.1 0.1 0.1 0.1 0.3 0.1 0.7 0.1 0.5 0.1,3249,biology music physics,,10540,34000
bot1,0.1 0.1 0.1 0.1 0.3 0.1 0.7 0.1 0.5 0.1,3250,biology music physics,like,18200,52000
bot1,0.1 0.1 0.1 0.1 0.3 0.1 0.7 0.1 0.5 0.1,3251,biology music physics,,11700,39000
bot1,0.1 0.1 0.1 0.1 0.3 0.1 0.7 0.1 0.5 0.1,3252,biology music physics,,17820,54000
bot1,0.1 0.1 0.1 0.1 0.3 0.1 0.7 0.1 0.5 0.1,3253,biology music physics,like,14040,39000
bot1,0.1 0.1 0.1 0.1 0.3 0.1 0.7 0.1 0.5 0.1,3254,biology music physics,,12210,33000
bot1,0.1 0.1 0.1 0.1 0.3 0.1 0.7 0.1 0.5 0.1,3255,biology music physics,,20400,60000
bot1,0.1 0.1 0.1 0.1 0.3 0.1 0.7 0.1 0.5 0.1,3256,biology music physics,,15680,49000
bot1,0.1 0.1 0.1 0.1 0.3 0.1 0.7 0.1 0.5 0.1,3257,biology music physics,like,9900,30000
bot1,0.1 0.1 0.1 0.1 0.3 0.1 0.7 0.1 0.5 0.1,3258,biology music physics,like,18810,57000
bot1,0.1 0.1 0.1 0.1 0.3 0.1 0.7 0.1 0.5 0.1,3259,biology music physics,,19250,55000
bot1,0.1 0.1 0.1 0.1 0.3 0.1 0.7 0.1 0.5 0.1,3260,biology music physics,,17400,58000
bot1,0.1 0.1 0.1 0.1 0.3 0.1 0.7 0.1 0.5 0.1,3261,biology music physics,,12240,36000
bot1,0.1 0.1 0.1 0.1 0.3 0.1 0.7 0.1 0.5 0.1,3262,biology music physics,,14400,45000
bot1,0.1 0.1 0.1 0.1 0.3 0.1 0.7 0.1 0.5 0.1,3263,biology music physics,,16720,44000
bot1,0.1 0.1 0.1 0.1 0.3 0.1 0.7 0.1 0.5 0.1,3264,biology music physics,,15190,49000
bot1,0.1 0.1 0.1 0.1 0.3 0.1 0.7 0.1 0.5 0.1,3265,biology music physics,like,20880,58000
bot1,0.1 0.1 0.1 0.1 0.3 0.1 0.7 0.1 0.5 0.1,3266,biology music physics,,17640,49000
bot1,0.1 0.1 0.1 0.1 0.3 0.1 0.7 0.1 0.5 0.1,3267,biology music physics,,19600,56000
bot1,0.1 0.1 0.1 0.1 0.3 0.1 0.7 0.1 0.5 0.1,3268,biology music physics,like,8680,31000
bot1,0.1 0.1 0.1 0.1 0.3 0.1 0.7 0.1 0.5 0.1,3269,biology music physics,,9610,31000
bot1,0.1 0.1 0.1 0.1 0.3 0.1 0.7 0.1 0.5 0.1,3270,biology music physics,,9300,31000
bot1,0.1 0.1 0.1 0.1 0.3 0.1 0.7 0.1 0.5 0.1,3271,biology music physics,,10540,31000
bot1,0.1 0.1 0.1 0.1 0.3 0.1 0.7 0.1 0.5 0.1,3272,biology music physics,like,20160,56000
bot1,0.1 0.1 0.1 0.1 0.3 0.1 0.7 0.1 0.5 0.1,3273,biology music physics,like,13600,40000
bot1,0.1 0.1 0.1 0.1 0.3 0.1 0.7 0.1 0.5 0.1,3274,biology music physics,,10540,31000
bot1,0.1 0.1 0.1 0.1 0.3 0.1 0.7 0.1 0.5 0.1,3275,biology music physics,,11200,35000
bot1,0.1 0.1 0.1 0.1 0.3 0.1 0.7 0.1 0.5 0.1,3276,biology music physics,like,14430,39000
bot1,0.1 0.1 0.1 0.1 0.3 0.1 0.7 0.1 0.5 0.1,3277,biology music psychology,,5200,52000
bot1,0.1 0.1 0.1 0.1 0.3 0.1 0.7 0.1 0.5 0.1,3278,biology music psychology,,5280,48000
bot1,0.1 0.1 0.1 0.1 0.3 0.1 0.7 0.1 0.5 0.1,3279,biology music psychology,,3150,35000
bot1,0.1 0.1 0.1 0.1 0.3 0.1 0.7 0.1 0.5 0.1,3280,biology music psychology,,5300,53000
bot1,0.1 0.1 0.1 0.1 0.3 0.1 0.7 0.1 0.5 0.1,3281,biology music psychology,,6490,59000
bot1,0.1 0.1 0.1 0.1 0.3 0.1 0.7 0.1 0.5 0.1,3282,biology music psychology,,1620,54000
bot1,0.1 0.1 0.1 0.1 0.3 0.1 0.7 0.1 0.5 0.1,3283,biology music psychology,,4100,41000
bot1,0.1 0.1 0.1 0.1 0.3 0.1 0.7 0.1 0.5 0.1,3284,biology music psychology,,5600,56000
bot1,0.1 0.1 0.1 0.1 0.3 0.1 0.7 0.1 0.5 0.1,3285,biology music psychology,,2580,43000
bot1,0.1 0.1 0.1 0.1 0.3 0.1 0.7 0.1 0.5 0.1,3286,biology music psychology,,2240,32000
bot1,0.1 0.1 0.1 0.1 0.3 0.1 0.7 0.1 0.5 0.1,3287,biology music psychology,,1700,34000
bot1,0.1 0.1 0.1 0.1 0.3 0.1 0.7 0.1 0.5 0.1,3288,biology music psychology,,3990,57000
bot1,0.1 0.1 0.1 0.1 0.3 0.1 0.7 0.1 0.5 0.1,3289,biology music psychology,,4600,46000
bot1,0.1 0.1 0.1 0.1 0.3 0.1 0.7 0.1 0.5 0.1,3290,biology music psychology,,1800,36000
bot1,0.1 0.1 0.1 0.1 0.3 0.1 0.7 0.1 0.5 0.1,3291,biology music psychology,,5390,49000
bot1,0.1 0.1 0.1 0.1 0.3 0.1 0.7 0.1 0.5 0.1,3292,biology music psychology,,3360,48000
bot1,0.1 0.1 0.1 0.1 0.3 0.1 0.7 0.1 0.5 0.1,3293,biology music psychology,,5500,50000
bot1,0.1 0.1 0.1 0.1 0.3 0.1 0.7 0.1 0.5 0.1,3294,biology music psychology,,1920,32000
bot1,0.1 0.1 0.1 0.1 0.3 0.1 0.7 0.1 0.5 0.1,3295,biology music psychology,,5200,52000
bot1,0.1 0.1 0.1 0.1 0.3 0.1 0.7 0.1 0.5 0.1,3296,biology music psychology,,4400,55000
bot1,0.1 0.1 0.1 0.1 0.3 0.1 0.7 0.1 0.5 0.1,3297,biology music psychology,,5070,39000
bot1,0.1 0.1 0.1 0.1 0.3 0.1 0.7 0.1 0.5 0.1,3298,biology music psychology,,3990,57000
bot1,0.1 0.1 0.1 0.1 0.3 0.1 0.7 0.1 0.5 0.1,3299,biology music psychology,,4140,46000
bot1,0.1 0.1 0.1 0.1 0.3 0.1 0.7 0.1 0.5 0.1,3300,biology music psychology,,2450,49000
bot1,0.1 0.1 0.1 0.1 0.3 0.1 0.7 0.1 0.5 0.1,3301,biology music psychology,,2720,34000
bot1,0.1 0.1 0.1 0.1 0.3 0.1 0.7 0.1 0.5 0.1,3302,biology music psychology,,6750,45000
bot1,0.1 0.1 0.1 0.1 0.3 0.1 0.7 0.1 0.5 0.1,3303,biology music psychology,,8000,50000
bot1,0.1 0.1 0.1 0.1 0.3 0.1 0.7 0.1 0.5 0.1,3304,biology music psychology,,3850,55000
bot1,0.1 0.1 0.1 0.1 0.3 0.1 0.7 0.1 0.5 0.1,3305,biology physics psychology,like,16660,49000
bot1,0.1 0.1 0.1 0.1 0.3 0.1 0.7 0.1 0.5 0.1,3306,biology physics psychology,like,14430,39000
bot1,0.1 0.1 0.1 0.1 0.3 0.1 0.7 0.1 0.5 0.1,3307,biology physics psychology,like,9900,30000
bot1,0.1 0.1 0.1 0.1 0.3 0.1 0.7 0.1 0.5 0.1,3308,biology physics psychology,like,12760,44000
bot1,0.1 0.1 0.1 0.1 0.3 0.1 0.7 0.1 0.5 0.1,3309,biology physics psychology,like,11550,33000
bot1,0.1 0.1 0.1 0.1 0.3 0.1 0.7 0.1 0.5 0.1,3310,biology physics psychology,,13680,36000
bot1,0.1 0.1 0.1 0.1 0.3 0.1 0.7 0.1 0.5 0.1,3311,biology physics psychology,like,15480,43000
bot1,0.1 0.1 0.1 0.1 0.3 0.1 0.7 0.1 0.5 0.1,3312,biology physics psychology,like,12800,40000
bot1,0.1 0.1 0.1 0.1 0.3 0.1 0.7 0.1 0.5 0.1,3313,biology physics psychology,like,20900,55000
bot1,0.1 0.1 0.1 0.1 0.3 0.1 0.7 0.1 0.5 0.1,3314,biology physics psychology,,10200,30000
bot1,0.1 0.1 0.1 0.1 0.3 0.1 0.7 0.1 0.5 0.1,3315,biology physics psychology,,20280,52000
bot1,0.1 0.1 0.1 0.1 0.3 0.1 0.7 0.1 0.5 0.1,3316,biology physics psychology,,17050,55000
bot1,0.1 0.1 0.1 0.1 0.3 0.1 0.7 0.1 0.5 0.1,3317,biology physics psychology,like,12090,39000
bot1,0.1 0.1 0.1 0.1 0.3 0.1 0.7 0.1 0.5 0.1,3318,biology physics psychology,,13600,40000
bot1,0.1 0.1 0.1 0.1 0.3 0.1 0.7 0.1 0.5 0.1,3319,biology physics psychology,like,12870,33000
bot1,0.1 0.1 0.1 0.1 0.3 0.1 0.7 0.1 0.5 0.1,3320,biology physics psychology,like,14400,40000
bot1,0.1 0.1 0.1 0.1 0.3 0.1 0.7 0.1 0.5 0.1,3321,biology physics psychology,,16320,48000
bot1,0.1 0.1 0.1 0.1 0.3 0.1 0.7 0.1 0.5 0.1,3322,biology physics psychology,like,10200,30000
bot1,0.1 0.1 0.1 0.1 0.3 0.1 0.7 0.1 0.5 0.1,3323,biology physics psychology,,11880,36000
bot1,0.1 0.1 0.1 0.1 0.3 0.1 0.7 0.1 0.5 0.1,3324,biology physics psychology,,12000,40000
bot1,0.1 0.1 0.1 0.1 0.3 0.1 0.7 0.1 0.5 0.1,3325,biology physics psychology,,14850,45000
bot1,0.1 0.1 0.1 0.1 0.3 0.1 0.7 0.1 0.5 0.1,3326,biology physics psychology,like,19250,55000
bot1,0.1 0.1 0.1 0.1 0.3 0.1 0.7 0.1 0.5 0.1,3327,biology physics psychology,like,11900,34000
bot1,0.1 0.1 0.1 0.1 0.3 0.1 0.7 0.1 0.5 0.1,3328,biology physics psychology,,15500,50000
bot1,0.1 0.1 0.1 0.1 0.3 0.1 0.7 0.1 0.5 0.1,3329,biology physics psychology,like,16530,57000
bot1,0.1 0.1 0.1 0.1 0.3 0.1 0.7 0.1 0.5 0.1,3330,biology physics psychology,,11200,40000
bot1,0.1 0.1 0.1 0.1 0.3 0.1 0.7 0.1 0.5 0.1,3331,biology physics psychology,like,17360,56000
bot1,0.1 0.1 0.1 0.1 0.3 0.1 0.7 0.1 0.5 0.1,3332,biology physics psychology,like,19080,53000
bot1,0.1 0.1 0.1 0.1 0.3 0.1 0.7 0.1 0.5 0.1,3333,business chemistry computer_science,,10580,46000
bot1,0.1 0.1 0.1 0.1 0.3 0.1 0.7 0.1 0.5 0.1,3334,business chemistry computer_science,,11130,53000
bot1,0.1 0.1 0.1 0.1 0.3 0.1 0.7 0.1 0.5 0.1,3335,business chemistry computer_science,,9870,47000
bot1,0.1 0.1 0.1 0.1 0.3 0.1 0.7 0.1 0.5 0.1,3336,business chemistry computer_science,,6840,36000
bot1,0.1 0.1 0.1 0.1 0.3 0.1 0.7 0.1 0.5 0.1,3337,business chemistry computer_science,,7600,40000
bot1,0.1 0.1 0.1 0.1 0.3 0.1 0.7 0.1 0.5 0.1,3338,business chemistry computer_science,,9860,58000
bot1,0.1 0.1 0.1 0.1 0.3 0.1 0.7 0.1 0.5 0.1,3339,business chemistry computer_science,,5760,32000
bot1,0.1 0.1 0.1 0.1 0.3 0.1 0.7 0.1 0.5 0.1,3340,business chemistry computer_science,,7220,38000
bot1,0.1 0.1 0.1 0.1 0.3 0.1 0.7 0.1 0.5 0.1,3341,business chemistry computer_science,,7600,40000
bot1,0.1 0.1 0.1 0.1 0.3 0.1 0.7 0.1 0.5 0.1,3342,business chemistry computer_science,,7500,50000
bot1,0.1 0.1 0.1 0.1 0.3 0.1 0.7 0.1 0.5 0.1,3343,business chemistry computer_science,,7350,35000
bot1,0.1 0.1 0.1 0.1 0.3 0.1 0.7 0.1 0.5 0.1,3344,business chemistry computer_science,,7140,42000
bot1,0.1 0.1 0.1 0.1 0.3 0.1 0.7 0.1 0.5 0.1,3345,business chemistry computer_science,,5280,33000
bot1,0.1 0.1 0.1 0.1 0.3 0.1 0.7 0.1 0.5 0.1,3346,business chemistry computer_science,,7560,54000
bot1,0.1 0.1 0.1 0.1 0.3 0.1 0.7 0.1 0.5 0.1,3347,business chemistry computer_science,,9690,57000
bot1,0.1 0.1 0.1 0.1 0.3 0.1 0.7 0.1 0.5 0.1,3348,business chemistry computer_science,,6510,31000
bot1,0.1 0.1 0.1 0.1 0.3 0.1 0.7 0.1 0.5 0.1,3349,business chemistry computer_science,,6720,32000
bot1,0.1 0.1 0.1 0.1 0.3 0.1 0.7 0.1 0.5 0.1,3350,business chemistry computer_science,,5550,37000
bot1,0.1 0.1 0.1 0.1 0.3 0.1 0.7 0.1 0.5 0.1,3351,business chemistry computer_science,,8400,56000
bot1,0.1 0.1 0.1 0.1 0.3 0.1 0.7 0.1 0.5 0.1,3352,business chemistry computer_science,,7200,36000
bot1,0.1 0.1 0.1 0.1 0.3 0.1 0.7 0.1 0.5 0.1,3353,business chemistry computer_science,,7700,35000
bot1,0.1 0.1 0.1 0.1 0.3 0.1 0.7 0.1 0.5 0.1,3354,business chemistry computer_science,,11550,55000
bot1,0.1 0.1 0.1 0.1 0.3 0.1 0.7 0.1 0.5 0.1,3355,business chemistry computer_science,,7920,36000
bot1,0.1 0.1 0.1 0.1 0.3 0.1 0.7 0.1 0.5 0.1,3356,business chemistry computer_science,,7480,44000
bot1,0.1 0.1 0.1 0.1 0.3 0.1 0.7 0.1 0.5 0.1,3357,business chemistry computer_science,,11550,55000
bot1,0.1 0.1 0.1 0.1 0.3 0.1 0.7 0.1 0.5 0.1,3358,business chemistry computer_science,,10120,46000
bot1,0.1 0.1 0.1 0.1 0.3 0.1 0.7 0.1 0.5 0.1,3359,business chemistry computer_science,,7600,40000
bot1,0.1 0.1 0.1 0.1 0.3 0.1 0.7 0.1 0.5 0.1,3360,business chemistry computer_science,,11130,53000
bot1,0.1 0.1 0.1 0.1 0.3 0.1 0.7 0.1 0.5 0.1,3361,business chemistry literature,,4680,39000
bot1,0.1 0.1 0.1 0.1 0.3 0.1 0.7 0.1 0.5 0.1,3362,business chemistry literature,,3060,34000
bot1,0.1 0.1 0.1 0.1 0.3 0.1 0.7 0.1 0.5 0.1,3363,business chemistry literature,,3300,33000
bot1,0.1 0.1 0.1 0.1 0.3 0.1 0.7 0.1 0.5 0.1,3364,business chemistry literature,,4200,60000
bot1,0.1 0.1 0.1 0.1 0.3 0.1 0.7 0.1 0.5 0.1,3365,business chemistry literature,,3740,34000
bot1,0.1 0.1 0.1 0.1 0.3 0.1 0.7 0.1 0.5 0.1,3366,business chemistry literature,,2790,31000
bot1,0.1 0.1 0.1 0.1 0.3 0.1 0.7 0.1 0.5 0.1,3367,business chemistry literature,,4680,52000
bot1,0.1 0.1 0.1 0.1 0.3 0.1 0.7 0.1 0.5 0.1,3368,business chemistry literature,,1980,33000
bot1,0.1 0.1 0.1 0.1 0.3 0.1 0.7 0.1 0.5 0.1,3369,business chemistry literature,,8260,59000
bot1,0.1 0.1 0.1 0.1 0.3 0.1 0.7 0.1 0.5 0.1,3370,business chemistry literature,,5130,57000
bot1,0.1 0.1 0.1 0.1 0.3 0.1 0.7 0.1 0.5 0.1,3371,business chemistry literature,,2880,32000
bot1,0.1 0.1 0.1 0.1 0.3 0.1 0.7 0.1 0.5 0.1,3372,business chemistry literature,,6960,58000
bot1,0.1 0.1 0.1 0.1 0.3 0.1 0.7 0.1 0.5 0.1,3373,business chemistry literature,,3680,46000
bot1,0.1 0.1 0.1 0.1 0.3 0.1 0.7 0.1 0.5 0.1,3374,business chemistry literature,,6890,53000
bot1,0.1 0.1 0.1 0.1 0.3 0.1 0.7 0.1 0.5 0.1,3375,business chemistry literature,,5280,48000
bot1,0.1 0.1 0.1 0.1 0.3 0.1 0.7 0.1 0.5 0.1,3376,business chemistry literature,,2500,50000
bot1,0.1 0.1 0.1 0.1 0.3 0.1 0.7 0.1 0.5 0.1,3377,business chemistry literature,,3200,40000
bot1,0.1 0.1 0.1 0.1 0.3 0.1 0.7 0.1 0.5 0.1,3378,business chemistry literature,,1950,39000
bot1,0.1 0.1 0.1 0.1 0.3 0.1 0.7 0.1 0.5 0.1,3379,business chemistry literature,,5600,40000
bot1,0.1 0.1 0.1 0.1 0.3 0.1 0.7 0.1 0.5 0.1,3380,business chemistry literature,,6120,51000
bot1,0.1 0.1 0.1 0.1 0.3 0.1 0.7 0.1 0.5 0.1,3381,business chemistry literature,,3400,34000
bot1,0.1 0.1 0.1 0.1 0.3 0.1 0.7 0.1 0.5 0.1,3382,business chemistry literature,,2310,33000
bot1,0.1 0.1 0.1 0.1 0.3 0.1 0.7 0.1 0.5 0.1,3383,business chemistry literature,,5390,49000
bot1,0.1 0.1 0.1 0.1 0.3 0.1 0.7 0.1 0.5 0.1,3384,business chemistry literature,,2640,33000
bot1,0.1 0.1 0.1 0.1 0.3 0.1 0.7 0.1 0.5 0.1,3385,business chemistry literature,,3280,41000
bot1,0.1 0.1 0.1 0.1 0.3 0.1 0.7 0.1 0.5 0.1,3386,business chemistry literature,,2280,38000
bot1,0.1 0.1 0.1 0.1 0.3 0.1 0.7 0.1 0.5 0.1,3387,business chemistry literature,,5200,52000
bot1,0.1 0.1 0.1 0.1 0.3 0.1 0.7 0.1 0.5 0.1,3388,business chemistry literature,,2880,48000
bot1,0.1 0.1 0.1 0.1 0.3 0.1 0.7 0.1 0.5 0.1,3389,business chemistry mathematics,,13760,32000
bot1,0.1 0.1 0.1 0.1 0.3 0.1 0.7 0.1 0.5 0.1,3390,business chemistry mathematics,like,27260,58000
bot1,0.1 0.1 0.1 0.1 0.3 0.1 0.7 0.1 0.5 0.1,3391,business chemistry mathematics,like,21120,44000
bot1,0.1 0.1 0.1 0.1 0.3 0.1 0.7 0.1 0.5 0.1,3392,business chemistry mathematics,like,15000,30000
bot1,0.1 0.1 0.1 0.1 0.3 0.1 0.7 0.1 0.5 0.1,3393,business chemistry mathematics,,24990,51000
bot1,0.1 0.1 0.1 0.1 0.3 0.1 0.7 0.1 0.5 0.1,3394,business chemistry mathematics,like,20160,42000
bot1,0.1 0.1 0.1 0.1 0.3 0.1 0.7 0.1 0.5 0.1,3395,business chemistry mathematics,like,19780,43000
bot1,0.1 0.1 0.1 0.1 0.3 0.1 0.7 0.1 0.5 0.1,3396,business chemistry mathematics,,25480,52000
bot1,0.1 0.1 0.1 0.1 0.3 0.1 0.7 0.1 0.5 0.1,3397,business chemistry mathematics,like,24000,48000
bot1,0.1 0.1 0.1 0.1 0.3 0.1 0.7 0.1 0.5 0.1,3398,business chemistry mathematics,,24440,52000
bot1,0.1 0.1 0.1 0.1 0.3 0.1 0.7 0.1 0.5 0.1,3399,business chemistry mathematics,like,21560,49000
bot1,0.1 0.1 0.1 0.1 0.3 0.1 0.7 0.1 0.5 0.1,3400,business chemistry mathematics,like,21600,40000
bot1,0.1 0.1 0.1 0.1 0.3 0.1 0.7 0.1 0.5 0.1,3401,business chemistry mathematics,like,26000,52000
bot1,0.1 0.1 0.1 0.1 0.3 0.1 0.7 0.1 0.5 0.1,3402,business chemistry mathematics,like,23650,55000
bot1,0.1 0.1 0.1 0.1 0.3 0.1 0.7 0.1 0.5 0.1,3403,business chemistry mathematics,like,28910,59000
bot1,0.1 0.1 0.1 0.1 0.3 0.1 0.7 0.1 0.5 0.1,3404,business chemistry mathematics,,19800,44000
bot1,0.1 0.1 0.1 0.1 0.3 0.1 0.7 0.1 0.5 0.1,3405,business chemistry mathematics,like,16960,32000
bot1,0.1 0.1 0.1 0.1 0.3 0.1 0.7 0.1 0.5 0.1,3406,business chemistry mathematics,like,28320,59000
bot1,0.1 0.1 0.1 0.1 0.3 0.1 0.7 0.1 0.5 0.1,3407,business chemistry mathematics,like,14850,33000
bot1,0.1 0.1 0.1 0.1 0.3 0.1 0.7 0.1 0.5 0.1,3408,business chemistry mathematics,like,27030,51000
bot1,0.1 0.1 0.1 0.1 0.3 0.1 0.7 0.1 0.5 0.1,3409,business chemistry mathematics,,25380,54000
bot1,0.1 0.1 0.1 0.1 0.3 0.1 0.7 0.1 0.5 0.1,3410,business chemistry mathematics,like,19610,37000
bot1,0.1 0.1 0.1 0.1 0.3 0.1 0.7 0.1 0.5 0.1,3411,business chemistry mathematics,like,17000,34000
bot1,0.1 0.1 0.1 0.1 0.3 0.1 0.7 0.1 0.5 0.1,3412,business chemistry mathematics,like,24990,49000
bot1,0.1 0.1 0.1 0.1 0.3 0.1 0.7 0.1 0.5 0.1,3413,business chemistry mathematics,like,18450,41000
bot1,0.1 0.1 0.1 0.1 0.3 0.1 0.7 0.1 0.5 0.1,3414,business chemistry mathematics,like,24960,52000
bot1,0.1 0.1 0.1 0.1 0.3 0.1 0.7 0.1 0.5 0.1,3415,business chemistry mathematics,like,18400,40000
bot1,0.1 0.1 0.1 0.1 0.3 0.1 0.7 0.1 0.5 0.1,3416,business chemistry mathematics,like,27260,58000
bot1,0.1 0.1 0.1 0.1 0.3 0.1 0.7 0.1 0.5 0.1,3417,business chemistry music,,5400,45000
bot1,0.1 0.1 0.1 0.1 0.3 0.1 0.7 0.1 0.5 0.1,3418,business chemistry music,,2700,45000
bot1,0.1 0.1 0.1 0.1 0.3 0.1 0.7 0.1 0.5 0.1,3419,business chemistry music,,3150,45000
bot1,0.1 0.1 0.1 0.1 0.3 0.1 0.7 0.1 0.5 0.1,3420,business chemistry music,,1750,35000
bot1,0.1 0.1 0.1 0.1 0.3 0.1 0.7 0.1 0.5 0.1,3421,business chemistry music,,3690,41000
bot1,0.1 0.1 0.1 0.1 0.3 0.1 0.7 0.1 0.5 0.1,3422,business chemistry music,,2720,34000
bot1,0.1 0.1 0.1 0.1 0.3 0.1 0.7 0.1 0.5 0.1,3423,business chemistry music,,6300,42000
bot1,0.1 0.1 0.1 0.1 0.3 0.1 0.7 0.1 0.5 0.1,3424,business chemistry music,,6050,55000
bot1,0.1 0.1 0.1 0.1 0.3 0.1 0.7 0.1 0.5 0.1,3425,business chemistry music,,7050,47000
bot1,0.1 0.1 0.1 0.1 0.3 0.1 0.7 0.1 0.5 0.1,3426,business chemistry music,,4400,55000
bot1,0.1 0.1 0.1 0.1 0.3 0.1 0.7 0.1 0.5 0.1,3427,business chemistry music,,3960,44000
bot1,0.1 0.1 0.1 0.1 0.3 0.1 0.7 0.1 0.5 0.1,3428,business chemistry music,,3870,43000
bot1,0.1 0.1 0.1 0.1 0.3 0.1 0.7 0.1 0.5 0.1,3429,business chemistry music,,3700,37000
bot1,0.1 0.1 0.1 0.1 0.3 0.1 0.7 0.1 0.5 0.1,3430,business chemistry music,,5850,45000
bot1,0.1 0.1 0.1 0.1 0.3 0.1 0.7 0.1 0.5 0.1,3431,business chemistry music,,5200,40000
bot1,0.1 0.1 0.1 0.1 0.3 0.1 0.7 0.1 0.5 0.1,3432,business chemistry music,,3640,52000
bot1,0.1 0.1 0.1 0.1 0.3 0.1 0.7 0.1 0.5 0.1,3433,business chemistry music,,4950,55000
bot1,0.1 0.1 0.1 0.1 0.3 0.1 0.7 0.1 0.5 0.1,3434,business chemistry music,,3840,48000
bot1,0.1 0.1 0.1 0.1 0.3 0.1 0.7 0.1 0.5 0.1,3435,business chemistry music,,4700,47000
bot1,0.1 0.1 0.1 0.1 0.3 0.1 0.7 0.1 0.5 0.1,3436,business chemistry music,,3850,35000
bot1,0.1 0.1 0.1 0.1 0.3 0.1 0.7 0.1 0.5 0.1,3437,business chemistry music,,2880,32000
bot1,0.1 0.1 0.1 0.1 0.3 0.1 0.7 0.1 0.5 0.1,3438,business chemistry music,,6240,52000
bot1,0.1 0.1 0.1 0.1 0.3 0.1 0.7 0.1 0.5 0.1,3439,business chemistry music,,4050,45000
bot1,0.1 0.1 0.1 0.1 0.3 0.1 0.7 0.1 0.5 0.1,3440,business chemistry music,,3920,49000
bot1,0.1 0.1 0.1 0.1 0.3 0.1 0.7 0.1 0.5 0.1,3441,business chemistry music,,5170,47000
bot1,0.1 0.1 0.1 0.1 0.3 0.1 0.7 0.1 0.5 0.1,3442,business chemistry music,,4840,44000
bot1,0.1 0.1 0.1 0.1 0.3 0.1 0.7 0.1 0.5 0.1,3443,business chemistry music,,5400,60000
bot1,0.1 0.1 0.1 0.1 0.3 0.1 0.7 0.1 0.5 0.1,3444,business chemistry music,,6370,49000
bot1,0.1 0.1 0.1 0.1 0.3 0.1 0.7 0.1 0.5 0.1,3445,business chemistry physics,like,18480,56000
bot1,0.1 0.1 0.1 0.1 0.3 0.1 0.7 0.1 0.5 0.1,3446,business chemistry physics,like,19040,56000
bot1,0.1 0.1 0.1 0.1 0.3 0.1 0.7 0.1 0.5 0.1,3447,business chemistry physics,,13950,45000
bot1,0.1 0.1 0.1 0.1 0.3 0.1 0.7 0.1 0.5 0.1,3448,business chemistry physics,like,11160,31000
bot1,0.1 0.1 0.1 0.1 0.3 0.1 0.7 0.1 0.5 0.1,3449,business chemistry physics,like,22960,56000
bot1,0.1 0.1 0.1 0.1 0.3 0.1 0.7 0.1 0.5 0.1,3450,business chemistry physics,,16800,48000
bot1,0.1 0.1 0.1 0.1 0.3 0.1 0.7 0.1 0.5 0.1,3451,business chemistry physics,,14000,50000
bot1,0.1 0.1 0.1 0.1 0.3 0.1 0.7 0.1 0.5 0.1,3452,business chemistry physics,like,18360,54000
bot1,0.1 0.1 0.1 0.1 0.3 0.1 0.7 0.1 0.5 0.1,3453,business chemistry physics,,13600,34000
bot1,0.1 0.1 0.1 0.1 0.3 0.1 0.7 0.1 0.5 0.1,3454,business chemistry physics,,12480,39000
bot1,0.1 0.1 0.1 0.1 0.3 0.1 0.7 0.1 0.5 0.1,3455,business chemistry physics,like,14400,48000
bot1,0.1 0.1 0.1 0.1 0.3 0.1 0.7 0.1 0.5 0.1,3456,business chemistry physics,like,13320,36000
bot1,0.1 0.1 0.1 0.1 0.3 0.1 0.7 0.1 0.5 0.1,3457,business chemistry physics,,12400,40000
bot1,0.1 0.1 0.1 0.1 0.3 0.1 0.7 0.1 0.5 0.1,3458,business chemistry physics,,17600,55000
bot1,0.1 0.1 0.1 0.1 0.3 0.1 0.7 0.1 0.5 0.1,3459,business chemistry physics,,10920,39000
bot1,0.1 0.1 0.1 0.1 0.3 0.1 0.7 0.1 0.5 0.1,3460,business chemistry physics,,19470,59000
bot1,0.1 0.1 0.1 0.1 0.3 0.1 0.7 0.1 0.5 0.1,3461,business chemistry physics,,20060,59000
bot1,0.1 0.1 0.1 0.1 0.3 0.1 0.7 0.1 0.5 0.1,3462,business chemistry physics,,8960,32000
bot1,0.1 0.1 0.1 0.1 0.3 0.1 0.7 0.1 0.5 0.1,3463,business chemistry physics,,15190,49000
bot1,0.1 0.1 0.1 0.1 0.3 0.1 0.7 0.1 0.5 0.1,3464,business chemistry physics,like,13440,42000
bot1,0.1 0.1 0.1 0.1 0.3 0.1 0.7 0.1 0.5 0.1,3465,business chemistry physics,,18810,57000
bot1,0.1 0.1 0.1 0.1 0.3 0.1 0.7 0.1 0.5 0.1,3466,business chemistry physics,,12710,41000
bot1,0.1 0.1 0.1 0.1 0.3 0.1 0.7 0.1 0.5 0.1,3467,business chemistry physics,,18000,60000
bot1,0.1 0.1 0.1 0.1 0.3 0.1 0.7 0.1 0.5 0.1,3468,business chemistry physics,like,16120,52000
bot1,0.1 0.1 0.1 0.1 0.3 0.1 0.7 0.1 0.5 0.1,3469,business chemistry physics,like,13530,41000
bot1,0.1 0.1 0.1 0.1 0.3 0.1 0.7 0.1 0.5 0.1,3470,business chemistry physics,,14040,39000
bot1,0.1 0.1 0.1 0.1 0.3 0.1 0.7 0.1 0.5 0.1,3471,business chemistry physics,,10360,37000
bot1,0.1 0.1 0.1 0.1 0.3 0.1 0.7 0.1 0.5 0.1,3472,business chemistry physics,,16320,48000
bot1,0.1 0.1 0.1 0.1 0.3 0.1 0.7 0.1 0.5 0.1,3473,business chemistry psychology,,4000,40000
bot1,0.1 0.1 0.1 0.1 0.3 0.1 0.7 0.1 0.5 0.1,3474,business chemistry psychology,,3780,42000
bot1,0.1 0.1 0.1 0.1 0.3 0.1 0.7 0.1 0.5 0.1,3475,business chemistry psychology,,3760,47000
bot1,0.1 0.1 0.1 0.1 0.3 0.1 0.7 0.1 0.5 0.1,3476,business chemistry psychology,,3500,35000
bot1,0.1 0.1 0.1 0.1 0.3 0.1 0.7 0.1 0.5 0.1,3477,business chemistry psychology,,2520,36000
bot1,0.1 0.1 0.1 0.1 0.3 0.1 0.7 0.1 0.5 0.1,3478,business chemistry psychology,,4480,56000
bot1,0.1 0.1 0.1 0.1 0.3 0.1 0.7 0.1 0.5 0.1,3479,business chemistry psychology,,3360,56000
bot1,0.1 0.1 0.1 0.1 0.3 0.1 0.7 0.1 0.5 0.1,3480,business chemistry psychology,,2730,39000
bot1,0.1 0.1 0.1 0.1 0.3 0.1 0.7 0.1 0.5 0.1,3481,business chemistry psychology,,4590,51000
bot1,0.1 0.1 0.1 0.1 0.3 0.1 0.7 0.1 0.5 0.1,3482,business chemistry psychology,,2100,30000
bot1,0.1 0.1 0.1 0.1 0.3 0.1 0.7 0.1 0.5 0.1,3483,business chemistry psychology,,2700,30000
bot1,0.1 0.1 0.1 0.1 0.3 0.1 0.7 0.1 0.5 0.1,3484,business chemistry psychology,,4640,58000
bot1,0.1 0.1 0.1 0.1 0.3 0.1 0.7 0.1 0.5 0.1,3485,business chemistry psychology,,3010,43000
bot1,0.1 0.1 0.1 0.1 0.3 0.1 0.7 0.1 0.5 0.1,3486,business chemistry psychology,,3060,34000
bot1,0.1 0.1 0.1 0.1 0.3 0.1 0.7 0.1 0.5 0.1,3487,business chemistry psychology,,5500,50000
bot1,0.1 0.1 0.1 0.1 0.3 0.1 0.7 0.1 0.5 0.1,3488,business chemistry psychology,,6270,57000
bot1,0.1 0.1 0.1 0.1 0.3 0.1 0.7 0.1 0.5 0.1,3489,business chemistry psychology,,7150,55000
bot1,0.1 0.1 0.1 0.1 0.3 0.1 0.7 0.1 0.5 0.1,3490,business chemistry psychology,,7670,59000
bot1,0.1 0.1 0.1 0.1 0.3 0.1 0.7 0.1 0.5 0.1,3491,business chemistry psychology,,3150,35000
bot1,0.1 0.1 0.1 0.1 0.3 0.1 0.7 0.1 0.5 0.1,3492,business chemistry psychology,,3440,43000
bot1,0.1 0.1 0.1 0.1 0.3 0.1 0.7 0.1 0.5 0.1,3493,business chemistry psychology,,3520,44000
bot1,0.1 0.1 0.1 0.1 0.3 0.1 0.7 0.1 0.5 0.1,3494,business chemistry psychology,,4070,37000
bot1,0.1 0.1 0.1 0.1 0.3 0.1 0.7 0.1 0.5 0.1,3495,business chemistry psychology,,3430,49000
bot1,0.1 0.1 0.1 0.1 0.3 0.1 0.7 0.1 0.5 0.1,3496,business chemistry psychology,,4500,45000
bot1,0.1 0.1 0.1 0.1 0.3 0.1 0.7 0.1 0.5 0.1,3497,business chemistry psychology,,3700,37000
bot1,0.1 0.1 0.1 0.1 0.3 0.1 0.7 0.1 0.5 0.1,3498,business chemistry psychology,,5320,38000
bot1,0.1 0.1 0.1 0.1 0.3 0.1 0.7 0.1 0.5 0.1,3499,business chemistry psychology,,4700,47000
bot1,0.1 0.1 0.1 0.1 0.3 0.1 0.7 0.1 0.5 0.1,3500,business chemistry psychology,,1860,31000
bot1,0.1 0.1 0.1 0.1 0.3 0.1 0.7 0.1 0.5 0.1,3501,business computer_science literature,,7200,48000
bot1,0.1 0.1 0.1 0.1 0.3 0.1 0.7 0.1 0.5 0.1,3502,business computer_science literature,,6150,41000
bot1,0.1 0.1 0.1 0.1 0.3 0.1 0.7 0.1 0.5 0.1,3503,business computer_science literature,,6300,45000
bot1,0.1 0.1 0.1 0.1 0.3 0.1 0.7 0.1 0.5 0.1,3504,business computer_science literature,,6080,32000
bot1,0.1 0.1 0.1 0.1 0.3 0.1 0.7 0.1 0.5 0.1,3505,business computer_science literature,,10600,53000
bot1,0.1 0.1 0.1 0.1 0.3 0.1 0.7 0.1 0.5 0.1,3506,business computer_science literature,,10830,57000
bot1,0.1 0.1 0.1 0.1 0.3 0.1 0.7 0.1 0.5 0.1,3507,business computer_science literature,,7560,54000
bot1,0.1 0.1 0.1 0.1 0.3 0.1 0.7 0.1 0.5 0.1,3508,business computer_science literature,,8280,46000
bot1,0.1 0.1 0.1 0.1 0.3 0.1 0.7 0.1 0.5 0.1,3509,business computer_science literature,,8120,58000
bot1,0.1 0.1 0.1 0.1 0.3 0.1 0.7 0.1 0.5 0.1,3510,business computer_science literature,,8140,37000
bot1,0.1 0.1 0.1 0.1 0.3 0.1 0.7 0.1 0.5 0.1,3511,business computer_science literature,,9010,53000
bot1,0.1 0.1 0.1 0.1 0.3 0.1 0.7 0.1 0.5 0.1,3512,business computer_science literature,,10200,51000
bot1,0.1 0.1 0.1 0.1 0.3 0.1 0.7 0.1 0.5 0.1,3513,business computer_science literature,,9500,50000
bot1,0.1 0.1 0.1 0.1 0.3 0.1 0.7 0.1 0.5 0.1,3514,business computer_science literature,like,12000,48000
bot1,0.1 0.1 0.1 0.1 0.3 0.1 0.7 0.1 0.5 0.1,3515,business computer_science literature,like,8370,31000
bot1,0.1 0.1 0.1 0.1 0.3 0.1 0.7 0.1 0.5 0.1,3516,business computer_science literature,,10340,47000
bot1,0.1 0.1 0.1 0.1 0.3 0.1 0.7 0.1 0.5 0.1,3517,business computer_science literature,,6300,45000
bot1,0.1 0.1 0.1 0.1 0.3 0.1 0.7 0.1 0.5 0.1,3518,business computer_science literature,,11020,58000
bot1,0.1 0.1 0.1 0.1 0.3 0.1 0.7 0.1 0.5 0.1,3519,business computer_science literature,,10600,53000
bot1,0.1 0.1 0.1 0.1 0.3 0.1 0.7 0.1 0.5 0.1,3520,business computer_science literature,,7380,41000
bot1,0.1 0.1 0.1 0.1 0.3 0.1 0.7 0.1 0.5 0.1,3521,business computer_science literature,,10450,55000
bot1,0.1 0.1 0.1 0.1 0.3 0.1 0.7 0.1 0.5 0.1,3522,business computer_science literature,,7350,35000
bot1,0.1 0.1 0.1 0.1 0.3 0.1 0.7 0.1 0.5 0.1,3523,business computer_science literature,,9440,59000
bot1,0.1 0.1 0.1 0.1 0.3 0.1 0.7 0.1 0.5 0.1,3524,business computer_science literature,,8580,39000
bot1,0.1 0.1 0.1 0.1 0.3 0.1 0.7 0.1 0.5 0.1,3525,business computer_science literature,,7200,48000
bot1,0.1 0.1 0.1 0.1 0.3 0.1 0.7 0.1 0.5 0.1,3526,business computer_science literature,,8500,50000
bot1,0.1 0.1 0.1 0.1 0.3 0.1 0.7 0.1 0.5 0.1,3527,business computer_science literature,,6300,35000
bot1,0.1 0.1 0.1 0.1 0.3 0.1 0.7 0.1 0.5 0.1,3528,business computer_science literature,,10710,51000
bot1,0.1 0.1 0.1 0.1 0.3 0.1 0.7 0.1 0.5 0.1,3529,business computer_science mathematics,like,27500,55000
bot1,0.1 0.1 0.1 0.1 0.3 0.1 0.7 0.1 0.5 0.1,3530,business computer_science mathematics,like,14400,30000
bot1,0.1 0.1 0.1 0.1 0.3 0.1 0.7 0.1 0.5 0.1,3531,business computer_science mathematics,,15040,32000
bot1,0.1 0.1 0.1 0.1 0.3 0.1 0.7 0.1 0.5 0.1,3532,business computer_science mathematics,like,16640,32000
bot1,0.1 0.1 0.1 0.1 0.3 0.1 0.7 0.1 0.5 0.1,3533,business computer_science mathematics,like,17860,38000
bot1,0.1 0.1 0.1 0.1 0.3 0.1 0.7 0.1 0.5 0.1,3534,business computer_science mathematics,like,24990,49000
bot1,0.1 0.1 0.1 0.1 0.3 0.1 0.7 0.1 0.5 0.1,3535,business computer_science mathematics,,26790,57000
bot1,0.1 0.1 0.1 0.1 0.3 0.1 0.7 0.1 0.5 0.1,3536,business computer_science mathematics,like,25970,53000
bot1,0.1 0.1 0.1 0.1 0.3 0.1 0.7 0.1 0.5 0.1,3537,business computer_science mathematics,like,16450,35000
bot1,0.1 0.1 0.1 0.1 0.3 0.1 0.7 0.1 0.5 0.1,3538,business computer_science mathematics,like,25440,53000
bot1,0.1 0.1 0.1 0.1 0.3 0.1 0.7 0.1 0.5 0.1,3539,business computer_science mathematics,like,22000,44000
bot1,0.1 0.1 0.1 0.1 0.3 0.1 0.7 0.1 0.5 0.1,3540,business computer_science mathematics,like,17850,35000
bot1,0.1 0.1 0.1 0.1 0.3 0.1 0.7 0.1 0.5 0.1,3541,business computer_science mathematics,,22880,52000
bot1,0.1 0.1 0.1 0.1 0.3 0.1 0.7 0.1 0.5 0.1,3542,business computer_science mathematics,like,16800,35000
bot1,0.1 0.1 0.1 0.1 0.3 0.1 0.7 0.1 0.5 0.1,3543,business computer_science mathematics,,29070,57000
bot1,0.1 0.1 0.1 0.1 0.3 0.1 0.7 0.1 0.5 0.1,3544,business computer_science mathematics,like,15360,32000
bot1,0.1 0.1 0.1 0.1 0.3 0.1 0.7 0.1 0.5 0.1,3545,business computer_science mathematics,like,23030,49000
bot1,0.1 0.1 0.1 0.1 0.3 0.1 0.7 0.1 0.5 0.1,3546,business computer_science mathematics,like,15640,34000
bot1,0.1 0.1 0.1 0.1 0.3 0.1 0.7 0.1 0.5 0.1,3547,business computer_science mathematics,like,28620,54000
bot1,0.1 0.1 0.1 0.1 0.3 0.1 0.7 0.1 0.5 0.1,3548,business computer_science mathematics,like,24300,54000
bot1,0.1 0.1 0.1 0.1 0.3 0.1 0.7 0.1 0.5 0.1,3549,business computer_science mathematics,,21420,51000
bot1,0.1 0.1 0.1 0.1 0.3 0.1 0.7 0.1 0.5 0.1,3550,business computer_science mathematics,like,25000,50000
bot1,0.1 0.1 0.1 0.1 0.3 0.1 0.7 0.1 0.5 0.1,3551,business computer_science mathematics,,23040,48000
bot1,0.1 0.1 0.1 0.1 0.3 0.1 0.7 0.1 0.5 0.1,3552,business computer_science mathematics,like,19270,41000
bot1,0.1 0.1 0.1 0.1 0.3 0.1 0.7 0.1 0.5 0.1,3553,business computer_science mathematics,like,19760,38000
bot1,0.1 0.1 0.1 0.1 0.3 0.1 0.7 0.1 0.5 0.1,3554,business computer_science mathematics,like,16830,33000
bot1,0.1 0.1 0.1 0.1 0.3 0.1 0.7 0.1 0.5 0.1,3555,business computer_science mathematics,like,23320,44000
bot1,0.1 0.1 0.1 0.1 0.3 0.1 0.7 0.1 0.5 0.1,3556,business computer_science mathematics,like,17940,39000
bot1,0.1 0.1 0.1 0.1 0.3 0.1 0.7 0.1 0.5 0.1,3557,business computer_science music,,10200,60000
bot1,0.1 0.1 0.1 0.1 0.3 0.1 0.7 0.1 0.5 0.1,3558,business computer_science music,,10810,47000
bot1,0.1 0.1 0.1 0.1 0.3 0.1 0.7 0.1 0.5 0.1,3559,business computer_science music,,7140,51000
bot1,0.1 0.1 0.1 0.1 0.3 0.1 0.7 0.1 0.5 0.1,3560,business computer_science music,,7650,45000
bot1,0.1 0.1 0.1 0.1 0.3 0.1 0.7 0.1 0.5 0.1,3561,business computer_science music,,9660,46000
bot1,0.1 0.1 0.1 0.1 0.3 0.1 0.7 0.1 0.5 0.1,3562,business computer_science music,,5700,30000
bot1,0.1 0.1 0.1 0.1 0.3 0.1 0.7 0.1 0.5 0.1,3563,business computer_science music,,12100,55000
bot1,0.1 0.1 0.1 0.1 0.3 0.1 0.7 0.1 0.5 0.1,3564,business computer_science music,,10710,51000
bot1,0.1 0.1 0.1 0.1 0.3 0.1 0.7 0.1 0.5 0.1,3565,business computer_science music,,10120,46000
bot1,0.1 0.1 0.1 0.1 0.3 0.1 0.7 0.1 0.5 0.1,3566,business computer_science music,,5890,31000
bot1,0.1 0.1 0.1 0.1 0.3 0.1 0.7 0.1 0.5 0.1,3567,business computer_science music,,6580,47000
bot1,0.1 0.1 0.1 0.1 0.3 0.1 0.7 0.1 0.5 0.1,3568,business computer_science music,,9000,60000
bot1,0.1 0.1 0.1 0.1 0.3 0.1 0.7 0.1 0.5 0.1,3569,business computer_science music,,9800,49000
bot1,0.1 0.1 0.1 0.1 0.3 0.1 0.7 0.1 0.5 0.1,3570,business computer_science music,,10830,57000
bot1,0.1 0.1 0.1 0.1 0.3 0.1 0.7 0.1 0.5 0.1,3571,business computer_science music,,7600,38000
bot1,0.1 0.1 0.1 0.1 0.3 0.1 0.7 0.1 0.5 0.1,3572,business computer_science music,,6930,33000
bot1,0.1 0.1 0.1 0.1 0.3 0.1 0.7 0.1 0.5 0.1,3573,business computer_science music,,8160,48000
bot1,0.1 0.1 0.1 0.1 0.3 0.1 0.7 0.1 0.5 0.1,3574,business computer_science music,,9180,54000
bot1,0.1 0.1 0.1 0.1 0.3 0.1 0.7 0.1 0.5 0.1,3575,business computer_science music,,7400,37000
bot1,0.1 0.1 0.1 0.1 0.3 0.1 0.7 0.1 0.5 0.1,3576,business computer_science music,,11040,48000
bot1,0.1 0.1 0.1 0.1 0.3 0.1 0.7 0.1 0.5 0.1,3577,business computer_science music,,9200,46000
bot1,0.1 0.1 0.1 0.1 0.3 0.1 0.7 0.1 0.5 0.1,3578,business computer_science music,,9360,52000
bot1,0.1 0.1 0.1 0.1 0.3 0.1 0.7 0.1 0.5 0.1,3579,business computer_science music,,6800,40000
bot1,0.1 0.1 0.1 0.1 0.3 0.1 0.7 0.1 0.5 0.1,3580,business computer_science music,,9180,51000
bot1,0.1 0.1 0.1 0.1 0.3 0.1 0.7 0.1 0.5 0.1,3581,business computer_science music,,5440,32000
bot1,0.1 0.1 0.1 0.1 0.3 0.1 0.7 0.1 0.5 0.1,3582,business computer_science music,,5280,33000
bot1,0.1 0.1 0.1 0.1 0.3 0.1 0.7 0.1 0.5 0.1,3583,business computer_science music,,8670,51000
bot1,0.1 0.1 0.1 0.1 0.3 0.1 0.7 0.1 0.5 0.1,3584,business computer_science music,,7770,37000
bot1,0.1 0.1 0.1 0.1 0.3 0.1 0.7 0.1 0.5 0.1,3585,business computer_science physics,,13680,38000
bot1,0.1 0.1 0.1 0.1 0.3 0.1 0.7 0.1 0.5 0.1,3586,business computer_science physics,like,10500,30000
bot1,0.1 0.1 0.1 0.1 0.3 0.1 0.7 0.1 0.5 0.1,3587,business computer_science physics,,12090,31000
bot1,0.1 0.1 0.1 0.1 0.3 0.1 0.7 0.1 0.5 0.1,3588,business computer_science physics,like,18360,51000
bot1,0.1 0.1 0.1 0.1 0.3 0.1 0.7 0.1 0.5 0.1,3589,business computer_science physics,,13680,36000
bot1,0.1 0.1 0.1 0.1 0.3 0.1 0.7 0.1 0.5 0.1,3590,business computer_science physics,,18000,50000
bot1,0.1 0.1 0.1 0.1 0.3 0.1 0.7 0.1 0.5 0.1,3591,business computer_science physics,like,21600,60000
bot1,0.1 0.1 0.1 0.1 0.3 0.1 0.7 0.1 0.5 0.1,3592,business computer_science physics,like,19380,57000
bot1,0.1 0.1 0.1 0.1 0.3 0.1 0.7 0.1 0.5 0.1,3593,business computer_science physics,like,14700,42000
bot1,0.1 0.1 0.1 0.1 0.3 0.1 0.7 0.1 0.5 0.1,3594,business computer_science physics,,21460,58000
bot1,0.1 0.1 0.1 0.1 0.3 0.1 0.7 0.1 0.5 0.1,3595,business computer_science physics,like,18150,55000
bot1,0.1 0.1 0.1 0.1 0.3 0.1 0.7 0.1 0.5 0.1,3596,business computer_science physics,,26680,58000
bot1,0.1 0.1 0.1 0.1 0.3 0.1 0.7 0.1 0.5 0.1,3597,business computer_science physics,like,14000,35000
bot1,0.1 0.1 0.1 0.1 0.3 0.1 0.7 0.1 0.5 0.1,3598,business computer_science physics,,16720,44000
bot1,0.1 0.1 0.1 0.1 0.3 0.1 0.7 0.1 0.5 0.1,3599,business computer_science physics,like,13440,32000
bot1,0.1 0.1 0.1 0.1 0.3 0.1 0.7 0.1 0.5 0.1,3600,business computer_science physics,like,18290,59000
bot1,0.1 0.1 0.1 0.1 0.3 0.1 0.7 0.1 0.5 0.1,3601,business computer_science physics,like,16740,54000
bot1,0.1 0.1 0.1 0.1 0.3 0.1 0.7 0.1 0.5 0.1,3602,business computer_science physics,,24360,58000
bot1,0.1 0.1 0.1 0.1 0.3 0.1 0.7 0.1 0.5 0.1,3603,business computer_science physics,,19440,54000
bot1,0.1 0.1 0.1 0.1 0.3 0.1 0.7 0.1 0.5 0.1,3604,business computer_science physics,like,11200,35000
bot1,0.1 0.1 0.1 0.1 0.3 0.1 0.7 0.1 0.5 0.1,3605,business computer_science physics,,12920,38000
bot1,0.1 0.1 0.1 0.1 0.3 0.1 0.7 0.1 0.5 0.1,3606,business computer_science physics,,14700,42000
bot1,0.1 0.1 0.1 0.1 0.3 0.1 0.7 0.1 0.5 0.1,3607,business computer_science physics,,10850,31000
bot1,0.1 0.1 0.1 0.1 0.3 0.1 0.7 0.1 0.5 0.1,3608,business computer_science physics,like,17360,56000
bot1,0.1 0.1 0.1 0.1 0.3 0.1 0.7 0.1 0.5 0.1,3609,business computer_science physics,,13640,44000
bot1,0.1 0.1 0.1 0.1 0.3 0.1 0.7 0.1 0.5 0.1,3610,business computer_science physics,like,23600,59000
bot1,0.1 0.1 0.1 0.1 0.3 0.1 0.7 0.1 0.5 0.1,3611,business computer_science physics,like,17640,42000
bot1,0.1 0.1 0.1 0.1 0.3 0.1 0.7 0.1 0.5 0.1,3612,business computer_science physics,like,13500,45000
bot1,0.1 0.1 0.1 0.1 0.3 0.1 0.7 0.1 0.5 0.1,3613,business computer_science psychology,,6580,47000
bot1,0.1 0.1 0.1 0.1 0.3 0.1 0.7 0.1 0.5 0.1,3614,business computer_science psychology,,7920,36000
bot1,0.1 0.1 0.1 0.1 0.3 0.1 0.7 0.1 0.5 0.1,3615,business computer_science psychology,,7920,33000
bot1,0.1 0.1 0.1 0.1 0.3 0.1 0.7 0.1 0.5 0.1,3616,business computer_science psychology,,9360,52000
bot1,0.1 0.1 0.1 0.1 0.3 0.1 0.7 0.1 0.5 0.1,3617,business computer_science psychology,,5580,31000
bot1,0.1 0.1 0.1 0.1 0.3 0.1 0.7 0.1 0.5 0.1,3618,business computer_science psychology,,10560,48000
bot1,0.1 0.1 0.1 0.1 0.3 0.1 0.7 0.1 0.5 0.1,3619,business computer_science psychology,,10260,54000
bot1,0.1 0.1 0.1 0.1 0.3 0.1 0.7 0.1 0.5 0.1,3620,business computer_science psychology,,13340,58000
bot1,0.1 0.1 0.1 0.1 0.3 0.1 0.7 0.1 0.5 0.1,3621,business computer_science psychology,,9000,50000
bot1,0.1 0.1 0.1 0.1 0.3 0.1 0.7 0.1 0.5 0.1,3622,business computer_science psychology,,12390,59000
bot1,0.1 0.1 0.1 0.1 0.3 0.1 0.7 0.1 0.5 0.1,3623,business computer_science psychology,,6720,42000
bot1,0.1 0.1 0.1 0.1 0.3 0.1 0.7 0.1 0.5 0.1,3624,business computer_science psychology,,8320,52000
bot1,0.1 0.1 0.1 0.1 0.3 0.1 0.7 0.1 0.5 0.1,3625,business computer_science psychology,,8820,42000
bot1,0.1 0.1 0.1 0.1 0.3 0.1 0.7 0.1 0.5 0.1,3626,business computer_science psychology,,9200,46000
bot1,0.1 0.1 0.1 0.1 0.3 0.1 0.7 0.1 0.5 0.1,3627,business computer_science psychology,,11880,54000
bot1,0.1 0.1 0.1 0.1 0.3 0.1 0.7 0.1 0.5 0.1,3628,business computer_science psychology,,8600,43000
bot1,0.1 0.1 0.1 0.1 0.3 0.1 0.7 0.1 0.5 0.1,3629,business computer_science psychology,,9010,53000
bot1,0.1 0.1 0.1 0.1 0.3 0.1 0.7 0.1 0.5 0.1,3630,business computer_science psychology,,8800,55000
bot1,0.1 0.1 0.1 0.1 0.3 0.1 0.7 0.1 0.5 0.1,3631,business computer_science psychology,,7400,37000
bot1,0.1 0.1 0.1 0.1 0.3 0.1 0.7 0.1 0.5 0.1,3632,business computer_science psychology,,13200,60000
bot1,0.1 0.1 0.1 0.1 0.3 0.1 0.7 0.1 0.5 0.1,3633,business computer_science psychology,,10800,54000
bot1,0.1 0.1 0.1 0.1 0.3 0.1 0.7 0.1 0.5 0.1,3634,business computer_science psychology,,6720,48000
bot1,0.1 0.1 0.1 0.1 0.3 0.1 0.7 0.1 0.5 0.1,3635,business computer_science psychology,,6560,41000
bot1,0.1 0.1 0.1 0.1 0.3 0.1 0.7 0.1 0.5 0.1,3636,business computer_science psychology,,6240,39000
bot1,0.1 0.1 0.1 0.1 0.3 0.1 0.7 0.1 0.5 0.1,3637,business computer_science psychology,,9500,50000
bot1,0.1 0.1 0.1 0.1 0.3 0.1 0.7 0.1 0.5 0.1,3638,business computer_science psychology,,9500,50000
bot1,0.1 0.1 0.1 0.1 0.3 0.1 0.7 0.1 0.5 0.1,3639,business computer_science psychology,,8460,47000
bot1,0.1 0.1 0.1 0.1 0.3 0.1 0.7 0.1 0.5 0.1,3640,business computer_science psychology,,6800,40000
bot1,0.1 0.1 0.1 0.1 0.3 0.1 0.7 0.1 0.5 0.1,3641,business literature mathematics,,21120,44000
bot1,0.1 0.1 0.1 0.1 0.3 0.1 0.7 0.1 0.5 0.1,3642,business literature mathematics,,17940,39000
bot1,0.1 0.1 0.1 0.1 0.3 0.1 0.7 0.1 0.5 0.1,3643,business literature mathematics,,15750,35000
bot1,0.1 0.1 0.1 0.1 0.3 0.1 0.7 0.1 0.5 0.1,3644,business literature mathematics,like,27600,60000
bot1,0.1 0.1 0.1 0.1 0.3 0.1 0.7 0.1 0.5 0.1,3645,business literature mathematics,like,18360,36000
bot1,0.1 0.1 0.1 0.1 0.3 0.1 0.7 0.1 0.5 0.1,3646,business literature mathematics,like,21420,42000
bot1,0.1 0.1 0.1 0.1 0.3 0.1 0.7 0.1 0.5 0.1,3647,business literature mathematics,,24000,50000
bot1,0.1 0.1 0.1 0.1 0.3 0.1 0.7 0.1 0.5 0.1,3648,business literature mathematics,,20250,45000
bot1,0.1 0.1 0.1 0.1 0.3 0.1 0.7 0.1 0.5 0.1,3649,business literature mathematics,,22500,50000
bot1,0.1 0.1 0.1 0.1 0.3 0.1 0.7 0.1 0.5 0.1,3650,business literature mathematics,like,16920,36000
bot1,0.1 0.1 0.1 0.1 0.3 0.1 0.7 0.1 0.5 0.1,3651,business literature mathematics,,16560,36000
bot1,0.1 0.1 0.1 0.1 0.3 0.1 0.7 0.1 0.5 0.1,3652,business literature mathematics,,25920,48000
bot1,0.1 0.1 0.1 0.1 0.3 0.1 0.7 0.1 0.5 0.1,3653,business literature mathematics,like,21840,42000
bot1,0.1 0.1 0.1 0.1 0.3 0.1 0.7 0.1 0.5 0.1,3654,business literature mathematics,,23030,47000
bot1,0.1 0.1 0.1 0.1 0.3 0.1 0.7 0.1 0.5 0.1,3655,business literature mathematics,,22050,45000
bot1,0.1 0.1 0.1 0.1 0.3 0.1 0.7 0.1 0.5 0.1,3656,business literature mathematics,like,27440,56000
bot1,0.1 0.1 0.1 0.1 0.3 0.1 0.7 0.1 0.5 0.1,3657,business literature mathematics,like,31200,60000
bot1,0.1 0.1 0.1 0.1 0.3 0.1 0.7 0.1 0.5 0.1,3658,business literature mathematics,,15500,31000
bot1,0.1 0.1 0.1 0.1 0.3 0.1 0.7 0.1 0.5 0.1,3659,business literature mathematics,like,19600,40000
bot1,0.1 0.1 0.1 0.1 0.3 0.1 0.7 0.1 0.5 0.1,3660,business literature mathematics,like,14260,31000
bot1,0.1 0.1 0.1 0.1 0.3 0.1 0.7 0.1 0.5 0.1,3661,business literature mathematics,like,16560,36000
bot1,0.1 0.1 0.1 0.1 0.3 0.1 0.7 0.1 0.5 0.1,3662,business literature mathematics,like,27030,51000
bot1,0.1 0.1 0.1 0.1 0.3 0.1 0.7 0.1 0.5 0.1,3663,business literature mathematics,,26400,60000
bot1,0.1 0.1 0.1 0.1 0.3 0.1 0.7 0.1 0.5 0.1,3664,business literature mathematics,like,30210,57000
bot1,0.1 0.1 0.1 0.1 0.3 0.1 0.7 0.1 0.5 0.1,3665,business literature mathematics,like,26500,53000
bot1,0.1 0.1 0.1 0.1 0.3 0.1 0.7 0.1 0.5 0.1,3666,business literature mathematics,,25960,59000
bot1,0.1 0.1 0.1 0.1 0.3 0.1 0.7 0.1 0.5 0.1,3667,business literature mathematics,,24910,53000
bot1,0.1 0.1 0.1 0.1 0.3 0.1 0.7 0.1 0.5 0.1,3668,business literature mathematics,like,25000,50000
bot1,0.1 0.1 0.1 0.1 0.3 0.1 0.7 0.1 0.5 0.1,3669,business literature music,,4130,59000
bot1,0.1 0.1 0.1 0.1 0.3 0.1 0.7 0.1 0.5 0.1,3670,business literature music,,3720,31000
bot1,0.1 0.1 0.1 0.1 0.3 0.1 0.7 0.1 0.5 0.1,3671,business literature music,,4000,50000
bot1,0.1 0.1 0.1 0.1 0.3 0.1 0.7 0.1 0.5 0.1,3672,business literature music,,4200,35000
bot1,0.1 0.1 0.1 0.1 0.3 0.1 0.7 0.1 0.5 0.1,3673,business literature music,,4060,58000
bot1,0.1 0.1 0.1 0.1 0.3 0.1 0.7 0.1 0.5 0.1,3674,business literature music,,2200,55000
bot1,0.1 0.1 0.1 0.1 0.3 0.1 0.7 0.1 0.5 0.1,3675,business literature music,,4900,49000
bot1,0.1 0.1 0.1 0.1 0.3 0.1 0.7 0.1 0.5 0.1,3676,business literature music,,3840,48000
bot1,0.1 0.1 0.1 0.1 0.3 0.1 0.7 0.1 0.5 0.1,3677,business literature music,,5040,56000
bot1,0.1 0.1 0.1 0.1 0.3 0.1 0.7 0.1 0.5 0.1,3678,business literature music,,4500,45000
bot1,0.1 0.1 0.1 0.1 0.3 0.1 0.7 0.1 0.5 0.1,3679,business literature music,,5390,49000
bot1,0.1 0.1 0.1 0.1 0.3 0.1 0.7 0.1 0.5 0.1,3680,business literature music,,6600,55000
bot1,0.1 0.1 0.1 0.1 0.3 0.1 0.7 0.1 0.5 0.1,3681,business literature music,,2000,40000
bot1,0.1 0.1 0.1 0.1 0.3 0.1 0.7 0.1 0.5 0.1,3682,business literature music,,2650,53000
bot1,0.1 0.1 0.1 0.1 0.3 0.1 0.7 0.1 0.5 0.1,3683,business literature music,,4400,40000
bot1,0.1 0.1 0.1 0.1 0.3 0.1 0.7 0.1 0.5 0.1,3684,business literature music,,9690,51000
bot1,0.1 0.1 0.1 0.1 0.3 0.1 0.7 0.1 0.5 0.1,3685,business literature music,,2720,34000
bot1,0.1 0.1 0.1 0.1 0.3 0.1 0.7 0.1 0.5 0.1,3686,business literature music,,4200,60000
bot1,0.1 0.1 0.1 0.1 0.3 0.1 0.7 0.1 0.5 0.1,3687,business literature music,,7560,54000
bot1,0.1 0.1 0.1 0.1 0.3 0.1 0.7 0.1 0.5 0.1,3688,business literature music,,2450,35000
bot1,0.1 0.1 0.1 0.1 0.3 0.1 0.7 0.1 0.5 0.1,3689,business literature music,,3300,33000
bot1,0.1 0.1 0.1 0.1 0.3 0.1 0.7 0.1 0.5 0.1,3690,business literature music,,4320,54000
bot1,0.1 0.1 0.1 0.1 0.3 0.1 0.7 0.1 0.5 0.1,3691,business literature music,,2600,52000
bot1,0.1 0.1 0.1 0.1 0.3 0.1 0.7 0.1 0.5 0.1,3692,business literature music,,3850,35000
bot1,0.1 0.1 0.1 0.1 0.3 0.1 0.7 0.1 0.5 0.1,3693,business literature music,,4130,59000
bot1,0.1 0.1 0.1 0.1 0.3 0.1 0.7 0.1 0.5 0.1,3694,business literature music,,4420,34000
bot1,0.1 0.1 0.1 0.1 0.3 0.1 0.7 0.1 0.5 0.1,3695,business literature music,,4560,57000
bot1,0.1 0.1 0.1 0.1 0.3 0.1 0.7 0.1 0.5 0.1,3696,business literature music,,4200,42000
bot1,0.1 0.1 0.1 0.1 0.3 0.1 0.7 0.1 0.5 0.1,3697,business literature physics,,11400,30000
bot1,0.1 0.1 0.1 0.1 0.3 0.1 0.7 0.1 0.5 0.1,3698,business literature physics,like,10560,32000
bot1,0.1 0.1 0.1 0.1 0.3 0.1 0.7 0.1 0.5 0.1,3699,business literature physics,like,10850,35000
bot1,0.1 0.1 0.1 0.1 0.3 0.1 0.7 0.1 0.5 0.1,3700,business literature physics,,18200,52000
bot1,0.1 0.1 0.1 0.1 0.3 0.1 0.7 0.1 0.5 0.1,3701,business literature physics,,17980,58000
bot1,0.1 0.1 0.1 0.1 0.3 0.1 0.7 0.1 0.5 0.1,3702,business literature physics,like,17680,52000
bot1,0.1 0.1 0.1 0.1 0.3 0.1 0.7 0.1 0.5 0.1,3703,business literature physics,,17280,54000
bot1,0.1 0.1 0.1 0.1 0.3 0.1 0.7 0.1 0.5 0.1,3704,business literature physics,,9520,34000
bot1,0.1 0.1 0.1 0.1 0.3 0.1 0.7 0.1 0.5 0.1,3705,business literature physics,like,16000,50000
bot1,0.1 0.1 0.1 0.1 0.3 0.1 0.7 0.1 0.5 0.1,3706,business literature physics,like,12320,44000
bot1,0.1 0.1 0.1 0.1 0.3 0.1 0.7 0.1 0.5 0.1,3707,business literature physics,like,18000,60000
bot1,0.1 0.1 0.1 0.1 0.3 0.1 0.7 0.1 0.5 0.1,3708,business literature physics,,16120,52000
bot1,0.1 0.1 0.1 0.1 0.3 0.1 0.7 0.1 0.5 0.1,3709,business literature physics,,11900,35000
bot1,0.1 0.1 0.1 0.1 0.3 0.1 0.7 0.1 0.5 0.1,3710,business literature physics,like,18130,49000
bot1,0.1 0.1 0.1 0.1 0.3 0.1 0.7 0.1 0.5 0.1,3711,business literature physics,,17000,50000
bot1,0.1 0.1 0.1 0.1 0.3 0.1 0.7 0.1 0.5 0.1,3712,business literature physics,,12480,39000
bot1,0.1 0.1 0.1 0.1 0.3 0.1 0.7 0.1 0.5 0.1,3713,business literature physics,,9600,30000
bot1,0.1 0.1 0.1 0.1 0.3 0.1 0.7 0.1 0.5 0.1,3714,business literature physics,,12240,36000
bot1,0.1 0.1 0.1 0.1 0.3 0.1 0.7 0.1 0.5 0.1,3715,business literature physics,like,14720,46000
bot1,0.1 0.1 0.1 0.1 0.3 0.1 0.7 0.1 0.5 0.1,3716,business literature physics,,14700,49000
bot1,0.1 0.1 0.1 0.1 0.3 0.1 0.7 0.1 0.5 0.1,3717,business literature physics,,15120,54000
bot1,0.1 0.1 0.1 0.1 0.3 0.1 0.7 0.1 0.5 0.1,3718,business literature physics,like,17480,46000
bot1,0.1 0.1 0.1 0.1 0.3 0.1 0.7 0.1 0.5 0.1,3719,business literature physics,,15660,54000
bot1,0.1 0.1 0.1 0.1 0.3 0.1 0.7 0.1 0.5 0.1,3720,business literature physics,,12600,36000
bot1,0.1 0.1 0.1 0.1 0.3 0.1 0.7 0.1 0.5 0.1,3721,business literature physics,,11880,36000
bot1,0.1 0.1 0.1 0.1 0.3 0.1 0.7 0.1 0.5 0.1,3722,business literature physics,,11220,34000
bot1,0.1 0.1 0.1 0.1 0.3 0.1 0.7 0.1 0.5 0.1,3723,business literature physics,like,19800,60000
bot1,0.1 0.1 0.1 0.1 0.3 0.1 0.7 0.1 0.5 0.1,3724,business literature physics,like,16200,45000
bot1,0.1 0.1 0.1 0.1 0.3 0.1 0.7 0.1 0.5 0.1,3725,business literature psychology,,5100,51000
bot1,0.1 0.1 0.1 0.1 0.3 0.1 0.7 0.1 0.5 0.1,3726,business literature psychology,,3720,31000
bot1,0.1 0.1 0.1 0.1 0.3 0.1 0.7 0.1 0.5 0.1,3727,business literature psychology,,2730,39000
bot1,0.1 0.1 0.1 0.1 0.3 0.1 0.7 0.1 0.5 0.1,3728,business literature psychology,,2280,38000
bot1,0.1 0.1 0.1 0.1 0.3 0.1 0.7 0.1 0.5 0.1,3729,business literature psychology,,4950,55000
bot1,0.1 0.1 0.1 0.1 0.3 0.1 0.7 0.1 0.5 0.1,3730,business literature psychology,,2640,44000
bot1,0.1 0.1 0.1 0.1 0.3 0.1 0.7 0.1 0.5 0.1,3731,business literature psychology,,3180,53000
bot1,0.1 0.1 0.1 0.1 0.3 0.1 0.7 0.1 0.5 0.1,3732,business literature psychology,,2350,47000
bot1,0.1 0.1 0.1 0.1 0.3 0.1 0.7 0.1 0.5 0.1,3733,business literature psychology,,4950,55000
bot1,0.1 0.1 0.1 0.1 0.3 0.1 0.7 0.1 0.5 0.1,3734,business literature psychology,,4600,46000
bot1,0.1 0.1 0.1 0.1 0.3 0.1 0.7 0.1 0.5 0.1,3735,business literature psychology,,4640,58000
bot1,0.1 0.1 0.1 0.1 0.3 0.1 0.7 0.1 0.5 0.1,3736,business literature psychology,,3520,44000
bot1,0.1 0.1 0.1 0.1 0.3 0.1 0.7 0.1 0.5 0.1,3737,business literature psychology,,3600,40000
bot1,0.1 0.1 0.1 0.1 0.3 0.1 0.7 0.1 0.5 0.1,3738,business literature psychology,,7420,53000
bot1,0.1 0.1 0.1 0.1 0.3 0.1 0.7 0.1 0.5 0.1,3739,business literature psychology,,3600,40000
bot1,0.1 0.1 0.1 0.1 0.3 0.1 0.7 0.1 0.5 0.1,3740,business literature psychology,,2640,33000
bot1,0.1 0.1 0.1 0.1 0.3 0.1 0.7 0.1 0.5 0.1,3741,business literature psychology,,3300,33000
bot1,0.1 0.1 0.1 0.1 0.3 0.1 0.7 0.1 0.5 0.1,3742,business literature psychology,,4730,43000
bot1,0.1 0.1 0.1 0.1 0.3 0.1 0.7 0.1 0.5 0.1,3743,business literature psychology,,4200,42000
bot1,0.1 0.1 0.1 0.1 0.3 0.1 0.7 0.1 0.5 0.1,3744,business literature psychology,,2240,32000
bot1,0.1 0.1 0.1 0.1 0.3 0.1 0.7 0.1 0.5 0.1,3745,business literature psychology,,4500,45000
bot1,0.1 0.1 0.1 0.1 0.3 0.1 0.7 0.1 0.5 0.1,3746,business literature psychology,,4730,43000
bot1,0.1 0.1 0.1 0.1 0.3 0.1 0.7 0.1 0.5 0.1,3747,business literature psychology,,5310,59000
bot1,0.1 0.1 0.1 0.1 0.3 0.1 0.7 0.1 0.5 0.1,3748,business literature psychology,,2800,35000
bot1,0.1 0.1 0.1 0.1 0.3 0.1 0.7 0.1 0.5 0.1,3749,business literature psychology,,2720,34000
bot1,0.1 0.1 0.1 0.1 0.3 0.1 0.7 0.1 0.5 0.1,3750,business literature psychology,,5400,36000
bot1,0.1 0.1 0.1 0.1 0.3 0.1 0.7 0.1 0.5 0.1,3751,business literature psychology,,2280,38000
bot1,0.1 0.1 0.1 0.1 0.3 0.1 0.7 0.1 0.5 0.1,3752,business literature psychology,,3740,34000
bot1,0.1 0.1 0.1 0.1 0.3 0.1 0.7 0.1 0.5 0.1,3753,business mathematics music,like,24000,48000
bot1,0.1 0.1 0.1 0.1 0.3 0.1 0.7 0.1 0.5 0.1,3754,business mathematics music,,15300,34000
bot1,0.1 0.1 0.1 0.1 0.3 0.1 0.7 0.1 0.5 0.1,3755,business mathematics music,,20680,44000
bot1,0.1 0.1 0.1 0.1 0.3 0.1 0.7 0.1 0.5 0.1,3756,business mathematics music,,16800,35000
bot1,0.1 0.1 0.1 0.1 0.3 0.1 0.7 0.1 0.5 0.1,3757,business mathematics music,like,17020,37000
bot1,0.1 0.1 0.1 0.1 0.3 0.1 0.7 0.1 0.5 0.1,3758,business mathematics music,like,23520,49000
bot1,0.1 0.1 0.1 0.1 0.3 0.1 0.7 0.1 0.5 0.1,3759,business mathematics music,like,26400,55000
bot1,0.1 0.1 0.1 0.1 0.3 0.1 0.7 0.1 0.5 0.1,3760,business mathematics music,,25480,49000
bot1,0.1 0.1 0.1 0.1 0.3 0.1 0.7 0.1 0.5 0.1,3761,business mathematics music,,23040,48000
bot1,0.1 0.1 0.1 0.1 0.3 0.1 0.7 0.1 0.5 0.1,3762,business mathematics music,like,28500,57000
bot1,0.1 0.1 0.1 0.1 0.3 0.1 0.7 0.1 0.5 0.1,3763,business mathematics music,like,22360,43000
bot1,0.1 0.1 0.1 0.1 0.3 0.1 0.7 0.1 0.5 0.1,3764,business mathematics music,like,20250,45000
bot1,0.1 0.1 0.1 0.1 0.3 0.1 0.7 0.1 0.5 0.1,3765,business mathematics music,like,19080,36000
bot1,0.1 0.1 0.1 0.1 0.3 0.1 0.7 0.1 0.5 0.1,3766,business mathematics music,like,28560,56000
bot1,0.1 0.1 0.1 0.1 0.3 0.1 0.7 0.1 0.5 0.1,3767,business mathematics music,,15000,30000
bot1,0.1 0.1 0.1 0.1 0.3 0.1 0.7 0.1 0.5 0.1,3768,business mathematics music,like,23320,53000
bot1,0.1 0.1 0.1 0.1 0.3 0.1 0.7 0.1 0.5 0.1,3769,business mathematics music,,17760,37000
bot1,0.1 0.1 0.1 0.1 0.3 0.1 0.7 0.1 0.5 0.1,3770,business mathematics music,like,21600,48000
bot1,0.1 0.1 0.1 0.1 0.3 0.1 0.7 0.1 0.5 0.1,3771,business mathematics music,like,31270,59000
bot1,0.1 0.1 0.1 0.1 0.3 0.1 0.7 0.1 0.5 0.1,3772,business mathematics music,like,16320,34000
bot1,0.1 0.1 0.1 0.1 0.3 0.1 0.7 0.1 0.5 0.1,3773,business mathematics music,,26680,58000
bot1,0.1 0.1 0.1 0.1 0.3 0.1 0.7 0.1 0.5 0.1,3774,business mathematics music,,15500,31000
bot1,0.1 0.1 0.1 0.1 0.3 0.1 0.7 0.1 0.5 0.1,3775,business mathematics music,,19800,45000
bot1,0.1 0.1 0.1 0.1 0.3 0.1 0.7 0.1 0.5 0.1,3776,business mathematics music,like,22540,46000
bot1,0.1 0.1 0.1 0.1 0.3 0.1 0.7 0.1 0.5 0.1,3777,business mathematics music,,19780,46000
bot1,0.1 0.1 0.1 0.1 0.3 0.1 0.7 0.1 0.5 0.1,3778,business mathematics music,like,27500,55000
bot1,0.1 0.1 0.1 0.1 0.3 0.1 0.7 0.1 0.5 0.1,3779,business mathematics music,like,26880,56000
bot1,0.1 0.1 0.1 0.1 0.3 0.1 0.7 0.1 0.5 0.1,3780,business mathematics music,like,23400,45000
bot1,0.1 0.1 0.1 0.1 0.3 0.1 0.7 0.1 0.5 0.1,3781,business mathematics physics,,22560,47000
bot1,0.1 0.1 0.1 0.1 0.3 0.1 0.7 0.1 0.5 0.1,3782,business mathematics physics,,29640,52000
bot1,0.1 0.1 0.1 0.1 0.3 0.1 0.7 0.1 0.5 0.1,3783,business mathematics physics,,36000,60000
bot1,0.1 0.1 0.1 0.1 0.3 0.1 0.7 0.1 0.5 0.1,3784,business mathematics physics,like,21730,41000
bot1,0.1 0.1 0.1 0.1 0.3 0.1 0.7 0.1 0.5 0.1,3785,business mathematics physics,like,26000,50000
bot1,0.1 0.1 0.1 0.1 0.3 0.1 0.7 0.1 0.5 0.1,3786,business mathematics physics,like,16800,30000
bot1,0.1 0.1 0.1 0.1 0.3 0.1 0.7 0.1 0.5 0.1,3787,business mathematics physics,,22230,39000
bot1,0.1 0.1 0.1 0.1 0.3 0.1 0.7 0.1 0.5 0.1,3788,business mathematics physics,like,23760,44000
bot1,0.1 0.1 0.1 0.1 0.3 0.1 0.7 0.1 0.5 0.1,3789,business mathematics physics,like,27030,53000
bot1,0.1 0.1 0.1 0.1 0.3 0.1 0.7 0.1 0.5 0.1,3790,business mathematics physics,like,23320,44000
bot1,0.1 0.1 0.1 0.1 0.3 0.1 0.7 0.1 0.5 0.1,3791,business mathematics physics,like,18700,34000
bot1,0.1 0.1 0.1 0.1 0.3 0.1 0.7 0.1 0.5 0.1,3792,business mathematics physics,like,24780,42000
bot1,0.1 0.1 0.1 0.1 0.3 0.1 0.7 0.1 0.5 0.1,3793,business mathematics physics,like,30780,57000
bot1,0.1 0.1 0.1 0.1 0.3 0.1 0.7 0.1 0.5 0.1,3794,business mathematics physics,like,26840,44000
bot1,0.1 0.1 0.1 0.1 0.3 0.1 0.7 0.1 0.5 0.1,3795,business mathematics physics,like,16800,30000
bot1,0.1 0.1 0.1 0.1 0.3 0.1 0.7 0.1 0.5 0.1,3796,business mathematics physics,like,16960,32000
bot1,0.1 0.1 0.1 0.1 0.3 0.1 0.7 0.1 0.5 0.1,3797,business mathematics physics,like,26000,52000
bot1,0.1 0.1 0.1 0.1 0.3 0.1 0.7 0.1 0.5 0.1,3798,business mathematics physics,,17360,31000
bot1,0.1 0.1 0.1 0.1 0.3 0.1 0.7 0.1 0.5 0.1,3799,business mathematics physics,like,30240,54000
bot1,0.1 0.1 0.1 0.1 0.3 0.1 0.7 0.1 0.5 0.1,3800,business mathematics physics,like,33600,60000
bot1,0.1 0.1 0.1 0.1 0.3 0.1 0.7 0.1 0.5 0.1,3801,business mathematics physics,like,25440,48000
bot1,0.1 0.1 0.1 0.1 0.3 0.1 0.7 0.1 0.5 0.1,3802,business mathematics physics,like,30250,55000
bot1,0.1 0.1 0.1 0.1 0.3 0.1 0.7 0.1 0.5 0.1,3803,business mathematics physics,like,28420,49000
bot1,0.1 0.1 0.1 0.1 0.3 0.1 0.7 0.1 0.5 0.1,3804,business mathematics physics,like,30740,53000
bot1,0.1 0.1 0.1 0.1 0.3 0.1 0.7 0.1 0.5 0.1,3805,business mathematics physics,,25300,46000
bot1,0.1 0.1 0.1 0.1 0.3 0.1 0.7 0.1 0.5 0.1,3806,business mathematics physics,like,27030,51000
bot1,0.1 0.1 0.1 0.1 0.3 0.1 0.7 0.1 0.5 0.1,3807,business mathematics physics,like,16430,31000
bot1,0.1 0.1 0.1 0.1 0.3 0.1 0.7 0.1 0.5 0.1,3808,business mathematics physics,like,22550,41000
bot1,0.1 0.1 0.1 0.1 0.3 0.1 0.7 0.1 0.5 0.1,3809,business mathematics psychology,,15500,31000
bot1,0.1 0.1 0.1 0.1 0.3 0.1 0.7 0.1 0.5 0.1,3810,business mathematics psychology,like,19250,35000
bot1,0.1 0.1 0.1 0.1 0.3 0.1 0.7 0.1 0.5 0.1,3811,business mathematics psychology,,22880,52000
bot1,0.1 0.1 0.1 0.1 0.3 0.1 0.7 0.1 0.5 0.1,3812,business mathematics psychology,,24960,52000
bot1,0.1 0.1 0.1 0.1 0.3 0.1 0.7 0.1 0.5 0.1,3813,business mathematics psychology,like,18020,34000
bot1,0.1 0.1 0.1 0.1 0.3 0.1 0.7 0.1 0.5 0.1,3814,business mathematics psychology,like,18500,37000
bot1,0.1 0.1 0.1 0.1 0.3 0.1 0.7 0.1 0.5 0.1,3815,business mathematics psychology,,22500,50000
bot1,0.1 0.1 0.1 0.1 0.3 0.1 0.7 0.1 0.5 0.1,3816,business mathematics psychology,,28200,60000
bot1,0.1 0.1 0.1 0.1 0.3 0.1 0.7 0.1 0.5 0.1,3817,business mathematics psychology,like,25080,57000
bot1,0.1 0.1 0.1 0.1 0.3 0.1 0.7 0.1 0.5 0.1,3818,business mathematics psychology,like,16920,36000
bot1,0.1 0.1 0.1 0.1 0.3 0.1 0.7 0.1 0.5 0.1,3819,business mathematics psychology,,25920,54000
bot1,0.1 0.1 0.1 0.1 0.3 0.1 0.7 0.1 0.5 0.1,3820,business mathematics psychology,like,20500,41000
bot1,0.1 0.1 0.1 0.1 0.3 0.1 0.7 0.1 0.5 0.1,3821,business mathematics psychology,like,22540,46000
bot1,0.1 0.1 0.1 0.1 0.3 0.1 0.7 0.1 0.5 0.1,3822,business mathematics psychology,,17860,38000
bot1,0.1 0.1 0.1 0.1 0.3 0.1 0.7 0.1 0.5 0.1,3823,business mathematics psychology,like,22140,41000
bot1,0.1 0.1 0.1 0.1 0.3 0.1 0.7 0.1 0.5 0.1,3824,business mathematics psychology,like,22050,45000
bot1,0.1 0.1 0.1 0.1 0.3 0.1 0.7 0.1 0.5 0.1,3825,business mathematics psychology,,26880,56000
bot1,0.1 0.1 0.1 0.1 0.3 0.1 0.7 0.1 0.5 0.1,3826,business mathematics psychology,like,24960,52000
bot1,0.1 0.1 0.1 0.1 0.3 0.1 0.7 0.1 0.5 0.1,3827,business mathematics psychology,like,29680,56000
bot1,0.1 0.1 0.1 0.1 0.3 0.1 0.7 0.1 0.5 0.1,3828,business mathematics psychology,like,18330,39000
bot1,0.1 0.1 0.1 0.1 0.3 0.1 0.7 0.1 0.5 0.1,3829,business mathematics psychology,like,19270,41000
bot1,0.1 0.1 0.1 0.1 0.3 0.1 0.7 0.1 0.5 0.1,3830,business mathematics psychology,,30000,60000
bot1,0.1 0.1 0.1 0.1 0.3 0.1 0.7 0.1 0.5 0.1,3831,business mathematics psychology,like,30000,60000
bot1,0.1 0.1 0.1 0.1 0.3 0.1 0.7 0.1 0.5 0.1,3832,business mathematics psychology,like,16560,36000
bot1,0.1 0.1 0.1 0.1 0.3 0.1 0.7 0.1 0.5 0.1,3833,business mathematics psychology,like,18040,44000
bot1,0.1 0.1 0.1 0.1 0.3 0.1 0.7 0.1 0.5 0.1,3834,business mathematics psychology,like,18060,42000
bot1,0.1 0.1 0.1 0.1 0.3 0.1 0.7 0.1 0.5 0.1,3835,business mathematics psychology,like,19110,39000
bot1,0.1 0.1 0.1 0.1 0.3 0.1 0.7 0.1 0.5 0.1,3836,business mathematics psychology,,15680,32000
bot1,0.1 0.1 0.1 0.1 0.3 0.1 0.7 0.1 0.5 0.1,3837,business music physics,,12540,38000
bot1,0.1 0.1 0.1 0.1 0.3 0.1 0.7 0.1 0.5 0.1,3838,business music physics,like,10200,34000
bot1,0.1 0.1 0.1 0.1 0.3 0.1 0.7 0.1 0.5 0.1,3839,business music physics,,18810,57000
bot1,0.1 0.1 0.1 0.1 0.3 0.1 0.7 0.1 0.5 0.1,3840,business music physics,like,18000,60000
bot1,0.1 0.1 0.1 0.1 0.3 0.1 0.7 0.1 0.5 0.1,3841,business music physics,like,12480,39000
bot1,0.1 0.1 0.1 0.1 0.3 0.1 0.7 0.1 0.5 0.1,3842,business music physics,,17340,51000
bot1,0.1 0.1 0.1 0.1 0.3 0.1 0.7 0.1 0.5 0.1,3843,business music physics,like,11900,34000
bot1,0.1 0.1 0.1 0.1 0.3 0.1 0.7 0.1 0.5 0.1,3844,business music physics,like,16770,43000
bot1,0.1 0.1 0.1 0.1 0.3 0.1 0.7 0.1 0.5 0.1,3845,business music physics,like,16500,50000
bot1,0.1 0.1 0.1 0.1 0.3 0.1 0.7 0.1 0.5 0.1,3846,business music physics,like,12600,36000
bot1,0.1 0.1 0.1 0.1 0.3 0.1 0.7 0.1 0.5 0.1,3847,business music physics,,19380,57000
bot1,0.1 0.1 0.1 0.1 0.3 0.1 0.7 0.1 0.5 0.1,3848,business music physics,like,20720,56000
bot1,0.1 0.1 0.1 0.1 0.3 0.1 0.7 0.1 0.5 0.1,3849,business music physics,,17000,50000
bot1,0.1 0.1 0.1 0.1 0.3 0.1 0.7 0.1 0.5 0.1,3850,business music physics,like,17280,48000
bot1,0.1 0.1 0.1 0.1 0.3 0.1 0.7 0.1 0.5 0.1,3851,business music physics,like,15000,50000
bot1,0.1 0.1 0.1 0.1 0.3 0.1 0.7 0.1 0.5 0.1,3852,business music physics,like,13950,45000
bot1,0.1 0.1 0.1 0.1 0.3 0.1 0.7 0.1 0.5 0.1,3853,business music physics,,18200,52000
bot1,0.1 0.1 0.1 0.1 0.3 0.1 0.7 0.1 0.5 0.1,3854,business music physics,like,12220,47000
bot1,0.1 0.1 0.1 0.1 0.3 0.1 0.7 0.1 0.5 0.1,3855,business music physics,,13260,39000
bot1,0.1 0.1 0.1 0.1 0.3 0.1 0.7 0.1 0.5 0.1,3856,business music physics,like,19140,58000
bot1,0.1 0.1 0.1 0.1 0.3 0.1 0.7 0.1 0.5 0.1,3857,business music physics,like,12600,35000
bot1,0.1 0.1 0.1 0.1 0.3 0.1 0.7 0.1 0.5 0.1,3858,business music physics,like,10730,37000
bot1,0.1 0.1 0.1 0.1 0.3 0.1 0.7 0.1 0.5 0.1,3859,business music physics,,12480,39000
bot1,0.1 0.1 0.1 0.1 0.3 0.1 0.7 0.1 0.5 0.1,3860,business music physics,,8370,31000
bot1,0.1 0.1 0.1 0.1 0.3 0.1 0.7 0.1 0.5 0.1,3861,business music physics,like,12480,39000
bot1,0.1 0.1 0.1 0.1 0.3 0.1 0.7 0.1 0.5 0.1,3862,business music physics,like,12250,35000
bot1,0.1 0.1 0.1 0.1 0.3 0.1 0.7 0.1 0.5 0.1,3863,business music physics,like,9800,35000
bot1,0.1 0.1 0.1 0.1 0.3 0.1 0.7 0.1 0.5 0.1,3864,business music physics,,10920,39000
bot1,0.1 0.1 0.1 0.1 0.3 0.1 0.7 0.1 0.5 0.1,3865,business music psychology,,3150,35000
bot1,0.1 0.1 0.1 0.1 0.3 0.1 0.7 0.1 0.5 0.1,3866,business music psychology,,4160,52000
bot1,0.1 0.1 0.1 0.1 0.3 0.1 0.7 0.1 0.5 0.1,3867,business music psychology,,3300,55000
bot1,0.1 0.1 0.1 0.1 0.3 0.1 0.7 0.1 0.5 0.1,3868,business music psychology,,5920,37000
bot1,0.1 0.1 0.1 0.1 0.3 0.1 0.7 0.1 0.5 0.1,3869,business music psychology,,3600,40000
bot1,0.1 0.1 0.1 0.1 0.3 0.1 0.7 0.1 0.5 0.1,3870,business music psychology,,4840,44000
bot1,0.1 0.1 0.1 0.1 0.3 0.1 0.7 0.1 0.5 0.1,3871,business music psychology,,3850,35000
bot1,0.1 0.1 0.1 0.1 0.3 0.1 0.7 0.1 0.5 0.1,3872,business music psychology,,2600,52000
bot1,0.1 0.1 0.1 0.1 0.3 0.1 0.7 0.1 0.5 0.1,3873,business music psychology,,4000,40000
bot1,0.1 0.1 0.1 0.1 0.3 0.1 0.7 0.1 0.5 0.1,3874,business music psychology,,3400,34000
bot1,0.1 0.1 0.1 0.1 0.3 0.1 0.7 0.1 0.5 0.1,3875,business music psychology,,3290,47000
bot1,0.1 0.1 0.1 0.1 0.3 0.1 0.7 0.1 0.5 0.1,3876,business music psychology,,3290,47000
bot1,0.1 0.1 0.1 0.1 0.3 0.1 0.7 0.1 0.5 0.1,3877,business music psychology,,6490,59000
bot1,0.1 0.1 0.1 0.1 0.3 0.1 0.7 0.1 0.5 0.1,3878,business music psychology,,4720,59000
bot1,0.1 0.1 0.1 0.1 0.3 0.1 0.7 0.1 0.5 0.1,3879,business music psychology,,5100,34000
bot1,0.1 0.1 0.1 0.1 0.3 0.1 0.7 0.1 0.5 0.1,3880,business music psychology,,4130,59000
bot1,0.1 0.1 0.1 0.1 0.3 0.1 0.7 0.1 0.5 0.1,3881,business music psychology,,2400,30000
bot1,0.1 0.1 0.1 0.1 0.3 0.1 0.7 0.1 0.5 0.1,3882,business music psychology,,2820,47000
bot1,0.1 0.1 0.1 0.1 0.3 0.1 0.7 0.1 0.5 0.1,3883,business music psychology,,4400,40000
bot1,0.1 0.1 0.1 0.1 0.3 0.1 0.7 0.1 0.5 0.1,3884,business music psychology,,3510,39000
bot1,0.1 0.1 0.1 0.1 0.3 0.1 0.7 0.1 0.5 0.1,3885,business music psychology,,2340,39000
bot1,0.1 0.1 0.1 0.1 0.3 0.1 0.7 0.1 0.5 0.1,3886,business music psychology,,7560,54000
bot1,0.1 0.1 0.1 0.1 0.3 0.1 0.7 0.1 0.5 0.1,3887,business music psychology,,4800,48000
bot1,0.1 0.1 0.1 0.1 0.3 0.1 0.7 0.1 0.5 0.1,3888,business music psychology,,6600,55000
bot1,0.1 0.1 0.1 0.1 0.3 0.1 0.7 0.1 0.5 0.1,3889,business music psychology,,4130,59000
bot1,0.1 0.1 0.1 0.1 0.3 0.1 0.7 0.1 0.5 0.1,3890,business music psychology,,4800,40000
bot1,0.1 0.1 0.1 0.1 0.3 0.1 0.7 0.1 0.5 0.1,3891,business music psychology,,4240,53000
bot1,0.1 0.1 0.1 0.1 0.3 0.1 0.7 0.1 0.5 0.1,3892,business music psychology,,3100,31000
bot1,0.1 0.1 0.1 0.1 0.3 0.1 0.7 0.1 0.5 0.1,3893,business physics psychology,like,14570,47000
bot1,0.1 0.1 0.1 0.1 0.3 0.1 0.7 0.1 0.5 0.1,3894,business physics psychology,,9000,30000
bot1,0.1 0.1 0.1 0.1 0.3 0.1 0.7 0.1 0.5 0.1,3895,business physics psychology,,20720,56000
bot1,0.1 0.1 0.1 0.1 0.3 0.1 0.7 0.1 0.5 0.1,3896,business physics psychology,,14350,41000
bot1,0.1 0.1 0.1 0.1 0.3 0.1 0.7 0.1 0.5 0.1,3897,business physics psychology,like,10850,31000
bot1,0.1 0.1 0.1 0.1 0.3 0.1 0.7 0.1 0.5 0.1,3898,business physics psychology,,11520,36000
bot1,0.1 0.1 0.1 0.1 0.3 0.1 0.7 0.1 0.5 0.1,3899,business physics psychology,,12210,37000
bot1,0.1 0.1 0.1 0.1 0.3 0.1 0.7 0.1 0.5 0.1,3900,business physics psychology,,17820,54000
bot1,0.1 0.1 0.1 0.1 0.3 0.1 0.7 0.1 0.5 0.1,3901,business physics psychology,,9600,30000
bot1,0.1 0.1 0.1 0.1 0.3 0.1 0.7 0.1 0.5 0.1,3902,business physics psychology,like,17670,57000
bot1,0.1 0.1 0.1 0.1 0.3 0.1 0.7 0.1 0.5 0.1,3903,business physics psychology,like,17340,51000
bot1,0.1 0.1 0.1 0.1 0.3 0.1 0.7 0.1 0.5 0.1,3904,business physics psychology,like,13800,46000
bot1,0.1 0.1 0.1 0.1 0.3 0.1 0.7 0.1 0.5 0.1,3905,business physics psychology,like,15750,45000
bot1,0.1 0.1 0.1 0.1 0.3 0.1 0.7 0.1 0.5 0.1,3906,business physics psychology,,13720,49000
bot1,0.1 0.1 0.1 0.1 0.3 0.1 0.7 0.1 0.5 0.1,3907,business physics psychology,like,8680,31000
bot1,0.1 0.1 0.1 0.1 0.3 0.1 0.7 0.1 0.5 0.1,3908,business physics psychology,like,13120,41000
bot1,0.1 0.1 0.1 0.1 0.3 0.1 0.7 0.1 0.5 0.1,3909,business physics psychology,like,14560,52000
bot1,0.1 0.1 0.1 0.1 0.3 0.1 0.7 0.1 0.5 0.1,3910,business physics psychology,like,13940,41000
bot1,0.1 0.1 0.1 0.1 0.3 0.1 0.7 0.1 0.5 0.1,3911,business physics psychology,,6600,30000
bot1,0.1 0.1 0.1 0.1 0.3 0.1 0.7 0.1 0.5 0.1,3912,business physics psychology,,11890,41000
bot1,0.1 0.1 0.1 0.1 0.3 0.1 0.7 0.1 0.5 0.1,3913,business physics psychology,like,12320,44000
bot1,0.1 0.1 0.1 0.1 0.3 0.1 0.7 0.1 0.5 0.1,3914,business physics psychology,like,9280,32000
bot1,0.1 0.1 0.1 0.1 0.3 0.1 0.7 0.1 0.5 0.1,3915,business physics psychology,like,15080,58000
bot1,0.1 0.1 0.1 0.1 0.3 0.1 0.7 0.1 0.5 0.1,3916,business physics psychology,like,15050,43000
bot1,0.1 0.1 0.1 0.1 0.3 0.1 0.7 0.1 0.5 0.1,3917,business physics psychology,,12480,39000
bot1,0.1 0.1 0.1 0.1 0.3 0.1 0.7 0.1 0.5 0.1,3918,business physics psychology,like,19080,53000
bot1,0.1 0.1 0.1 0.1 0.3 0.1 0.7 0.1 0.5 0.1,3919,business physics psychology,like,13760,43000
bot1,0.1 0.1 0.1 0.1 0.3 0.1 0.7 0.1 0.5 0.1,3920,business physics psychology,,13760,43000
bot1,0.1 0.1 0.1 0.1 0.3 0.1 0.7 0.1 0.5 0.1,3921,chemistry computer_science literature,,6720,48000
bot1,0.1 0.1 0.1 0.1 0.3 0.1 0.7 0.1 0.5 0.1,3922,chemistry computer_science literature,,7140,34000
bot1,0.1 0.1 0.1 0.1 0.3 0.1 0.7 0.1 0.5 0.1,3923,chemistry computer_science literature,,7200,45000
bot1,0.1 0.1 0.1 0.1 0.3 0.1 0.7 0.1 0.5 0.1,3924,chemistry computer_science literature,,7820,46000
bot1,0.1 0.1 0.1 0.1 0.3 0.1 0.7 0.1 0.5 0.1,3925,chemistry computer_science literature,,6720,32000
bot1,0.1 0.1 0.1 0.1 0.3 0.1 0.7 0.1 0.5 0.1,3926,chemistry computer_science literature,,10560,48000
bot1,0.1 0.1 0.1 0.1 0.3 0.1 0.7 0.1 0.5 0.1,3927,chemistry computer_science literature,,4800,32000
bot1,0.1 0.1 0.1 0.1 0.3 0.1 0.7 0.1 0.5 0.1,3928,chemistry computer_science literature,,10500,50000
bot1,0.1 0.1 0.1 0.1 0.3 0.1 0.7 0.1 0.5 0.1,3929,chemistry computer_science literature,,9460,43000
bot1,0.1 0.1 0.1 0.1 0.3 0.1 0.7 0.1 0.5 0.1,3930,chemistry computer_science literature,,7480,44000
bot1,0.1 0.1 0.1 0.1 0.3 0.1 0.7 0.1 0.5 0.1,3931,chemistry computer_science literature,,10260,54000
bot1,0.1 0.1 0.1 0.1 0.3 0.1 0.7 0.1 0.5 0.1,3932,chemistry computer_science literature,,3600,36000
bot1,0.1 0.1 0.1 0.1 0.3 0.1 0.7 0.1 0.5 0.1,3933,chemistry computer_science literature,,7980,42000
bot1,0.1 0.1 0.1 0.1 0.3 0.1 0.7 0.1 0.5 0.1,3934,chemistry computer_science literature,,8100,45000
bot1,0.1 0.1 0.1 0.1 0.3 0.1 0.7 0.1 0.5 0.1,3935,chemistry computer_science literature,,12320,56000
bot1,0.1 0.1 0.1 0.1 0.3 0.1 0.7 0.1 0.5 0.1,3936,chemistry computer_science literature,,9600,48000
bot1,0.1 0.1 0.1 0.1 0.3 0.1 0.7 0.1 0.5 0.1,3937,chemistry computer_science literature,,8460,47000
bot1,0.1 0.1 0.1 0.1 0.3 0.1 0.7 0.1 0.5 0.1,3938,chemistry computer_science literature,,8140,37000
bot1,0.1 0.1 0.1 0.1 0.3 0.1 0.7 0.1 0.5 0.1,3939,chemistry computer_science literature,like,7500,30000
bot1,0.1 0.1 0.1 0.1 0.3 0.1 0.7 0.1 0.5 0.1,3940,chemistry computer_science literature,,4680,39000
bot1,0.1 0.1 0.1 0.1 0.3 0.1 0.7 0.1 0.5 0.1,3941,chemistry computer_science literature,,9520,56000
bot1,0.1 0.1 0.1 0.1 0.3 0.1 0.7 0.1 0.5 0.1,3942,chemistry computer_science literature,,5280,33000
bot1,0.1 0.1 0.1 0.1 0.3 0.1 0.7 0.1 0.5 0.1,3943,chemistry computer_science literature,,13920,58000
bot1,0.1 0.1 0.1 0.1 0.3 0.1 0.7 0.1 0.5 0.1,3944,chemistry computer_science literature,,5600,35000
bot1,0.1 0.1 0.1 0.1 0.3 0.1 0.7 0.1 0.5 0.1,3945,chemistry computer_science literature,,13000,52000
bot1,0.1 0.1 0.1 0.1 0.3 0.1 0.7 0.1 0.5 0.1,3946,chemistry computer_science literature,,5100,30000
bot1,0.1 0.1 0.1 0.1 0.3 0.1 0.7 0.1 0.5 0.1,3947,chemistry computer_science literature,,6840,38000
bot1,0.1 0.1 0.1 0.1 0.3 0.1 0.7 0.1 0.5 0.1,3948,chemistry computer_science literature,,4800,32000
bot1,0.1 0.1 0.1 0.1 0.3 0.1 0.7 0.1 0.5 0.1,3949,chemistry computer_science mathematics,,19680,41000
bot1,0.1 0.1 0.1 0.1 0.3 0.1 0.7 0.1 0.5 0.1,3950,chemistry computer_science mathematics,like,24480,48000
bot1,0.1 0.1 0.1 0.1 0.3 0.1 0.7 0.1 0.5 0.1,3951,chemistry computer_science mathematics,like,17100,38000
bot1,0.1 0.1 0.1 0.1 0.3 0.1 0.7 0.1 0.5 0.1,3952,chemistry computer_science mathematics,like,23850,45000
bot1,0.1 0.1 0.1 0.1 0.3 0.1 0.7 0.1 0.5 0.1,3953,chemistry computer_science mathematics,like,26320,56000
bot1,0.1 0.1 0.1 0.1 0.3 0.1 0.7 0.1 0.5 0.1,3954,chemistry computer_science mathematics,like,23460,46000
bot1,0.1 0.1 0.1 0.1 0.3 0.1 0.7 0.1 0.5 0.1,3955,chemistry computer_science mathematics,,14400,30000
bot1,0.1 0.1 0.1 0.1 0.3 0.1 0.7 0.1 0.5 0.1,3956,chemistry computer_science mathematics,like,15050,35000
bot1,0.1 0.1 0.1 0.1 0.3 0.1 0.7 0.1 0.5 0.1,3957,chemistry computer_science mathematics,like,17340,34000
bot1,0.1 0.1 0.1 0.1 0.3 0.1 0.7 0.1 0.5 0.1,3958,chemistry computer_science mathematics,,27840,58000
bot1,0.1 0.1 0.1 0.1 0.3 0.1 0.7 0.1 0.5 0.1,3959,chemistry computer_science mathematics,like,20090,41000
bot1,0.1 0.1 0.1 0.1 0.3 0.1 0.7 0.1 0.5 0.1,3960,chemistry computer_science mathematics,like,19000,38000
bot1,0.1 0.1 0.1 0.1 0.3 0.1 0.7 0.1 0.5 0.1,3961,chemistry computer_science mathematics,like,28000,50000
bot1,0.1 0.1 0.1 0.1 0.3 0.1 0.7 0.1 0.5 0.1,3962,chemistry computer_science mathematics,like,21730,41000
bot1,0.1 0.1 0.1 0.1 0.3 0.1 0.7 0.1 0.5 0.1,3963,chemistry computer_science mathematics,like,19890,39000
bot1,0.1 0.1 0.1 0.1 0.3 0.1 0.7 0.1 0.5 0.1,3964,chemistry computer_science mathematics,like,28910,59000
bot1,0.1 0.1 0.1 0.1 0.3 0.1 0.7 0.1 0.5 0.1,3965,chemistry computer_science mathematics,like,18360,36000
bot1,0.1 0.1 0.1 0.1 0.3 0.1 0.7 0.1 0.5 0.1,3966,chemistry computer_science mathematics,like,17150,35000
bot1,0.1 0.1 0.1 0.1 0.3 0.1 0.7 0.1 0.5 0.1,3967,chemistry computer_science mathematics,like,22540,49000
bot1,0.1 0.1 0.1 0.1 0.3 0.1 0.7 0.1 0.5 0.1,3968,chemistry computer_science mathematics,,23030,47000
bot1,0.1 0.1 0.1 0.1 0.3 0.1 0.7 0.1 0.5 0.1,3969,chemistry computer_science mathematics,,18400,40000
bot1,0.1 0.1 0.1 0.1 0.3 0.1 0.7 0.1 0.5 0.1,3970,chemistry computer_science mathematics,,24990,51000
bot1,0.1 0.1 0.1 0.1 0.3 0.1 0.7 0.1 0.5 0.1,3971,chemistry computer_science mathematics,like,19380,38000
bot1,0.1 0.1 0.1 0.1 0.3 0.1 0.7 0.1 0.5 0.1,3972,chemistry computer_science mathematics,like,27560,52000
bot1,0.1 0.1 0.1 0.1 0.3 0.1 0.7 0.1 0.5 0.1,3973,chemistry computer_science mathematics,,23030,47000
bot1,0.1 0.1 0.1 0.1 0.3 0.1 0.7 0.1 0.5 0.1,3974,chemistry computer_science mathematics,like,28000,56000
bot1,0.1 0.1 0.1 0.1 0.3 0.1 0.7 0.1 0.5 0.1,3975,chemistry computer_science mathematics,like,17340,34000
bot1,0.1 0.1 0.1 0.1 0.3 0.1 0.7 0.1 0.5 0.1,3976,chemistry computer_science mathematics,,20500,41000
bot1,0.1 0.1 0.1 0.1 0.3 0.1 0.7 0.1 0.5 0.1,3977,chemistry computer_science music,,9890,43000
bot1,0.1 0.1 0.1 0.1 0.3 0.1 0.7 0.1 0.5 0.1,3978,chemistry computer_science music,,12390,59000
bot1,0.1 0.1 0.1 0.1 0.3 0.1 0.7 0.1 0.5 0.1,3979,chemistry computer_science music,,9000,36000
bot1,0.1 0.1 0.1 0.1 0.3 0.1 0.7 0.1 0.5 0.1,3980,chemistry computer_science music,,7030,37000
bot1,0.1 0.1 0.1 0.1 0.3 0.1 0.7 0.1 0.5 0.1,3981,chemistry computer_science music,,13200,55000
bot1,0.1 0.1 0.1 0.1 0.3 0.1 0.7 0.1 0.5 0.1,3982,chemistry computer_science music,,9310,49000
bot1,0.1 0.1 0.1 0.1 0.3 0.1 0.7 0.1 0.5 0.1,3983,chemistry computer_science music,,14400,60000
bot1,0.1 0.1 0.1 0.1 0.3 0.1 0.7 0.1 0.5 0.1,3984,chemistry computer_science music,,10810,47000
bot1,0.1 0.1 0.1 0.1 0.3 0.1 0.7 0.1 0.5 0.1,3985,chemistry computer_science music,,8320,52000
bot1,0.1 0.1 0.1 0.1 0.3 0.1 0.7 0.1 0.5 0.1,3986,chemistry computer_science music,,8250,33000
bot1,0.1 0.1 0.1 0.1 0.3 0.1 0.7 0.1 0.5 0.1,3987,chemistry computer_science music,,11800,59000
bot1,0.1 0.1 0.1 0.1 0.3 0.1 0.7 0.1 0.5 0.1,3988,chemistry computer_science music,,12320,56000
bot1,0.1 0.1 0.1 0.1 0.3 0.1 0.7 0.1 0.5 0.1,3989,chemistry computer_science music,,5700,30000
bot1,0.1 0.1 0.1 0.1 0.3 0.1 0.7 0.1 0.5 0.1,3990,chemistry computer_science music,,7800,39000
bot1,0.1 0.1 0.1 0.1 0.3 0.1 0.7 0.1 0.5 0.1,3991,chemistry computer_science music,,7480,34000
bot1,0.1 0.1 0.1 0.1 0.3 0.1 0.7 0.1 0.5 0.1,3992,chemistry computer_science music,,7540,58000
bot1,0.1 0.1 0.1 0.1 0.3 0.1 0.7 0.1 0.5 0.1,3993,chemistry computer_science music,,8280,46000
bot1,0.1 0.1 0.1 0.1 0.3 0.1 0.7 0.1 0.5 0.1,3994,chemistry computer_science music,,8800,40000
bot1,0.1 0.1 0.1 0.1 0.3 0.1 0.7 0.1 0.5 0.1,3995,chemistry computer_science music,,8970,39000
bot1,0.1 0.1 0.1 0.1 0.3 0.1 0.7 0.1 0.5 0.1,3996,chemistry computer_science music,,11760,56000
bot1,0.1 0.1 0.1 0.1 0.3 0.1 0.7 0.1 0.5 0.1,3997,chemistry computer_science music,dislike,7140,34000
bot1,0.1 0.1 0.1 0.1 0.3 0.1 0.7 0.1 0.5 0.1,3998,chemistry computer_science music,,7820,34000
bot1,0.1 0.1 0.1 0.1 0.3 0.1 0.7 0.1 0.5 0.1,3999,chemistry computer_science music,,6240,39000
bot1,0.1 0.1 0.1 0.1 0.3 0.1 0.7 0.1 0.5 0.1,4000,chemistry computer_science music,,5440,34000
bot1,0.1 0.1 0.1 0.1 0.3 0.1 0.7 0.1 0.5 0.1,4001,chemistry computer_science music,,7740,43000
bot1,0.1 0.1 0.1 0.1 0.3 0.1 0.7 0.1 0.5 0.1,4002,chemistry computer_science music,,9900,55000
bot1,0.1 0.1 0.1 0.1 0.3 0.1 0.7 0.1 0.5 0.1,4003,chemistry computer_science music,,6000,30000
bot1,0.1 0.1 0.1 0.1 0.3 0.1 0.7 0.1 0.5 0.1,4004,chemistry computer_science music,,7560,54000
bot1,0.1 0.1 0.1 0.1 0.3 0.1 0.7 0.1 0.5 0.1,4005,chemistry computer_science physics,,11160,36000
bot1,0.1 0.1 0.1 0.1 0.3 0.1 0.7 0.1 0.5 0.1,4006,chemistry computer_science physics,like,22000,55000
bot1,0.1 0.1 0.1 0.1 0.3 0.1 0.7 0.1 0.5 0.1,4007,chemistry computer_science physics,like,17760,48000
bot1,0.1 0.1 0.1 0.1 0.3 0.1 0.7 0.1 0.5 0.1,4008,chemistry computer_science physics,,11550,33000
bot1,0.1 0.1 0.1 0.1 0.3 0.1 0.7 0.1 0.5 0.1,4009,chemistry computer_science physics,like,11780,31000
bot1,0.1 0.1 0.1 0.1 0.3 0.1 0.7 0.1 0.5 0.1,4010,chemistry computer_science physics,,18360,51000
bot1,0.1 0.1 0.1 0.1 0.3 0.1 0.7 0.1 0.5 0.1,4011,chemistry computer_science physics,like,10890,33000
bot1,0.1 0.1 0.1 0.1 0.3 0.1 0.7 0.1 0.5 0.1,4012,chemistry computer_science physics,,21240,59000
bot1,0.1 0.1 0.1 0.1 0.3 0.1 0.7 0.1 0.5 0.1,4013,chemistry computer_science physics,,18720,48000
bot1,0.1 0.1 0.1 0.1 0.3 0.1 0.7 0.1 0.5 0.1,4014,chemistry computer_science physics,like,11900,35000
bot1,0.1 0.1 0.1 0.1 0.3 0.1 0.7 0.1 0.5 0.1,4015,chemistry computer_science physics,like,10500,30000
bot1,0.1 0.1 0.1 0.1 0.3 0.1 0.7 0.1 0.5 0.1,4016,chemistry computer_science physics,,24510,57000
bot1,0.1 0.1 0.1 0.1 0.3 0.1 0.7 0.1 0.5 0.1,4017,chemistry computer_science physics,like,14060,38000
bot1,0.1 0.1 0.1 0.1 0.3 0.1 0.7 0.1 0.5 0.1,4018,chemistry computer_science physics,like,13940,41000
bot1,0.1 0.1 0.1 0.1 0.3 0.1 0.7 0.1 0.5 0.1,4019,chemistry computer_science physics,like,22230,57000
bot1,0.1 0.1 0.1 0.1 0.3 0.1 0.7 0.1 0.5 0.1,4020,chemistry computer_science physics,,19080,53000
bot1,0.1 0.1 0.1 0.1 0.3 0.1 0.7 0.1 0.5 0.1,4021,chemistry computer_science physics,,15180,46000
bot1,0.1 0.1 0.1 0.1 0.3 0.1 0.7 0.1 0.5 0.1,4022,chemistry computer_science physics,,11220,33000
bot1,0.1 0.1 0.1 0.1 0.3 0.1 0.7 0.1 0.5 0.1,4023,chemistry computer_science physics,,20520,54000
bot1,0.1 0.1 0.1 0.1 0.3 0.1 0.7 0.1 0.5 0.1,4024,chemistry computer_science physics,,14040,36000
bot1,0.1 0.1 0.1 0.1 0.3 0.1 0.7 0.1 0.5 0.1,4025,chemistry computer_science physics,,20400,60000
bot1,0.1 0.1 0.1 0.1 0.3 0.1 0.7 0.1 0.5 0.1,4026,chemistry computer_science physics,,24360,58000
bot1,0.1 0.1 0.1 0.1 0.3 0.1 0.7 0.1 0.5 0.1,4027,chemistry computer_science physics,,9600,30000
bot1,0.1 0.1 0.1 0.1 0.3 0.1 0.7 0.1 0.5 0.1,4028,chemistry computer_science physics,,12210,33000
bot1,0.1 0.1 0.1 0.1 0.3 0.1 0.7 0.1 0.5 0.1,4029,chemistry computer_science physics,,21830,59000
bot1,0.1 0.1 0.1 0.1 0.3 0.1 0.7 0.1 0.5 0.1,4030,chemistry computer_science physics,,19760,52000
bot1,0.1 0.1 0.1 0.1 0.3 0.1 0.7 0.1 0.5 0.1,4031,chemistry computer_science physics,,20280,52000
bot1,0.1 0.1 0.1 0.1 0.3 0.1 0.7 0.1 0.5 0.1,4032,chemistry computer_science physics,,16720,44000
bot1,0.1 0.1 0.1 0.1 0.3 0.1 0.7 0.1 0.5 0.1,4033,chemistry computer_science psychology,,6600,33000
bot1,0.1 0.1 0.1 0.1 0.3 0.1 0.7 0.1 0.5 0.1,4034,chemistry computer_science psychology,,7790,41000
bot1,0.1 0.1 0.1 0.1 0.3 0.1 0.7 0.1 0.5 0.1,4035,chemistry computer_science psychology,,9030,43000
bot1,0.1 0.1 0.1 0.1 0.3 0.1 0.7 0.1 0.5 0.1,4036,chemistry computer_science psychology,,7400,37000
bot1,0.1 0.1 0.1 0.1 0.3 0.1 0.7 0.1 0.5 0.1,4037,chemistry computer_science psychology,,8640,54000
bot1,0.1 0.1 0.1 0.1 0.3 0.1 0.7 0.1 0.5 0.1,4038,chemistry computer_science psychology,,5940,33000
bot1,0.1 0.1 0.1 0.1 0.3 0.1 0.7 0.1 0.5 0.1,4039,chemistry computer_science psychology,,7360,46000
bot1,0.1 0.1 0.1 0.1 0.3 0.1 0.7 0.1 0.5 0.1,4040,chemistry computer_science psychology,,7020,54000
bot1,0.1 0.1 0.1 0.1 0.3 0.1 0.7 0.1 0.5 0.1,4041,chemistry computer_science psychology,,8580,39000
bot1,0.1 0.1 0.1 0.1 0.3 0.1 0.7 0.1 0.5 0.1,4042,chemistry computer_science psychology,,4960,31000
bot1,0.1 0.1 0.1 0.1 0.3 0.1 0.7 0.1 0.5 0.1,4043,chemistry computer_science psychology,,9900,45000
bot1,0.1 0.1 0.1 0.1 0.3 0.1 0.7 0.1 0.5 0.1,4044,chemistry computer_science psychology,,8190,39000
bot1,0.1 0.1 0.1 0.1 0.3 0.1 0.7 0.1 0.5 0.1,4045,chemistry computer_science psychology,,8480,53000
bot1,0.1 0.1 0.1 0.1 0.3 0.1 0.7 0.1 0.5 0.1,4046,chemistry computer_science psychology,,9520,56000
bot1,0.1 0.1 0.1 0.1 0.3 0.1 0.7 0.1 0.5 0.1,4047,chemistry computer_science psychology,,8930,47000
bot1,0.1 0.1 0.1 0.1 0.3 0.1 0.7 0.1 0.5 0.1,4048,chemistry computer_science psychology,,9690,57000
bot1,0.1 0.1 0.1 0.1 0.3 0.1 0.7 0.1 0.5 0.1,4049,chemistry computer_science psychology,,10260,57000
bot1,0.1 0.1 0.1 0.1 0.3 0.1 0.7 0.1 0.5 0.1,4050,chemistry computer_science psychology,,8400,56000
bot1,0.1 0.1 0.1 0.1 0.3 0.1 0.7 0.1 0.5 0.1,4051,chemistry computer_science psychology,,13200,60000
bot1,0.1 0.1 0.1 0.1 0.3 0.1 0.7 0.1 0.5 0.1,4052,chemistry computer_science psychology,,8050,35000
bot1,0.1 0.1 0.1 0.1 0.3 0.1 0.7 0.1 0.5 0.1,4053,chemistry computer_science psychology,,10710,51000
bot1,0.1 0.1 0.1 0.1 0.3 0.1 0.7 0.1 0.5 0.1,4054,chemistry computer_science psychology,,5940,33000
bot1,0.1 0.1 0.1 0.1 0.3 0.1 0.7 0.1 0.5 0.1,4055,chemistry computer_science psychology,,8280,46000
bot1,0.1 0.1 0.1 0.1 0.3 0.1 0.7 0.1 0.5 0.1,4056,chemistry computer_science psychology,,7360,32000
bot1,0.1 0.1 0.1 0.1 0.3 0.1 0.7 0.1 0.5 0.1,4057,chemistry computer_science psychology,,6720,42000
bot1,0.1 0.1 0.1 0.1 0.3 0.1 0.7 0.1 0.5 0.1,4058,chemistry computer_science psychology,,8640,48000
bot1,0.1 0.1 0.1 0.1 0.3 0.1 0.7 0.1 0.5 0.1,4059,chemistry computer_science psychology,,7950,53000
bot1,0.1 0.1 0.1 0.1 0.3 0.1 0.7 0.1 0.5 0.1,4060,chemistry computer_science psychology,,5600,35000
bot1,0.1 0.1 0.1 0.1 0.3 0.1 0.7 0.1 0.5 0.1,4061,chemistry literature mathematics,,16560,36000
bot1,0.1 0.1 0.1 0.1 0.3 0.1 0.7 0.1 0.5 0.1,4062,chemistry literature mathematics,,24500,49000
bot1,0.1 0.1 0.1 0.1 0.3 0.1 0.7 0.1 0.5 0.1,4063,chemistry literature mathematics,like,20160,42000
bot1,0.1 0.1 0.1 0.1 0.3 0.1 0.7 0.1 0.5 0.1,4064,chemistry literature mathematics,like,28000,56000
bot1,0.1 0.1 0.1 0.1 0.3 0.1 0.7 0.1 0.5 0.1,4065,chemistry literature mathematics,like,21600,45000
bot1,0.1 0.1 0.1 0.1 0.3 0.1 0.7 0.1 0.5 0.1,4066,chemistry literature mathematics,like,27040,52000
bot1,0.1 0.1 0.1 0.1 0.3 0.1 0.7 0.1 0.5 0.1,4067,chemistry literature mathematics,like,23040,48000
bot1,0.1 0.1 0.1 0.1 0.3 0.1 0.7 0.1 0.5 0.1,4068,chemistry literature mathematics,like,25300,55000
bot1,0.1 0.1 0.1 0.1 0.3 0.1 0.7 0.1 0.5 0.1,4069,chemistry literature mathematics,,29400,60000
bot1,0.1 0.1 0.1 0.1 0.3 0.1 0.7 0.1 0.5 0.1,4070,chemistry literature mathematics,like,20250,45000
bot1,0.1 0.1 0.1 0.1 0.3 0.1 0.7 0.1 0.5 0.1,4071,chemistry literature mathematics,like,31200,60000
bot1,0.1 0.1 0.1 0.1 0.3 0.1 0.7 0.1 0.5 0.1,4072,chemistry literature mathematics,,24300,45000
bot1,0.1 0.1 0.1 0.1 0.3 0.1 0.7 0.1 0.5 0.1,4073,chemistry literature mathematics,like,17680,34000
bot1,0.1 0.1 0.1 0.1 0.3 0.1 0.7 0.1 0.5 0.1,4074,chemistry literature mathematics,like,15840,33000
bot1,0.1 0.1 0.1 0.1 0.3 0.1 0.7 0.1 0.5 0.1,4075,chemistry literature mathematics,like,22050,45000
bot1,0.1 0.1 0.1 0.1 0.3 0.1 0.7 0.1 0.5 0.1,4076,chemistry literature mathematics,like,24000,50000
bot1,0.1 0.1 0.1 0.1 0.3 0.1 0.7 0.1 0.5 0.1,4077,chemistry literature mathematics,like,15000,30000
bot1,0.1 0.1 0.1 0.1 0.3 0.1 0.7 0.1 0.5 0.1,4078,chemistry literature mathematics,like,16120,31000
bot1,0.1 0.1 0.1 0.1 0.3 0.1 0.7 0.1 0.5 0.1,4079,chemistry literature mathematics,like,19350,45000
bot1,0.1 0.1 0.1 0.1 0.3 0.1 0.7 0.1 0.5 0.1,4080,chemistry literature mathematics,like,18200,35000
bot1,0.1 0.1 0.1 0.1 0.3 0.1 0.7 0.1 0.5 0.1,4081,chemistry literature mathematics,like,25500,51000
bot1,0.1 0.1 0.1 0.1 0.3 0.1 0.7 0.1 0.5 0.1,4082,chemistry literature mathematics,like,20670,39000
bot1,0.1 0.1 0.1 0.1 0.3 0.1 0.7 0.1 0.5 0.1,4083,chemistry literature mathematics,,17820,33000
bot1,0.1 0.1 0.1 0.1 0.3 0.1 0.7 0.1 0.5 0.1,4084,chemistry literature mathematics,like,24990,51000
bot1,0.1 0.1 0.1 0.1 0.3 0.1 0.7 0.1 0.5 0.1,4085,chemistry literature mathematics,like,25380,54000
bot1,0.1 0.1 0.1 0.1 0.3 0.1 0.7 0.1 0.5 0.1,4086,chemistry literature mathematics,,23760,44000
bot1,0.1 0.1 0.1 0.1 0.3 0.1 0.7 0.1 0.5 0.1,4087,chemistry literature mathematics,like,23460,51000
bot1,0.1 0.1 0.1 0.1 0.3 0.1 0.7 0.1 0.5 0.1,4088,chemistry literature mathematics,like,19780,46000
bot1,0.1 0.1 0.1 0.1 0.3 0.1 0.7 0.1 0.5 0.1,4089,chemistry literature music,,4000,40000
bot1,0.1 0.1 0.1 0.1 0.3 0.1 0.7 0.1 0.5 0.1,4090,chemistry literature music,,5640,47000
bot1,0.1 0.1 0.1 0.1 0.3 0.1 0.7 0.1 0.5 0.1,4091,chemistry literature music,,1800,60000
bot1,0.1 0.1 0.1 0.1 0.3 0.1 0.7 0.1 0.5 0.1,4092,chemistry literature music,,4300,43000
bot1,0.1 0.1 0.1 0.1 0.3 0.1 0.7 0.1 0.5 0.1,4093,chemistry literature music,,2310,33000
bot1,0.1 0.1 0.1 0.1 0.3 0.1 0.7 0.1 0.5 0.1,4094,chemistry literature music,,1200,40000
bot1,0.1 0.1 0.1 0.1 0.3 0.1 0.7 0.1 0.5 0.1,4095,chemistry literature music,,3080,44000
bot1,0.1 0.1 0.1 0.1 0.3 0.1 0.7 0.1 0.5 0.1,4096,chemistry literature music,,4030,31000
bot1,0.1 0.1 0.1 0.1 0.3 0.1 0.7 0.1 0.5 0.1,4097,chemistry literature music,,4080,51000
bot1,0.1 0.1 0.1 0.1 0.3 0.1 0.7 0.1 0.5 0.1,4098,chemistry literature music,,2730,39000
bot1,0.1 0.1 0.1 0.1 0.3 0.1 0.7 0.1 0.5 0.1,4099,chemistry literature music,,4550,35000
bot1,0.1 0.1 0.1 0.1 0.3 0.1 0.7 0.1 0.5 0.1,4100,chemistry literature music,,4080,34000
bot1,0.1 0.1 0.1 0.1 0.3 0.1 0.7 0.1 0.5 0.1,4101,chemistry literature music,,3780,42000
bot1,0.1 0.1 0.1 0.1 0.3 0.1 0.7 0.1 0.5 0.1,4102,chemistry literature music,,2970,33000
bot1,0.1 0.1 0.1 0.1 0.3 0.1 0.7 0.1 0.5 0.1,4103,chemistry literature music,,4950,45000
bot1,0.1 0.1 0.1 0.1 0.3 0.1 0.7 0.1 0.5 0.1,4104,chemistry literature music,,4080,51000
bot1,0.1 0.1 0.1 0.1 0.3 0.1 0.7 0.1 0.5 0.1,4105,chemistry literature music,,3600,45000
bot1,0.1 0.1 0.1 0.1 0.3 0.1 0.7 0.1 0.5 0.1,4106,chemistry literature music,,6840,57000
bot1,0.1 0.1 0.1 0.1 0.3 0.1 0.7 0.1 0.5 0.1,4107,chemistry literature music,,1240,31000
bot1,0.1 0.1 0.1 0.1 0.3 0.1 0.7 0.1 0.5 0.1,4108,chemistry literature music,,3150,45000
bot1,0.1 0.1 0.1 0.1 0.3 0.1 0.7 0.1 0.5 0.1,4109,chemistry literature music,,2520,42000
bot1,0.1 0.1 0.1 0.1 0.3 0.1 0.7 0.1 0.5 0.1,4110,chemistry literature music,,3690,41000
bot1,0.1 0.1 0.1 0.1 0.3 0.1 0.7 0.1 0.5 0.1,4111,chemistry literature music,,3120,39000
bot1,0.1 0.1 0.1 0.1 0.3 0.1 0.7 0.1 0.5 0.1,4112,chemistry literature music,,2400,30000
bot1,0.1 0.1 0.1 0.1 0.3 0.1 0.7 0.1 0.5 0.1,4113,chemistry literature music,,4760,34000
bot1,0.1 0.1 0.1 0.1 0.3 0.1 0.7 0.1 0.5 0.1,4114,chemistry literature music,,2870,41000
bot1,0.1 0.1 0.1 0.1 0.3 0.1 0.7 0.1 0.5 0.1,4115,chemistry literature music,,3360,48000
bot1,0.1 0.1 0.1 0.1 0.3 0.1 0.7 0.1 0.5 0.1,4116,chemistry literature music,,4060,58000
bot1,0.1 0.1 0.1 0.1 0.3 0.1 0.7 0.1 0.5 0.1,4117,chemistry literature physics,like,11760,42000
bot1,0.1 0.1 0.1 0.1 0.3 0.1 0.7 0.1 0.5 0.1,4118,chemistry literature physics,like,13940,41000
bot1,0.1 0.1 0.1 0.1 0.3 0.1 0.7 0.1 0.5 0.1,4119,chemistry literature physics,,14620,43000
bot1,0.1 0.1 0.1 0.1 0.3 0.1 0.7 0.1 0.5 0.1,4120,chemistry literature physics,like,17340,51000
bot1,0.1 0.1 0.1 0.1 0.3 0.1 0.7 0.1 0.5 0.1,4121,chemistry literature physics,like,11470,37000
bot1,0.1 0.1 0.1 0.1 0.3 0.1 0.7 0.1 0.5 0.1,4122,chemistry literature physics,like,13440,48000
bot1,0.1 0.1 0.1 0.1 0.3 0.1 0.7 0.1 0.5 0.1,4123,chemistry literature physics,,19760,52000
bot1,0.1 0.1 0.1 0.1 0.3 0.1 0.7 0.1 0.5 0.1,4124,chemistry literature physics,,12480,39000
bot1,0.1 0.1 0.1 0.1 0.3 0.1 0.7 0.1 0.5 0.1,4125,chemistry literature physics,,11550,35000
bot1,0.1 0.1 0.1 0.1 0.3 0.1 0.7 0.1 0.5 0.1,4126,chemistry literature physics,,12000,40000
bot1,0.1 0.1 0.1 0.1 0.3 0.1 0.7 0.1 0.5 0.1,4127,chemistry literature physics,like,16830,51000
bot1,0.1 0.1 0.1 0.1 0.3 0.1 0.7 0.1 0.5 0.1,4128,chemistry literature physics,,16800,48000
bot1,0.1 0.1 0.1 0.1 0.3 0.1 0.7 0.1 0.5 0.1,4129,chemistry literature physics,like,13330,43000
bot1,0.1 0.1 0.1 0.1 0.3 0.1 0.7 0.1 0.5 0.1,4130,chemistry literature physics,,16640,52000
bot1,0.1 0.1 0.1 0.1 0.3 0.1 0.7 0.1 0.5 0.1,4131,chemistry literature physics,,9900,30000
bot1,0.1 0.1 0.1 0.1 0.3 0.1 0.7 0.1 0.5 0.1,4132,chemistry literature physics,,14280,42000
bot1,0.1 0.1 0.1 0.1 0.3 0.1 0.7 0.1 0.5 0.1,4133,chemistry literature physics,like,12800,40000
bot1,0.1 0.1 0.1 0.1 0.3 0.1 0.7 0.1 0.5 0.1,4134,chemistry literature physics,,17050,55000
bot1,0.1 0.1 0.1 0.1 0.3 0.1 0.7 0.1 0.5 0.1,4135,chemistry literature physics,,18200,52000
bot1,0.1 0.1 0.1 0.1 0.3 0.1 0.7 0.1 0.5 0.1,4136,chemistry literature physics,like,14000,40000
bot1,0.1 0.1 0.1 0.1 0.3 0.1 0.7 0.1 0.5 0.1,4137,chemistry literature physics,like,14850,55000
bot1,0.1 0.1 0.1 0.1 0.3 0.1 0.7 0.1 0.5 0.1,4138,chemistry literature physics,like,12800,40000
bot1,0.1 0.1 0.1 0.1 0.3 0.1 0.7 0.1 0.5 0.1,4139,chemistry literature physics,,13260,39000
bot1,0.1 0.1 0.1 0.1 0.3 0.1 0.7 0.1 0.5 0.1,4140,chemistry literature physics,like,15050,43000
bot1,0.1 0.1 0.1 0.1 0.3 0.1 0.7 0.1 0.5 0.1,4141,chemistry literature physics,like,17000,50000
bot1,0.1 0.1 0.1 0.1 0.3 0.1 0.7 0.1 0.5 0.1,4142,chemistry literature physics,like,19250,55000
bot1,0.1 0.1 0.1 0.1 0.3 0.1 0.7 0.1 0.5 0.1,4143,chemistry literature physics,,21660,57000
bot1,0.1 0.1 0.1 0.1 0.3 0.1 0.7 0.1 0.5 0.1,4144,chemistry literature physics,,13260,39000
bot1,0.1 0.1 0.1 0.1 0.3 0.1 0.7 0.1 0.5 0.1,4145,chemistry literature psychology,,2340,39000
bot1,0.1 0.1 0.1 0.1 0.3 0.1 0.7 0.1 0.5 0.1,4146,chemistry literature psychology,,7140,42000
bot1,0.1 0.1 0.1 0.1 0.3 0.1 0.7 0.1 0.5 0.1,4147,chemistry literature psychology,,3920,49000
bot1,0.1 0.1 0.1 0.1 0.3 0.1 0.7 0.1 0.5 0.1,4148,chemistry literature psychology,,1920,32000
bot1,0.1 0.1 0.1 0.1 0.3 0.1 0.7 0.1 0.5 0.1,4149,chemistry literature psychology,,5280,48000
bot1,0.1 0.1 0.1 0.1 0.3 0.1 0.7 0.1 0.5 0.1,4150,chemistry literature psychology,,3600,40000
bot1,0.1 0.1 0.1 0.1 0.3 0.1 0.7 0.1 0.5 0.1,4151,chemistry literature psychology,,4800,48000
bot1,0.1 0.1 0.1 0.1 0.3 0.1 0.7 0.1 0.5 0.1,4152,chemistry literature psychology,,3600,45000
bot1,0.1 0.1 0.1 0.1 0.3 0.1 0.7 0.1 0.5 0.1,4153,chemistry literature psychology,,4510,41000
bot1,0.1 0.1 0.1 0.1 0.3 0.1 0.7 0.1 0.5 0.1,4154,chemistry literature psychology,,6500,50000
bot1,0.1 0.1 0.1 0.1 0.3 0.1 0.7 0.1 0.5 0.1,4155,chemistry literature psychology,,3220,46000
bot1,0.1 0.1 0.1 0.1 0.3 0.1 0.7 0.1 0.5 0.1,4156,chemistry literature psychology,,3440,43000
bot1,0.1 0.1 0.1 0.1 0.3 0.1 0.7 0.1 0.5 0.1,4157,chemistry literature psychology,,5200,40000
bot1,0.1 0.1 0.1 0.1 0.3 0.1 0.7 0.1 0.5 0.1,4158,chemistry literature psychology,,4620,42000
bot1,0.1 0.1 0.1 0.1 0.3 0.1 0.7 0.1 0.5 0.1,4159,chemistry literature psychology,,2300,46000
bot1,0.1 0.1 0.1 0.1 0.3 0.1 0.7 0.1 0.5 0.1,4160,chemistry literature psychology,,4860,54000
bot1,0.1 0.1 0.1 0.1 0.3 0.1 0.7 0.1 0.5 0.1,4161,chemistry literature psychology,,5800,58000
bot1,0.1 0.1 0.1 0.1 0.3 0.1 0.7 0.1 0.5 0.1,4162,chemistry literature psychology,,4160,52000
bot1,0.1 0.1 0.1 0.1 0.3 0.1 0.7 0.1 0.5 0.1,4163,chemistry literature psychology,,4550,35000
bot1,0.1 0.1 0.1 0.1 0.3 0.1 0.7 0.1 0.5 0.1,4164,chemistry literature psychology,,2880,36000
bot1,0.1 0.1 0.1 0.1 0.3 0.1 0.7 0.1 0.5 0.1,4165,chemistry literature psychology,,2800,56000
bot1,0.1 0.1 0.1 0.1 0.3 0.1 0.7 0.1 0.5 0.1,4166,chemistry literature psychology,,3080,44000
bot1,0.1 0.1 0.1 0.1 0.3 0.1 0.7 0.1 0.5 0.1,4167,chemistry literature psychology,,7000,50000
bot1,0.1 0.1 0.1 0.1 0.3 0.1 0.7 0.1 0.5 0.1,4168,chemistry literature psychology,,6860,49000
bot1,0.1 0.1 0.1 0.1 0.3 0.1 0.7 0.1 0.5 0.1,4169,chemistry literature psychology,,4130,59000
bot1,0.1 0.1 0.1 0.1 0.3 0.1 0.7 0.1 0.5 0.1,4170,chemistry literature psychology,,3360,48000
bot1,0.1 0.1 0.1 0.1 0.3 0.1 0.7 0.1 0.5 0.1,4171,chemistry literature psychology,,2790,31000
bot1,0.1 0.1 0.1 0.1 0.3 0.1 0.7 0.1 0.5 0.1,4172,chemistry literature psychology,,1640,41000
bot1,0.1 0.1 0.1 0.1 0.3 0.1 0.7 0.1 0.5 0.1,4173,chemistry mathematics music,like,15540,37000
bot1,0.1 0.1 0.1 0.1 0.3 0.1 0.7 0.1 0.5 0.1,4174,chemistry mathematics music,like,22950,51000
bot1,0.1 0.1 0.1 0.1 0.3 0.1 0.7 0.1 0.5 0.1,4175,chemistry mathematics music,like,26220,57000
bot1,0.1 0.1 0.1 0.1 0.3 0.1 0.7 0.1 0.5 0.1,4176,chemistry mathematics music,like,20000,40000
bot1,0.1 0.1 0.1 0.1 0.3 0.1 0.7 0.1 0.5 0.1,4177,chemistry mathematics music,like,31860,59000
bot1,0.1 0.1 0.1 0.1 0.3 0.1 0.7 0.1 0.5 0.1,4178,chemistry mathematics music,like,17640,36000
bot1,0.1 0.1 0.1 0.1 0.3 0.1 0.7 0.1 0.5 0.1,4179,chemistry mathematics music,,20520,38000
bot1,0.1 0.1 0.1 0.1 0.3 0.1 0.7 0.1 0.5 0.1,4180,chemistry mathematics music,like,28500,50000
bot1,0.1 0.1 0.1 0.1 0.3 0.1 0.7 0.1 0.5 0.1,4181,chemistry mathematics music,,26010,51000
bot1,0.1 0.1 0.1 0.1 0.3 0.1 0.7 0.1 0.5 0.1,4182,chemistry mathematics music,like,22680,42000
bot1,0.1 0.1 0.1 0.1 0.3 0.1 0.7 0.1 0.5 0.1,4183,chemistry mathematics music,like,17000,34000
bot1,0.1 0.1 0.1 0.1 0.3 0.1 0.7 0.1 0.5 0.1,4184,chemistry mathematics music,like,19240,37000
bot1,0.1 0.1 0.1 0.1 0.3 0.1 0.7 0.1 0.5 0.1,4185,chemistry mathematics music,like,19110,39000
bot1,0.1 0.1 0.1 0.1 0.3 0.1 0.7 0.1 0.5 0.1,4186,chemistry mathematics music,,23030,47000
bot1,0.1 0.1 0.1 0.1 0.3 0.1 0.7 0.1 0.5 0.1,4187,chemistry mathematics music,like,21930,43000
bot1,0.1 0.1 0.1 0.1 0.3 0.1 0.7 0.1 0.5 0.1,4188,chemistry mathematics music,like,15190,31000
bot1,0.1 0.1 0.1 0.1 0.3 0.1 0.7 0.1 0.5 0.1,4189,chemistry mathematics music,like,17480,38000
bot1,0.1 0.1 0.1 0.1 0.3 0.1 0.7 0.1 0.5 0.1,4190,chemistry mathematics music,like,16340,38000
bot1,0.1 0.1 0.1 0.1 0.3 0.1 0.7 0.1 0.5 0.1,4191,chemistry mathematics music,like,19760,38000
bot1,0.1 0.1 0.1 0.1 0.3 0.1 0.7 0.1 0.5 0.1,4192,chemistry mathematics music,like,18200,35000
bot1,0.1 0.1 0.1 0.1 0.3 0.1 0.7 0.1 0.5 0.1,4193,chemistry mathematics music,,14260,31000
bot1,0.1 0.1 0.1 0.1 0.3 0.1 0.7 0.1 0.5 0.1,4194,chemistry mathematics music,like,22950,45000
bot1,0.1 0.1 0.1 0.1 0.3 0.1 0.7 0.1 0.5 0.1,4195,chemistry mathematics music,,15190,31000
bot1,0.1 0.1 0.1 0.1 0.3 0.1 0.7 0.1 0.5 0.1,4196,chemistry mathematics music,like,15680,32000
bot1,0.1 0.1 0.1 0.1 0.3 0.1 0.7 0.1 0.5 0.1,4197,chemistry mathematics music,like,20280,39000
bot1,0.1 0.1 0.1 0.1 0.3 0.1 0.7 0.1 0.5 0.1,4198,chemistry mathematics music,like,27840,58000
bot1,0.1 0.1 0.1 0.1 0.3 0.1 0.7 0.1 0.5 0.1,4199,chemistry mathematics music,like,29000,58000
bot1,0.1 0.1 0.1 0.1 0.3 0.1 0.7 0.1 0.5 0.1,4200,chemistry mathematics music,,24990,51000
bot1,0.1 0.1 0.1 0.1 0.3 0.1 0.7 0.1 0.5 0.1,4201,chemistry mathematics physics,like,21000,42000
bot1,0.1 0.1 0.1 0.1 0.3 0.1 0.7 0.1 0.5 0.1,4202,chemistry mathematics physics,like,28090,53000
bot1,0.1 0.1 0.1 0.1 0.3 0.1 0.7 0.1 0.5 0.1,4203,chemistry mathematics physics,like,21830,37000
bot1,0.1 0.1 0.1 0.1 0.3 0.1 0.7 0.1 0.5 0.1,4204,chemistry mathematics physics,like,30740,53000
bot1,0.1 0.1 0.1 0.1 0.3 0.1 0.7 0.1 0.5 0.1,4205,chemistry mathematics physics,like,18810,33000
bot1,0.1 0.1 0.1 0.1 0.3 0.1 0.7 0.1 0.5 0.1,4206,chemistry mathematics physics,like,31360,56000
bot1,0.1 0.1 0.1 0.1 0.3 0.1 0.7 0.1 0.5 0.1,4207,chemistry mathematics physics,,30240,54000
bot1,0.1 0.1 0.1 0.1 0.3 0.1 0.7 0.1 0.5 0.1,4208,chemistry mathematics physics,like,21660,38000
bot1,0.1 0.1 0.1 0.1 0.3 0.1 0.7 0.1 0.5 0.1,4209,chemistry mathematics physics,,16960,32000
bot1,0.1 0.1 0.1 0.1 0.3 0.1 0.7 0.1 0.5 0.1,4210,chemistry mathematics physics,like,18150,33000
bot1,0.1 0.1 0.1 0.1 0.3 0.1 0.7 0.1 0.5 0.1,4211,chemistry mathematics physics,like,22400,40000
bot1,0.1 0.1 0.1 0.1 0.3 0.1 0.7 0.1 0.5 0.1,4212,chemistry mathematics physics,like,24960,48000
bot1,0.1 0.1 0.1 0.1 0.3 0.1 0.7 0.1 0.5 0.1,4213,chemistry mathematics physics,like,29700,55000
bot1,0.1 0.1 0.1 0.1 0.3 0.1 0.7 0.1 0.5 0.1,4214,chemistry mathematics physics,like,19240,37000
bot1,0.1 0.1 0.1 0.1 0.3 0.1 0.7 0.1 0.5 0.1,4215,chemistry mathematics physics,,20160,36000
bot1,0.1 0.1 0.1 0.1 0.3 0.1 0.7 0.1 0.5 0.1,4216,chemistry mathematics physics,,18900,35000
bot1,0.1 0.1 0.1 0.1 0.3 0.1 0.7 0.1 0.5 0.1,4217,chemistry mathematics physics,like,20520,38000
bot1,0.1 0.1 0.1 0.1 0.3 0.1 0.7 0.1 0.5 0.1,4218,chemistry mathematics physics,like,21280,38000
bot1,0.1 0.1 0.1 0.1 0.3 0.1 0.7 0.1 0.5 0.1,4219,chemistry mathematics physics,like,17050,31000
bot1,0.1 0.1 0.1 0.1 0.3 0.1 0.7 0.1 0.5 0.1,4220,chemistry mathematics physics,like,21730,41000
bot1,0.1 0.1 0.1 0.1 0.3 0.1 0.7 0.1 0.5 0.1,4221,chemistry mathematics physics,like,17820,33000
bot1,0.1 0.1 0.1 0.1 0.3 0.1 0.7 0.1 0.5 0.1,4222,chemistry mathematics physics,like,23650,43000
bot1,0.1 0.1 0.1 0.1 0.3 0.1 0.7 0.1 0.5 0.1,4223,chemistry mathematics physics,like,19980,37000
bot1,0.1 0.1 0.1 0.1 0.3 0.1 0.7 0.1 0.5 0.1,4224,chemistry mathematics physics,,31900,58000
bot1,0.1 0.1 0.1 0.1 0.3 0.1 0.7 0.1 0.5 0.1,4225,chemistry mathematics physics,like,17000,34000
bot1,0.1 0.1 0.1 0.1 0.3 0.1 0.7 0.1 0.5 0.1,4226,chemistry mathematics physics,,30160,52000
bot1,0.1 0.1 0.1 0.1 0.3 0.1 0.7 0.1 0.5 0.1,4227,chemistry mathematics physics,,22620,39000
bot1,0.1 0.1 0.1 0.1 0.3 0.1 0.7 0.1 0.5 0.1,4228,chemistry mathematics physics,like,32400,60000
bot1,0.1 0.1 0.1 0.1 0.3 0.1 0.7 0.1 0.5 0.1,4229,chemistry mathematics psychology,,13950,31000
bot1,0.1 0.1 0.1 0.1 0.3 0.1 0.7 0.1 0.5 0.1,4230,chemistry mathematics psychology,,23970,51000
bot1,0.1 0.1 0.1 0.1 0.3 0.1 0.7 0.1 0.5 0.1,4231,chemistry mathematics psychology,like,16120,31000
bot1,0.1 0.1 0.1 0.1 0.3 0.1 0.7 0.1 0.5 0.1,4232,chemistry mathematics psychology,like,27500,55000
bot1,0.1 0.1 0.1 0.1 0.3 0.1 0.7 0.1 0.5 0.1,4233,chemistry mathematics psychology,like,19000,38000
bot1,0.1 0.1 0.1 0.1 0.3 0.1 0.7 0.1 0.5 0.1,4234,chemistry mathematics psychology,,17550,39000
bot1,0.1 0.1 0.1 0.1 0.3 0.1 0.7 0.1 0.5 0.1,4235,chemistry mathematics psychology,,24960,52000
bot1,0.1 0.1 0.1 0.1 0.3 0.1 0.7 0.1 0.5 0.1,4236,chemistry mathematics psychology,like,26400,55000
bot1,0.1 0.1 0.1 0.1 0.3 0.1 0.7 0.1 0.5 0.1,4237,chemistry mathematics psychology,,22560,47000
bot1,0.1 0.1 0.1 0.1 0.3 0.1 0.7 0.1 0.5 0.1,4238,chemistry mathematics psychology,like,28500,57000
bot1,0.1 0.1 0.1 0.1 0.3 0.1 0.7 0.1 0.5 0.1,4239,chemistry mathematics psychology,like,15000,30000
bot1,0.1 0.1 0.1 0.1 0.3 0.1 0.7 0.1 0.5 0.1,4240,chemistry mathematics psychology,like,20160,42000
bot1,0.1 0.1 0.1 0.1 0.3 0.1 0.7 0.1 0.5 0.1,4241,chemistry mathematics psychology,,25960,59000
bot1,0.1 0.1 0.1 0.1 0.3 0.1 0.7 0.1 0.5 0.1,4242,chemistry mathematics psychology,like,16320,32000
bot1,0.1 0.1 0.1 0.1 0.3 0.1 0.7 0.1 0.5 0.1,4243,chemistry mathematics psychology,like,27000,54000
bot1,0.1 0.1 0.1 0.1 0.3 0.1 0.7 0.1 0.5 0.1,4244,chemistry mathematics psychology,,14760,36000
bot1,0.1 0.1 0.1 0.1 0.3 0.1 0.7 0.1 0.5 0.1,4245,chemistry mathematics psychology,like,18200,35000
bot1,0.1 0.1 0.1 0.1 0.3 0.1 0.7 0.1 0.5 0.1,4246,chemistry mathematics psychology,,24500,50000
bot1,0.1 0.1 0.1 0.1 0.3 0.1 0.7 0.1 0.5 0.1,4247,chemistry mathematics psychology,,27500,55000
bot1,0.1 0.1 0.1 0.1 0.3 0.1 0.7 0.1 0.5 0.1,4248,chemistry mathematics psychology,,20210,43000
bot1,0.1 0.1 0.1 0.1 0.3 0.1 0.7 0.1 0.5 0.1,4249,chemistry mathematics psychology,,19380,38000
bot1,0.1 0.1 0.1 0.1 0.3 0.1 0.7 0.1 0.5 0.1,4250,chemistry mathematics psychology,like,25200,56000
bot1,0.1 0.1 0.1 0.1 0.3 0.1 0.7 0.1 0.5 0.1,4251,chemistry mathematics psychology,,21150,45000
bot1,0.1 0.1 0.1 0.1 0.3 0.1 0.7 0.1 0.5 0.1,4252,chemistry mathematics psychology,like,20640,43000
bot1,0.1 0.1 0.1 0.1 0.3 0.1 0.7 0.1 0.5 0.1,4253,chemistry mathematics psychology,like,19600,40000
bot1,0.1 0.1 0.1 0.1 0.3 0.1 0.7 0.1 0.5 0.1,4254,chemistry mathematics psychology,,27260,58000
bot1,0.1 0.1 0.1 0.1 0.3 0.1 0.7 0.1 0.5 0.1,4255,chemistry mathematics psychology,like,16830,33000
bot1,0.1 0.1 0.1 0.1 0.3 0.1 0.7 0.1 0.5 0.1,4256,chemistry mathematics psychology,like,28080,52000
bot1,0.1 0.1 0.1 0.1 0.3 0.1 0.7 0.1 0.5 0.1,4257,chemistry music physics,like,9920,32000
bot1,0.1 0.1 0.1 0.1 0.3 0.1 0.7 0.1 0.5 0.1,4258,chemistry music physics,,12740,49000
bot1,0.1 0.1 0.1 0.1 0.3 0.1 0.7 0.1 0.5 0.1,4259,chemistry music physics,,16920,47000
bot1,0.1 0.1 0.1 0.1 0.3 0.1 0.7 0.1 0.5 0.1,4260,chemistry music physics,,12320,44000
bot1,0.1 0.1 0.1 0.1 0.3 0.1 0.7 0.1 0.5 0.1,4261,chemistry music physics,,17280,54000
bot1,0.1 0.1 0.1 0.1 0.3 0.1 0.7 0.1 0.5 0.1,4262,chemistry music physics,like,17000,50000
bot1,0.1 0.1 0.1 0.1 0.3 0.1 0.7 0.1 0.5 0.1,4263,chemistry music physics,,14960,44000
bot1,0.1 0.1 0.1 0.1 0.3 0.1 0.7 0.1 0.5 0.1,4264,chemistry music physics,like,11220,34000
bot1,0.1 0.1 0.1 0.1 0.3 0.1 0.7 0.1 0.5 0.1,4265,chemistry music physics,,12960,36000
bot1,0.1 0.1 0.1 0.1 0.3 0.1 0.7 0.1 0.5 0.1,4266,chemistry music physics,,13200,40000
bot1,0.1 0.1 0.1 0.1 0.3 0.1 0.7 0.1 0.5 0.1,4267,chemistry music physics,like,11880,33000
bot1,0.1 0.1 0.1 0.1 0.3 0.1 0.7 0.1 0.5 0.1,4268,chemistry music physics,,15180,46000
bot1,0.1 0.1 0.1 0.1 0.3 0.1 0.7 0.1 0.5 0.1,4269,chemistry music physics,like,17280,54000
bot1,0.1 0.1 0.1 0.1 0.3 0.1 0.7 0.1 0.5 0.1,4270,chemistry music physics,,15660,54000
bot1,0.1 0.1 0.1 0.1 0.3 0.1 0.7 0.1 0.5 0.1,4271,chemistry music physics,,17150,49000
bot1,0.1 0.1 0.1 0.1 0.3 0.1 0.7 0.1 0.5 0.1,4272,chemistry music physics,like,19250,55000
bot1,0.1 0.1 0.1 0.1 0.3 0.1 0.7 0.1 0.5 0.1,4273,chemistry music physics,like,14080,44000
bot1,0.1 0.1 0.1 0.1 0.3 0.1 0.7 0.1 0.5 0.1,4274,chemistry music physics,,14310,53000
bot1,0.1 0.1 0.1 0.1 0.3 0.1 0.7 0.1 0.5 0.1,4275,chemistry music physics,like,10500,35000
bot1,0.1 0.1 0.1 0.1 0.3 0.1 0.7 0.1 0.5 0.1,4276,chemistry music physics,like,19600,56000
bot1,0.1 0.1 0.1 0.1 0.3 0.1 0.7 0.1 0.5 0.1,4277,chemistry music physics,,12870,39000
bot1,0.1 0.1 0.1 0.1 0.3 0.1 0.7 0.1 0.5 0.1,4278,chemistry music physics,,14620,43000
bot1,0.1 0.1 0.1 0.1 0.3 0.1 0.7 0.1 0.5 0.1,4279,chemistry music physics,like,11760,42000
bot1,0.1 0.1 0.1 0.1 0.3 0.1 0.7 0.1 0.5 0.1,4280,chemistry music physics,like,21600,60000
bot1,0.1 0.1 0.1 0.1 0.3 0.1 0.7 0.1 0.5 0.1,4281,chemistry music physics,like,16800,48000
bot1,0.1 0.1 0.1 0.1 0.3 0.1 0.7 0.1 0.5 0.1,4282,chemistry music physics,,19200,60000
bot1,0.1 0.1 0.1 0.1 0.3 0.1 0.7 0.1 0.5 0.1,4283,chemistry music physics,,15510,47000
bot1,0.1 0.1 0.1 0.1 0.3 0.1 0.7 0.1 0.5 0.1,4284,chemistry music physics,like,18500,50000
bot1,0.1 0.1 0.1 0.1 0.3 0.1 0.7 0.1 0.5 0.1,4285,chemistry music psychology,,2880,32000
bot1,0.1 0.1 0.1 0.1 0.3 0.1 0.7 0.1 0.5 0.1,4286,chemistry music psychology,,2160,36000
bot1,0.1 0.1 0.1 0.1 0.3 0.1 0.7 0.1 0.5 0.1,4287,chemistry music psychology,,5130,57000
bot1,0.1 0.1 0.1 0.1 0.3 0.1 0.7 0.1 0.5 0.1,4288,chemistry music psychology,,4620,42000
bot1,0.1 0.1 0.1 0.1 0.3 0.1 0.7 0.1 0.5 0.1,4289,chemistry music psychology,,3920,49000
bot1,0.1 0.1 0.1 0.1 0.3 0.1 0.7 0.1 0.5 0.1,4290,chemistry music psychology,,3520,32000
bot1,0.1 0.1 0.1 0.1 0.3 0.1 0.7 0.1 0.5 0.1,4291,chemistry music psychology,,5600,35000
bot1,0.1 0.1 0.1 0.1 0.3 0.1 0.7 0.1 0.5 0.1,4292,chemistry music psychology,,3300,33000
bot1,0.1 0.1 0.1 0.1 0.3 0.1 0.7 0.1 0.5 0.1,4293,chemistry music psychology,,2300,46000
bot1,0.1 0.1 0.1 0.1 0.3 0.1 0.7 0.1 0.5 0.1,4294,chemistry music psychology,,7080,59000
bot1,0.1 0.1 0.1 0.1 0.3 0.1 0.7 0.1 0.5 0.1,4295,chemistry music psychology,,10080,56000
bot1,0.1 0.1 0.1 0.1 0.3 0.1 0.7 0.1 0.5 0.1,4296,chemistry music psychology,,2640,33000
bot1,0.1 0.1 0.1 0.1 0.3 0.1 0.7 0.1 0.5 0.1,4297,chemistry music psychology,,2160,36000
bot1,0.1 0.1 0.1 0.1 0.3 0.1 0.7 0.1 0.5 0.1,4298,chemistry music psychology,,5130,57000
bot1,0.1 0.1 0.1 0.1 0.3 0.1 0.7 0.1 0.5 0.1,4299,chemistry music psychology,,3800,38000
bot1,0.1 0.1 0.1 0.1 0.3 0.1 0.7 0.1 0.5 0.1,4300,chemistry music psychology,,2700,45000
bot1,0.1 0.1 0.1 0.1 0.3 0.1 0.7 0.1 0.5 0.1,4301,chemistry music psychology,,2150,43000
bot1,0.1 0.1 0.1 0.1 0.3 0.1 0.7 0.1 0.5 0.1,4302,chemistry music psychology,,6860,49000
bot1,0.1 0.1 0.1 0.1 0.3 0.1 0.7 0.1 0.5 0.1,4303,chemistry music psychology,,5040,56000
bot1,0.1 0.1 0.1 0.1 0.3 0.1 0.7 0.1 0.5 0.1,4304,chemistry music psychology,,6630,51000
bot1,0.1 0.1 0.1 0.1 0.3 0.1 0.7 0.1 0.5 0.1,4305,chemistry music psychology,,4200,35000
bot1,0.1 0.1 0.1 0.1 0.3 0.1 0.7 0.1 0.5 0.1,4306,chemistry music psychology,,2380,34000
bot1,0.1 0.1 0.1 0.1 0.3 0.1 0.7 0.1 0.5 0.1,4307,chemistry music psychology,,7220,38000
bot1,0.1 0.1 0.1 0.1 0.3 0.1 0.7 0.1 0.5 0.1,4308,chemistry music psychology,,3960,44000
bot1,0.1 0.1 0.1 0.1 0.3 0.1 0.7 0.1 0.5 0.1,4309,chemistry music psychology,,4100,41000
bot1,0.1 0.1 0.1 0.1 0.3 0.1 0.7 0.1 0.5 0.1,4310,chemistry music psychology,,2500,50000
bot1,0.1 0.1 0.1 0.1 0.3 0.1 0.7 0.1 0.5 0.1,4311,chemistry music psychology,,1800,30000
bot1,0.1 0.1 0.1 0.1 0.3 0.1 0.7 0.1 0.5 0.1,4312,chemistry music psychology,,7980,57000
bot1,0.1 0.1 0.1 0.1 0.3 0.1 0.7 0.1 0.5 0.1,4313,chemistry physics psychology,like,15600,52000
bot1,0.1 0.1 0.1 0.1 0.3 0.1 0.7 0.1 0.5 0.1,4314,chemistry physics psychology,,12960,36000
bot1,0.1 0.1 0.1 0.1 0.3 0.1 0.7 0.1 0.5 0.1,4315,chemistry physics psychology,like,17680,52000
bot1,0.1 0.1 0.1 0.1 0.3 0.1 0.7 0.1 0.5 0.1,4316,chemistry physics psychology,,13230,49000
bot1,0.1 0.1 0.1 0.1 0.3 0.1 0.7 0.1 0.5 0.1,4317,chemistry physics psychology,like,9570,33000
bot1,0.1 0.1 0.1 0.1 0.3 0.1 0.7 0.1 0.5 0.1,4318,chemistry physics psychology,,9920,31000
bot1,0.1 0.1 0.1 0.1 0.3 0.1 0.7 0.1 0.5 0.1,4319,chemistry physics psychology,like,11840,37000
bot1,0.1 0.1 0.1 0.1 0.3 0.1 0.7 0.1 0.5 0.1,4320,chemistry physics psychology,like,13530,41000
bot1,0.1 0.1 0.1 0.1 0.3 0.1 0.7 0.1 0.5 0.1,4321,chemistry physics psychology,,19800,60000
bot1,0.1 0.1 0.1 0.1 0.3 0.1 0.7 0.1 0.5 0.1,4322,chemistry physics psychology,like,17600,55000
bot1,0.1 0.1 0.1 0.1 0.3 0.1 0.7 0.1 0.5 0.1,4323,chemistry physics psychology,,17490,53000
bot1,0.1 0.1 0.1 0.1 0.3 0.1 0.7 0.1 0.5 0.1,4324,chemistry physics psychology,like,10200,30000
bot1,0.1 0.1 0.1 0.1 0.3 0.1 0.7 0.1 0.5 0.1,4325,chemistry physics psychology,like,14700,49000
bot1,0.1 0.1 0.1 0.1 0.3 0.1 0.7 0.1 0.5 0.1,4326,chemistry physics psychology,,13860,42000
bot1,0.1 0.1 0.1 0.1 0.3 0.1 0.7 0.1 0.5 0.1,4327,chemistry physics psychology,,11220,34000
bot1,0.1 0.1 0.1 0.1 0.3 0.1 0.7 0.1 0.5 0.1,4328,chemistry physics psychology,,14100,47000
bot1,0.1 0.1 0.1 0.1 0.3 0.1 0.7 0.1 0.5 0.1,4329,chemistry physics psychology,like,11550,35000
bot1,0.1 0.1 0.1 0.1 0.3 0.1 0.7 0.1 0.5 0.1,4330,chemistry physics psychology,like,14720,46000
bot1,0.1 0.1 0.1 0.1 0.3 0.1 0.7 0.1 0.5 0.1,4331,chemistry physics psychology,,13200,40000
bot1,0.1 0.1 0.1 0.1 0.3 0.1 0.7 0.1 0.5 0.1,4332,chemistry physics psychology,like,11220,34000
bot1,0.1 0.1 0.1 0.1 0.3 0.1 0.7 0.1 0.5 0.1,4333,chemistry physics psychology,like,17680,52000
bot1,0.1 0.1 0.1 0.1 0.3 0.1 0.7 0.1 0.5 0.1,4334,chemistry physics psychology,,9520,34000
bot1,0.1 0.1 0.1 0.1 0.3 0.1 0.7 0.1 0.5 0.1,4335,chemistry physics psychology,,14400,40000
bot1,0.1 0.1 0.1 0.1 0.3 0.1 0.7 0.1 0.5 0.1,4336,chemistry physics psychology,like,10880,34000
bot1,0.1 0.1 0.1 0.1 0.3 0.1 0.7 0.1 0.5 0.1,4337,chemistry physics psychology,,17920,56000
bot1,0.1 0.1 0.1 0.1 0.3 0.1 0.7 0.1 0.5 0.1,4338,chemistry physics psychology,,15990,41000
bot1,0.1 0.1 0.1 0.1 0.3 0.1 0.7 0.1 0.5 0.1,4339,chemistry physics psychology,,12870,39000
bot1,0.1 0.1 0.1 0.1 0.3 0.1 0.7 0.1 0.5 0.1,4340,chemistry physics psychology,like,13680,38000
bot1,0.1 0.1 0.1 0.1 0.3 0.1 0.7 0.1 0.5 0.1,4341,computer_science literature mathematics,,25920,54000
bot1,0.1 0.1 0.1 0.1 0.3 0.1 0.7 0.1 0.5 0.1,4342,computer_science literature mathematics,like,24380,46000
bot1,0.1 0.1 0.1 0.1 0.3 0.1 0.7 0.1 0.5 0.1,4343,computer_science literature mathematics,like,30740,58000
bot1,0.1 0.1 0.1 0.1 0.3 0.1 0.7 0.1 0.5 0.1,4344,computer_science literature mathematics,,25970,53000
bot1,0.1 0.1 0.1 0.1 0.3 0.1 0.7 0.1 0.5 0.1,4345,computer_science literature mathematics,like,24300,54000
bot1,0.1 0.1 0.1 0.1 0.3 0.1 0.7 0.1 0.5 0.1,4346,computer_science literature mathematics,like,24440,47000
bot1,0.1 0.1 0.1 0.1 0.3 0.1 0.7 0.1 0.5 0.1,4347,computer_science literature mathematics,,22950,51000
bot1,0.1 0.1 0.1 0.1 0.3 0.1 0.7 0.1 0.5 0.1,4348,computer_science literature mathematics,,22000,44000
bot1,0.1 0.1 0.1 0.1 0.3 0.1 0.7 0.1 0.5 0.1,4349,computer_science literature mathematics,,16660,34000
bot1,0.1 0.1 0.1 0.1 0.3 0.1 0.7 0.1 0.5 0.1,4350,computer_science literature mathematics,,14700,35000
bot1,0.1 0.1 0.1 0.1 0.3 0.1 0.7 0.1 0.5 0.1,4351,computer_science literature mathematics,like,20140,38000
bot1,0.1 0.1 0.1 0.1 0.3 0.1 0.7 0.1 0.5 0.1,4352,computer_science literature mathematics,,23320,44000
bot1,0.1 0.1 0.1 0.1 0.3 0.1 0.7 0.1 0.5 0.1,4353,computer_science literature mathematics,like,29580,58000
bot1,0.1 0.1 0.1 0.1 0.3 0.1 0.7 0.1 0.5 0.1,4354,computer_science literature mathematics,like,13950,31000
bot1,0.1 0.1 0.1 0.1 0.3 0.1 0.7 0.1 0.5 0.1,4355,computer_science literature mathematics,like,26000,52000
bot1,0.1 0.1 0.1 0.1 0.3 0.1 0.7 0.1 0.5 0.1,4356,computer_science literature mathematics,like,20680,44000
bot1,0.1 0.1 0.1 0.1 0.3 0.1 0.7 0.1 0.5 0.1,4357,computer_science literature mathematics,like,27930,57000
bot1,0.1 0.1 0.1 0.1 0.3 0.1 0.7 0.1 0.5 0.1,4358,computer_science literature mathematics,,14620,34000
bot1,0.1 0.1 0.1 0.1 0.3 0.1 0.7 0.1 0.5 0.1,4359,computer_science literature mathematics,like,17600,32000
bot1,0.1 0.1 0.1 0.1 0.3 0.1 0.7 0.1 0.5 0.1,4360,computer_science literature mathematics,like,21060,39000
bot1,0.1 0.1 0.1 0.1 0.3 0.1 0.7 0.1 0.5 0.1,4361,computer_science literature mathematics,like,18200,35000
bot1,0.1 0.1 0.1 0.1 0.3 0.1 0.7 0.1 0.5 0.1,4362,computer_science literature mathematics,like,29680,56000
bot1,0.1 0.1 0.1 0.1 0.3 0.1 0.7 0.1 0.5 0.1,4363,computer_science literature mathematics,like,26100,58000
bot1,0.1 0.1 0.1 0.1 0.3 0.1 0.7 0.1 0.5 0.1,4364,computer_science literature mathematics,,16920,36000
bot1,0.1 0.1 0.1 0.1 0.3 0.1 0.7 0.1 0.5 0.1,4365,computer_science literature mathematics,,12600,30000
bot1,0.1 0.1 0.1 0.1 0.3 0.1 0.7 0.1 0.5 0.1,4366,computer_science literature mathematics,,22560,48000
bot1,0.1 0.1 0.1 0.1 0.3 0.1 0.7 0.1 0.5 0.1,4367,computer_science literature mathematics,like,28320,59000
bot1,0.1 0.1 0.1 0.1 0.3 0.1 0.7 0.1 0.5 0.1,4368,computer_science literature mathematics,like,26460,54000
bot1,0.1 0.1 0.1 0.1 0.3 0.1 0.7 0.1 0.5 0.1,4369,computer_science literature music,,6270,33000
bot1,0.1 0.1 0.1 0.1 0.3 0.1 0.7 0.1 0.5 0.1,4370,computer_science literature music,,5400,30000
bot1,0.1 0.1 0.1 0.1 0.3 0.1 0.7 0.1 0.5 0.1,4371,computer_science literature music,,9690,51000
bot1,0.1 0.1 0.1 0.1 0.3 0.1 0.7 0.1 0.5 0.1,4372,computer_science literature music,,9840,41000
bot1,0.1 0.1 0.1 0.1 0.3 0.1 0.7 0.1 0.5 0.1,4373,computer_science literature music,,11400,60000
bot1,0.1 0.1 0.1 0.1 0.3 0.1 0.7 0.1 0.5 0.1,4374,computer_science literature music,,6800,40000
bot1,0.1 0.1 0.1 0.1 0.3 0.1 0.7 0.1 0.5 0.1,4375,computer_science literature music,,6720,32000
bot1,0.1 0.1 0.1 0.1 0.3 0.1 0.7 0.1 0.5 0.1,4376,computer_science literature music,,6760,52000
bot1,0.1 0.1 0.1 0.1 0.3 0.1 0.7 0.1 0.5 0.1,4377,computer_science literature music,,7480,44000
bot1,0.1 0.1 0.1 0.1 0.3 0.1 0.7 0.1 0.5 0.1,4378,computer_science literature music,,7220,38000
bot1,0.1 0.1 0.1 0.1 0.3 0.1 0.7 0.1 0.5 0.1,4379,computer_science literature music,,5100,30000
bot1,0.1 0.1 0.1 0.1 0.3 0.1 0.7 0.1 0.5 0.1,4380,computer_science literature music,,5890,31000
bot1,0.1 0.1 0.1 0.1 0.3 0.1 0.7 0.1 0.5 0.1,4381,computer_science literature music,,11400,60000
bot1,0.1 0.1 0.1 0.1 0.3 0.1 0.7 0.1 0.5 0.1,4382,computer_science literature music,,11400,60000
bot1,0.1 0.1 0.1 0.1 0.3 0.1 0.7 0.1 0.5 0.1,4383,computer_science literature music,,10070,53000
bot1,0.1 0.1 0.1 0.1 0.3 0.1 0.7 0.1 0.5 0.1,4384,computer_science literature music,,11000,55000
bot1,0.1 0.1 0.1 0.1 0.3 0.1 0.7 0.1 0.5 0.1,4385,computer_science literature music,,7920,36000
bot1,0.1 0.1 0.1 0.1 0.3 0.1 0.7 0.1 0.5 0.1,4386,computer_science literature music,,8250,55000
bot1,0.1 0.1 0.1 0.1 0.3 0.1 0.7 0.1 0.5 0.1,4387,computer_science literature music,,4400,40000
bot1,0.1 0.1 0.1 0.1 0.3 0.1 0.7 0.1 0.5 0.1,4388,computer_science literature music,,8480,53000
bot1,0.1 0.1 0.1 0.1 0.3 0.1 0.7 0.1 0.5 0.1,4389,computer_science literature music,,10800,60000
bot1,0.1 0.1 0.1 0.1 0.3 0.1 0.7 0.1 0.5 0.1,4390,computer_science literature music,like,8000,32000
bot1,0.1 0.1 0.1 0.1 0.3 0.1 0.7 0.1 0.5 0.1,4391,computer_science literature music,,6650,35000
bot1,0.1 0.1 0.1 0.1 0.3 0.1 0.7 0.1 0.5 0.1,4392,computer_science literature music,,13500,54000
bot1,0.1 0.1 0.1 0.1 0.3 0.1 0.7 0.1 0.5 0.1,4393,computer_science literature music,like,8320,32000
bot1,0.1 0.1 0.1 0.1 0.3 0.1 0.7 0.1 0.5 0.1,4394,computer_science literature music,,5400,36000
bot1,0.1 0.1 0.1 0.1 0.3 0.1 0.7 0.1 0.5 0.1,4395,computer_science literature music,,9720,54000
bot1,0.1 0.1 0.1 0.1 0.3 0.1 0.7 0.1 0.5 0.1,4396,computer_science literature music,,9500,50000
bot1,0.1 0.1 0.1 0.1 0.3 0.1 0.7 0.1 0.5 0.1,4397,computer_science literature physics,like,18500,50000
bot1,0.1 0.1 0.1 0.1 0.3 0.1 0.7 0.1 0.5 0.1,4398,computer_science literature physics,,14430,39000
bot1,0.1 0.1 0.1 0.1 0.3 0.1 0.7 0.1 0.5 0.1,4399,computer_science literature physics,like,16340,43000
bot1,0.1 0.1 0.1 0.1 0.3 0.1 0.7 0.1 0.5 0.1,4400,computer_science literature physics,like,23600,59000
bot1,0.1 0.1 0.1 0.1 0.3 0.1 0.7 0.1 0.5 0.1,4401,computer_science literature physics,like,16830,51000
bot1,0.1 0.1 0.1 0.1 0.3 0.1 0.7 0.1 0.5 0.1,4402,computer_science literature physics,like,13940,41000
bot1,0.1 0.1 0.1 0.1 0.3 0.1 0.7 0.1 0.5 0.1,4403,computer_science literature physics,like,17920,56000
bot1,0.1 0.1 0.1 0.1 0.3 0.1 0.7 0.1 0.5 0.1,4404,computer_science literature physics,,14760,36000
bot1,0.1 0.1 0.1 0.1 0.3 0.1 0.7 0.1 0.5 0.1,4405,computer_science literature physics,like,18560,58000
bot1,0.1 0.1 0.1 0.1 0.3 0.1 0.7 0.1 0.5 0.1,4406,computer_science literature physics,,11780,38000
bot1,0.1 0.1 0.1 0.1 0.3 0.1 0.7 0.1 0.5 0.1,4407,computer_science literature physics,,16340,43000
bot1,0.1 0.1 0.1 0.1 0.3 0.1 0.7 0.1 0.5 0.1,4408,computer_science literature physics,like,12470,43000
bot1,0.1 0.1 0.1 0.1 0.3 0.1 0.7 0.1 0.5 0.1,4409,computer_science literature physics,like,18620,49000
bot1,0.1 0.1 0.1 0.1 0.3 0.1 0.7 0.1 0.5 0.1,4410,computer_science literature physics,like,16500,50000
bot1,0.1 0.1 0.1 0.1 0.3 0.1 0.7 0.1 0.5 0.1,4411,computer_science literature physics,,11470,31000
bot1,0.1 0.1 0.1 0.1 0.3 0.1 0.7 0.1 0.5 0.1,4412,computer_science literature physics,,14080,44000
bot1,0.1 0.1 0.1 0.1 0.3 0.1 0.7 0.1 0.5 0.1,4413,computer_science literature physics,like,18500,50000
bot1,0.1 0.1 0.1 0.1 0.3 0.1 0.7 0.1 0.5 0.1,4414,computer_science literature physics,like,13260,34000
bot1,0.1 0.1 0.1 0.1 0.3 0.1 0.7 0.1 0.5 0.1,4415,computer_science literature physics,like,16560,46000
bot1,0.1 0.1 0.1 0.1 0.3 0.1 0.7 0.1 0.5 0.1,4416,computer_science literature physics,like,15640,46000
bot1,0.1 0.1 0.1 0.1 0.3 0.1 0.7 0.1 0.5 0.1,4417,computer_science literature physics,,15840,44000
bot1,0.1 0.1 0.1 0.1 0.3 0.1 0.7 0.1 0.5 0.1,4418,computer_science literature physics,like,21830,59000
bot1,0.1 0.1 0.1 0.1 0.3 0.1 0.7 0.1 0.5 0.1,4419,computer_science literature physics,like,14820,39000
bot1,0.1 0.1 0.1 0.1 0.3 0.1 0.7 0.1 0.5 0.1,4420,computer_science literature physics,,11560,34000
bot1,0.1 0.1 0.1 0.1 0.3 0.1 0.7 0.1 0.5 0.1,4421,computer_science literature physics,,12870,39000
bot1,0.1 0.1 0.1 0.1 0.3 0.1 0.7 0.1 0.5 0.1,4422,computer_science literature physics,,17020,46000
bot1,0.1 0.1 0.1 0.1 0.3 0.1 0.7 0.1 0.5 0.1,4423,computer_science literature physics,like,19680,48000
bot1,0.1 0.1 0.1 0.1 0.3 0.1 0.7 0.1 0.5 0.1,4424,computer_science literature physics,,12160,32000
bot1,0.1 0.1 0.1 0.1 0.3 0.1 0.7 0.1 0.5 0.1,4425,computer_science literature psychology,,7360,46000
bot1,0.1 0.1 0.1 0.1 0.3 0.1 0.7 0.1 0.5 0.1,4426,computer_science literature psychology,,6450,43000
bot1,0.1 0.1 0.1 0.1 0.3 0.1 0.7 0.1 0.5 0.1,4427,computer_science literature psychology,,7920,44000
bot1,0.1 0.1 0.1 0.1 0.3 0.1 0.7 0.1 0.5 0.1,4428,computer_science literature psychology,,8160,48000
bot1,0.1 0.1 0.1 0.1 0.3 0.1 0.7 0.1 0.5 0.1,4429,computer_science literature psychology,,6150,41000
bot1,0.1 0.1 0.1 0.1 0.3 0.1 0.7 0.1 0.5 0.1,4430,computer_science literature psychology,,5120,32000
bot1,0.1 0.1 0.1 0.1 0.3 0.1 0.7 0.1 0.5 0.1,4431,computer_science literature psychology,,5700,30000
bot1,0.1 0.1 0.1 0.1 0.3 0.1 0.7 0.1 0.5 0.1,4432,computer_science literature psychology,,11220,51000
bot1,0.1 0.1 0.1 0.1 0.3 0.1 0.7 0.1 0.5 0.1,4433,computer_science literature psychology,,8250,55000
bot1,0.1 0.1 0.1 0.1 0.3 0.1 0.7 0.1 0.5 0.1,4434,computer_science literature psychology,,7980,42000
bot1,0.1 0.1 0.1 0.1 0.3 0.1 0.7 0.1 0.5 0.1,4435,computer_science literature psychology,,6020,43000
bot1,0.1 0.1 0.1 0.1 0.3 0.1 0.7 0.1 0.5 0.1,4436,computer_science literature psychology,,7800,39000
bot1,0.1 0.1 0.1 0.1 0.3 0.1 0.7 0.1 0.5 0.1,4437,computer_science literature psychology,,9540,53000
bot1,0.1 0.1 0.1 0.1 0.3 0.1 0.7 0.1 0.5 0.1,4438,computer_science literature psychology,,9690,51000
bot1,0.1 0.1 0.1 0.1 0.3 0.1 0.7 0.1 0.5 0.1,4439,computer_science literature psychology,,13200,55000
bot1,0.1 0.1 0.1 0.1 0.3 0.1 0.7 0.1 0.5 0.1,4440,computer_science literature psychology,,10800,60000
bot1,0.1 0.1 0.1 0.1 0.3 0.1 0.7 0.1 0.5 0.1,4441,computer_science literature psychology,,7150,55000
bot1,0.1 0.1 0.1 0.1 0.3 0.1 0.7 0.1 0.5 0.1,4442,computer_science literature psychology,,6650,35000
bot1,0.1 0.1 0.1 0.1 0.3 0.1 0.7 0.1 0.5 0.1,4443,computer_science literature psychology,,9310,49000
bot1,0.1 0.1 0.1 0.1 0.3 0.1 0.7 0.1 0.5 0.1,4444,computer_science literature psychology,,11220,51000
bot1,0.1 0.1 0.1 0.1 0.3 0.1 0.7 0.1 0.5 0.1,4445,computer_science literature psychology,,11280,47000
bot1,0.1 0.1 0.1 0.1 0.3 0.1 0.7 0.1 0.5 0.1,4446,computer_science literature psychology,,7980,42000
bot1,0.1 0.1 0.1 0.1 0.3 0.1 0.7 0.1 0.5 0.1,4447,computer_science literature psychology,,7350,35000
bot1,0.1 0.1 0.1 0.1 0.3 0.1 0.7 0.1 0.5 0.1,4448,computer_science literature psychology,,10120,44000
bot1,0.1 0.1 0.1 0.1 0.3 0.1 0.7 0.1 0.5 0.1,4449,computer_science literature psychology,,8550,57000
bot1,0.1 0.1 0.1 0.1 0.3 0.1 0.7 0.1 0.5 0.1,4450,computer_science literature psychology,,7950,53000
bot1,0.1 0.1 0.1 0.1 0.3 0.1 0.7 0.1 0.5 0.1,4451,computer_science literature psychology,,8100,45000
bot1,0.1 0.1 0.1 0.1 0.3 0.1 0.7 0.1 0.5 0.1,4452,computer_science literature psychology,,12320,56000
bot1,0.1 0.1 0.1 0.1 0.3 0.1 0.7 0.1 0.5 0.1,4453,computer_science mathematics music,like,20500,41000
bot1,0.1 0.1 0.1 0.1 0.3 0.1 0.7 0.1 0.5 0.1,4454,computer_science mathematics music,like,26400,60000
bot1,0.1 0.1 0.1 0.1 0.3 0.1 0.7 0.1 0.5 0.1,4455,computer_science mathematics music,,19740,42000
bot1,0.1 0.1 0.1 0.1 0.3 0.1 0.7 0.1 0.5 0.1,4456,computer_science mathematics music,,14080,32000
bot1,0.1 0.1 0.1 0.1 0.3 0.1 0.7 0.1 0.5 0.1,4457,computer_science mathematics music,,14700,30000
bot1,0.1 0.1 0.1 0.1 0.3 0.1 0.7 0.1 0.5 0.1,4458,computer_science mathematics music,like,30800,56000
bot1,0.1 0.1 0.1 0.1 0.3 0.1 0.7 0.1 0.5 0.1,4459,computer_science mathematics music,,16200,36000
bot1,0.1 0.1 0.1 0.1 0.3 0.1 0.7 0.1 0.5 0.1,4460,computer_science mathematics music,like,18360,36000
bot1,0.1 0.1 0.1 0.1 0.3 0.1 0.7 0.1 0.5 0.1,4461,computer_science mathematics music,like,14620,34000
bot1,0.1 0.1 0.1 0.1 0.3 0.1 0.7 0.1 0.5 0.1,4462,computer_science mathematics music,like,21070,43000
bot1,0.1 0.1 0.1 0.1 0.3 0.1 0.7 0.1 0.5 0.1,4463,computer_science mathematics music,like,30780,57000
bot1,0.1 0.1 0.1 0.1 0.3 0.1 0.7 0.1 0.5 0.1,4464,computer_science mathematics music,like,18720,36000
bot1,0.1 0.1 0.1 0.1 0.3 0.1 0.7 0.1 0.5 0.1,4465,computer_science mathematics music,like,26460,54000
bot1,0.1 0.1 0.1 0.1 0.3 0.1 0.7 0.1 0.5 0.1,4466,computer_science mathematics music,like,22050,45000
bot1,0.1 0.1 0.1 0.1 0.3 0.1 0.7 0.1 0.5 0.1,4467,computer_science mathematics music,like,16500,33000
bot1,0.1 0.1 0.1 0.1 0.3 0.1 0.7 0.1 0.5 0.1,4468,computer_science mathematics music,,16320,34000
bot1,0.1 0.1 0.1 0.1 0.3 0.1 0.7 0.1 0.5 0.1,4469,computer_science mathematics music,like,22440,44000
bot1,0.1 0.1 0.1 0.1 0.3 0.1 0.7 0.1 0.5 0.1,4470,computer_science mathematics music,like,22950,45000
bot1,0.1 0.1 0.1 0.1 0.3 0.1 0.7 0.1 0.5 0.1,4471,computer_science mathematics music,like,20680,44000
bot1,0.1 0.1 0.1 0.1 0.3 0.1 0.7 0.1 0.5 0.1,4472,computer_science mathematics music,like,19080,36000
bot1,0.1 0.1 0.1 0.1 0.3 0.1 0.7 0.1 0.5 0.1,4473,computer_science mathematics music,like,29120,56000
bot1,0.1 0.1 0.1 0.1 0.3 0.1 0.7 0.1 0.5 0.1,4474,computer_science mathematics music,,14880,31000
bot1,0.1 0.1 0.1 0.1 0.3 0.1 0.7 0.1 0.5 0.1,4475,computer_science mathematics music,,16170,33000
bot1,0.1 0.1 0.1 0.1 0.3 0.1 0.7 0.1 0.5 0.1,4476,computer_science mathematics music,,24960,52000
bot1,0.1 0.1 0.1 0.1 0.3 0.1 0.7 0.1 0.5 0.1,4477,computer_science mathematics music,,19350,43000
bot1,0.1 0.1 0.1 0.1 0.3 0.1 0.7 0.1 0.5 0.1,4478,computer_science mathematics music,,25970,53000
bot1,0.1 0.1 0.1 0.1 0.3 0.1 0.7 0.1 0.5 0.1,4479,computer_science mathematics music,,22790,53000
bot1,0.1 0.1 0.1 0.1 0.3 0.1 0.7 0.1 0.5 0.1,4480,computer_science mathematics music,like,18330,39000
bot1,0.1 0.1 0.1 0.1 0.3 0.1 0.7 0.1 0.5 0.1,4481,computer_science mathematics physics,like,22260,42000
bot1,0.1 0.1 0.1 0.1 0.3 0.1 0.7 0.1 0.5 0.1,4482,computer_science mathematics physics,,24000,48000
bot1,0.1 0.1 0.1 0.1 0.3 0.1 0.7 0.1 0.5 0.1,4483,computer_science mathematics physics,like,30090,59000
bot1,0.1 0.1 0.1 0.1 0.3 0.1 0.7 0.1 0.5 0.1,4484,computer_science mathematics physics,like,29680,56000
bot1,0.1 0.1 0.1 0.1 0.3 0.1 0.7 0.1 0.5 0.1,4485,computer_science mathematics physics,,19610,37000
bot1,0.1 0.1 0.1 0.1 0.3 0.1 0.7 0.1 0.5 0.1,4486,computer_science mathematics physics,like,25760,46000
bot1,0.1 0.1 0.1 0.1 0.3 0.1 0.7 0.1 0.5 0.1,4487,computer_science mathematics physics,like,25440,48000
bot1,0.1 0.1 0.1 0.1 0.3 0.1 0.7 0.1 0.5 0.1,4488,computer_science mathematics physics,,18880,32000
bot1,0.1 0.1 0.1 0.1 0.3 0.1 0.7 0.1 0.5 0.1,4489,computer_science mathematics physics,like,26500,50000
bot1,0.1 0.1 0.1 0.1 0.3 0.1 0.7 0.1 0.5 0.1,4490,computer_science mathematics physics,like,26100,45000
bot1,0.1 0.1 0.1 0.1 0.3 0.1 0.7 0.1 0.5 0.1,4491,computer_science mathematics physics,like,27930,49000
bot1,0.1 0.1 0.1 0.1 0.3 0.1 0.7 0.1 0.5 0.1,4492,computer_science mathematics physics,like,22550,41000
bot1,0.1 0.1 0.1 0.1 0.3 0.1 0.7 0.1 0.5 0.1,4493,computer_science mathematics physics,like,24080,43000
bot1,0.1 0.1 0.1 0.1 0.3 0.1 0.7 0.1 0.5 0.1,4494,computer_science mathematics physics,like,19110,39000
bot1,0.1 0.1 0.1 0.1 0.3 0.1 0.7 0.1 0.5 0.1,4495,computer_science mathematics physics,like,24300,45000
bot1,0.1 0.1 0.1 0.1 0.3 0.1 0.7 0.1 0.5 0.1,4496,computer_science mathematics physics,like,20720,37000
bot1,0.1 0.1 0.1 0.1 0.3 0.1 0.7 0.1 0.5 0.1,4497,computer_science mathematics physics,like,24480,48000
bot1,0.1 0.1 0.1 0.1 0.3 0.1 0.7 0.1 0.5 0.1,4498,computer_science mathematics physics,like,22000,40000
bot1,0.1 0.1 0.1 0.1 0.3 0.1 0.7 0.1 0.5 0.1,4499,computer_science mathematics physics,like,32490,57000
bot1,0.1 0.1 0.1 0.1 0.3 0.1 0.7 0.1 0.5 0.1,4500,computer_science mathematics physics,,27030,51000
bot1,0.1 0.1 0.1 0.1 0.3 0.1 0.7 0.1 0.5 0.1,4501,computer_science mathematics physics,like,30160,58000
bot1,0.1 0.1 0.1 0.1 0.3 0.1 0.7 0.1 0.5 0.1,4502,computer_science mathematics physics,like,30680,52000
bot1,0.1 0.1 0.1 0.1 0.3 0.1 0.7 0.1 0.5 0.1,4503,computer_science mathematics physics,,22790,43000
bot1,0.1 0.1 0.1 0.1 0.3 0.1 0.7 0.1 0.5 0.1,4504,computer_science mathematics physics,like,26520,51000
bot1,0.1 0.1 0.1 0.1 0.3 0.1 0.7 0.1 0.5 0.1,4505,computer_science mathematics physics,like,21730,41000
bot1,0.1 0.1 0.1 0.1 0.3 0.1 0.7 0.1 0.5 0.1,4506,computer_science mathematics physics,,29150,55000
bot1,0.1 0.1 0.1 0.1 0.3 0.1 0.7 0.1 0.5 0.1,4507,computer_science mathematics physics,like,18900,35000
bot1,0.1 0.1 0.1 0.1 0.3 0.1 0.7 0.1 0.5 0.1,4508,computer_science mathematics physics,like,21060,39000
bot1,0.1 0.1 0.1 0.1 0.3 0.1 0.7 0.1 0.5 0.1,4509,computer_science mathematics psychology,,14720,32000
bot1,0.1 0.1 0.1 0.1 0.3 0.1 0.7 0.1 0.5 0.1,4510,computer_science mathematics psychology,,17000,34000
bot1,0.1 0.1 0.1 0.1 0.3 0.1 0.7 0.1 0.5 0.1,4511,computer_science mathematics psychology,like,17150,35000
bot1,0.1 0.1 0.1 0.1 0.3 0.1 0.7 0.1 0.5 0.1,4512,computer_science mathematics psychology,,16500,33000
bot1,0.1 0.1 0.1 0.1 0.3 0.1 0.7 0.1 0.5 0.1,4513,computer_science mathematics psychology,,31200,60000
bot1,0.1 0.1 0.1 0.1 0.3 0.1 0.7 0.1 0.5 0.1,4514,computer_science mathematics psychology,,19890,39000
bot1,0.1 0.1 0.1 0.1 0.3 0.1 0.7 0.1 0.5 0.1,4515,computer_science mathematics psychology,,23500,47000
bot1,0.1 0.1 0.1 0.1 0.3 0.1 0.7 0.1 0.5 0.1,4516,computer_science mathematics psychology,like,15000,30000
bot1,0.1 0.1 0.1 0.1 0.3 0.1 0.7 0.1 0.5 0.1,4517,computer_science mathematics psychology,like,17100,38000
bot1,0.1 0.1 0.1 0.1 0.3 0.1 0.7 0.1 0.5 0.1,4518,computer_science mathematics psychology,like,18900,35000
bot1,0.1 0.1 0.1 0.1 0.3 0.1 0.7 0.1 0.5 0.1,4519,computer_science mathematics psychology,,28500,57000
bot1,0.1 0.1 0.1 0.1 0.3 0.1 0.7 0.1 0.5 0.1,4520,computer_science mathematics psychology,,14880,31000
bot1,0.1 0.1 0.1 0.1 0.3 0.1 0.7 0.1 0.5 0.1,4521,computer_science mathematics psychology,like,21200,40000
bot1,0.1 0.1 0.1 0.1 0.3 0.1 0.7 0.1 0.5 0.1,4522,computer_science mathematics psychology,,24500,49000
bot1,0.1 0.1 0.1 0.1 0.3 0.1 0.7 0.1 0.5 0.1,4523,computer_science mathematics psychology,,22560,47000
bot1,0.1 0.1 0.1 0.1 0.3 0.1 0.7 0.1 0.5 0.1,4524,computer_science mathematics psychology,like,19380,38000
bot1,0.1 0.1 0.1 0.1 0.3 0.1 0.7 0.1 0.5 0.1,4525,computer_science mathematics psychology,like,25850,55000
bot1,0.1 0.1 0.1 0.1 0.3 0.1 0.7 0.1 0.5 0.1,4526,computer_science mathematics psychology,like,15190,31000
bot1,0.1 0.1 0.1 0.1 0.3 0.1 0.7 0.1 0.5 0.1,4527,computer_science mathematics psychology,,23030,47000
bot1,0.1 0.1 0.1 0.1 0.3 0.1 0.7 0.1 0.5 0.1,4528,computer_science mathematics psychology,like,17340,34000
bot1,0.1 0.1 0.1 0.1 0.3 0.1 0.7 0.1 0.5 0.1,4529,computer_science mathematics psychology,like,29640,57000
bot1,0.1 0.1 0.1 0.1 0.3 0.1 0.7 0.1 0.5 0.1,4530,computer_science mathematics psychology,,23970,51000
bot1,0.1 0.1 0.1 0.1 0.3 0.1 0.7 0.1 0.5 0.1,4531,computer_science mathematics psychology,like,17670,31000
bot1,0.1 0.1 0.1 0.1 0.3 0.1 0.7 0.1 0.5 0.1,4532,computer_science mathematics psychology,,22440,44000
bot1,0.1 0.1 0.1 0.1 0.3 0.1 0.7 0.1 0.5 0.1,4533,computer_science mathematics psychology,like,31200,60000
bot1,0.1 0.1 0.1 0.1 0.3 0.1 0.7 0.1 0.5 0.1,4534,computer_science mathematics psychology,like,17820,33000
bot1,0.1 0.1 0.1 0.1 0.3 0.1 0.7 0.1 0.5 0.1,4535,computer_science mathematics psychology,,25300,55000
bot1,0.1 0.1 0.1 0.1 0.3 0.1 0.7 0.1 0.5 0.1,4536,computer_science mathematics psychology,like,28050,55000
bot1,0.1 0.1 0.1 0.1 0.3 0.1 0.7 0.1 0.5 0.1,4537,computer_science music physics,like,10890,33000
bot1,0.1 0.1 0.1 0.1 0.3 0.1 0.7 0.1 0.5 0.1,4538,computer_science music physics,like,10850,31000
bot1,0.1 0.1 0.1 0.1 0.3 0.1 0.7 0.1 0.5 0.1,4539,computer_science music physics,,12950,35000
bot1,0.1 0.1 0.1 0.1 0.3 0.1 0.7 0.1 0.5 0.1,4540,computer_science music physics,,17670,57000
bot1,0.1 0.1 0.1 0.1 0.3 0.1 0.7 0.1 0.5 0.1,4541,computer_science music physics,like,12710,41000
bot1,0.1 0.1 0.1 0.1 0.3 0.1 0.7 0.1 0.5 0.1,4542,computer_science music physics,,14040,39000
bot1,0.1 0.1 0.1 0.1 0.3 0.1 0.7 0.1 0.5 0.1,4543,computer_science music physics,,17820,54000
bot1,0.1 0.1 0.1 0.1 0.3 0.1 0.7 0.1 0.5 0.1,4544,computer_science music physics,like,14840,53000
bot1,0.1 0.1 0.1 0.1 0.3 0.1 0.7 0.1 0.5 0.1,4545,computer_science music physics,like,12240,34000
bot1,0.1 0.1 0.1 0.1 0.3 0.1 0.7 0.1 0.5 0.1,4546,computer_science music physics,like,16000,40000
bot1,0.1 0.1 0.1 0.1 0.3 0.1 0.7 0.1 0.5 0.1,4547,computer_science music physics,,12870,33000
bot1,0.1 0.1 0.1 0.1 0.3 0.1 0.7 0.1 0.5 0.1,4548,computer_science music physics,like,15400,44000
bot1,0.1 0.1 0.1 0.1 0.3 0.1 0.7 0.1 0.5 0.1,4549,computer_science music physics,,18900,54000
bot1,0.1 0.1 0.1 0.1 0.3 0.1 0.7 0.1 0.5 0.1,4550,computer_science music physics,like,12210,37000
bot1,0.1 0.1 0.1 0.1 0.3 0.1 0.7 0.1 0.5 0.1,4551,computer_science music physics,,16650,45000
bot1,0.1 0.1 0.1 0.1 0.3 0.1 0.7 0.1 0.5 0.1,4552,computer_science music physics,,17480,46000
bot1,0.1 0.1 0.1 0.1 0.3 0.1 0.7 0.1 0.5 0.1,4553,computer_science music physics,like,13300,38000
bot1,0.1 0.1 0.1 0.1 0.3 0.1 0.7 0.1 0.5 0.1,4554,computer_science music physics,,20520,54000
bot1,0.1 0.1 0.1 0.1 0.3 0.1 0.7 0.1 0.5 0.1,4555,computer_science music physics,like,18500,50000
bot1,0.1 0.1 0.1 0.1 0.3 0.1 0.7 0.1 0.5 0.1,4556,computer_science music physics,like,13600,34000
bot1,0.1 0.1 0.1 0.1 0.3 0.1 0.7 0.1 0.5 0.1,4557,computer_science music physics,,16100,46000
bot1,0.1 0.1 0.1 0.1 0.3 0.1 0.7 0.1 0.5 0.1,4558,computer_science music physics,like,14430,37000
bot1,0.1 0.1 0.1 0.1 0.3 0.1 0.7 0.1 0.5 0.1,4559,computer_science music physics,,14620,43000
bot1,0.1 0.1 0.1 0.1 0.3 0.1 0.7 0.1 0.5 0.1,4560,computer_science music physics,,14190,43000
bot1,0.1 0.1 0.1 0.1 0.3 0.1 0.7 0.1 0.5 0.1,4561,computer_science music physics,,21600,60000
bot1,0.1 0.1 0.1 0.1 0.3 0.1 0.7 0.1 0.5 0.1,4562,computer_science music physics,,18700,55000
bot1,0.1 0.1 0.1 0.1 0.3 0.1 0.7 0.1 0.5 0.1,4563,computer_science music physics,like,19200,60000
bot1,0.1 0.1 0.1 0.1 0.3 0.1 0.7 0.1 0.5 0.1,4564,computer_science music physics,like,10880,34000
bot1,0.1 0.1 0.1 0.1 0.3 0.1 0.7 0.1 0.5 0.1,4565,computer_science music psychology,,8840,52000
bot1,0.1 0.1 0.1 0.1 0.3 0.1 0.7 0.1 0.5 0.1,4566,computer_science music psychology,,7800,60000
bot1,0.1 0.1 0.1 0.1 0.3 0.1 0.7 0.1 0.5 0.1,4567,computer_science music psychology,,8800,40000
bot1,0.1 0.1 0.1 0.1 0.3 0.1 0.7 0.1 0.5 0.1,4568,computer_science music psychology,,9180,54000
bot1,0.1 0.1 0.1 0.1 0.3 0.1 0.7 0.1 0.5 0.1,4569,computer_science music psychology,,5580,31000
bot1,0.1 0.1 0.1 0.1 0.3 0.1 0.7 0.1 0.5 0.1,4570,computer_science music psychology,,5270,31000
bot1,0.1 0.1 0.1 0.1 0.3 0.1 0.7 0.1 0.5 0.1,4571,computer_science music psychology,,7500,50000
bot1,0.1 0.1 0.1 0.1 0.3 0.1 0.7 0.1 0.5 0.1,4572,computer_science music psychology,,9600,48000
bot1,0.1 0.1 0.1 0.1 0.3 0.1 0.7 0.1 0.5 0.1,4573,computer_science music psychology,,9000,50000
bot1,0.1 0.1 0.1 0.1 0.3 0.1 0.7 0.1 0.5 0.1,4574,computer_science music psychology,,10450,55000
bot1,0.1 0.1 0.1 0.1 0.3 0.1 0.7 0.1 0.5 0.1,4575,computer_science music psychology,,9660,46000
bot1,0.1 0.1 0.1 0.1 0.3 0.1 0.7 0.1 0.5 0.1,4576,computer_science music psychology,,8170,43000
bot1,0.1 0.1 0.1 0.1 0.3 0.1 0.7 0.1 0.5 0.1,4577,computer_science music psychology,,9690,51000
bot1,0.1 0.1 0.1 0.1 0.3 0.1 0.7 0.1 0.5 0.1,4578,computer_science music psychology,,10830,57000
bot1,0.1 0.1 0.1 0.1 0.3 0.1 0.7 0.1 0.5 0.1,4579,computer_science music psychology,,11130,53000
bot1,0.1 0.1 0.1 0.1 0.3 0.1 0.7 0.1 0.5 0.1,4580,computer_science music psychology,,8200,41000
bot1,0.1 0.1 0.1 0.1 0.3 0.1 0.7 0.1 0.5 0.1,4581,computer_science music psychology,,7220,38000
bot1,0.1 0.1 0.1 0.1 0.3 0.1 0.7 0.1 0.5 0.1,4582,computer_science music psychology,,10290,49000
bot1,0.1 0.1 0.1 0.1 0.3 0.1 0.7 0.1 0.5 0.1,4583,computer_science music psychology,,9360,52000
bot1,0.1 0.1 0.1 0.1 0.3 0.1 0.7 0.1 0.5 0.1,4584,computer_science music psychology,,9000,50000
bot1,0.1 0.1 0.1 0.1 0.3 0.1 0.7 0.1 0.5 0.1,4585,computer_science music psychology,,8930,47000
bot1,0.1 0.1 0.1 0.1 0.3 0.1 0.7 0.1 0.5 0.1,4586,computer_science music psychology,,8820,49000
bot1,0.1 0.1 0.1 0.1 0.3 0.1 0.7 0.1 0.5 0.1,4587,computer_science music psychology,,9360,52000
bot1,0.1 0.1 0.1 0.1 0.3 0.1 0.7 0.1 0.5 0.1,4588,computer_science music psychology,,13200,55000
bot1,0.1 0.1 0.1 0.1 0.3 0.1 0.7 0.1 0.5 0.1,4589,computer_science music psychology,,9240,42000
bot1,0.1 0.1 0.1 0.1 0.3 0.1 0.7 0.1 0.5 0.1,4590,computer_science music psychology,,13920,58000
bot1,0.1 0.1 0.1 0.1 0.3 0.1 0.7 0.1 0.5 0.1,4591,computer_science music psychology,,5270,31000
bot1,0.1 0.1 0.1 0.1 0.3 0.1 0.7 0.1 0.5 0.1,4592,computer_science music psychology,,8820,42000
bot1,0.1 0.1 0.1 0.1 0.3 0.1 0.7 0.1 0.5 0.1,4593,computer_science physics psychology,like,19080,53000
bot1,0.1 0.1 0.1 0.1 0.3 0.1 0.7 0.1 0.5 0.1,4594,computer_science physics psychology,like,12880,46000
bot1,0.1 0.1 0.1 0.1 0.3 0.1 0.7 0.1 0.5 0.1,4595,computer_science physics psychology,like,12090,39000
bot1,0.1 0.1 0.1 0.1 0.3 0.1 0.7 0.1 0.5 0.1,4596,computer_science physics psychology,like,17020,46000
bot1,0.1 0.1 0.1 0.1 0.3 0.1 0.7 0.1 0.5 0.1,4597,computer_science physics psychology,,14260,46000
bot1,0.1 0.1 0.1 0.1 0.3 0.1 0.7 0.1 0.5 0.1,4598,computer_science physics psychology,like,18000,50000
bot1,0.1 0.1 0.1 0.1 0.3 0.1 0.7 0.1 0.5 0.1,4599,computer_science physics psychology,like,9300,30000
bot1,0.1 0.1 0.1 0.1 0.3 0.1 0.7 0.1 0.5 0.1,4600,computer_science physics psychology,like,17860,47000
bot1,0.1 0.1 0.1 0.1 0.3 0.1 0.7 0.1 0.5 0.1,4601,computer_science physics psychology,,13690,37000
bot1,0.1 0.1 0.1 0.1 0.3 0.1 0.7 0.1 0.5 0.1,4602,computer_science physics psychology,like,12870,39000
bot1,0.1 0.1 0.1 0.1 0.3 0.1 0.7 0.1 0.5 0.1,4603,computer_science physics psychology,like,15180,46000
bot1,0.1 0.1 0.1 0.1 0.3 0.1 0.7 0.1 0.5 0.1,4604,computer_science physics psychology,,10230,31000
bot1,0.1 0.1 0.1 0.1 0.3 0.1 0.7 0.1 0.5 0.1,4605,computer_science physics psychology,,12160,38000
bot1,0.1 0.1 0.1 0.1 0.3 0.1 0.7 0.1 0.5 0.1,4606,computer_science physics psychology,like,14760,41000
bot1,0.1 0.1 0.1 0.1 0.3 0.1 0.7 0.1 0.5 0.1,4607,computer_science physics psychology,,19980,54000
bot1,0.1 0.1 0.1 0.1 0.3 0.1 0.7 0.1 0.5 0.1,4608,computer_science physics psychology,like,10890,33000
bot1,0.1 0.1 0.1 0.1 0.3 0.1 0.7 0.1 0.5 0.1,4609,computer_science physics psychology,like,14400,48000
bot1,0.1 0.1 0.1 0.1 0.3 0.1 0.7 0.1 0.5 0.1,4610,computer_science physics psychology,like,13640,44000
bot1,0.1 0.1 0.1 0.1 0.3 0.1 0.7 0.1 0.5 0.1,4611,computer_science physics psychology,,12950,37000
bot1,0.1 0.1 0.1 0.1 0.3 0.1 0.7 0.1 0.5 0.1,4612,computer_science physics psychology,like,16800,48000
bot1,0.1 0.1 0.1 0.1 0.3 0.1 0.7 0.1 0.5 0.1,4613,computer_science physics psychology,,18560,58000
bot1,0.1 0.1 0.1 0.1 0.3 0.1 0.7 0.1 0.5 0.1,4614,computer_science physics psychology,,17340,51000
bot1,0.1 0.1 0.1 0.1 0.3 0.1 0.7 0.1 0.5 0.1,4615,computer_science physics psychology,like,18130,49000
bot1,0.1 0.1 0.1 0.1 0.3 0.1 0.7 0.1 0.5 0.1,4616,computer_science physics psychology,like,12480,39000
bot1,0.1 0.1 0.1 0.1 0.3 0.1 0.7 0.1 0.5 0.1,4617,computer_science physics psychology,,16500,55000
bot1,0.1 0.1 0.1 0.1 0.3 0.1 0.7 0.1 0.5 0.1,4618,computer_science physics psychology,,18240,48000
bot1,0.1 0.1 0.1 0.1 0.3 0.1 0.7 0.1 0.5 0.1,4619,computer_science physics psychology,,18720,52000
bot1,0.1 0.1 0.1 0.1 0.3 0.1 0.7 0.1 0.5 0.1,4620,computer_science physics psychology,like,16430,53000
bot1,0.1 0.1 0.1 0.1 0.3 0.1 0.7 0.1 0.5 0.1,4621,literature mathematics music,,15600,40000
bot1,0.1 0.1 0.1 0.1 0.3 0.1 0.7 0.1 0.5 0.1,4622,literature mathematics music,like,17640,36000
bot1,0.1 0.1 0.1 0.1 0.3 0.1 0.7 0.1 0.5 0.1,4623,literature mathematics music,like,19270,41000
bot1,0.1 0.1 0.1 0.1 0.3 0.1 0.7 0.1 0.5 0.1,4624,literature mathematics music,,15980,34000
bot1,0.1 0.1 0.1 0.1 0.3 0.1 0.7 0.1 0.5 0.1,4625,literature mathematics music,,27440,56000
bot1,0.1 0.1 0.1 0.1 0.3 0.1 0.7 0.1 0.5 0.1,4626,literature mathematics music,like,13440,32000
bot1,0.1 0.1 0.1 0.1 0.3 0.1 0.7 0.1 0.5 0.1,4627,literature mathematics music,like,29580,58000
bot1,0.1 0.1 0.1 0.1 0.3 0.1 0.7 0.1 0.5 0.1,4628,literature mathematics music,,16920,36000
bot1,0.1 0.1 0.1 0.1 0.3 0.1 0.7 0.1 0.5 0.1,4629,literature mathematics music,like,22140,41000
bot1,0.1 0.1 0.1 0.1 0.3 0.1 0.7 0.1 0.5 0.1,4630,literature mathematics music,like,20160,42000
bot1,0.1 0.1 0.1 0.1 0.3 0.1 0.7 0.1 0.5 0.1,4631,literature mathematics music,like,22540,46000
bot1,0.1 0.1 0.1 0.1 0.3 0.1 0.7 0.1 0.5 0.1,4632,literature mathematics music,,27360,57000
bot1,0.1 0.1 0.1 0.1 0.3 0.1 0.7 0.1 0.5 0.1,4633,literature mathematics music,like,25200,45000
bot1,0.1 0.1 0.1 0.1 0.3 0.1 0.7 0.1 0.5 0.1,4634,literature mathematics music,like,18480,44000
bot1,0.1 0.1 0.1 0.1 0.3 0.1 0.7 0.1 0.5 0.1,4635,literature mathematics music,like,31200,60000
bot1,0.1 0.1 0.1 0.1 0.3 0.1 0.7 0.1 0.5 0.1,4636,literature mathematics music,like,22360,43000
bot1,0.1 0.1 0.1 0.1 0.3 0.1 0.7 0.1 0.5 0.1,4637,literature mathematics music,,17340,34000
bot1,0.1 0.1 0.1 0.1 0.3 0.1 0.7 0.1 0.5 0.1,4638,literature mathematics music,like,22950,45000
bot1,0.1 0.1 0.1 0.1 0.3 0.1 0.7 0.1 0.5 0.1,4639,literature mathematics music,like,17680,34000
bot1,0.1 0.1 0.1 0.1 0.3 0.1 0.7 0.1 0.5 0.1,4640,literature mathematics music,like,23460,46000
bot1,0.1 0.1 0.1 0.1 0.3 0.1 0.7 0.1 0.5 0.1,4641,literature mathematics music,like,14520,33000
bot1,0.1 0.1 0.1 0.1 0.3 0.1 0.7 0.1 0.5 0.1,4642,literature mathematics music,,19360,44000
bot1,0.1 0.1 0.1 0.1 0.3 0.1 0.7 0.1 0.5 0.1,4643,literature mathematics music,,25970,53000
bot1,0.1 0.1 0.1 0.1 0.3 0.1 0.7 0.1 0.5 0.1,4644,literature mathematics music,like,23500,47000
bot1,0.1 0.1 0.1 0.1 0.3 0.1 0.7 0.1 0.5 0.1,4645,literature mathematics music,like,29400,60000
bot1,0.1 0.1 0.1 0.1 0.3 0.1 0.7 0.1 0.5 0.1,4646,literature mathematics music,like,30210,57000
bot1,0.1 0.1 0.1 0.1 0.3 0.1 0.7 0.1 0.5 0.1,4647,literature mathematics music,,16170,33000
bot1,0.1 0.1 0.1 0.1 0.3 0.1 0.7 0.1 0.5 0.1,4648,literature mathematics music,,18720,39000
bot1,0.1 0.1 0.1 0.1 0.3 0.1 0.7 0.1 0.5 0.1,4649,literature mathematics physics,like,17680,34000
bot1,0.1 0.1 0.1 0.1 0.3 0.1 0.7 0.1 0.5 0.1,4650,literature mathematics physics,like,20670,39000
bot1,0.1 0.1 0.1 0.1 0.3 0.1 0.7 0.1 0.5 0.1,4651,literature mathematics physics,,20670,39000
bot1,0.1 0.1 0.1 0.1 0.3 0.1 0.7 0.1 0.5 0.1,4652,literature mathematics physics,like,18000,30000
bot1,0.1 0.1 0.1 0.1 0.3 0.1 0.7 0.1 0.5 0.1,4653,literature mathematics physics,like,17680,34000
bot1,0.1 0.1 0.1 0.1 0.3 0.1 0.7 0.1 0.5 0.1,4654,literature mathematics physics,like,23220,43000
bot1,0.1 0.1 0.1 0.1 0.3 0.1 0.7 0.1 0.5 0.1,4655,literature mathematics physics,like,31320,58000
bot1,0.1 0.1 0.1 0.1 0.3 0.1 0.7 0.1 0.5 0.1,4656,literature mathematics physics,,21450,39000
bot1,0.1 0.1 0.1 0.1 0.3 0.1 0.7 0.1 0.5 0.1,4657,literature mathematics physics,like,30240,56000
bot1,0.1 0.1 0.1 0.1 0.3 0.1 0.7 0.1 0.5 0.1,4658,literature mathematics physics,,15600,30000
bot1,0.1 0.1 0.1 0.1 0.3 0.1 0.7 0.1 0.5 0.1,4659,literature mathematics physics,,20910,41000
bot1,0.1 0.1 0.1 0.1 0.3 0.1 0.7 0.1 0.5 0.1,4660,literature mathematics physics,like,16120,31000
bot1,0.1 0.1 0.1 0.1 0.3 0.1 0.7 0.1 0.5 0.1,4661,literature mathematics physics,like,29280,48000
bot1,0.1 0.1 0.1 0.1 0.3 0.1 0.7 0.1 0.5 0.1,4662,literature mathematics physics,like,24640,44000
bot1,0.1 0.1 0.1 0.1 0.3 0.1 0.7 0.1 0.5 0.1,4663,literature mathematics physics,like,31900,55000
bot1,0.1 0.1 0.1 0.1 0.3 0.1 0.7 0.1 0.5 0.1,4664,literature mathematics physics,,29120,56000
bot1,0.1 0.1 0.1 0.1 0.3 0.1 0.7 0.1 0.5 0.1,4665,literature mathematics physics,like,28910,49000
bot1,0.1 0.1 0.1 0.1 0.3 0.1 0.7 0.1 0.5 0.1,4666,literature mathematics physics,like,17000,34000
bot1,0.1 0.1 0.1 0.1 0.3 0.1 0.7 0.1 0.5 0.1,4667,literature mathematics physics,like,22880,44000
bot1,0.1 0.1 0.1 0.1 0.3 0.1 0.7 0.1 0.5 0.1,4668,literature mathematics physics,like,28560,51000
bot1,0.1 0.1 0.1 0.1 0.3 0.1 0.7 0.1 0.5 0.1,4669,literature mathematics physics,like,27930,57000
bot1,0.1 0.1 0.1 0.1 0.3 0.1 0.7 0.1 0.5 0.1,4670,literature mathematics physics,like,17280,32000
bot1,0.1 0.1 0.1 0.1 0.3 0.1 0.7 0.1 0.5 0.1,4671,literature mathematics physics,like,25500,51000
bot1,0.1 0.1 0.1 0.1 0.3 0.1 0.7 0.1 0.5 0.1,4672,literature mathematics physics,like,22260,42000
bot1,0.1 0.1 0.1 0.1 0.3 0.1 0.7 0.1 0.5 0.1,4673,literature mathematics physics,,21420,42000
bot1,0.1 0.1 0.1 0.1 0.3 0.1 0.7 0.1 0.5 0.1,4674,literature mathematics physics,like,16120,31000
bot1,0.1 0.1 0.1 0.1 0.3 0.1 0.7 0.1 0.5 0.1,4675,literature mathematics physics,like,31320,58000
bot1,0.1 0.1 0.1 0.1 0.3 0.1 0.7 0.1 0.5 0.1,4676,literature mathematics physics,like,19760,38000
bot1,0.1 0.1 0.1 0.1 0.3 0.1 0.7 0.1 0.5 0.1,4677,literature mathematics psychology,like,26220,57000
bot1,0.1 0.1 0.1 0.1 0.3 0.1 0.7 0.1 0.5 0.1,4678,literature mathematics psychology,,15300,30000
bot1,0.1 0.1 0.1 0.1 0.3 0.1 0.7 0.1 0.5 0.1,4679,literature mathematics psychology,like,28600,55000
bot1,0.1 0.1 0.1 0.1 0.3 0.1 0.7 0.1 0.5 0.1,4680,literature mathematics psychology,like,18720,39000
bot1,0.1 0.1 0.1 0.1 0.3 0.1 0.7 0.1 0.5 0.1,4681,literature mathematics psychology,like,17160,33000
bot1,0.1 0.1 0.1 0.1 0.3 0.1 0.7 0.1 0.5 0.1,4682,literature mathematics psychology,like,15680,32000
bot1,0.1 0.1 0.1 0.1 0.3 0.1 0.7 0.1 0.5 0.1,4683,literature mathematics psychology,like,24500,49000
bot1,0.1 0.1 0.1 0.1 0.3 0.1 0.7 0.1 0.5 0.1,4684,literature mathematics psychology,like,27000,54000
bot1,0.1 0.1 0.1 0.1 0.3 0.1 0.7 0.1 0.5 0.1,4685,literature mathematics psychology,like,23520,48000
bot1,0.1 0.1 0.1 0.1 0.3 0.1 0.7 0.1 0.5 0.1,4686,literature mathematics psychology,like,23220,54000
bot1,0.1 0.1 0.1 0.1 0.3 0.1 0.7 0.1 0.5 0.1,4687,literature mathematics psychology,,30160,58000
bot1,0.1 0.1 0.1 0.1 0.3 0.1 0.7 0.1 0.5 0.1,4688,literature mathematics psychology,like,21420,51000
bot1,0.1 0.1 0.1 0.1 0.3 0.1 0.7 0.1 0.5 0.1,4689,literature mathematics psychology,like,17150,35000
bot1,0.1 0.1 0.1 0.1 0.3 0.1 0.7 0.1 0.5 0.1,4690,literature mathematics psychology,like,16340,38000
bot1,0.1 0.1 0.1 0.1 0.3 0.1 0.7 0.1 0.5 0.1,4691,literature mathematics psychology,like,18130,37000
bot1,0.1 0.1 0.1 0.1 0.3 0.1 0.7 0.1 0.5 0.1,4692,literature mathematics psychology,,26880,56000
bot1,0.1 0.1 0.1 0.1 0.3 0.1 0.7 0.1 0.5 0.1,4693,literature mathematics psychology,like,22000,44000
bot1,0.1 0.1 0.1 0.1 0.3 0.1 0.7 0.1 0.5 0.1,4694,literature mathematics psychology,like,24910,47000
bot1,0.1 0.1 0.1 0.1 0.3 0.1 0.7 0.1 0.5 0.1,4695,literature mathematics psychology,like,21000,42000
bot1,0.1 0.1 0.1 0.1 0.3 0.1 0.7 0.1 0.5 0.1,4696,literature mathematics psychology,like,21150,45000
bot1,0.1 0.1 0.1 0.1 0.3 0.1 0.7 0.1 0.5 0.1,4697,literature mathematics psychology,,14700,30000
bot1,0.1 0.1 0.1 0.1 0.3 0.1 0.7 0.1 0.5 0.1,4698,literature mathematics psychology,like,16450,35000
bot1,0.1 0.1 0.1 0.1 0.3 0.1 0.7 0.1 0.5 0.1,4699,literature mathematics psychology,like,31920,57000
bot1,0.1 0.1 0.1 0.1 0.3 0.1 0.7 0.1 0.5 0.1,4700,literature mathematics psychology,like,21420,42000
bot1,0.1 0.1 0.1 0.1 0.3 0.1 0.7 0.1 0.5 0.1,4701,literature mathematics psychology,,15840,33000
bot1,0.1 0.1 0.1 0.1 0.3 0.1 0.7 0.1 0.5 0.1,4702,literature mathematics psychology,,22560,47000
bot1,0.1 0.1 0.1 0.1 0.3 0.1 0.7 0.1 0.5 0.1,4703,literature mathematics psychology,,15980,34000
bot1,0.1 0.1 0.1 0.1 0.3 0.1 0.7 0.1 0.5 0.1,4704,literature mathematics psychology,,30240,54000
bot1,0.1 0.1 0.1 0.1 0.3 0.1 0.7 0.1 0.5 0.1,4705,literature music physics,like,13650,39000
bot1,0.1 0.1 0.1 0.1 0.3 0.1 0.7 0.1 0.5 0.1,4706,literature music physics,,17340,51000
bot1,0.1 0.1 0.1 0.1 0.3 0.1 0.7 0.1 0.5 0.1,4707,literature music physics,,14210,49000
bot1,0.1 0.1 0.1 0.1 0.3 0.1 0.7 0.1 0.5 0.1,4708,literature music physics,,11200,35000
bot1,0.1 0.1 0.1 0.1 0.3 0.1 0.7 0.1 0.5 0.1,4709,literature music physics,,9610,31000
bot1,0.1 0.1 0.1 0.1 0.3 0.1 0.7 0.1 0.5 0.1,4710,literature music physics,,11880,33000
bot1,0.1 0.1 0.1 0.1 0.3 0.1 0.7 0.1 0.5 0.1,4711,literature music physics,like,13760,43000
bot1,0.1 0.1 0.1 0.1 0.3 0.1 0.7 0.1 0.5 0.1,4712,literature music physics,,12160,38000
bot1,0.1 0.1 0.1 0.1 0.3 0.1 0.7 0.1 0.5 0.1,4713,literature music physics,,22400,56000
bot1,0.1 0.1 0.1 0.1 0.3 0.1 0.7 0.1 0.5 0.1,4714,literature music physics,,9300,31000
bot1,0.1 0.1 0.1 0.1 0.3 0.1 0.7 0.1 0.5 0.1,4715,literature music physics,,16740,54000
bot1,0.1 0.1 0.1 0.1 0.3 0.1 0.7 0.1 0.5 0.1,4716,literature music physics,,14800,37000
bot1,0.1 0.1 0.1 0.1 0.3 0.1 0.7 0.1 0.5 0.1,4717,literature music physics,like,16740,54000
bot1,0.1 0.1 0.1 0.1 0.3 0.1 0.7 0.1 0.5 0.1,4718,literature music physics,,21000,60000
bot1,0.1 0.1 0.1 0.1 0.3 0.1 0.7 0.1 0.5 0.1,4719,literature music physics,,10850,31000
bot1,0.1 0.1 0.1 0.1 0.3 0.1 0.7 0.1 0.5 0.1,4720,literature music physics,,17390,47000
bot1,0.1 0.1 0.1 0.1 0.3 0.1 0.7 0.1 0.5 0.1,4721,literature music physics,like,15750,45000
bot1,0.1 0.1 0.1 0.1 0.3 0.1 0.7 0.1 0.5 0.1,4722,literature music physics,like,18500,50000
bot1,0.1 0.1 0.1 0.1 0.3 0.1 0.7 0.1 0.5 0.1,4723,literature music physics,like,17980,58000
bot1,0.1 0.1 0.1 0.1 0.3 0.1 0.7 0.1 0.5 0.1,4724,literature music physics,,14100,47000
bot1,0.1 0.1 0.1 0.1 0.3 0.1 0.7 0.1 0.5 0.1,4725,literature music physics,like,13770,51000
bot1,0.1 0.1 0.1 0.1 0.3 0.1 0.7 0.1 0.5 0.1,4726,literature music physics,like,15660,54000
bot1,0.1 0.1 0.1 0.1 0.3 0.1 0.7 0.1 0.5 0.1,4727,literature music physics,,15950,55000
bot1,0.1 0.1 0.1 0.1 0.3 0.1 0.7 0.1 0.5 0.1,4728,literature music physics,,16320,48000
bot1,0.1 0.1 0.1 0.1 0.3 0.1 0.7 0.1 0.5 0.1,4729,literature music physics,,9920,32000
bot1,0.1 0.1 0.1 0.1 0.3 0.1 0.7 0.1 0.5 0.1,4730,literature music physics,,16100,46000
bot1,0.1 0.1 0.1 0.1 0.3 0.1 0.7 0.1 0.5 0.1,4731,literature music physics,like,21600,60000
bot1,0.1 0.1 0.1 0.1 0.3 0.1 0.7 0.1 0.5 0.1,4732,literature music physics,like,15510,47000
bot1,0.1 0.1 0.1 0.1 0.3 0.1 0.7 0.1 0.5 0.1,4733,literature music psychology,,2750,55000
bot1,0.1 0.1 0.1 0.1 0.3 0.1 0.7 0.1 0.5 0.1,4734,literature music psychology,,4800,60000
bot1,0.1 0.1 0.1 0.1 0.3 0.1 0.7 0.1 0.5 0.1,4735,literature music psychology,,8260,59000
bot1,0.1 0.1 0.1 0.1 0.3 0.1 0.7 0.1 0.5 0.1,4736,literature music psychology,,2170,31000
bot1,0.1 0.1 0.1 0.1 0.3 0.1 0.7 0.1 0.5 0.1,4737,literature music psychology,,5280,44000
bot1,0.1 0.1 0.1 0.1 0.3 0.1 0.7 0.1 0.5 0.1,4738,literature music psychology,,3920,49000
bot1,0.1 0.1 0.1 0.1 0.3 0.1 0.7 0.1 0.5 0.1,4739,literature music psychology,,2450,35000
bot1,0.1 0.1 0.1 0.1 0.3 0.1 0.7 0.1 0.5 0.1,4740,literature music psychology,,5310,59000
bot1,0.1 0.1 0.1 0.1 0.3 0.1 0.7 0.1 0.5 0.1,4741,literature music psychology,,2660,38000
bot1,0.1 0.1 0.1 0.1 0.3 0.1 0.7 0.1 0.5 0.1,4742,literature music psychology,,5040,56000
bot1,0.1 0.1 0.1 0.1 0.3 0.1 0.7 0.1 0.5 0.1,4743,literature music psychology,,2050,41000
bot1,0.1 0.1 0.1 0.1 0.3 0.1 0.7 0.1 0.5 0.1,4744,literature music psychology,,2520,36000
bot1,0.1 0.1 0.1 0.1 0.3 0.1 0.7 0.1 0.5 0.1,4745,literature music psychology,,4600,46000
bot1,0.1 0.1 0.1 0.1 0.3 0.1 0.7 0.1 0.5 0.1,4746,literature music psychology,,2450,35000
bot1,0.1 0.1 0.1 0.1 0.3 0.1 0.7 0.1 0.5 0.1,4747,literature music psychology,,6720,48000
bot1,0.1 0.1 0.1 0.1 0.3 0.1 0.7 0.1 0.5 0.1,4748,literature music psychology,,3840,32000
bot1,0.1 0.1 0.1 0.1 0.3 0.1 0.7 0.1 0.5 0.1,4749,literature music psychology,,1650,33000
bot1,0.1 0.1 0.1 0.1 0.3 0.1 0.7 0.1 0.5 0.1,4750,literature music psychology,,3710,53000
bot1,0.1 0.1 0.1 0.1 0.3 0.1 0.7 0.1 0.5 0.1,4751,literature music psychology,,4560,38000
bot1,0.1 0.1 0.1 0.1 0.3 0.1 0.7 0.1 0.5 0.1,4752,literature music psychology,,3240,36000
bot1,0.1 0.1 0.1 0.1 0.3 0.1 0.7 0.1 0.5 0.1,4753,literature music psychology,,6000,60000
bot1,0.1 0.1 0.1 0.1 0.3 0.1 0.7 0.1 0.5 0.1,4754,literature music psychology,,5220,58000
bot1,0.1 0.1 0.1 0.1 0.3 0.1 0.7 0.1 0.5 0.1,4755,literature music psychology,,3200,40000
bot1,0.1 0.1 0.1 0.1 0.3 0.1 0.7 0.1 0.5 0.1,4756,literature music psychology,,5940,54000
bot1,0.1 0.1 0.1 0.1 0.3 0.1 0.7 0.1 0.5 0.1,4757,literature music psychology,,1520,38000
bot1,0.1 0.1 0.1 0.1 0.3 0.1 0.7 0.1 0.5 0.1,4758,literature music psychology,,5200,40000
bot1,0.1 0.1 0.1 0.1 0.3 0.1 0.7 0.1 0.5 0.1,4759,literature music psychology,,5280,44000
bot1,0.1 0.1 0.1 0.1 0.3 0.1 0.7 0.1 0.5 0.1,4760,literature music psychology,,2800,40000
bot1,0.1 0.1 0.1 0.1 0.3 0.1 0.7 0.1 0.5 0.1,4761,literature physics psychology,like,20280,52000
bot1,0.1 0.1 0.1 0.1 0.3 0.1 0.7 0.1 0.5 0.1,4762,literature physics psychology,,18880,59000
bot1,0.1 0.1 0.1 0.1 0.3 0.1 0.7 0.1 0.5 0.1,4763,literature physics psychology,,17550,45000
bot1,0.1 0.1 0.1 0.1 0.3 0.1 0.7 0.1 0.5 0.1,4764,literature physics psychology,,9300,30000
bot1,0.1 0.1 0.1 0.1 0.3 0.1 0.7 0.1 0.5 0.1,4765,literature physics psychology,,14620,43000
bot1,0.1 0.1 0.1 0.1 0.3 0.1 0.7 0.1 0.5 0.1,4766,literature physics psychology,like,14560,52000
bot1,0.1 0.1 0.1 0.1 0.3 0.1 0.7 0.1 0.5 0.1,4767,literature physics psychology,like,17820,54000
bot1,0.1 0.1 0.1 0.1 0.3 0.1 0.7 0.1 0.5 0.1,4768,literature physics psychology,,11520,32000
bot1,0.1 0.1 0.1 0.1 0.3 0.1 0.7 0.1 0.5 0.1,4769,literature physics psychology,,17000,50000
bot1,0.1 0.1 0.1 0.1 0.3 0.1 0.7 0.1 0.5 0.1,4770,literature physics psychology,like,13630,47000
bot1,0.1 0.1 0.1 0.1 0.3 0.1 0.7 0.1 0.5 0.1,4771,literature physics psychology,,17920,56000
bot1,0.1 0.1 0.1 0.1 0.3 0.1 0.7 0.1 0.5 0.1,4772,literature physics psychology,,11880,44000
bot1,0.1 0.1 0.1 0.1 0.3 0.1 0.7 0.1 0.5 0.1,4773,literature physics psychology,,14760,41000
bot1,0.1 0.1 0.1 0.1 0.3 0.1 0.7 0.1 0.5 0.1,4774,literature physics psychology,,11340,42000
bot1,0.1 0.1 0.1 0.1 0.3 0.1 0.7 0.1 0.5 0.1,4775,literature physics psychology,,12710,41000
bot1,0.1 0.1 0.1 0.1 0.3 0.1 0.7 0.1 0.5 0.1,4776,literature physics psychology,,19040,56000
bot1,0.1 0.1 0.1 0.1 0.3 0.1 0.7 0.1 0.5 0.1,4777,literature physics psychology,,16640,52000
bot1,0.1 0.1 0.1 0.1 0.3 0.1 0.7 0.1 0.5 0.1,4778,literature physics psychology,,9240,33000
bot1,0.1 0.1 0.1 0.1 0.3 0.1 0.7 0.1 0.5 0.1,4779,literature physics psychology,,25370,59000
bot1,0.1 0.1 0.1 0.1 0.3 0.1 0.7 0.1 0.5 0.1,4780,literature physics psychology,,11100,30000
bot1,0.1 0.1 0.1 0.1 0.3 0.1 0.7 0.1 0.5 0.1,4781,literature physics psychology,,11100,30000
bot1,0.1 0.1 0.1 0.1 0.3 0.1 0.7 0.1 0.5 0.1,4782,literature physics psychology,like,16830,51000
bot1,0.1 0.1 0.1 0.1 0.3 0.1 0.7 0.1 0.5 0.1,4783,literature physics psychology,like,12710,41000
bot1,0.1 0.1 0.1 0.1 0.3 0.1 0.7 0.1 0.5 0.1,4784,literature physics psychology,like,19040,56000
bot1,0.1 0.1 0.1 0.1 0.3 0.1 0.7 0.1 0.5 0.1,4785,literature physics psychology,,12090,39000
bot1,0.1 0.1 0.1 0.1 0.3 0.1 0.7 0.1 0.5 0.1,4786,literature physics psychology,,12580,37000
bot1,0.1 0.1 0.1 0.1 0.3 0.1 0.7 0.1 0.5 0.1,4787,literature physics psychology,like,17100,45000
bot1,0.1 0.1 0.1 0.1 0.3 0.1 0.7 0.1 0.5 0.1,4788,literature physics psychology,,11780,31000
bot1,0.1 0.1 0.1 0.1 0.3 0.1 0.7 0.1 0.5 0.1,4789,mathematics music physics,,30740,58000
bot1,0.1 0.1 0.1 0.1 0.3 0.1 0.7 0.1 0.5 0.1,4790,mathematics music physics,like,27930,49000
bot1,0.1 0.1 0.1 0.1 0.3 0.1 0.7 0.1 0.5 0.1,4791,mathematics music physics,like,19800,36000
bot1,0.1 0.1 0.1 0.1 0.3 0.1 0.7 0.1 0.5 0.1,4792,mathematics music physics,like,27500,50000
bot1,0.1 0.1 0.1 0.1 0.3 0.1 0.7 0.1 0.5 0.1,4793,mathematics music physics,,29640,57000
bot1,0.1 0.1 0.1 0.1 0.3 0.1 0.7 0.1 0.5 0.1,4794,mathematics music physics,like,25760,46000
bot1,0.1 0.1 0.1 0.1 0.3 0.1 0.7 0.1 0.5 0.1,4795,mathematics music physics,like,25380,47000
bot1,0.1 0.1 0.1 0.1 0.3 0.1 0.7 0.1 0.5 0.1,4796,mathematics music physics,,29680,53000
bot1,0.1 0.1 0.1 0.1 0.3 0.1 0.7 0.1 0.5 0.1,4797,mathematics music physics,like,27030,51000
bot1,0.1 0.1 0.1 0.1 0.3 0.1 0.7 0.1 0.5 0.1,4798,mathematics music physics,like,19250,35000
bot1,0.1 0.1 0.1 0.1 0.3 0.1 0.7 0.1 0.5 0.1,4799,mathematics music physics,,16320,34000
bot1,0.1 0.1 0.1 0.1 0.3 0.1 0.7 0.1 0.5 0.1,4800,mathematics music physics,like,18700,34000
bot1,0.1 0.1 0.1 0.1 0.3 0.1 0.7 0.1 0.5 0.1,4801,mathematics music physics,like,23520,48000
bot1,0.1 0.1 0.1 0.1 0.3 0.1 0.7 0.1 0.5 0.1,4802,mathematics music physics,,31320,58000
bot1,0.1 0.1 0.1 0.1 0.3 0.1 0.7 0.1 0.5 0.1,4803,mathematics music physics,like,27500,55000
bot1,0.1 0.1 0.1 0.1 0.3 0.1 0.7 0.1 0.5 0.1,4804,mathematics music physics,like,30780,57000
bot1,0.1 0.1 0.1 0.1 0.3 0.1 0.7 0.1 0.5 0.1,4805,mathematics music physics,like,26520,52000
bot1,0.1 0.1 0.1 0.1 0.3 0.1 0.7 0.1 0.5 0.1,4806,mathematics music physics,like,26950,49000
bot1,0.1 0.1 0.1 0.1 0.3 0.1 0.7 0.1 0.5 0.1,4807,mathematics music physics,like,25380,47000
bot1,0.1 0.1 0.1 0.1 0.3 0.1 0.7 0.1 0.5 0.1,4808,mathematics music physics,like,15000,30000
bot1,0.1 0.1 0.1 0.1 0.3 0.1 0.7 0.1 0.5 0.1,4809,mathematics music physics,,29000,50000
bot1,0.1 0.1 0.1 0.1 0.3 0.1 0.7 0.1 0.5 0.1,4810,mathematics music physics,like,27500,50000
bot1,0.1 0.1 0.1 0.1 0.3 0.1 0.7 0.1 0.5 0.1,4811,mathematics music physics,,31800,60000
bot1,0.1 0.1 0.1 0.1 0.3 0.1 0.7 0.1 0.5 0.1,4812,mathematics music physics,like,29640,57000
bot1,0.1 0.1 0.1 0.1 0.3 0.1 0.7 0.1 0.5 0.1,4813,mathematics music physics,like,19380,38000
bot1,0.1 0.1 0.1 0.1 0.3 0.1 0.7 0.1 0.5 0.1,4814,mathematics music physics,like,24840,46000
bot1,0.1 0.1 0.1 0.1 0.3 0.1 0.7 0.1 0.5 0.1,4815,mathematics music physics,like,22550,41000
bot1,0.1 0.1 0.1 0.1 0.3 0.1 0.7 0.1 0.5 0.1,4816,mathematics music physics,like,17050,31000
bot1,0.1 0.1 0.1 0.1 0.3 0.1 0.7 0.1 0.5 0.1,4817,mathematics music psychology,,20350,37000
bot1,0.1 0.1 0.1 0.1 0.3 0.1 0.7 0.1 0.5 0.1,4818,mathematics music psychology,,25960,59000
bot1,0.1 0.1 0.1 0.1 0.3 0.1 0.7 0.1 0.5 0.1,4819,mathematics music psychology,like,20240,44000
bot1,0.1 0.1 0.1 0.1 0.3 0.1 0.7 0.1 0.5 0.1,4820,mathematics music psychology,like,21000,42000
bot1,0.1 0.1 0.1 0.1 0.3 0.1 0.7 0.1 0.5 0.1,4821,mathematics music psychology,,15680,32000
bot1,0.1 0.1 0.1 0.1 0.3 0.1 0.7 0.1 0.5 0.1,4822,mathematics music psychology,like,28600,55000
bot1,0.1 0.1 0.1 0.1 0.3 0.1 0.7 0.1 0.5 0.1,4823,mathematics music psychology,like,25970,53000
bot1,0.1 0.1 0.1 0.1 0.3 0.1 0.7 0.1 0.5 0.1,4824,mathematics music psychology,like,28080,52000
bot1,0.1 0.1 0.1 0.1 0.3 0.1 0.7 0.1 0.5 0.1,4825,mathematics music psychology,,15040,32000
bot1,0.1 0.1 0.1 0.1 0.3 0.1 0.7 0.1 0.5 0.1,4826,mathematics music psychology,,18000,36000
bot1,0.1 0.1 0.1 0.1 0.3 0.1 0.7 0.1 0.5 0.1,4827,mathematics music psychology,like,19890,39000
bot1,0.1 0.1 0.1 0.1 0.3 0.1 0.7 0.1 0.5 0.1,4828,mathematics music psychology,like,23500,50000
bot1,0.1 0.1 0.1 0.1 0.3 0.1 0.7 0.1 0.5 0.1,4829,mathematics music psychology,,22050,45000
bot1,0.1 0.1 0.1 0.1 0.3 0.1 0.7 0.1 0.5 0.1,4830,mathematics music psychology,like,14700,30000
bot1,0.1 0.1 0.1 0.1 0.3 0.1 0.7 0.1 0.5 0.1,4831,mathematics music psychology,,23000,50000
bot1,0.1 0.1 0.1 0.1 0.3 0.1 0.7 0.1 0.5 0.1,4832,mathematics music psychology,like,28000,56000
bot1,0.1 0.1 0.1 0.1 0.3 0.1 0.7 0.1 0.5 0.1,4833,mathematics music psychology,,15840,33000
bot1,0.1 0.1 0.1 0.1 0.3 0.1 0.7 0.1 0.5 0.1,4834,mathematics music psychology,like,31200,60000
bot1,0.1 0.1 0.1 0.1 0.3 0.1 0.7 0.1 0.5 0.1,4835,mathematics music psychology,,16120,31000
bot1,0.1 0.1 0.1 0.1 0.3 0.1 0.7 0.1 0.5 0.1,4836,mathematics music psychology,like,21160,46000
bot1,0.1 0.1 0.1 0.1 0.3 0.1 0.7 0.1 0.5 0.1,4837,mathematics music psychology,like,27000,60000
bot1,0.1 0.1 0.1 0.1 0.3 0.1 0.7 0.1 0.5 0.1,4838,mathematics music psychology,,22540,49000
bot1,0.1 0.1 0.1 0.1 0.3 0.1 0.7 0.1 0.5 0.1,4839,mathematics music psychology,like,27540,54000
bot1,0.1 0.1 0.1 0.1 0.3 0.1 0.7 0.1 0.5 0.1,4840,mathematics music psychology,like,19360,44000
bot1,0.1 0.1 0.1 0.1 0.3 0.1 0.7 0.1 0.5 0.1,4841,mathematics music psychology,like,14400,32000
bot1,0.1 0.1 0.1 0.1 0.3 0.1 0.7 0.1 0.5 0.1,4842,mathematics music psychology,like,30680,59000
bot1,0.1 0.1 0.1 0.1 0.3 0.1 0.7 0.1 0.5 0.1,4843,mathematics music psychology,like,20800,40000
bot1,0.1 0.1 0.1 0.1 0.3 0.1 0.7 0.1 0.5 0.1,4844,mathematics music psychology,like,27560,52000
bot1,0.1 0.1 0.1 0.1 0.3 0.1 0.7 0.1 0.5 0.1,4845,mathematics physics psychology,like,19380,34000
bot1,0.1 0.1 0.1 0.1 0.3 0.1 0.7 0.1 0.5 0.1,4846,mathematics physics psychology,like,33550,55000
bot1,0.1 0.1 0.1 0.1 0.3 0.1 0.7 0.1 0.5 0.1,4847,mathematics physics psychology,like,24180,39000
bot1,0.1 0.1 0.1 0.1 0.3 0.1 0.7 0.1 0.5 0.1,4848,mathematics physics psychology,like,21500,43000
bot1,0.1 0.1 0.1 0.1 0.3 0.1 0.7 0.1 0.5 0.1,4849,mathematics physics psychology,,30090,51000
bot1,0.1 0.1 0.1 0.1 0.3 0.1 0.7 0.1 0.5 0.1,4850,mathematics physics psychology,like,18290,31000
bot1,0.1 0.1 0.1 0.1 0.3 0.1 0.7 0.1 0.5 0.1,4851,mathematics physics psychology,,26880,42000
bot1,0.1 0.1 0.1 0.1 0.3 0.1 0.7 0.1 0.5 0.1,4852,mathematics physics psychology,like,26460,49000
bot1,0.1 0.1 0.1 0.1 0.3 0.1 0.7 0.1 0.5 0.1,4853,mathematics physics psychology,like,18870,37000
bot1,0.1 0.1 0.1 0.1 0.3 0.1 0.7 0.1 0.5 0.1,4854,mathematics physics psychology,like,30800,55000
bot1,0.1 0.1 0.1 0.1 0.3 0.1 0.7 0.1 0.5 0.1,4855,mathematics physics psychology,like,15900,30000
bot1,0.1 0.1 0.1 0.1 0.3 0.1 0.7 0.1 0.5 0.1,4856,mathematics physics psychology,,22880,44000
bot1,0.1 0.1 0.1 0.1 0.3 0.1 0.7 0.1 0.5 0.1,4857,mathematics physics psychology,like,31320,58000
bot1,0.1 0.1 0.1 0.1 0.3 0.1 0.7 0.1 0.5 0.1,4858,mathematics physics psychology,like,16830,33000
bot1,0.1 0.1 0.1 0.1 0.3 0.1 0.7 0.1 0.5 0.1,4859,mathematics physics psychology,like,31200,60000
bot1,0.1 0.1 0.1 0.1 0.3 0.1 0.7 0.1 0.5 0.1,4860,mathematics physics psychology,,15900,30000
bot1,0.1 0.1 0.1 0.1 0.3 0.1 0.7 0.1 0.5 0.1,4861,mathematics physics psychology,,20800,40000
bot1,0.1 0.1 0.1 0.1 0.3 0.1 0.7 0.1 0.5 0.1,4862,mathematics physics psychology,like,17490,33000
bot1,0.1 0.1 0.1 0.1 0.3 0.1 0.7 0.1 0.5 0.1,4863,mathematics physics psychology,,28420,49000
bot1,0.1 0.1 0.1 0.1 0.3 0.1 0.7 0.1 0.5 0.1,4864,mathematics physics psychology,like,25440,48000
bot1,0.1 0.1 0.1 0.1 0.3 0.1 0.7 0.1 0.5 0.1,4865,mathematics physics psychology,like,20520,36000
bot1,0.1 0.1 0.1 0.1 0.3 0.1 0.7 0.1 0.5 0.1,4866,mathematics physics psychology,like,19040,34000
bot1,0.1 0.1 0.1 0.1 0.3 0.1 0.7 0.1 0.5 0.1,4867,mathematics physics psychology,like,19000,38000
bot1,0.1 0.1 0.1 0.1 0.3 0.1 0.7 0.1 0.5 0.1,4868,mathematics physics psychology,like,25200,45000
bot1,0.1 0.1 0.1 0.1 0.3 0.1 0.7 0.1 0.5 0.1,4869,mathematics physics psychology,,22000,44000
bot1,0.1 0.1 0.1 0.1 0.3 0.1 0.7 0.1 0.5 0.1,4870,mathematics physics psychology,,17340,34000
bot1,0.1 0.1 0.1 0.1 0.3 0.1 0.7 0.1 0.5 0.1,4871,mathematics physics psychology,like,17980,31000
bot1,0.1 0.1 0.1 0.1 0.3 0.1 0.7 0.1 0.5 0.1,4872,mathematics physics psychology,like,26880,48000
bot1,0.1 0.1 0.1 0.1 0.3 0.1 0.7 0.1 0.5 0.1,4873,music physics psychology,like,18000,60000
bot1,0.1 0.1 0.1 0.1 0.3 0.1 0.7 0.1 0.5 0.1,4874,music physics psychology,like,14350,41000
bot1,0.1 0.1 0.1 0.1 0.3 0.1 0.7 0.1 0.5 0.1,4875,music physics psychology,,19140,58000
bot1,0.1 0.1 0.1 0.1 0.3 0.1 0.7 0.1 0.5 0.1,4876,music physics psychology,,11900,34000
bot1,0.1 0.1 0.1 0.1 0.3 0.1 0.7 0.1 0.5 0.1,4877,music physics psychology,like,13260,39000
bot1,0.1 0.1 0.1 0.1 0.3 0.1 0.7 0.1 0.5 0.1,4878,music physics psychology,like,12480,39000
bot1,0.1 0.1 0.1 0.1 0.3 0.1 0.7 0.1 0.5 0.1,4879,music physics psychology,,8100,30000
bot1,0.1 0.1 0.1 0.1 0.3 0.1 0.7 0.1 0.5 0.1,4880,music physics psychology,,16320,51000
bot1,0.1 0.1 0.1 0.1 0.3 0.1 0.7 0.1 0.5 0.1,4881,music physics psychology,like,9610,31000
bot1,0.1 0.1 0.1 0.1 0.3 0.1 0.7 0.1 0.5 0.1,4882,music physics psychology,like,17360,56000
bot1,0.1 0.1 0.1 0.1 0.3 0.1 0.7 0.1 0.5 0.1,4883,music physics psychology,,13680,57000
bot1,0.1 0.1 0.1 0.1 0.3 0.1 0.7 0.1 0.5 0.1,4884,music physics psychology,like,12300,41000
bot1,0.1 0.1 0.1 0.1 0.3 0.1 0.7 0.1 0.5 0.1,4885,music physics psychology,like,11520,36000
bot1,0.1 0.1 0.1 0.1 0.3 0.1 0.7 0.1 0.5 0.1,4886,music physics psychology,like,13320,36000
bot1,0.1 0.1 0.1 0.1 0.3 0.1 0.7 0.1 0.5 0.1,4887,music physics psychology,like,13200,40000
bot1,0.1 0.1 0.1 0.1 0.3 0.1 0.7 0.1 0.5 0.1,4888,music physics psychology,like,13050,45000
bot1,0.1 0.1 0.1 0.1 0.3 0.1 0.7 0.1 0.5 0.1,4889,music physics psychology,,14520,44000
bot1,0.1 0.1 0.1 0.1 0.3 0.1 0.7 0.1 0.5 0.1,4890,music physics psychology,,11200,40000
bot1,0.1 0.1 0.1 0.1 0.3 0.1 0.7 0.1 0.5 0.1,4891,music physics psychology,like,16800,48000
bot1,0.1 0.1 0.1 0.1 0.3 0.1 0.7 0.1 0.5 0.1,4892,music physics psychology,,16170,49000
bot1,0.1 0.1 0.1 0.1 0.3 0.1 0.7 0.1 0.5 0.1,4893,music physics psychology,,12800,40000
bot1,0.1 0.1 0.1 0.1 0.3 0.1 0.7 0.1 0.5 0.1,4894,music physics psychology,,12320,44000
bot1,0.1 0.1 0.1 0.1 0.3 0.1 0.7 0.1 0.5 0.1,4895,music physics psychology,like,20060,59000
bot1,0.1 0.1 0.1 0.1 0.3 0.1 0.7 0.1 0.5 0.1,4896,music physics psychology,,14060,37000
bot1,0.1 0.1 0.1 0.1 0.3 0.1 0.7 0.1 0.5 0.1,4897,music physics psychology,,17000,50000
bot1,0.1 0.1 0.1 0.1 0.3 0.1 0.7 0.1 0.5 0.1,4898,music physics psychology,,14060,37000
bot1,0.1 0.1 0.1 0.1 0.3 0.1 0.7 0.1 0.5 0.1,4899,music physics psychology,,11160,36000
bot1,0.1 0.1 0.1 0.1 0.3 0.1 0.7 0.1 0.5 0.1,4900,music physics psychology,,18020,53000
