video_id,title,categories,duration,tags,publish_date,vector
1,Video Title 1,arts,50000,,2015-02-13 08:36:05,1 0 0 0 0 0 0 0 0 0
2,Video Title 2,arts,53000,,2016-10-02 20:34:05,1 0 0 0 0 0 0 0 0 0
3,Video Title 3,arts,37000,,2015-05-27 07:31:21,1 0 0 0 0 0 0 0 0 0
4,Video Title 4,arts,33000,,2020-10-07 22:52:30,1 0 0 0 0 0 0 0 0 0
5,Video Title 5,arts,58000,,2019-06-16 14:06:30,1 0 0 0 0 0 0 0 0 0
6,Video Title 6,arts,48000,,2018-03-23 00:21:05,1 0 0 0 0 0 0 0 0 0
7,Video Title 7,arts,30000,,2014-12-10 23:42:10,1 0 0 0 0 0 0 0 0 0
8,Video Title 8,arts,37000,,2019-01-21 13:07:23,1 0 0 0 0 0 0 0 0 0
9,Video Title 9,arts,30000,,2019-08-13 13:04:03,1 0 0 0 0 0 0 0 0 0
10,Video Title 10,arts,52000,,2020-07-02 01:52:36,1 0 0 0 0 0 0 0 0 0
11,Video Title 11,arts,47000,,2018-03-14 05:56:10,1 0 0 0 0 0 0 0 0 0
12,Video Title 12,arts,44000,,2019-11-23 19:40:26,1 0 0 0 0 0 0 0 0 0
13,Video Title 13,arts,55000,,2022-09-10 22:42:29,1 0 0 0 0 0 0 0 0 0
14,Video Title 14,arts,54000,,2022-01-22 05:45:59,1 0 0 0 0 0 0 0 0 0
15,Video Title 15,arts,52000,,2018-03-25 13:01:16,1 0 0 0 0 0 0 0 0 0
16,Video Title 16,arts,38000,,2015-07-24 12:00:15,1 0 0 0 0 0 0 0 0 0
17,Video Title 17,arts,60000,,2021-08-20 18:05:08,1 0 0 0 0 0 0 0 0 0
18,Video Title 18,arts,33000,,2014-12-07 12:32:09,1 0 0 0 0 0 0 0 0 0
19,Video Title 19,arts,33000,,2017-08-05 06:35:37,1 0 0 0 0 0 0 0 0 0
20,Video Title 20,arts,41000,,2020-01-15 14:24:01,1 0 0 0 0 0 0 0 0 0
21,Video Title 21,arts,55000,,2014-06-10 14:15:31,1 0 0 0 0 0 0 0 0 0
22,Video Title 22,arts,44000,,2019-05-14 05:34:50,1 0 0 0 0 0 0 0 0 0
23,Video Title 23,arts,59000,,2017-10-15 15:36:41,1 0 0 0 0 0 0 0 0 0
24,Video Title 24,arts,47000,,2016-12-08 02:25:02,1 0 0 0 0 0 0 0 0 0
25,Video Title 25,arts,50000,,2020-03-09 14:19:49,1 0 0 0 0 0 0 0 0 0
26,Video Title 26,arts,57000,,2017-08-14 23:13:41,1 0 0 0 0 0 0 0 0 0
27,Video Title 27,arts,36000,,2021-01-17 16:29:34,1 0 0 0 0 0 0 0 0 0
28,Video Title 28,arts,31000,,2020-08-12 14:40:00,1 0 0 0 0 0 0 0 0 0
29,Video Title 29,arts,54000,,2016-11-24 06:23:08,1 0 0 0 0 0 0 0 0 0
30,Video Title 30,arts,32000,,2022-07-21 21:49:56,1 0 0 0 0 0 0 0 0 0
31,Video Title 31,arts,57000,,2015-01-06 15:43:30,1 0 0 0 0 0 0 0 0 0
32,Video Title 32,arts,38000,,2018-07-15 22:44:32,1 0 0 0 0 0 0 0 0 0
33,Video Title 33,arts,56000,,2017-08-26 15:17:55,1 0 0 0 0 0 0 0 0 0
34,Video Title 34,arts,41000,,2017-07-22 17:42:48,1 0 0 0 0 0 0 0 0 0
35,Video Title 35,arts,51000,,2016-09-03 11:15:25,1 0 0 0 0 0 0 0 0 0
36,Video Title 36,arts,59000,,2020-11-01 22:46:31,1 0 0 0 0 0 0 0 0 0
37,Video Title 37,arts,32000,,2020-02-04 07:52:33,1 0 0 0 0 0 0 0 0 0
38,Video Title 38,arts,35000,,2019-05-06 14:39:11,1 0 0 0 0 0 0 0 0 0
39,Video Title 39,arts,37000,,2015-08-22 10:03:30,1 0 0 0 0 0 0 0 0 0
40,Video Title 40,arts,42000,,2016-09-14 07:25:46,1 0 0 0 0 0 0 0 0 0
41,Video Title 41,arts,59000,,2020-05-26 23:58:44,1 0 0 0 0 0 0 0 0 0
42,Video Title 42,arts,47000,,2016-03-14 14:17:21,1 0 0 0 0 0 0 0 0 0
43,Video Title 43,arts,40000,,2022-06-06 09:49:41,1 0 0 0 0 0 0 0 0 0
44,Video Title 44,arts,54000,,2014-07-26 04:09:51,1 0 0 0 0 0 0 0 0 0
45,Video Title 45,arts,56000,,2014-04-30 03:58:52,1 0 0 0 0 0 0 0 0 0
46,Video Title 46,arts,40000,,2018-01-06 06:02:07,1 0 0 0 0 0 0 0 0 0
47,Video Title 47,arts,32000,,2016-02-12 02:05:49,1 0 0 0 0 0 0 0 0 0
48,Video Title 48,arts,60000,,2019-09-04 04:58:21,1 0 0 0 0 0 0 0 0 0
49,Video Title 49,arts,52000,,2017-02-24 13:46:56,1 0 0 0 0 0 0 0 0 0
50,Video Title 50,arts,50000,,2018-12-30 04:39:29,1 0 0 0 0 0 0 0 0 0
51,Video Title 51,arts,58000,,2023-02-23 02:22:07,1 0 0 0 0 0 0 0 0 0
52,Video Title 52,arts,44000,,2015-06-08 11:33:04,1 0 0 0 0 0 0 0 0 0
53,Video Title 53,arts,34000,,2016-06-21 04:34:10,1 0 0 0 0 0 0 0 0 0
54,Video Title 54,arts,47000,,2019-05-24 06:24:38,1 0 0 0 0 0 0 0 0 0
55,Video Title 55,arts,53000,,2019-11-06 17:43:57,1 0 0 0 0 0 0 0 0 0
56,Video Title 56,arts,58000,,2019-11-02 21:29:03,1 0 0 0 0 0 0 0 0 0
57,Video Title 57,arts,41000,,2016-03-13 12:29:54,1 0 0 0 0 0 0 0 0 0
58,Video Title 58,arts,34000,,2019-02-05 18:30:11,1 0 0 0 0 0 0 0 0 0
59,Video Title 59,arts,32000,,2021-07-23 14:31:01,1 0 0 0 0 0 0 0 0 0
60,Video Title 60,arts,57000,,2015-02-07 05:15:49,1 0 0 0 0 0 0 0 0 0
61,Video Title 61,arts,50000,,2015-08-09 22:25:24,1 0 0 0 0 0 0 0 0 0
62,Video Title 62,arts,51000,,2018-03-23 21:12:47,1 0 0 0 0 0 0 0 0 0
63,Video Title 63,arts,32000,,2017-11-07 09:36:59,1 0 0 0 0 0 0 0 0 0
64,Video Title 64,arts,49000,,2023-12-17 20:13:58,1 0 0 0 0 0 0 0 0 0
65,Video Title 65,arts,46000,,2016-07-08 15:52:36,1 0 0 0 0 0 0 0 0 0
66,Video Title 66,arts,47000,,2022-08-10 20:18:06,1 0 0 0 0 0 0 0 0 0
67,Video Title 67,arts,30000,,2020-10-21 00:49:36,1 0 0 0 0 0 0 0 0 0
68,Video Title 68,arts,33000,,2020-10-26 05:49:41,1 0 0 0 0 0 0 0 0 0
69,Video Title 69,arts,47000,,2021-07-05 16:53:42,1 0 0 0 0 0 0 0 0 0
70,Video Title 70,arts,54000,,2020-05-30 12:15:12,1 0 0 0 0 0 0 0 0 0
71,Video Title 71,arts,33000,,2016-12-09 06:36:40,1 0 0 0 0 0 0 0 0 0
72,Video Title 72,arts,35000,,2018-07-17 02:11:48,1 0 0 0 0 0 0 0 0 0
73,Video Title 73,arts,60000,,2021-03-22 15:15:52,1 0 0 0 0 0 0 0 0 0
74,Video Title 74,arts,53000,,2016-08-21 08:52:51,1 0 0 0 0 0 0 0 0 0
75,Video Title 75,arts,46000,,2021-08-15 03:53:19,1 0 0 0 0 0 0 0 0 0
76,Video Title 76,arts,46000,,2023-02-16 02:11:55,1 0 0 0 0 0 0 0 0 0
77,Video Title 77,arts,57000,,2020-04-03 08:17:49,1 0 0 0 0 0 0 0 0 0
78,Video Title 78,arts,56000,,2020-05-23 03:58:32,1 0 0 0 0 0 0 0 0 0
79,Video Title 79,arts,49000,,2015-12-30 00:36:45,1 0 0 0 0 0 0 0 0 0
80,Video Title 80,arts,41000,,2021-08-17 03:56:45,1 0 0 0 0 0 0 0 0 0
81,Video Title 81,arts,47000,,2023-07-15 06:34:40,1 0 0 0 0 0 0 0 0 0
82,Video Title 82,arts,59000,,2019-04-22 18:58:54,1 0 0 0 0 0 0 0 0 0
83,Video Title 83,arts,30000,,2019-12-29 03:32:44,1 0 0 0 0 0 0 0 0 0
84,Video Title 84,arts,45000,,2014-03-15 02:09:45,1 0 0 0 0 0 0 0 0 0
85,Video Title 85,arts,59000,,2017-08-19 21:06:54,1 0 0 0 0 0 0 0 0 0
86,Video Title 86,arts,56000,,2022-01-25 17:28:22,1 0 0 0 0 0 0 0 0 0
87,Video Title 87,arts,37000,,2014-08-02 10:14:40,1 0 0 0 0 0 0 0 0 0
88,Video Title 88,arts,58000,,2019-09-04 20:28:05,1 0 0 0 0 0 0 0 0 0
89,Video Title 89,arts,32000,,2014-11-11 15:14:32,1 0 0 0 0 0 0 0 0 0
90,Video Title 90,arts,45000,,2022-02-28 11:38:13,1 0 0 0 0 0 0 0 0 0
91,Video Title 91,arts,54000,,2019-05-01 09:03:37,1 0 0 0 0 0 0 0 0 0
92,Video Title 92,arts,34000,,2015-04-16 15:05:32,1 0 0 0 0 0 0 0 0 0
93,Video Title 93,arts,45000,,2023-06-20 23:56:39,1 0 0 0 0 0 0 0 0 0
94,Video Title 94,arts,35000,,2016-08-27 10:57:38,1 0 0 0 0 0 0 0 0 0
95,Video Title 95,arts,57000,,2020-01-26 01:37:37,1 0 0 0 0 0 0 0 0 0
96,Video Title 96,arts,60000,,2016-02-15 01:31:22,1 0 0 0 0 0 0 0 0 0
97,Video Title 97,arts,47000,,2021-07-21 17:13:52,1 0 0 0 0 0 0 0 0 0
98,Video Title 98,arts,52000,,2016-01-07 04:49:59,1 0 0 0 0 0 0 0 0 0
99,Video Title 99,arts,39000,,2017-12-29 07:43:31,1 0 0 0 0 0 0 0 0 0
100,Video Title 100,arts,51000,,2020-07-02 01:19:04,1 0 0 0 0 0 0 0 0 0
101,Video Title 101,arts,44000,,2022-12-30 14:11:37,1 0 0 0 0 0 0 0 0 0
102,Video Title 102,arts,44000,,2015-03-20 15:58:03,1 0 0 0 0 0 0 0 0 0
103,Video Title 103,arts,37000,,2014-08-24 16:40:06,1 0 0 0 0 0 0 0 0 0
104,Video Title 104,arts,30000,,2019-11-20 07:50:37,1 0 0 0 0 0 0 0 0 0
105,Video Title 105,arts,37000,,2019-11-20 19:21:14,1 0 0 0 0 0 0 0 0 0
106,Video Title 106,arts,30000,,2014-09-19 02:59:39,1 0 0 0 0 0 0 0 0 0
107,Video Title 107,arts,50000,,2014-08-05 21:20:31,1 0 0 0 0 0 0 0 0 0
108,Video Title 108,arts,32000,,2023-01-20 18:47:35,1 0 0 0 0 0 0 0 0 0
109,Video Title 109,arts,57000,,2017-04-23 01:32:08,1 0 0 0 0 0 0 0 0 0
110,Video Title 110,arts,46000,,2016-05-20 17:12:21,1 0 0 0 0 0 0 0 0 0
111,Video Title 111,arts,51000,,2018-11-09 18:18:36,1 0 0 0 0 0 0 0 0 0
112,Video Title 112,arts,47000,,2015-04-30 22:31:04,1 0 0 0 0 0 0 0 0 0
113,Video Title 113,arts,59000,,2022-10-28 16:45:26,1 0 0 0 0 0 0 0 0 0
114,Video Title 114,arts,48000,,2018-09-24 05:58:54,1 0 0 0 0 0 0 0 0 0
115,Video Title 115,arts,55000,,2018-09-25 08:25:47,1 0 0 0 0 0 0 0 0 0
116,Video Title 116,arts,43000,,2015-11-28 23:54:30,1 0 0 0 0 0 0 0 0 0
117,Video Title 117,arts,33000,,2020-08-04 06:53:19,1 0 0 0 0 0 0 0 0 0
118,Video Title 118,arts,41000,,2018-03-29 01:29:14,1 0 0 0 0 0 0 0 0 0
119,Video Title 119,arts,44000,,2022-08-22 00:05:56,1 0 0 0 0 0 0 0 0 0
120,Video Title 120,arts,31000,,2020-09-25 18:44:03,1 0 0 0 0 0 0 0 0 0
121,Video Title 121,arts,50000,,2014-12-28 05:24:19,1 0 0 0 0 0 0 0 0 0
122,Video Title 122,arts,42000,,2021-04-13 23:30:37,1 0 0 0 0 0 0 0 0 0
123,Video Title 123,arts,55000,,2022-08-14 02:30:51,1 0 0 0 0 0 0 0 0 0
124,Video Title 124,arts,37000,,2015-12-03 07:17:25,1 0 0 0 0 0 0 0 0 0
125,Video Title 125,arts,47000,,2018-06-28 10:32:48,1 0 0 0 0 0 0 0 0 0
126,Video Title 126,arts,43000,,2015-11-03 17:33:06,1 0 0 0 0 0 0 0 0 0
127,Video Title 127,arts,44000,,2016-07-02 19:02:41,1 0 0 0 0 0 0 0 0 0
128,Video Title 128,arts,59000,,2014-10-05 03:42:58,1 0 0 0 0 0 0 0 0 0
129,Video Title 129,arts,55000,,2022-08-12 22:10:53,1 0 0 0 0 0 0 0 0 0
130,Video Title 130,arts,47000,,2014-12-26 08:48:16,1 0 0 0 0 0 0 0 0 0
131,Video Title 131,arts,50000,,2023-12-29 09:08:39,1 0 0 0 0 0 0 0 0 0
132,Video Title 132,arts,56000,,2014-02-25 20:47:17,1 0 0 0 0 0 0 0 0 0
133,Video Title 133,arts,32000,,2023-04-07 05:44:51,1 0 0 0 0 0 0 0 0 0
134,Video Title 134,arts,57000,,2016-05-14 18:50:36,1 0 0 0 0 0 0 0 0 0
135,Video Title 135,arts,43000,,2018-11-10 14:09:45,1 0 0 0 0 0 0 0 0 0
136,Video Title 136,arts,36000,,2022-08-24 23:22:28,1 0 0 0 0 0 0 0 0 0
137,Video Title 137,arts,58000,,2014-08-05 00:27:39,1 0 0 0 0 0 0 0 0 0
138,Video Title 138,arts,42000,,2014-01-10 20:48:40,1 0 0 0 0 0 0 0 0 0
139,Video Title 139,arts,42000,,2016-08-27 23:47:16,1 0 0 0 0 0 0 0 0 0
140,Video Title 140,arts,55000,,2021-11-07 17:19:53,1 0 0 0 0 0 0 0 0 0
141,Video Title 141,arts,39000,,2018-03-26 23:27:20,1 0 0 0 0 0 0 0 0 0
142,Video Title 142,arts,60000,,2021-04-22 08:15:56,1 0 0 0 0 0 0 0 0 0
143,Video Title 143,arts,55000,,2019-07-24 13:18:18,1 0 0 0 0 0 0 0 0 0
144,Video Title 144,arts,52000,,2018-11-14 08:24:56,1 0 0 0 0 0 0 0 0 0
145,Video Title 145,arts,36000,,2016-12-20 23:36:19,1 0 0 0 0 0 0 0 0 0
146,Video Title 146,arts,60000,,2014-08-04 11:08:10,1 0 0 0 0 0 0 0 0 0
147,Video Title 147,arts,53000,,2019-06-05 00:17:58,1 0 0 0 0 0 0 0 0 0
148,Video Title 148,arts,53000,,2017-02-20 15:46:52,1 0 0 0 0 0 0 0 0 0
149,Video Title 149,arts,31000,,2019-11-05 05:57:26,1 0 0 0 0 0 0 0 0 0
150,Video Title 150,arts,46000,,2023-03-12 18:18:45,1 0 0 0 0 0 0 0 0 0
151,Video Title 151,arts,46000,,2015-07-31 15:06:25,1 0 0 0 0 0 0 0 0 0
152,Video Title 152,arts,60000,,2019-01-30 13:46:34,1 0 0 0 0 0 0 0 0 0
153,Video Title 153,arts,57000,,2015-11-12 06:15:59,1 0 0 0 0 0 0 0 0 0
154,Video Title 154,arts,49000,,2014-09-08 01:22:17,1 0 0 0 0 0 0 0 0 0
155,Video Title 155,arts,57000,,2016-05-10 11:51:40,1 0 0 0 0 0 0 0 0 0
156,Video Title 156,arts,33000,,2023-06-01 19:49:14,1 0 0 0 0 0 0 0 0 0
157,Video Title 157,arts,48000,,2016-06-19 16:27:52,1 0 0 0 0 0 0 0 0 0
158,Video Title 158,arts,49000,,2014-05-28 01:22:10,1 0 0 0 0 0 0 0 0 0
159,Video Title 159,arts,32000,,2018-03-13 04:06:09,1 0 0 0 0 0 0 0 0 0
160,Video Title 160,arts,48000,,2019-08-28 01:52:42,1 0 0 0 0 0 0 0 0 0
161,Video Title 161,arts,40000,,2023-05-07 16:16:05,1 0 0 0 0 0 0 0 0 0
162,Video Title 162,arts,36000,,2020-09-12 11:59:43,1 0 0 0 0 0 0 0 0 0
163,Video Title 163,arts,40000,,2016-05-23 04:53:22,1 0 0 0 0 0 0 0 0 0
164,Video Title 164,arts,42000,,2015-04-25 16:56:15,1 0 0 0 0 0 0 0 0 0
165,Video Title 165,arts,50000,,2017-01-01 23:44:39,1 0 0 0 0 0 0 0 0 0
166,Video Title 166,arts,40000,,2023-04-16 22:00:21,1 0 0 0 0 0 0 0 0 0
167,Video Title 167,arts,59000,,2014-09-24 18:46:36,1 0 0 0 0 0 0 0 0 0
168,Video Title 168,arts,44000,,2020-03-19 05:33:02,1 0 0 0 0 0 0 0 0 0
169,Video Title 169,arts,48000,,2023-12-17 18:02:55,1 0 0 0 0 0 0 0 0 0
170,Video Title 170,arts,32000,,2019-05-19 08:46:25,1 0 0 0 0 0 0 0 0 0
171,Video Title 171,arts,46000,,2016-08-27 23:33:22,1 0 0 0 0 0 0 0 0 0
172,Video Title 172,arts,59000,,2017-06-29 21:10:26,1 0 0 0 0 0 0 0 0 0
173,Video Title 173,arts,32000,,2022-10-17 08:04:23,1 0 0 0 0 0 0 0 0 0
174,Video Title 174,arts,41000,,2016-11-08 04:53:43,1 0 0 0 0 0 0 0 0 0
175,Video Title 175,arts,44000,,2022-05-04 04:03:28,1 0 0 0 0 0 0 0 0 0
176,Video Title 176,arts,52000,,2017-01-11 04:30:06,1 0 0 0 0 0 0 0 0 0
177,Video Title 177,arts,55000,,2020-07-17 00:19:31,1 0 0 0 0 0 0 0 0 0
178,Video Title 178,arts,30000,,2020-09-05 16:48:59,1 0 0 0 0 0 0 0 0 0
179,Video Title 179,arts,47000,,2016-12-30 17:34:43,1 0 0 0 0 0 0 0 0 0
180,Video Title 180,arts,51000,,2015-01-16 02:10:39,1 0 0 0 0 0 0 0 0 0
181,Video Title 181,arts,58000,,2015-05-08 03:54:05,1 0 0 0 0 0 0 0 0 0
182,Video Title 182,arts,33000,,2022-11-24 10:49:59,1 0 0 0 0 0 0 0 0 0
183,Video Title 183,arts,53000,,2019-07-15 06:23:27,1 0 0 0 0 0 0 0 0 0
184,Video Title 184,arts,38000,,2016-10-27 09:50:57,1 0 0 0 0 0 0 0 0 0
185,Video Title 185,arts,36000,,2021-03-06 06:49:39,1 0 0 0 0 0 0 0 0 0
186,Video Title 186,arts,36000,,2020-11-16 08:44:54,1 0 0 0 0 0 0 0 0 0
187,Video Title 187,arts,57000,,2016-08-23 12:59:23,1 0 0 0 0 0 0 0 0 0
188,Video Title 188,arts,45000,,2016-07-07 14:13:18,1 0 0 0 0 0 0 0 0 0
189,Video Title 189,arts,59000,,2022-06-18 06:41:07,1 0 0 0 0 0 0 0 0 0
190,Video Title 190,arts,32000,,2020-05-06 03:19:03,1 0 0 0 0 0 0 0 0 0
191,Video Title 191,arts,56000,,2016-10-08 21:11:15,1 0 0 0 0 0 0 0 0 0
192,Video Title 192,arts,30000,,2017-05-04 11:33:10,1 0 0 0 0 0 0 0 0 0
193,Video Title 193,arts,34000,,2020-05-16 11:07:54,1 0 0 0 0 0 0 0 0 0
194,Video Title 194,arts,38000,,2015-08-15 18:34:52,1 0 0 0 0 0 0 0 0 0
195,Video Title 195,arts,44000,,2019-07-09 15:12:17,1 0 0 0 0 0 0 0 0 0
196,Video Title 196,arts,43000,,2019-08-12 07:26:28,1 0 0 0 0 0 0 0 0 0
197,Video Title 197,arts,33000,,2014-10-04 15:21:43,1 0 0 0 0 0 0 0 0 0
198,Video Title 198,arts,58000,,2020-11-29 05:19:08,1 0 0 0 0 0 0 0 0 0
199,Video Title 199,arts,34000,,2019-06-17 09:42:33,1 0 0 0 0 0 0 0 0 0
200,Video Title 200,arts,56000,,2017-09-11 15:19:12,1 0 0 0 0 0 0 0 0 0
201,Video Title 201,arts,47000,,2015-06-27 13:00:56,1 0 0 0 0 0 0 0 0 0
202,Video Title 202,arts,34000,,2014-06-04 16:12:28,1 0 0 0 0 0 0 0 0 0
203,Video Title 203,arts,41000,,2022-12-28 06:46:42,1 0 0 0 0 0 0 0 0 0
204,Video Title 204,arts,55000,,2023-09-21 12:23:34,1 0 0 0 0 0 0 0 0 0
205,Video Title 205,arts,31000,,2022-12-28 01:47:53,1 0 0 0 0 0 0 0 0 0
206,Video Title 206,arts,36000,,2020-10-27 13:02:30,1 0 0 0 0 0 0 0 0 0
207,Video Title 207,arts,51000,,2015-01-13 04:43:16,1 0 0 0 0 0 0 0 0 0
208,Video Title 208,arts,54000,,2019-08-08 13:47:46,1 0 0 0 0 0 0 0 0 0
209,Video Title 209,arts,57000,,2018-01-25 06:39:33,1 0 0 0 0 0 0 0 0 0
210,Video Title 210,arts,49000,,2021-06-30 14:14:19,1 0 0 0 0 0 0 0 0 0
211,Video Title 211,arts,59000,,2023-04-20 01:34:37,1 0 0 0 0 0 0 0 0 0
212,Video Title 212,arts,57000,,2015-08-19 03:09:17,1 0 0 0 0 0 0 0 0 0
213,Video Title 213,arts,55000,,2022-02-09 07:36:09,1 0 0 0 0 0 0 0 0 0
214,Video Title 214,arts,58000,,2018-02-15 20:59:25,1 0 0 0 0 0 0 0 0 0
215,Video Title 215,arts,35000,,2021-05-14 11:02:51,1 0 0 0 0 0 0 0 0 0
216,Video Title 216,arts,40000,,2021-10-28 17:03:25,1 0 0 0 0 0 0 0 0 0
217,Video Title 217,arts,43000,,2022-01-09 03:47:53,1 0 0 0 0 0 0 0 0 0
218,Video Title 218,arts,57000,,2021-05-08 23:02:25,1 0 0 0 0 0 0 0 0 0
219,Video Title 219,arts,37000,,2016-09-02 20:10:48,1 0 0 0 0 0 0 0 0 0
220,Video Title 220,arts,55000,,2021-01-05 15:58:09,1 0 0 0 0 0 0 0 0 0
221,Video Title 221,arts,42000,,2022-09-21 09:48:36,1 0 0 0 0 0 0 0 0 0
222,Video Title 222,arts,57000,,2018-09-17 00:26:45,1 0 0 0 0 0 0 0 0 0
223,Video Title 223,arts,36000,,2022-03-02 12:59:11,1 0 0 0 0 0 0 0 0 0
224,Video Title 224,arts,44000,,2017-07-02 06:04:40,1 0 0 0 0 0 0 0 0 0
225,Video Title 225,arts,56000,,2021-12-15 00:15:56,1 0 0 0 0 0 0 0 0 0
226,Video Title 226,arts,37000,,2016-03-26 16:06:09,1 0 0 0 0 0 0 0 0 0
227,Video Title 227,arts,51000,,2015-12-08 22:10:10,1 0 0 0 0 0 0 0 0 0
228,Video Title 228,arts,40000,,2016-10-15 21:37:41,1 0 0 0 0 0 0 0 0 0
229,Video Title 229,arts,32000,,2023-09-02 03:29:07,1 0 0 0 0 0 0 0 0 0
230,Video Title 230,arts,38000,,2017-07-07 16:24:03,1 0 0 0 0 0 0 0 0 0
231,Video Title 231,arts,46000,,2017-12-31 19:49:35,1 0 0 0 0 0 0 0 0 0
232,Video Title 232,arts,56000,,2019-05-14 04:29:53,1 0 0 0 0 0 0 0 0 0
233,Video Title 233,arts,60000,,2014-04-13 17:48:24,1 0 0 0 0 0 0 0 0 0
234,Video Title 234,arts,58000,,2023-09-14 23:05:36,1 0 0 0 0 0 0 0 0 0
235,Video Title 235,arts,35000,,2019-10-23 03:39:38,1 0 0 0 0 0 0 0 0 0
236,Video Title 236,arts,38000,,2014-05-22 15:19:49,1 0 0 0 0 0 0 0 0 0
237,Video Title 237,arts,49000,,2018-05-08 03:47:06,1 0 0 0 0 0 0 0 0 0
238,Video Title 238,arts,53000,,2021-11-12 11:06:30,1 0 0 0 0 0 0 0 0 0
239,Video Title 239,arts,43000,,2020-01-24 15:53:43,1 0 0 0 0 0 0 0 0 0
240,Video Title 240,arts,46000,,2015-03-01 02:34:14,1 0 0 0 0 0 0 0 0 0
241,Video Title 241,arts,58000,,2019-10-08 13:06:45,1 0 0 0 0 0 0 0 0 0
242,Video Title 242,arts,38000,,2014-06-14 00:15:37,1 0 0 0 0 0 0 0 0 0
243,Video Title 243,arts,43000,,2014-01-09 04:09:21,1 0 0 0 0 0 0 0 0 0
244,Video Title 244,arts,59000,,2022-01-24 18:21:07,1 0 0 0 0 0 0 0 0 0
245,Video Title 245,arts,51000,,2021-03-12 22:04:04,1 0 0 0 0 0 0 0 0 0
246,Video Title 246,arts,53000,,2021-05-16 04:30:07,1 0 0 0 0 0 0 0 0 0
247,Video Title 247,arts,36000,,2017-08-24 09:48:03,1 0 0 0 0 0 0 0 0 0
248,Video Title 248,arts,32000,,2023-06-28 09:24:17,1 0 0 0 0 0 0 0 0 0
249,Video Title 249,arts,59000,,2017-04-22 05:31:23,1 0 0 0 0 0 0 0 0 0
250,Video Title 250,arts,40000,,2020-08-20 08:44:34,1 0 0 0 0 0 0 0 0 0
251,Video Title 251,arts,33000,,2021-03-14 02:28:24,1 0 0 0 0 0 0 0 0 0
252,Video Title 252,arts,39000,,2019-01-27 23:55:52,1 0 0 0 0 0 0 0 0 0
253,Video Title 253,arts,51000,,2018-02-01 15:13:07,1 0 0 0 0 0 0 0 0 0
254,Video Title 254,arts,42000,,2020-12-21 19:27:25,1 0 0 0 0 0 0 0 0 0
255,Video Title 255,arts,47000,,2015-04-12 14:24:40,1 0 0 0 0 0 0 0 0 0
256,Video Title 256,arts,43000,,2020-08-25 23:49:06,1 0 0 0 0 0 0 0 0 0
257,Video Title 257,arts,42000,,2020-10-10 05:03:07,1 0 0 0 0 0 0 0 0 0
258,Video Title 258,arts,58000,,2015-09-30 04:47:42,1 0 0 0 0 0 0 0 0 0
259,Video Title 259,arts,48000,,2017-01-05 11:12:32,1 0 0 0 0 0 0 0 0 0
260,Video Title 260,arts,47000,,2022-05-04 02:19:29,1 0 0 0 0 0 0 0 0 0
261,Video Title 261,arts,39000,,2016-11-15 05:38:29,1 0 0 0 0 0 0 0 0 0
262,Video Title 262,arts,43000,,2021-11-10 00:28:23,1 0 0 0 0 0 0 0 0 0
263,Video Title 263,arts,49000,,2020-07-19 16:12:45,1 0 0 0 0 0 0 0 0 0
264,Video Title 264,arts,44000,,2018-06-03 12:27:18,1 0 0 0 0 0 0 0 0 0
265,Video Title 265,arts,51000,,2016-02-22 00:14:33,1 0 0 0 0 0 0 0 0 0
266,Video Title 266,arts,45000,,2021-12-09 03:13:15,1 0 0 0 0 0 0 0 0 0
267,Video Title 267,arts,60000,,2021-12-17 11:46:08,1 0 0 0 0 0 0 0 0 0
268,Video Title 268,arts,35000,,2020-08-03 19:19:30,1 0 0 0 0 0 0 0 0 0
269,Video Title 269,arts,39000,,2019-02-27 09:35:45,1 0 0 0 0 0 0 0 0 0
270,Video Title 270,arts,50000,,2020-03-12 07:14:47,1 0 0 0 0 0 0 0 0 0
271,Video Title 271,arts,32000,,2022-03-09 05:53:43,1 0 0 0 0 0 0 0 0 0
272,Video Title 272,arts,54000,,2016-05-09 06:29:21,1 0 0 0 0 0 0 0 0 0
273,Video Title 273,arts,39000,,2016-04-01 22:31:20,1 0 0 0 0 0 0 0 0 0
274,Video Title 274,arts,36000,,2015-06-24 20:12:25,1 0 0 0 0 0 0 0 0 0
275,Video Title 275,arts,31000,,2016-06-14 16:12:24,1 0 0 0 0 0 0 0 0 0
276,Video Title 276,arts,45000,,2020-02-12 03:36:00,1 0 0 0 0 0 0 0 0 0
277,Video Title 277,arts,54000,,2014-09-25 19:45:10,1 0 0 0 0 0 0 0 0 0
278,Video Title 278,arts,43000,,2022-11-11 09:35:35,1 0 0 0 0 0 0 0 0 0
279,Video Title 279,arts,48000,,2015-12-13 16:31:36,1 0 0 0 0 0 0 0 0 0
280,Video Title 280,arts,52000,,2017-11-04 12:30:49,1 0 0 0 0 0 0 0 0 0
281,Video Title 281,arts,42000,,2016-06-11 13:02:12,1 0 0 0 0 0 0 0 0 0
282,Video Title 282,arts,50000,,2020-11-16 19:43:24,1 0 0 0 0 0 0 0 0 0
283,Video Title 283,arts,58000,,2021-07-06 00:29:17,1 0 0 0 0 0 0 0 0 0
284,Video Title 284,arts,54000,,2022-11-08 22:45:07,1 0 0 0 0 0 0 0 0 0
285,Video Title 285,arts,54000,,2018-04-03 18:48:23,1 0 0 0 0 0 0 0 0 0
286,Video Title 286,arts,35000,,2022-01-16 00:01:24,1 0 0 0 0 0 0 0 0 0
287,Video Title 287,arts,52000,,2019-03-08 13:05:56,1 0 0 0 0 0 0 0 0 0
288,Video Title 288,arts,31000,,2019-07-30 12:44:51,1 0 0 0 0 0 0 0 0 0
289,Video Title 289,arts,59000,,2022-06-26 10:15:50,1 0 0 0 0 0 0 0 0 0
290,Video Title 290,arts,44000,,2015-05-04 16:30:20,1 0 0 0 0 0 0 0 0 0
291,Video Title 291,arts,44000,,2020-09-04 15:48:33,1 0 0 0 0 0 0 0 0 0
292,Video Title 292,arts,47000,,2019-12-16 09:37:23,1 0 0 0 0 0 0 0 0 0
293,Video Title 293,arts,60000,,2021-07-21 15:54:04,1 0 0 0 0 0 0 0 0 0
294,Video Title 294,arts,44000,,2020-02-17 04:20:36,1 0 0 0 0 0 0 0 0 0
295,Video Title 295,arts,53000,,2022-12-02 20:58:40,1 0 0 0 0 0 0 0 0 0
296,Video Title 296,arts,43000,,2022-04-22 13:51:33,1 0 0 0 0 0 0 0 0 0
297,Video Title 297,arts,47000,,2018-06-18 14:01:56,1 0 0 0 0 0 0 0 0 0
298,Video Title 298,arts,35000,,2021-06-09 08:13:00,1 0 0 0 0 0 0 0 0 0
299,Video Title 299,arts,45000,,2018-07-03 18:06:38,1 0 0 0 0 0 0 0 0 0
300,Video Title 300,arts,54000,,2016-06-23 10:12:03,1 0 0 0 0 0 0 0 0 0
301,Video Title 301,arts,50000,,2016-10-11 04:28:28,1 0 0 0 0 0 0 0 0 0
302,Video Title 302,arts,54000,,2019-03-20 17:51:48,1 0 0 0 0 0 0 0 0 0
303,Video Title 303,arts,50000,,2016-05-25 05:56:15,1 0 0 0 0 0 0 0 0 0
304,Video Title 304,arts,44000,,2014-10-12 19:32:30,1 0 0 0 0 0 0 0 0 0
305,Video Title 305,arts,39000,,2016-05-07 21:38:14,1 0 0 0 0 0 0 0 0 0
306,Video Title 306,arts,40000,,2017-03-14 22:33:29,1 0 0 0 0 0 0 0 0 0
307,Video Title 307,arts,47000,,2014-10-24 02:36:10,1 0 0 0 0 0 0 0 0 0
308,Video Title 308,arts,34000,,2016-04-26 02:30:20,1 0 0 0 0 0 0 0 0 0
309,Video Title 309,arts,52000,,2015-07-14 17:44:28,1 0 0 0 0 0 0 0 0 0
310,Video Title 310,arts,36000,,2014-08-25 10:26:50,1 0 0 0 0 0 0 0 0 0
311,Video Title 311,arts,43000,,2017-04-24 17:12:35,1 0 0 0 0 0 0 0 0 0
312,Video Title 312,arts,44000,,2018-02-28 13:49:22,1 0 0 0 0 0 0 0 0 0
313,Video Title 313,arts,36000,,2022-05-01 01:15:59,1 0 0 0 0 0 0 0 0 0
314,Video Title 314,arts,42000,,2023-01-18 15:51:02,1 0 0 0 0 0 0 0 0 0
315,Video Title 315,arts,48000,,2023-06-18 03:02:02,1 0 0 0 0 0 0 0 0 0
316,Video Title 316,arts,30000,,2022-07-27 01:43:33,1 0 0 0 0 0 0 0 0 0
317,Video Title 317,arts,54000,,2019-10-05 06:28:27,1 0 0 0 0 0 0 0 0 0
318,Video Title 318,arts,45000,,2014-01-24 12:29:48,1 0 0 0 0 0 0 0 0 0
319,Video Title 319,arts,41000,,2016-12-27 22:28:06,1 0 0 0 0 0 0 0 0 0
320,Video Title 320,arts,42000,,2022-07-15 02:02:25,1 0 0 0 0 0 0 0 0 0
321,Video Title 321,arts,60000,,2022-05-11 09:49:53,1 0 0 0 0 0 0 0 0 0
322,Video Title 322,arts,47000,,2021-06-23 10:22:21,1 0 0 0 0 0 0 0 0 0
323,Video Title 323,arts,47000,,2021-12-31 12:27:06,1 0 0 0 0 0 0 0 0 0
324,Video Title 324,arts,58000,,2016-03-17 23:11:22,1 0 0 0 0 0 0 0 0 0
325,Video Title 325,arts,37000,,2016-09-25 05:07:59,1 0 0 0 0 0 0 0 0 0
326,Video Title 326,arts,45000,,2014-04-18 22:34:27,1 0 0 0 0 0 0 0 0 0
327,Video Title 327,arts,40000,,2020-09-09 09:19:44,1 0 0 0 0 0 0 0 0 0
328,Video Title 328,arts,55000,,2018-01-17 18:08:24,1 0 0 0 0 0 0 0 0 0
329,Video Title 329,arts,35000,,2022-05-28 20:17:45,1 0 0 0 0 0 0 0 0 0
330,Video Title 330,arts,59000,,2015-04-13 20:11:42,1 0 0 0 0 0 0 0 0 0
331,Video Title 331,arts,49000,,2019-05-06 13:13:47,1 0 0 0 0 0 0 0 0 0
332,Video Title 332,arts,59000,,2017-12-11 04:10:28,1 0 0 0 0 0 0 0 0 0
333,Video Title 333,arts,48000,,2020-08-18 22:46:43,1 0 0 0 0 0 0 0 0 0
334,Video Title 334,arts,32000,,2020-06-06 00:52:08,1 0 0 0 0 0 0 0 0 0
335,Video Title 335,arts,34000,,2022-09-02 00:10:43,1 0 0 0 0 0 0 0 0 0
336,Video Title 336,arts,35000,,2014-07-05 12:56:02,1 0 0 0 0 0 0 0 0 0
337,Video Title 337,arts,42000,,2017-04-11 20:05:37,1 0 0 0 0 0 0 0 0 0
338,Video Title 338,arts,44000,,2017-04-09 23:41:33,1 0 0 0 0 0 0 0 0 0
339,Video Title 339,arts,54000,,2022-10-18 16:27:45,1 0 0 0 0 0 0 0 0 0
340,Video Title 340,arts,38000,,2021-07-09 20:03:37,1 0 0 0 0 0 0 0 0 0
341,Video Title 341,arts,56000,,2018-03-21 17:04:43,1 0 0 0 0 0 0 0 0 0
342,Video Title 342,arts,56000,,2014-10-28 22:59:09,1 0 0 0 0 0 0 0 0 0
343,Video Title 343,arts,30000,,2021-06-28 22:31:30,1 0 0 0 0 0 0 0 0 0
344,Video Title 344,arts,31000,,2023-12-31 15:55:32,1 0 0 0 0 0 0 0 0 0
345,Video Title 345,arts,41000,,2016-03-31 09:51:42,1 0 0 0 0 0 0 0 0 0
346,Video Title 346,arts,32000,,2021-10-24 12:00:54,1 0 0 0 0 0 0 0 0 0
347,Video Title 347,arts,50000,,2014-05-29 22:36:46,1 0 0 0 0 0 0 0 0 0
348,Video Title 348,arts,30000,,2023-07-01 01:59:16,1 0 0 0 0 0 0 0 0 0
349,Video Title 349,arts,36000,,2022-05-24 04:26:48,1 0 0 0 0 0 0 0 0 0
350,Video Title 350,arts,49000,,2015-07-13 04:41:36,1 0 0 0 0 0 0 0 0 0
351,Video Title 351,arts,34000,,2018-09-27 11:56:56,1 0 0 0 0 0 0 0 0 0
352,Video Title 352,arts,33000,,2019-08-23 11:44:07,1 0 0 0 0 0 0 0 0 0
353,Video Title 353,arts,36000,,2018-08-27 08:58:37,1 0 0 0 0 0 0 0 0 0
354,Video Title 354,arts,38000,,2021-09-02 04:16:24,1 0 0 0 0 0 0 0 0 0
355,Video Title 355,arts,35000,,2020-01-23 12:11:59,1 0 0 0 0 0 0 0 0 0
356,Video Title 356,arts,60000,,2021-06-24 22:17:13,1 0 0 0 0 0 0 0 0 0
357,Video Title 357,arts,33000,,2021-10-11 22:34:09,1 0 0 0 0 0 0 0 0 0
358,Video Title 358,arts,35000,,2023-08-25 05:32:22,1 0 0 0 0 0 0 0 0 0
359,Video Title 359,arts,33000,,2019-10-16 04:46:57,1 0 0 0 0 0 0 0 0 0
360,Video Title 360,arts,59000,,2017-02-14 15:27:16,1 0 0 0 0 0 0 0 0 0
361,Video Title 361,arts,51000,,2023-01-30 07:05:26,1 0 0 0 0 0 0 0 0 0
362,Video Title 362,arts,42000,,2017-12-20 18:55:44,1 0 0 0 0 0 0 0 0 0
363,Video Title 363,arts,52000,,2015-12-27 21:41:18,1 0 0 0 0 0 0 0 0 0
364,Video Title 364,arts,48000,,2020-11-27 17:49:22,1 0 0 0 0 0 0 0 0 0
365,Video Title 365,arts,50000,,2016-06-07 09:36:20,1 0 0 0 0 0 0 0 0 0
366,Video Title 366,arts,52000,,2021-09-22 13:19:31,1 0 0 0 0 0 0 0 0 0
367,Video Title 367,arts,57000,,2020-11-04 13:05:30,1 0 0 0 0 0 0 0 0 0
368,Video Title 368,arts,55000,,2015-03-20 20:25:25,1 0 0 0 0 0 0 0 0 0
369,Video Title 369,arts,48000,,2021-10-29 14:51:22,1 0 0 0 0 0 0 0 0 0
370,Video Title 370,arts,41000,,2019-05-01 12:29:00,1 0 0 0 0 0 0 0 0 0
371,Video Title 371,arts,51000,,2017-09-16 14:00:31,1 0 0 0 0 0 0 0 0 0
372,Video Title 372,arts,46000,,2020-06-23 12:47:20,1 0 0 0 0 0 0 0 0 0
373,Video Title 373,arts,30000,,2022-06-30 22:49:29,1 0 0 0 0 0 0 0 0 0
374,Video Title 374,arts,56000,,2018-11-27 05:40:09,1 0 0 0 0 0 0 0 0 0
375,Video Title 375,arts,43000,,2023-08-10 20:59:27,1 0 0 0 0 0 0 0 0 0
376,Video Title 376,arts,50000,,2022-12-01 05:58:16,1 0 0 0 0 0 0 0 0 0
377,Video Title 377,arts,44000,,2021-01-27 16:14:13,1 0 0 0 0 0 0 0 0 0
378,Video Title 378,arts,43000,,2015-10-07 21:35:52,1 0 0 0 0 0 0 0 0 0
379,Video Title 379,arts,46000,,2023-08-27 23:29:55,1 0 0 0 0 0 0 0 0 0
380,Video Title 380,arts,38000,,2020-02-29 01:55:19,1 0 0 0 0 0 0 0 0 0
381,Video Title 381,arts,59000,,2019-05-21 07:56:47,1 0 0 0 0 0 0 0 0 0
382,Video Title 382,arts,45000,,2018-08-26 18:56:32,1 0 0 0 0 0 0 0 0 0
383,Video Title 383,arts,56000,,2021-04-24 05:53:46,1 0 0 0 0 0 0 0 0 0
384,Video Title 384,arts,38000,,2017-03-24 09:52:53,1 0 0 0 0 0 0 0 0 0
385,Video Title 385,arts,37000,,2022-04-23 04:02:14,1 0 0 0 0 0 0 0 0 0
386,Video Title 386,arts,32000,,2016-10-17 02:06:52,1 0 0 0 0 0 0 0 0 0
387,Video Title 387,arts,44000,,2016-06-11 02:26:14,1 0 0 0 0 0 0 0 0 0
388,Video Title 388,arts,44000,,2019-09-13 22:49:43,1 0 0 0 0 0 0 0 0 0
389,Video Title 389,arts,51000,,2017-10-17 07:27:46,1 0 0 0 0 0 0 0 0 0
390,Video Title 390,arts,30000,,2018-12-12 05:14:58,1 0 0 0 0 0 0 0 0 0
391,Video Title 391,arts,40000,,2015-10-28 17:10:17,1 0 0 0 0 0 0 0 0 0
392,Video Title 392,arts,36000,,2017-07-21 02:40:01,1 0 0 0 0 0 0 0 0 0
393,Video Title 393,arts,38000,,2017-05-29 05:40:57,1 0 0 0 0 0 0 0 0 0
394,Video Title 394,arts,58000,,2019-12-18 23:10:43,1 0 0 0 0 0 0 0 0 0
395,Video Title 395,arts,58000,,2016-10-07 09:07:38,1 0 0 0 0 0 0 0 0 0
396,Video Title 396,arts,30000,,2019-03-03 16:32:50,1 0 0 0 0 0 0 0 0 0
397,Video Title 397,arts,36000,,2014-11-11 11:41:43,1 0 0 0 0 0 0 0 0 0
398,Video Title 398,arts,53000,,2018-01-25 11:06:13,1 0 0 0 0 0 0 0 0 0
399,Video Title 399,arts,47000,,2021-08-01 07:13:25,1 0 0 0 0 0 0 0 0 0
400,Video Title 400,arts,52000,,2018-10-06 17:45:23,1 0 0 0 0 0 0 0 0 0
401,Video Title 401,arts,52000,,2018-11-29 11:56:56,1 0 0 0 0 0 0 0 0 0
402,Video Title 402,arts,55000,,2014-03-06 22:30:34,1 0 0 0 0 0 0 0 0 0
403,Video Title 403,arts,39000,,2016-03-21 19:50:40,1 0 0 0 0 0 0 0 0 0
404,Video Title 404,arts,52000,,2016-06-09 01:31:56,1 0 0 0 0 0 0 0 0 0
405,Video Title 405,arts,51000,,2019-10-26 16:16:09,1 0 0 0 0 0 0 0 0 0
406,Video Title 406,arts,45000,,2019-07-16 04:13:51,1 0 0 0 0 0 0 0 0 0
407,Video Title 407,arts,41000,,2018-04-05 02:08:02,1 0 0 0 0 0 0 0 0 0
408,Video Title 408,arts,53000,,2019-07-04 22:01:48,1 0 0 0 0 0 0 0 0 0
409,Video Title 409,arts,41000,,2021-01-11 10:05:34,1 0 0 0 0 0 0 0 0 0
410,Video Title 410,arts,38000,,2017-01-26 04:10:26,1 0 0 0 0 0 0 0 0 0
411,Video Title 411,arts,37000,,2015-03-19 09:27:19,1 0 0 0 0 0 0 0 0 0
412,Video Title 412,arts,36000,,2017-02-27 17:59:59,1 0 0 0 0 0 0 0 0 0
413,Video Title 413,arts,53000,,2019-05-12 21:41:00,1 0 0 0 0 0 0 0 0 0
414,Video Title 414,arts,54000,,2020-11-26 02:19:38,1 0 0 0 0 0 0 0 0 0
415,Video Title 415,arts,36000,,2016-03-02 19:17:40,1 0 0 0 0 0 0 0 0 0
416,Video Title 416,arts,45000,,2016-10-08 05:22:02,1 0 0 0 0 0 0 0 0 0
417,Video Title 417,arts,48000,,2023-10-07 14:46:30,1 0 0 0 0 0 0 0 0 0
418,Video Title 418,arts,46000,,2019-12-21 06:52:07,1 0 0 0 0 0 0 0 0 0
419,Video Title 419,arts,33000,,2022-04-30 02:14:40,1 0 0 0 0 0 0 0 0 0
420,Video Title 420,arts,39000,,2016-04-12 07:31:30,1 0 0 0 0 0 0 0 0 0
421,Video Title 421,arts,35000,,2017-01-10 06:38:26,1 0 0 0 0 0 0 0 0 0
422,Video Title 422,arts,52000,,2019-05-06 14:14:01,1 0 0 0 0 0 0 0 0 0
423,Video Title 423,arts,38000,,2014-06-18 03:10:31,1 0 0 0 0 0 0 0 0 0
424,Video Title 424,arts,31000,,2019-07-15 18:14:43,1 0 0 0 0 0 0 0 0 0
425,Video Title 425,arts,52000,,2023-06-10 22:15:00,1 0 0 0 0 0 0 0 0 0
426,Video Title 426,arts,50000,,2022-09-07 21:12:03,1 0 0 0 0 0 0 0 0 0
427,Video Title 427,arts,45000,,2015-01-12 10:40:40,1 0 0 0 0 0 0 0 0 0
428,Video Title 428,arts,30000,,2019-09-29 08:01:32,1 0 0 0 0 0 0 0 0 0
429,Video Title 429,arts,45000,,2018-10-16 07:21:52,1 0 0 0 0 0 0 0 0 0
430,Video Title 430,arts,40000,,2015-11-06 22:15:27,1 0 0 0 0 0 0 0 0 0
431,Video Title 431,arts,31000,,2016-07-12 13:06:25,1 0 0 0 0 0 0 0 0 0
432,Video Title 432,arts,57000,,2018-10-12 17:04:36,1 0 0 0 0 0 0 0 0 0
433,Video Title 433,arts,56000,,2014-08-29 12:05:05,1 0 0 0 0 0 0 0 0 0
434,Video Title 434,arts,45000,,2014-09-30 09:35:53,1 0 0 0 0 0 0 0 0 0
435,Video Title 435,arts,50000,,2020-11-12 13:06:33,1 0 0 0 0 0 0 0 0 0
436,Video Title 436,arts,34000,,2015-07-01 13:42:30,1 0 0 0 0 0 0 0 0 0
437,Video Title 437,arts,48000,,2023-06-29 07:24:22,1 0 0 0 0 0 0 0 0 0
438,Video Title 438,arts,32000,,2023-12-09 19:13:39,1 0 0 0 0 0 0 0 0 0
439,Video Title 439,arts,33000,,2019-08-01 23:11:52,1 0 0 0 0 0 0 0 0 0
440,Video Title 440,arts,43000,,2020-01-25 01:25:34,1 0 0 0 0 0 0 0 0 0
441,Video Title 441,arts,55000,,2020-03-09 05:26:51,1 0 0 0 0 0 0 0 0 0
442,Video Title 442,arts,54000,,2019-03-25 09:21:14,1 0 0 0 0 0 0 0 0 0
443,Video Title 443,arts,44000,,2023-02-01 00:59:00,1 0 0 0 0 0 0 0 0 0
444,Video Title 444,arts,39000,,2022-08-08 14:35:59,1 0 0 0 0 0 0 0 0 0
445,Video Title 445,arts,43000,,2017-01-21 15:18:33,1 0 0 0 0 0 0 0 0 0
446,Video Title 446,arts,49000,,2014-08-10 20:10:28,1 0 0 0 0 0 0 0 0 0
447,Video Title 447,arts,60000,,2021-05-27 07:49:23,1 0 0 0 0 0 0 0 0 0
448,Video Title 448,arts,60000,,2021-08-17 23:46:13,1 0 0 0 0 0 0 0 0 0
449,Video Title 449,arts,50000,,2016-02-12 05:48:25,1 0 0 0 0 0 0 0 0 0
450,Video Title 450,arts,51000,,2014-10-26 08:01:19,1 0 0 0 0 0 0 0 0 0
451,Video Title 451,arts,37000,,2015-09-29 10:04:00,1 0 0 0 0 0 0 0 0 0
452,Video Title 452,arts,32000,,2015-07-28 08:15:25,1 0 0 0 0 0 0 0 0 0
453,Video Title 453,arts,43000,,2018-07-05 08:07:28,1 0 0 0 0 0 0 0 0 0
454,Video Title 454,arts,49000,,2018-09-14 04:19:59,1 0 0 0 0 0 0 0 0 0
455,Video Title 455,arts,31000,,2016-04-26 21:19:05,1 0 0 0 0 0 0 0 0 0
456,Video Title 456,arts,52000,,2016-10-30 22:07:46,1 0 0 0 0 0 0 0 0 0
457,Video Title 457,arts,57000,,2018-07-18 05:08:39,1 0 0 0 0 0 0 0 0 0
458,Video Title 458,arts,51000,,2016-05-03 23:55:31,1 0 0 0 0 0 0 0 0 0
459,Video Title 459,arts,38000,,2021-11-17 13:44:06,1 0 0 0 0 0 0 0 0 0
460,Video Title 460,arts,50000,,2019-11-25 17:34:04,1 0 0 0 0 0 0 0 0 0
461,Video Title 461,arts,55000,,2023-05-03 21:21:25,1 0 0 0 0 0 0 0 0 0
462,Video Title 462,arts,43000,,2015-02-25 22:24:14,1 0 0 0 0 0 0 0 0 0
463,Video Title 463,arts,37000,,2020-06-23 20:48:06,1 0 0 0 0 0 0 0 0 0
464,Video Title 464,arts,59000,,2016-08-29 13:24:16,1 0 0 0 0 0 0 0 0 0
465,Video Title 465,arts,34000,,2014-09-20 15:30:06,1 0 0 0 0 0 0 0 0 0
466,Video Title 466,arts,35000,,2021-12-05 02:15:44,1 0 0 0 0 0 0 0 0 0
467,Video Title 467,arts,49000,,2021-06-28 16:41:47,1 0 0 0 0 0 0 0 0 0
468,Video Title 468,arts,48000,,2023-03-19 08:27:55,1 0 0 0 0 0 0 0 0 0
469,Video Title 469,arts,44000,,2015-04-01 21:22:49,1 0 0 0 0 0 0 0 0 0
470,Video Title 470,arts,52000,,2017-01-16 22:23:17,1 0 0 0 0 0 0 0 0 0
471,Video Title 471,arts,42000,,2023-06-05 18:26:19,1 0 0 0 0 0 0 0 0 0
472,Video Title 472,arts,46000,,2019-05-27 22:23:05,1 0 0 0 0 0 0 0 0 0
473,Video Title 473,arts,44000,,2014-10-23 14:42:22,1 0 0 0 0 0 0 0 0 0
474,Video Title 474,arts,31000,,2022-11-23 09:26:42,1 0 0 0 0 0 0 0 0 0
475,Video Title 475,arts,53000,,2017-03-24 11:22:14,1 0 0 0 0 0 0 0 0 0
476,Video Title 476,arts,38000,,2014-04-07 09:45:52,1 0 0 0 0 0 0 0 0 0
477,Video Title 477,arts,37000,,2023-08-14 23:24:45,1 0 0 0 0 0 0 0 0 0
478,Video Title 478,arts,56000,,2022-08-09 21:16:41,1 0 0 0 0 0 0 0 0 0
479,Video Title 479,arts,48000,,2023-07-05 08:52:40,1 0 0 0 0 0 0 0 0 0
480,Video Title 480,arts,54000,,2020-09-21 19:52:00,1 0 0 0 0 0 0 0 0 0
481,Video Title 481,arts,38000,,2019-10-07 07:14:09,1 0 0 0 0 0 0 0 0 0
482,Video Title 482,arts,54000,,2021-07-25 09:08:58,1 0 0 0 0 0 0 0 0 0
483,Video Title 483,arts,45000,,2019-03-12 05:13:56,1 0 0 0 0 0 0 0 0 0
484,Video Title 484,arts,44000,,2023-02-28 15:58:34,1 0 0 0 0 0 0 0 0 0
485,Video Title 485,arts,35000,,2023-12-20 20:25:24,1 0 0 0 0 0 0 0 0 0
486,Video Title 486,arts,43000,,2020-05-07 23:08:29,1 0 0 0 0 0 0 0 0 0
487,Video Title 487,arts,45000,,2023-09-10 01:14:19,1 0 0 0 0 0 0 0 0 0
488,Video Title 488,arts,45000,,2017-06-26 01:23:18,1 0 0 0 0 0 0 0 0 0
489,Video Title 489,arts,40000,,2017-03-19 20:42:11,1 0 0 0 0 0 0 0 0 0
490,Video Title 490,arts,33000,,2022-07-30 17:25:08,1 0 0 0 0 0 0 0 0 0
491,Video Title 491,arts,40000,,2018-02-13 12:06:35,1 0 0 0 0 0 0 0 0 0
492,Video Title 492,arts,45000,,2016-11-19 23:52:43,1 0 0 0 0 0 0 0 0 0
493,Video Title 493,arts,60000,,2018-01-03 15:37:03,1 0 0 0 0 0 0 0 0 0
494,Video Title 494,arts,54000,,2019-07-03 20:27:46,1 0 0 0 0 0 0 0 0 0
495,Video Title 495,arts,44000,,2014-11-20 10:02:16,1 0 0 0 0 0 0 0 0 0
496,Video Title 496,arts,38000,,2017-03-27 22:47:01,1 0 0 0 0 0 0 0 0 0
497,Video Title 497,arts,54000,,2018-01-17 05:44:05,1 0 0 0 0 0 0 0 0 0
498,Video Title 498,arts,46000,,2022-04-01 23:37:22,1 0 0 0 0 0 0 0 0 0
499,Video Title 499,arts,30000,,2020-07-30 11:02:59,1 0 0 0 0 0 0 0 0 0
500,Video Title 500,arts,47000,,2018-08-16 05:07:40,1 0 0 0 0 0 0 0 0 0
501,Video Title 501,biology,31000,,2015-11-18 16:13:50,0 1 0 0 0 0 0 0 0 0
502,Video Title 502,biology,41000,,2020-03-24 14:43:38,0 1 0 0 0 0 0 0 0 0
503,Video Title 503,biology,45000,,2020-04-03 17:48:20,0 1 0 0 0 0 0 0 0 0
504,Video Title 504,biology,54000,,2014-07-10 09:11:29,0 1 0 0 0 0 0 0 0 0
505,Video Title 505,biology,38000,,2019-06-30 15:38:25,0 1 0 0 0 0 0 0 0 0
506,Video Title 506,biology,59000,,2016-11-19 07:21:11,0 1 0 0 0 0 0 0 0 0
507,Video Title 507,biology,58000,,2020-12-25 14:42:09,0 1 0 0 0 0 0 0 0 0
508,Video Title 508,biology,33000,,2014-04-18 08:57:47,0 1 0 0 0 0 0 0 0 0
509,Video Title 509,biology,50000,,2020-02-03 09:09:28,0 1 0 0 0 0 0 0 0 0
510,Video Title 510,biology,37000,,2021-02-05 16:58:31,0 1 0 0 0 0 0 0 0 0
511,Video Title 511,biology,39000,,2019-07-06 13:29:49,0 1 0 0 0 0 0 0 0 0
512,Video Title 512,biology,47000,,2018-01-31 03:59:03,0 1 0 0 0 0 0 0 0 0
513,Video Title 513,biology,37000,,2023-12-03 17:43:31,0 1 0 0 0 0 0 0 0 0
514,Video Title 514,biology,59000,,2015-02-21 03:11:38,0 1 0 0 0 0 0 0 0 0
515,Video Title 515,biology,60000,,2015-03-07 18:02:04,0 1 0 0 0 0 0 0 0 0
516,Video Title 516,biology,56000,,2015-07-18 23:52:13,0 1 0 0 0 0 0 0 0 0
517,Video Title 517,biology,59000,,2021-03-02 14:27:04,0 1 0 0 0 0 0 0 0 0
518,Video Title 518,biology,46000,,2021-01-20 18:03:31,0 1 0 0 0 0 0 0 0 0
519,Video Title 519,biology,43000,,2022-05-07 17:49:03,0 1 0 0 0 0 0 0 0 0
520,Video Title 520,biology,45000,,2016-06-10 14:49:38,0 1 0 0 0 0 0 0 0 0
521,Video Title 521,biology,47000,,2015-06-14 22:38:11,0 1 0 0 0 0 0 0 0 0
522,Video Title 522,biology,36000,,2023-03-21 19:38:59,0 1 0 0 0 0 0 0 0 0
523,Video Title 523,biology,46000,,2021-06-18 23:13:37,0 1 0 0 0 0 0 0 0 0
524,Video Title 524,biology,34000,,2022-08-22 16:45:34,0 1 0 0 0 0 0 0 0 0
525,Video Title 525,biology,38000,,2021-09-23 06:20:29,0 1 0 0 0 0 0 0 0 0
526,Video Title 526,biology,57000,,2018-02-25 12:57:22,0 1 0 0 0 0 0 0 0 0
527,Video Title 527,biology,59000,,2021-11-17 04:02:41,0 1 0 0 0 0 0 0 0 0
528,Video Title 528,biology,38000,,2022-03-17 00:08:01,0 1 0 0 0 0 0 0 0 0
529,Video Title 529,biology,39000,,2021-04-06 02:03:57,0 1 0 0 0 0 0 0 0 0
530,Video Title 530,biology,56000,,2019-11-15 07:44:40,0 1 0 0 0 0 0 0 0 0
531,Video Title 531,biology,51000,,2018-11-25 04:29:39,0 1 0 0 0 0 0 0 0 0
532,Video Title 532,biology,34000,,2018-06-20 21:33:05,0 1 0 0 0 0 0 0 0 0
533,Video Title 533,biology,45000,,2017-06-15 16:51:26,0 1 0 0 0 0 0 0 0 0
534,Video Title 534,biology,47000,,2021-08-18 11:38:47,0 1 0 0 0 0 0 0 0 0
535,Video Title 535,biology,42000,,2018-07-23 00:11:18,0 1 0 0 0 0 0 0 0 0
536,Video Title 536,biology,40000,,2022-09-12 01:06:26,0 1 0 0 0 0 0 0 0 0
537,Video Title 537,biology,52000,,2016-05-23 15:21:56,0 1 0 0 0 0 0 0 0 0
538,Video Title 538,biology,42000,,2016-05-04 12:04:12,0 1 0 0 0 0 0 0 0 0
539,Video Title 539,biology,54000,,2018-02-10 07:53:54,0 1 0 0 0 0 0 0 0 0
540,Video Title 540,biology,40000,,2021-06-13 04:10:16,0 1 0 0 0 0 0 0 0 0
541,Video Title 541,biology,52000,,2023-02-19 00:28:57,0 1 0 0 0 0 0 0 0 0
542,Video Title 542,biology,42000,,2017-11-12 04:29:55,0 1 0 0 0 0 0 0 0 0
543,Video Title 543,biology,51000,,2021-12-04 05:41:04,0 1 0 0 0 0 0 0 0 0
544,Video Title 544,biology,50000,,2023-10-22 23:40:08,0 1 0 0 0 0 0 0 0 0
545,Video Title 545,biology,45000,,2023-08-25 14:37:14,0 1 0 0 0 0 0 0 0 0
546,Video Title 546,biology,34000,,2019-01-10 08:42:17,0 1 0 0 0 0 0 0 0 0
547,Video Title 547,biology,48000,,2017-04-28 18:44:09,0 1 0 0 0 0 0 0 0 0
548,Video Title 548,biology,33000,,2022-09-28 19:04:36,0 1 0 0 0 0 0 0 0 0
549,Video Title 549,biology,44000,,2015-01-01 22:44:40,0 1 0 0 0 0 0 0 0 0
550,Video Title 550,biology,59000,,2018-07-28 18:53:57,0 1 0 0 0 0 0 0 0 0
551,Video Title 551,biology,53000,,2015-06-13 04:00:51,0 1 0 0 0 0 0 0 0 0
552,Video Title 552,biology,57000,,2020-07-19 22:50:39,0 1 0 0 0 0 0 0 0 0
553,Video Title 553,biology,34000,,2014-10-03 02:57:16,0 1 0 0 0 0 0 0 0 0
554,Video Title 554,biology,55000,,2023-09-10 14:14:16,0 1 0 0 0 0 0 0 0 0
555,Video Title 555,biology,40000,,2020-03-26 21:31:24,0 1 0 0 0 0 0 0 0 0
556,Video Title 556,biology,42000,,2020-07-01 21:41:26,0 1 0 0 0 0 0 0 0 0
557,Video Title 557,biology,57000,,2017-04-16 06:20:44,0 1 0 0 0 0 0 0 0 0
558,Video Title 558,biology,51000,,2022-08-05 14:22:31,0 1 0 0 0 0 0 0 0 0
559,Video Title 559,biology,42000,,2023-07-17 14:37:41,0 1 0 0 0 0 0 0 0 0
560,Video Title 560,biology,50000,,2021-03-10 07:38:47,0 1 0 0 0 0 0 0 0 0
561,Video Title 561,biology,54000,,2018-11-19 00:11:58,0 1 0 0 0 0 0 0 0 0
562,Video Title 562,biology,47000,,2014-05-14 00:45:40,0 1 0 0 0 0 0 0 0 0
563,Video Title 563,biology,32000,,2016-05-08 21:52:23,0 1 0 0 0 0 0 0 0 0
564,Video Title 564,biology,51000,,2023-03-18 09:23:20,0 1 0 0 0 0 0 0 0 0
565,Video Title 565,biology,37000,,2021-06-20 16:44:01,0 1 0 0 0 0 0 0 0 0
566,Video Title 566,biology,43000,,2023-10-13 22:23:05,0 1 0 0 0 0 0 0 0 0
567,Video Title 567,biology,54000,,2020-05-04 04:18:35,0 1 0 0 0 0 0 0 0 0
568,Video Title 568,biology,57000,,2015-01-04 20:26:03,0 1 0 0 0 0 0 0 0 0
569,Video Title 569,biology,35000,,2020-12-10 02:30:06,0 1 0 0 0 0 0 0 0 0
570,Video Title 570,biology,58000,,2014-04-18 15:46:44,0 1 0 0 0 0 0 0 0 0
571,Video Title 571,biology,40000,,2021-12-17 22:10:03,0 1 0 0 0 0 0 0 0 0
572,Video Title 572,biology,39000,,2017-08-03 09:23:19,0 1 0 0 0 0 0 0 0 0
573,Video Title 573,biology,43000,,2015-06-18 07:54:50,0 1 0 0 0 0 0 0 0 0
574,Video Title 574,biology,46000,,2018-02-14 23:43:59,0 1 0 0 0 0 0 0 0 0
575,Video Title 575,biology,51000,,2021-12-04 16:42:21,0 1 0 0 0 0 0 0 0 0
576,Video Title 576,biology,35000,,2015-10-04 00:04:31,0 1 0 0 0 0 0 0 0 0
577,Video Title 577,biology,49000,,2022-09-16 13:32:55,0 1 0 0 0 0 0 0 0 0
578,Video Title 578,biology,49000,,2020-10-31 10:35:21,0 1 0 0 0 0 0 0 0 0
579,Video Title 579,biology,45000,,2023-02-16 19:49:18,0 1 0 0 0 0 0 0 0 0
580,Video Title 580,biology,34000,,2016-04-29 11:42:27,0 1 0 0 0 0 0 0 0 0
581,Video Title 581,biology,50000,,2016-07-18 00:24:53,0 1 0 0 0 0 0 0 0 0
582,Video Title 582,biology,38000,,2020-09-01 23:14:48,0 1 0 0 0 0 0 0 0 0
583,Video Title 583,biology,58000,,2022-01-17 21:51:27,0 1 0 0 0 0 0 0 0 0
584,Video Title 584,biology,58000,,2016-11-17 20:32:02,0 1 0 0 0 0 0 0 0 0
585,Video Title 585,biology,47000,,2015-08-02 14:39:52,0 1 0 0 0 0 0 0 0 0
586,Video Title 586,biology,44000,,2023-06-15 02:38:29,0 1 0 0 0 0 0 0 0 0
587,Video Title 587,biology,48000,,2016-12-29 21:54:44,0 1 0 0 0 0 0 0 0 0
588,Video Title 588,biology,60000,,2018-03-31 17:27:46,0 1 0 0 0 0 0 0 0 0
589,Video Title 589,biology,38000,,2018-07-28 10:49:01,0 1 0 0 0 0 0 0 0 0
590,Video Title 590,biology,39000,,2015-12-31 03:24:32,0 1 0 0 0 0 0 0 0 0
591,Video Title 591,biology,42000,,2022-07-14 16:11:10,0 1 0 0 0 0 0 0 0 0
592,Video Title 592,biology,33000,,2016-05-17 19:13:10,0 1 0 0 0 0 0 0 0 0
593,Video Title 593,biology,48000,,2017-08-05 04:49:19,0 1 0 0 0 0 0 0 0 0
594,Video Title 594,biology,39000,,2023-12-05 07:49:22,0 1 0 0 0 0 0 0 0 0
595,Video Title 595,biology,39000,,2014-03-24 01:54:31,0 1 0 0 0 0 0 0 0 0
596,Video Title 596,biology,56000,,2020-08-01 12:55:54,0 1 0 0 0 0 0 0 0 0
597,Video Title 597,biology,38000,,2014-02-01 13:22:54,0 1 0 0 0 0 0 0 0 0
598,Video Title 598,biology,57000,,2020-11-10 04:02:08,0 1 0 0 0 0 0 0 0 0
599,Video Title 599,biology,53000,,2023-09-26 15:36:24,0 1 0 0 0 0 0 0 0 0
600,Video Title 600,biology,59000,,2020-01-25 09:12:31,0 1 0 0 0 0 0 0 0 0
601,Video Title 601,biology,45000,,2022-04-30 20:41:15,0 1 0 0 0 0 0 0 0 0
602,Video Title 602,biology,58000,,2016-11-12 14:36:27,0 1 0 0 0 0 0 0 0 0
603,Video Title 603,biology,55000,,2016-04-21 22:22:15,0 1 0 0 0 0 0 0 0 0
604,Video Title 604,biology,55000,,2017-07-11 23:18:56,0 1 0 0 0 0 0 0 0 0
605,Video Title 605,biology,50000,,2015-11-27 23:33:44,0 1 0 0 0 0 0 0 0 0
606,Video Title 606,biology,38000,,2020-10-11 20:09:59,0 1 0 0 0 0 0 0 0 0
607,Video Title 607,biology,53000,,2021-09-04 06:26:23,0 1 0 0 0 0 0 0 0 0
608,Video Title 608,biology,51000,,2022-05-20 22:19:53,0 1 0 0 0 0 0 0 0 0
609,Video Title 609,biology,50000,,2014-12-23 15:33:36,0 1 0 0 0 0 0 0 0 0
610,Video Title 610,biology,50000,,2020-06-19 03:26:14,0 1 0 0 0 0 0 0 0 0
611,Video Title 611,biology,39000,,2021-11-20 10:16:42,0 1 0 0 0 0 0 0 0 0
612,Video Title 612,biology,31000,,2019-10-19 10:39:55,0 1 0 0 0 0 0 0 0 0
613,Video Title 613,biology,53000,,2015-04-27 15:40:27,0 1 0 0 0 0 0 0 0 0
614,Video Title 614,biology,59000,,2016-12-15 03:40:32,0 1 0 0 0 0 0 0 0 0
615,Video Title 615,biology,53000,,2018-02-27 14:04:15,0 1 0 0 0 0 0 0 0 0
616,Video Title 616,biology,36000,,2015-04-30 09:11:53,0 1 0 0 0 0 0 0 0 0
617,Video Title 617,biology,47000,,2022-10-07 01:56:53,0 1 0 0 0 0 0 0 0 0
618,Video Title 618,biology,41000,,2019-04-24 14:40:04,0 1 0 0 0 0 0 0 0 0
619,Video Title 619,biology,59000,,2016-09-23 17:23:45,0 1 0 0 0 0 0 0 0 0
620,Video Title 620,biology,35000,,2016-07-28 22:34:45,0 1 0 0 0 0 0 0 0 0
621,Video Title 621,biology,56000,,2023-06-11 06:51:09,0 1 0 0 0 0 0 0 0 0
622,Video Title 622,biology,60000,,2022-01-24 16:23:31,0 1 0 0 0 0 0 0 0 0
623,Video Title 623,biology,53000,,2022-09-14 22:46:25,0 1 0 0 0 0 0 0 0 0
624,Video Title 624,biology,55000,,2015-02-27 08:51:58,0 1 0 0 0 0 0 0 0 0
625,Video Title 625,biology,60000,,2014-10-04 20:13:26,0 1 0 0 0 0 0 0 0 0
626,Video Title 626,biology,54000,,2023-08-31 17:25:06,0 1 0 0 0 0 0 0 0 0
627,Video Title 627,biology,57000,,2020-10-06 13:57:29,0 1 0 0 0 0 0 0 0 0
628,Video Title 628,biology,51000,,2023-10-19 18:56:25,0 1 0 0 0 0 0 0 0 0
629,Video Title 629,biology,60000,,2022-06-16 23:12:59,0 1 0 0 0 0 0 0 0 0
630,Video Title 630,biology,47000,,2017-08-30 01:53:39,0 1 0 0 0 0 0 0 0 0
631,Video Title 631,biology,55000,,2017-12-13 04:43:53,0 1 0 0 0 0 0 0 0 0
632,Video Title 632,biology,38000,,2019-05-15 11:44:03,0 1 0 0 0 0 0 0 0 0
633,Video Title 633,biology,44000,,2017-09-09 08:06:13,0 1 0 0 0 0 0 0 0 0
634,Video Title 634,biology,53000,,2020-09-22 01:03:13,0 1 0 0 0 0 0 0 0 0
635,Video Title 635,biology,48000,,2017-10-24 17:50:01,0 1 0 0 0 0 0 0 0 0
636,Video Title 636,biology,50000,,2023-05-28 01:34:10,0 1 0 0 0 0 0 0 0 0
637,Video Title 637,biology,33000,,2020-10-01 03:40:56,0 1 0 0 0 0 0 0 0 0
638,Video Title 638,biology,45000,,2014-04-04 08:09:33,0 1 0 0 0 0 0 0 0 0
639,Video Title 639,biology,58000,,2023-06-07 13:36:58,0 1 0 0 0 0 0 0 0 0
640,Video Title 640,biology,40000,,2023-02-25 16:25:03,0 1 0 0 0 0 0 0 0 0
641,Video Title 641,biology,37000,,2020-06-23 22:20:54,0 1 0 0 0 0 0 0 0 0
642,Video Title 642,biology,50000,,2022-03-29 01:43:43,0 1 0 0 0 0 0 0 0 0
643,Video Title 643,biology,59000,,2021-01-04 22:21:34,0 1 0 0 0 0 0 0 0 0
644,Video Title 644,biology,50000,,2018-02-01 06:43:01,0 1 0 0 0 0 0 0 0 0
645,Video Title 645,biology,34000,,2014-06-17 12:22:50,0 1 0 0 0 0 0 0 0 0
646,Video Title 646,biology,31000,,2017-01-17 22:20:15,0 1 0 0 0 0 0 0 0 0
647,Video Title 647,biology,45000,,2015-03-02 20:09:14,0 1 0 0 0 0 0 0 0 0
648,Video Title 648,biology,37000,,2022-11-15 11:54:55,0 1 0 0 0 0 0 0 0 0
649,Video Title 649,biology,34000,,2017-11-21 13:22:29,0 1 0 0 0 0 0 0 0 0
650,Video Title 650,biology,41000,,2020-09-15 06:35:33,0 1 0 0 0 0 0 0 0 0
651,Video Title 651,biology,53000,,2020-12-19 03:59:51,0 1 0 0 0 0 0 0 0 0
652,Video Title 652,biology,47000,,2018-03-12 19:30:12,0 1 0 0 0 0 0 0 0 0
653,Video Title 653,biology,53000,,2021-04-08 02:05:08,0 1 0 0 0 0 0 0 0 0
654,Video Title 654,biology,58000,,2018-02-25 07:53:04,0 1 0 0 0 0 0 0 0 0
655,Video Title 655,biology,33000,,2022-05-03 23:30:50,0 1 0 0 0 0 0 0 0 0
656,Video Title 656,biology,49000,,2018-01-31 14:57:05,0 1 0 0 0 0 0 0 0 0
657,Video Title 657,biology,60000,,2016-10-20 01:14:10,0 1 0 0 0 0 0 0 0 0
658,Video Title 658,biology,52000,,2017-09-16 10:25:27,0 1 0 0 0 0 0 0 0 0
659,Video Title 659,biology,44000,,2018-06-14 03:21:26,0 1 0 0 0 0 0 0 0 0
660,Video Title 660,biology,37000,,2022-07-22 09:26:12,0 1 0 0 0 0 0 0 0 0
661,Video Title 661,biology,33000,,2023-10-23 09:16:05,0 1 0 0 0 0 0 0 0 0
662,Video Title 662,biology,41000,,2019-06-13 07:12:34,0 1 0 0 0 0 0 0 0 0
663,Video Title 663,biology,50000,,2017-08-04 03:49:42,0 1 0 0 0 0 0 0 0 0
664,Video Title 664,biology,42000,,2016-10-05 23:12:51,0 1 0 0 0 0 0 0 0 0
665,Video Title 665,biology,60000,,2015-03-24 21:11:29,0 1 0 0 0 0 0 0 0 0
666,Video Title 666,biology,57000,,2022-03-30 07:08:19,0 1 0 0 0 0 0 0 0 0
667,Video Title 667,biology,32000,,2020-08-18 02:32:29,0 1 0 0 0 0 0 0 0 0
668,Video Title 668,biology,50000,,2020-05-25 03:34:46,0 1 0 0 0 0 0 0 0 0
669,Video Title 669,biology,30000,,2014-07-06 14:40:39,0 1 0 0 0 0 0 0 0 0
670,Video Title 670,biology,40000,,2016-06-10 00:38:07,0 1 0 0 0 0 0 0 0 0
671,Video Title 671,biology,34000,,2021-11-14 11:16:53,0 1 0 0 0 0 0 0 0 0
672,Video Title 672,biology,36000,,2014-09-10 10:14:57,0 1 0 0 0 0 0 0 0 0
673,Video Title 673,biology,54000,,2019-07-18 20:36:08,0 1 0 0 0 0 0 0 0 0
674,Video Title 674,biology,48000,,2016-03-01 05:20:18,0 1 0 0 0 0 0 0 0 0
675,Video Title 675,biology,57000,,2016-05-02 10:41:03,0 1 0 0 0 0 0 0 0 0
676,Video Title 676,biology,54000,,2015-06-25 13:44:46,0 1 0 0 0 0 0 0 0 0
677,Video Title 677,biology,58000,,2019-12-18 07:59:28,0 1 0 0 0 0 0 0 0 0
678,Video Title 678,biology,38000,,2022-08-02 04:22:36,0 1 0 0 0 0 0 0 0 0
679,Video Title 679,biology,34000,,2023-11-16 11:23:30,0 1 0 0 0 0 0 0 0 0
680,Video Title 680,biology,47000,,2016-07-05 21:18:27,0 1 0 0 0 0 0 0 0 0
681,Video Title 681,biology,35000,,2015-02-08 05:32:53,0 1 0 0 0 0 0 0 0 0
682,Video Title 682,biology,57000,,2014-04-07 02:20:28,0 1 0 0 0 0 0 0 0 0
683,Video Title 683,biology,30000,,2017-08-02 14:01:25,0 1 0 0 0 0 0 0 0 0
684,Video Title 684,biology,55000,,2016-05-20 10:48:31,0 1 0 0 0 0 0 0 0 0
685,Video Title 685,biology,40000,,2014-03-01 14:25:22,0 1 0 0 0 0 0 0 0 0
686,Video Title 686,biology,38000,,2014-07-13 06:09:14,0 1 0 0 0 0 0 0 0 0
687,Video Title 687,biology,53000,,2018-03-19 12:08:41,0 1 0 0 0 0 0 0 0 0
688,Video Title 688,biology,33000,,2021-06-16 16:16:41,0 1 0 0 0 0 0 0 0 0
689,Video Title 689,biology,45000,,2018-06-27 04:54:31,0 1 0 0 0 0 0 0 0 0
690,Video Title 690,biology,41000,,2019-02-19 07:38:42,0 1 0 0 0 0 0 0 0 0
691,Video Title 691,biology,33000,,2018-07-10 19:40:29,0 1 0 0 0 0 0 0 0 0
692,Video Title 692,biology,37000,,2023-06-15 18:24:37,0 1 0 0 0 0 0 0 0 0
693,Video Title 693,biology,31000,,2021-04-10 10:29:11,0 1 0 0 0 0 0 0 0 0
694,Video Title 694,biology,59000,,2022-09-02 11:31:39,0 1 0 0 0 0 0 0 0 0
695,Video Title 695,biology,46000,,2017-01-07 22:49:00,0 1 0 0 0 0 0 0 0 0
696,Video Title 696,biology,50000,,2023-08-22 16:41:37,0 1 0 0 0 0 0 0 0 0
697,Video Title 697,biology,31000,,2023-12-26 20:11:59,0 1 0 0 0 0 0 0 0 0
698,Video Title 698,biology,57000,,2018-01-07 21:40:17,0 1 0 0 0 0 0 0 0 0
699,Video Title 699,biology,51000,,2015-02-01 01:27:22,0 1 0 0 0 0 0 0 0 0
700,Video Title 700,biology,52000,,2023-02-05 09:47:33,0 1 0 0 0 0 0 0 0 0
701,Video Title 701,biology,32000,,2022-12-29 07:46:07,0 1 0 0 0 0 0 0 0 0
702,Video Title 702,biology,40000,,2020-02-01 06:51:15,0 1 0 0 0 0 0 0 0 0
703,Video Title 703,biology,32000,,2015-04-08 14:22:59,0 1 0 0 0 0 0 0 0 0
704,Video Title 704,biology,49000,,2020-05-01 17:31:15,0 1 0 0 0 0 0 0 0 0
705,Video Title 705,biology,47000,,2021-02-14 08:35:05,0 1 0 0 0 0 0 0 0 0
706,Video Title 706,biology,42000,,2023-12-12 09:23:29,0 1 0 0 0 0 0 0 0 0
707,Video Title 707,biology,46000,,2016-12-14 09:02:33,0 1 0 0 0 0 0 0 0 0
708,Video Title 708,biology,46000,,2020-01-21 19:23:12,0 1 0 0 0 0 0 0 0 0
709,Video Title 709,biology,33000,,2021-12-06 19:13:03,0 1 0 0 0 0 0 0 0 0
710,Video Title 710,biology,33000,,2022-07-12 16:38:37,0 1 0 0 0 0 0 0 0 0
711,Video Title 711,biology,50000,,2022-10-11 15:03:51,0 1 0 0 0 0 0 0 0 0
712,Video Title 712,biology,47000,,2021-03-18 01:34:36,0 1 0 0 0 0 0 0 0 0
713,Video Title 713,biology,36000,,2018-04-21 18:07:36,0 1 0 0 0 0 0 0 0 0
714,Video Title 714,biology,58000,,2016-04-16 00:02:13,0 1 0 0 0 0 0 0 0 0
715,Video Title 715,biology,40000,,2022-04-11 01:55:26,0 1 0 0 0 0 0 0 0 0
716,Video Title 716,biology,42000,,2018-03-01 08:41:36,0 1 0 0 0 0 0 0 0 0
717,Video Title 717,biology,33000,,2017-02-16 19:14:07,0 1 0 0 0 0 0 0 0 0
718,Video Title 718,biology,40000,,2020-08-26 15:26:55,0 1 0 0 0 0 0 0 0 0
719,Video Title 719,biology,41000,,2023-07-15 14:42:16,0 1 0 0 0 0 0 0 0 0
720,Video Title 720,biology,51000,,2023-03-25 21:29:20,0 1 0 0 0 0 0 0 0 0
721,Video Title 721,biology,32000,,2014-12-01 23:17:29,0 1 0 0 0 0 0 0 0 0
722,Video Title 722,biology,32000,,2014-12-09 06:57:24,0 1 0 0 0 0 0 0 0 0
723,Video Title 723,biology,33000,,2021-06-12 17:59:37,0 1 0 0 0 0 0 0 0 0
724,Video Title 724,biology,41000,,2022-02-12 22:59:21,0 1 0 0 0 0 0 0 0 0
725,Video Title 725,biology,47000,,2014-08-09 22:20:01,0 1 0 0 0 0 0 0 0 0
726,Video Title 726,biology,60000,,2019-08-14 18:58:11,0 1 0 0 0 0 0 0 0 0
727,Video Title 727,biology,40000,,2020-09-13 13:09:43,0 1 0 0 0 0 0 0 0 0
728,Video Title 728,biology,43000,,2017-07-16 15:11:30,0 1 0 0 0 0 0 0 0 0
729,Video Title 729,biology,51000,,2023-05-31 02:58:35,0 1 0 0 0 0 0 0 0 0
730,Video Title 730,biology,43000,,2022-09-06 12:52:20,0 1 0 0 0 0 0 0 0 0
731,Video Title 731,biology,53000,,2014-07-09 18:40:35,0 1 0 0 0 0 0 0 0 0
732,Video Title 732,biology,39000,,2020-01-03 11:55:26,0 1 0 0 0 0 0 0 0 0
733,Video Title 733,biology,41000,,2015-01-16 03:24:34,0 1 0 0 0 0 0 0 0 0
734,Video Title 734,biology,46000,,2016-02-18 11:55:09,0 1 0 0 0 0 0 0 0 0
735,Video Title 735,biology,51000,,2018-10-28 23:47:27,0 1 0 0 0 0 0 0 0 0
736,Video Title 736,biology,57000,,2015-02-01 23:55:48,0 1 0 0 0 0 0 0 0 0
737,Video Title 737,biology,57000,,2019-07-26 08:51:20,0 1 0 0 0 0 0 0 0 0
738,Video Title 738,biology,33000,,2021-08-17 12:15:12,0 1 0 0 0 0 0 0 0 0
739,Video Title 739,biology,48000,,2016-04-07 11:32:11,0 1 0 0 0 0 0 0 0 0
740,Video Title 740,biology,43000,,2022-06-14 19:35:31,0 1 0 0 0 0 0 0 0 0
741,Video Title 741,biology,54000,,2022-03-09 06:11:34,0 1 0 0 0 0 0 0 0 0
742,Video Title 742,biology,49000,,2020-10-01 15:57:35,0 1 0 0 0 0 0 0 0 0
743,Video Title 743,biology,47000,,2014-04-08 19:50:08,0 1 0 0 0 0 0 0 0 0
744,Video Title 744,biology,59000,,2020-07-31 02:00:56,0 1 0 0 0 0 0 0 0 0
745,Video Title 745,biology,52000,,2016-09-05 04:25:14,0 1 0 0 0 0 0 0 0 0
746,Video Title 746,biology,35000,,2016-09-26 10:29:09,0 1 0 0 0 0 0 0 0 0
747,Video Title 747,biology,54000,,2017-02-03 19:03:31,0 1 0 0 0 0 0 0 0 0
748,Video Title 748,biology,40000,,2017-07-07 05:39:05,0 1 0 0 0 0 0 0 0 0
749,Video Title 749,biology,35000,,2022-09-12 23:58:23,0 1 0 0 0 0 0 0 0 0
750,Video Title 750,biology,48000,,2020-07-29 07:23:24,0 1 0 0 0 0 0 0 0 0
751,Video Title 751,biology,32000,,2015-06-04 20:13:10,0 1 0 0 0 0 0 0 0 0
752,Video Title 752,biology,50000,,2023-09-20 02:35:02,0 1 0 0 0 0 0 0 0 0
753,Video Title 753,biology,32000,,2021-06-18 07:23:25,0 1 0 0 0 0 0 0 0 0
754,Video Title 754,biology,36000,,2017-10-07 02:37:47,0 1 0 0 0 0 0 0 0 0
755,Video Title 755,biology,44000,,2017-05-31 06:29:16,0 1 0 0 0 0 0 0 0 0
756,Video Title 756,biology,41000,,2017-02-13 11:26:00,0 1 0 0 0 0 0 0 0 0
757,Video Title 757,biology,40000,,2021-10-08 10:48:01,0 1 0 0 0 0 0 0 0 0
758,Video Title 758,biology,48000,,2019-12-19 05:12:08,0 1 0 0 0 0 0 0 0 0
759,Video Title 759,biology,58000,,2014-07-14 00:31:59,0 1 0 0 0 0 0 0 0 0
760,Video Title 760,biology,35000,,2021-07-18 16:34:58,0 1 0 0 0 0 0 0 0 0
761,Video Title 761,biology,31000,,2020-09-27 23:39:32,0 1 0 0 0 0 0 0 0 0
762,Video Title 762,biology,38000,,2018-06-08 08:41:47,0 1 0 0 0 0 0 0 0 0
763,Video Title 763,biology,43000,,2018-11-10 15:57:55,0 1 0 0 0 0 0 0 0 0
764,Video Title 764,biology,44000,,2018-02-22 18:29:43,0 1 0 0 0 0 0 0 0 0
765,Video Title 765,biology,36000,,2021-07-20 13:01:09,0 1 0 0 0 0 0 0 0 0
766,Video Title 766,biology,33000,,2017-06-15 21:08:31,0 1 0 0 0 0 0 0 0 0
767,Video Title 767,biology,33000,,2016-11-01 20:23:26,0 1 0 0 0 0 0 0 0 0
768,Video Title 768,biology,51000,,2019-12-07 22:33:37,0 1 0 0 0 0 0 0 0 0
769,Video Title 769,biology,46000,,2020-09-03 00:48:43,0 1 0 0 0 0 0 0 0 0
770,Video Title 770,biology,31000,,2016-03-17 21:24:53,0 1 0 0 0 0 0 0 0 0
771,Video Title 771,biology,49000,,2014-07-21 22:53:58,0 1 0 0 0 0 0 0 0 0
772,Video Title 772,biology,36000,,2017-01-07 04:20:10,0 1 0 0 0 0 0 0 0 0
773,Video Title 773,biology,36000,,2021-09-03 19:49:06,0 1 0 0 0 0 0 0 0 0
774,Video Title 774,biology,54000,,2016-07-23 15:30:30,0 1 0 0 0 0 0 0 0 0
775,Video Title 775,biology,40000,,2015-03-16 22:37:42,0 1 0 0 0 0 0 0 0 0
776,Video Title 776,biology,45000,,2021-06-21 14:26:13,0 1 0 0 0 0 0 0 0 0
777,Video Title 777,biology,35000,,2015-04-19 12:40:02,0 1 0 0 0 0 0 0 0 0
778,Video Title 778,biology,47000,,2021-01-14 09:36:09,0 1 0 0 0 0 0 0 0 0
779,Video Title 779,biology,46000,,2019-08-04 08:11:04,0 1 0 0 0 0 0 0 0 0
780,Video Title 780,biology,51000,,2022-01-23 15:08:10,0 1 0 0 0 0 0 0 0 0
781,Video Title 781,biology,32000,,2017-12-22 07:26:05,0 1 0 0 0 0 0 0 0 0
782,Video Title 782,biology,53000,,2014-06-06 09:40:41,0 1 0 0 0 0 0 0 0 0
783,Video Title 783,biology,30000,,2018-08-08 02:28:20,0 1 0 0 0 0 0 0 0 0
784,Video Title 784,biology,32000,,2022-08-15 16:50:13,0 1 0 0 0 0 0 0 0 0
785,Video Title 785,biology,48000,,2018-04-18 21:18:12,0 1 0 0 0 0 0 0 0 0
786,Video Title 786,biology,42000,,2021-02-04 16:06:32,0 1 0 0 0 0 0 0 0 0
787,Video Title 787,biology,43000,,2016-11-24 17:31:55,0 1 0 0 0 0 0 0 0 0
788,Video Title 788,biology,42000,,2014-03-20 03:02:04,0 1 0 0 0 0 0 0 0 0
789,Video Title 789,biology,40000,,2015-09-22 08:05:26,0 1 0 0 0 0 0 0 0 0
790,Video Title 790,biology,60000,,2020-03-08 03:46:23,0 1 0 0 0 0 0 0 0 0
791,Video Title 791,biology,56000,,2020-11-24 01:50:22,0 1 0 0 0 0 0 0 0 0
792,Video Title 792,biology,41000,,2014-11-20 16:10:39,0 1 0 0 0 0 0 0 0 0
793,Video Title 793,biology,57000,,2015-01-24 09:36:37,0 1 0 0 0 0 0 0 0 0
794,Video Title 794,biology,43000,,2019-11-22 09:07:29,0 1 0 0 0 0 0 0 0 0
795,Video Title 795,biology,46000,,2014-10-17 01:29:05,0 1 0 0 0 0 0 0 0 0
796,Video Title 796,biology,57000,,2017-02-08 12:03:05,0 1 0 0 0 0 0 0 0 0
797,Video Title 797,biology,40000,,2016-03-21 17:42:44,0 1 0 0 0 0 0 0 0 0
798,Video Title 798,biology,54000,,2015-09-08 16:25:30,0 1 0 0 0 0 0 0 0 0
799,Video Title 799,biology,46000,,2020-05-02 06:28:50,0 1 0 0 0 0 0 0 0 0
800,Video Title 800,biology,46000,,2019-02-07 07:48:02,0 1 0 0 0 0 0 0 0 0
801,Video Title 801,biology,58000,,2021-10-06 05:35:34,0 1 0 0 0 0 0 0 0 0
802,Video Title 802,biology,41000,,2021-04-10 22:24:34,0 1 0 0 0 0 0 0 0 0
803,Video Title 803,biology,56000,,2020-06-15 20:48:16,0 1 0 0 0 0 0 0 0 0
804,Video Title 804,biology,34000,,2016-05-14 09:09:04,0 1 0 0 0 0 0 0 0 0
805,Video Title 805,biology,34000,,2016-07-25 06:48:58,0 1 0 0 0 0 0 0 0 0
806,Video Title 806,biology,35000,,2020-01-10 18:09:03,0 1 0 0 0 0 0 0 0 0
807,Video Title 807,biology,54000,,2021-08-04 21:44:54,0 1 0 0 0 0 0 0 0 0
808,Video Title 808,biology,32000,,2015-10-11 14:00:03,0 1 0 0 0 0 0 0 0 0
809,Video Title 809,biology,54000,,2020-04-13 00:18:44,0 1 0 0 0 0 0 0 0 0
810,Video Title 810,biology,44000,,2021-07-18 17:27:15,0 1 0 0 0 0 0 0 0 0
811,Video Title 811,biology,54000,,2019-10-19 01:24:16,0 1 0 0 0 0 0 0 0 0
812,Video Title 812,biology,51000,,2023-03-30 03:54:46,0 1 0 0 0 0 0 0 0 0
813,Video Title 813,biology,48000,,2020-06-06 22:05:03,0 1 0 0 0 0 0 0 0 0
814,Video Title 814,biology,49000,,2017-03-27 17:02:31,0 1 0 0 0 0 0 0 0 0
815,Video Title 815,biology,50000,,2017-03-01 21:46:01,0 1 0 0 0 0 0 0 0 0
816,Video Title 816,biology,44000,,2014-09-09 05:52:34,0 1 0 0 0 0 0 0 0 0
817,Video Title 817,biology,44000,,2020-04-25 13:20:11,0 1 0 0 0 0 0 0 0 0
818,Video Title 818,biology,55000,,2016-10-01 13:24:47,0 1 0 0 0 0 0 0 0 0
819,Video Title 819,biology,31000,,2017-07-10 14:08:19,0 1 0 0 0 0 0 0 0 0
820,Video Title 820,biology,32000,,2017-02-08 23:43:39,0 1 0 0 0 0 0 0 0 0
821,Video Title 821,biology,44000,,2014-05-20 06:23:40,0 1 0 0 0 0 0 0 0 0
822,Video Title 822,biology,41000,,2022-04-26 16:37:29,0 1 0 0 0 0 0 0 0 0
823,Video Title 823,biology,32000,,2020-06-13 00:46:57,0 1 0 0 0 0 0 0 0 0
824,Video Title 824,biology,57000,,2014-11-28 13:58:25,0 1 0 0 0 0 0 0 0 0
825,Video Title 825,biology,49000,,2019-01-27 19:08:26,0 1 0 0 0 0 0 0 0 0
826,Video Title 826,biology,44000,,2019-10-22 04:51:21,0 1 0 0 0 0 0 0 0 0
827,Video Title 827,biology,60000,,2021-12-02 03:14:20,0 1 0 0 0 0 0 0 0 0
828,Video Title 828,biology,58000,,2014-06-01 17:35:23,0 1 0 0 0 0 0 0 0 0
829,Video Title 829,biology,59000,,2022-02-05 19:52:27,0 1 0 0 0 0 0 0 0 0
830,Video Title 830,biology,50000,,2015-11-21 01:46:37,0 1 0 0 0 0 0 0 0 0
831,Video Title 831,biology,49000,,2018-10-05 01:06:10,0 1 0 0 0 0 0 0 0 0
832,Video Title 832,biology,34000,,2023-07-30 16:28:43,0 1 0 0 0 0 0 0 0 0
833,Video Title 833,biology,44000,,2015-01-15 18:45:52,0 1 0 0 0 0 0 0 0 0
834,Video Title 834,biology,58000,,2022-05-17 10:14:26,0 1 0 0 0 0 0 0 0 0
835,Video Title 835,biology,52000,,2014-11-06 19:13:55,0 1 0 0 0 0 0 0 0 0
836,Video Title 836,biology,50000,,2015-09-24 20:09:38,0 1 0 0 0 0 0 0 0 0
837,Video Title 837,biology,37000,,2021-01-28 19:39:40,0 1 0 0 0 0 0 0 0 0
838,Video Title 838,biology,44000,,2019-03-30 20:24:18,0 1 0 0 0 0 0 0 0 0
839,Video Title 839,biology,49000,,2015-08-05 10:10:04,0 1 0 0 0 0 0 0 0 0
840,Video Title 840,biology,41000,,2023-03-07 11:15:45,0 1 0 0 0 0 0 0 0 0
841,Video Title 841,biology,42000,,2018-02-03 00:11:57,0 1 0 0 0 0 0 0 0 0
842,Video Title 842,biology,40000,,2020-10-15 23:26:25,0 1 0 0 0 0 0 0 0 0
843,Video Title 843,biology,31000,,2021-11-22 16:16:45,0 1 0 0 0 0 0 0 0 0
844,Video Title 844,biology,50000,,2017-05-08 11:16:58,0 1 0 0 0 0 0 0 0 0
845,Video Title 845,biology,40000,,2014-12-13 22:43:15,0 1 0 0 0 0 0 0 0 0
846,Video Title 846,biology,51000,,2017-11-13 23:01:27,0 1 0 0 0 0 0 0 0 0
847,Video Title 847,biology,38000,,2021-03-28 15:04:05,0 1 0 0 0 0 0 0 0 0
848,Video Title 848,biology,51000,,2023-08-24 02:19:06,0 1 0 0 0 0 0 0 0 0
849,Video Title 849,biology,49000,,2022-09-25 11:17:54,0 1 0 0 0 0 0 0 0 0
850,Video Title 850,biology,40000,,2014-10-27 11:34:26,0 1 0 0 0 0 0 0 0 0
851,Video Title 851,biology,51000,,2015-06-03 05:07:34,0 1 0 0 0 0 0 0 0 0
852,Video Title 852,biology,41000,,2017-02-08 08:18:00,0 1 0 0 0 0 0 0 0 0
853,Video Title 853,biology,50000,,2020-12-26 10:50:41,0 1 0 0 0 0 0 0 0 0
854,Video Title 854,biology,42000,,2015-04-18 16:09:54,0 1 0 0 0 0 0 0 0 0
855,Video Title 855,biology,52000,,2023-05-19 16:59:33,0 1 0 0 0 0 0 0 0 0
856,Video Title 856,biology,39000,,2019-08-05 01:34:24,0 1 0 0 0 0 0 0 0 0
857,Video Title 857,biology,50000,,2021-12-01 13:35:15,0 1 0 0 0 0 0 0 0 0
858,Video Title 858,biology,56000,,2015-04-14 10:44:01,0 1 0 0 0 0 0 0 0 0
859,Video Title 859,biology,52000,,2022-04-16 16:48:21,0 1 0 0 0 0 0 0 0 0
860,Video Title 860,biology,53000,,2023-12-21 15:34:34,0 1 0 0 0 0 0 0 0 0
861,Video Title 861,biology,59000,,2019-04-08 08:03:23,0 1 0 0 0 0 0 0 0 0
862,Video Title 862,biology,50000,,2020-09-15 03:56:56,0 1 0 0 0 0 0 0 0 0
863,Video Title 863,biology,46000,,2017-08-15 16:08:28,0 1 0 0 0 0 0 0 0 0
864,Video Title 864,biology,41000,,2017-02-03 08:40:03,0 1 0 0 0 0 0 0 0 0
865,Video Title 865,biology,60000,,2016-02-23 19:16:37,0 1 0 0 0 0 0 0 0 0
866,Video Title 866,biology,60000,,2021-08-30 11:17:01,0 1 0 0 0 0 0 0 0 0
867,Video Title 867,biology,36000,,2016-04-08 21:10:15,0 1 0 0 0 0 0 0 0 0
868,Video Title 868,biology,34000,,2015-07-22 13:11:49,0 1 0 0 0 0 0 0 0 0
869,Video Title 869,biology,39000,,2022-06-12 03:55:36,0 1 0 0 0 0 0 0 0 0
870,Video Title 870,biology,33000,,2019-01-30 01:37:07,0 1 0 0 0 0 0 0 0 0
871,Video Title 871,biology,47000,,2022-05-09 04:29:48,0 1 0 0 0 0 0 0 0 0
872,Video Title 872,biology,58000,,2019-04-08 20:10:14,0 1 0 0 0 0 0 0 0 0
873,Video Title 873,biology,51000,,2017-05-16 04:33:32,0 1 0 0 0 0 0 0 0 0
874,Video Title 874,biology,54000,,2020-03-07 19:33:22,0 1 0 0 0 0 0 0 0 0
875,Video Title 875,biology,49000,,2017-10-09 00:39:38,0 1 0 0 0 0 0 0 0 0
876,Video Title 876,biology,35000,,2015-10-25 02:06:24,0 1 0 0 0 0 0 0 0 0
877,Video Title 877,biology,52000,,2021-09-17 12:10:06,0 1 0 0 0 0 0 0 0 0
878,Video Title 878,biology,55000,,2023-01-10 16:39:50,0 1 0 0 0 0 0 0 0 0
879,Video Title 879,biology,53000,,2018-05-19 12:11:25,0 1 0 0 0 0 0 0 0 0
880,Video Title 880,biology,43000,,2017-08-24 16:37:43,0 1 0 0 0 0 0 0 0 0
881,Video Title 881,biology,53000,,2016-05-18 23:38:44,0 1 0 0 0 0 0 0 0 0
882,Video Title 882,biology,44000,,2020-02-09 16:09:32,0 1 0 0 0 0 0 0 0 0
883,Video Title 883,biology,54000,,2021-06-27 03:47:56,0 1 0 0 0 0 0 0 0 0
884,Video Title 884,biology,44000,,2016-05-06 02:39:28,0 1 0 0 0 0 0 0 0 0
885,Video Title 885,biology,37000,,2017-02-05 13:23:15,0 1 0 0 0 0 0 0 0 0
886,Video Title 886,biology,55000,,2021-11-04 22:49:58,0 1 0 0 0 0 0 0 0 0
887,Video Title 887,biology,58000,,2022-05-09 03:55:59,0 1 0 0 0 0 0 0 0 0
888,Video Title 888,biology,41000,,2020-10-13 19:40:40,0 1 0 0 0 0 0 0 0 0
889,Video Title 889,biology,48000,,2023-11-05 04:55:33,0 1 0 0 0 0 0 0 0 0
890,Video Title 890,biology,44000,,2021-09-11 10:49:01,0 1 0 0 0 0 0 0 0 0
891,Video Title 891,biology,54000,,2017-10-27 20:01:30,0 1 0 0 0 0 0 0 0 0
892,Video Title 892,biology,46000,,2018-03-11 02:41:18,0 1 0 0 0 0 0 0 0 0
893,Video Title 893,biology,35000,,2022-03-03 15:40:21,0 1 0 0 0 0 0 0 0 0
894,Video Title 894,biology,55000,,2020-01-19 00:31:04,0 1 0 0 0 0 0 0 0 0
895,Video Title 895,biology,57000,,2016-07-03 12:16:52,0 1 0 0 0 0 0 0 0 0
896,Video Title 896,biology,50000,,2018-10-23 03:44:29,0 1 0 0 0 0 0 0 0 0
897,Video Title 897,biology,41000,,2019-07-20 01:46:09,0 1 0 0 0 0 0 0 0 0
898,Video Title 898,biology,33000,,2021-02-11 14:43:32,0 1 0 0 0 0 0 0 0 0
899,Video Title 899,biology,46000,,2022-07-06 18:08:44,0 1 0 0 0 0 0 0 0 0
900,Video Title 900,biology,39000,,2014-11-05 03:27:39,0 1 0 0 0 0 0 0 0 0
901,Video Title 901,biology,35000,,2016-09-24 16:31:04,0 1 0 0 0 0 0 0 0 0
902,Video Title 902,biology,58000,,2019-02-19 17:41:59,0 1 0 0 0 0 0 0 0 0
903,Video Title 903,biology,56000,,2018-05-18 18:35:46,0 1 0 0 0 0 0 0 0 0
904,Video Title 904,biology,60000,,2023-02-08 08:14:02,0 1 0 0 0 0 0 0 0 0
905,Video Title 905,biology,56000,,2018-07-07 14:48:42,0 1 0 0 0 0 0 0 0 0
906,Video Title 906,biology,41000,,2023-04-22 05:20:26,0 1 0 0 0 0 0 0 0 0
907,Video Title 907,biology,43000,,2014-07-16 09:18:11,0 1 0 0 0 0 0 0 0 0
908,Video Title 908,biology,46000,,2017-09-28 23:01:34,0 1 0 0 0 0 0 0 0 0
909,Video Title 909,biology,42000,,2023-12-12 00:25:14,0 1 0 0 0 0 0 0 0 0
910,Video Title 910,biology,41000,,2016-04-01 13:35:42,0 1 0 0 0 0 0 0 0 0
911,Video Title 911,biology,40000,,2023-04-23 12:20:57,0 1 0 0 0 0 0 0 0 0
912,Video Title 912,biology,56000,,2021-02-23 16:05:39,0 1 0 0 0 0 0 0 0 0
913,Video Title 913,biology,40000,,2021-11-30 12:56:37,0 1 0 0 0 0 0 0 0 0
914,Video Title 914,biology,34000,,2014-05-22 19:21:34,0 1 0 0 0 0 0 0 0 0
915,Video Title 915,biology,59000,,2022-04-19 15:06:52,0 1 0 0 0 0 0 0 0 0
916,Video Title 916,biology,52000,,2022-04-24 13:16:42,0 1 0 0 0 0 0 0 0 0
917,Video Title 917,biology,54000,,2021-01-21 04:58:08,0 1 0 0 0 0 0 0 0 0
918,Video Title 918,biology,44000,,2020-02-27 00:30:26,0 1 0 0 0 0 0 0 0 0
919,Video Title 919,biology,58000,,2014-10-19 04:10:39,0 1 0 0 0 0 0 0 0 0
920,Video Title 920,biology,38000,,2016-02-29 03:21:20,0 1 0 0 0 0 0 0 0 0
921,Video Title 921,biology,34000,,2019-06-29 03:15:06,0 1 0 0 0 0 0 0 0 0
922,Video Title 922,biology,53000,,2020-02-03 09:53:48,0 1 0 0 0 0 0 0 0 0
923,Video Title 923,biology,43000,,2015-02-12 19:58:08,0 1 0 0 0 0 0 0 0 0
924,Video Title 924,biology,39000,,2016-05-19 09:17:01,0 1 0 0 0 0 0 0 0 0
925,Video Title 925,biology,33000,,2014-06-26 06:51:05,0 1 0 0 0 0 0 0 0 0
926,Video Title 926,biology,43000,,2020-05-23 04:10:18,0 1 0 0 0 0 0 0 0 0
927,Video Title 927,biology,49000,,2018-07-29 11:09:10,0 1 0 0 0 0 0 0 0 0
928,Video Title 928,biology,33000,,2022-05-14 21:50:39,0 1 0 0 0 0 0 0 0 0
929,Video Title 929,biology,45000,,2019-12-21 02:20:24,0 1 0 0 0 0 0 0 0 0
930,Video Title 930,biology,30000,,2020-04-27 15:15:10,0 1 0 0 0 0 0 0 0 0
931,Video Title 931,biology,48000,,2016-06-04 01:46:50,0 1 0 0 0 0 0 0 0 0
932,Video Title 932,biology,34000,,2016-12-01 03:25:34,0 1 0 0 0 0 0 0 0 0
933,Video Title 933,biology,30000,,2020-02-25 01:19:10,0 1 0 0 0 0 0 0 0 0
934,Video Title 934,biology,37000,,2019-09-16 22:08:29,0 1 0 0 0 0 0 0 0 0
935,Video Title 935,biology,35000,,2020-08-23 22:55:33,0 1 0 0 0 0 0 0 0 0
936,Video Title 936,biology,32000,,2019-03-28 17:14:50,0 1 0 0 0 0 0 0 0 0
937,Video Title 937,biology,41000,,2014-09-07 00:42:31,0 1 0 0 0 0 0 0 0 0
938,Video Title 938,biology,46000,,2019-06-11 21:34:46,0 1 0 0 0 0 0 0 0 0
939,Video Title 939,biology,55000,,2023-11-19 09:50:17,0 1 0 0 0 0 0 0 0 0
940,Video Title 940,biology,47000,,2014-03-18 05:17:06,0 1 0 0 0 0 0 0 0 0
941,Video Title 941,biology,57000,,2018-09-14 23:49:58,0 1 0 0 0 0 0 0 0 0
942,Video Title 942,biology,50000,,2017-11-15 02:48:13,0 1 0 0 0 0 0 0 0 0
943,Video Title 943,biology,41000,,2016-07-16 19:45:46,0 1 0 0 0 0 0 0 0 0
944,Video Title 944,biology,30000,,2017-07-29 09:25:24,0 1 0 0 0 0 0 0 0 0
945,Video Title 945,biology,32000,,2017-06-14 12:41:54,0 1 0 0 0 0 0 0 0 0
946,Video Title 946,biology,53000,,2020-07-28 10:20:43,0 1 0 0 0 0 0 0 0 0
947,Video Title 947,biology,33000,,2021-09-18 23:31:13,0 1 0 0 0 0 0 0 0 0
948,Video Title 948,biology,53000,,2021-07-26 21:04:26,0 1 0 0 0 0 0 0 0 0
949,Video Title 949,biology,34000,,2014-06-13 19:48:22,0 1 0 0 0 0 0 0 0 0
950,Video Title 950,biology,47000,,2017-05-22 16:44:23,0 1 0 0 0 0 0 0 0 0
951,Video Title 951,biology,50000,,2015-10-04 01:48:27,0 1 0 0 0 0 0 0 0 0
952,Video Title 952,biology,54000,,2020-11-06 02:11:34,0 1 0 0 0 0 0 0 0 0
953,Video Title 953,biology,52000,,2018-10-15 15:19:50,0 1 0 0 0 0 0 0 0 0
954,Video Title 954,biology,35000,,2022-02-11 23:11:48,0 1 0 0 0 0 0 0 0 0
955,Video Title 955,biology,32000,,2021-02-28 13:32:49,0 1 0 0 0 0 0 0 0 0
956,Video Title 956,biology,60000,,2018-07-31 12:43:51,0 1 0 0 0 0 0 0 0 0
957,Video Title 957,biology,39000,,2016-01-08 19:22:15,0 1 0 0 0 0 0 0 0 0
958,Video Title 958,biology,55000,,2016-01-01 01:33:26,0 1 0 0 0 0 0 0 0 0
959,Video Title 959,biology,31000,,2017-02-27 22:11:37,0 1 0 0 0 0 0 0 0 0
960,Video Title 960,biology,39000,,2019-02-27 03:36:08,0 1 0 0 0 0 0 0 0 0
961,Video Title 961,biology,56000,,2019-06-08 01:29:20,0 1 0 0 0 0 0 0 0 0
962,Video Title 962,biology,38000,,2014-05-16 15:58:46,0 1 0 0 0 0 0 0 0 0
963,Video Title 963,biology,50000,,2015-12-01 12:39:37,0 1 0 0 0 0 0 0 0 0
964,Video Title 964,biology,41000,,2022-08-15 19:20:06,0 1 0 0 0 0 0 0 0 0
965,Video Title 965,biology,31000,,2022-08-29 03:55:44,0 1 0 0 0 0 0 0 0 0
966,Video Title 966,biology,40000,,2016-09-26 05:46:28,0 1 0 0 0 0 0 0 0 0
967,Video Title 967,biology,55000,,2017-09-07 06:28:46,0 1 0 0 0 0 0 0 0 0
968,Video Title 968,biology,58000,,2018-01-02 01:54:26,0 1 0 0 0 0 0 0 0 0
969,Video Title 969,biology,44000,,2022-12-12 10:14:40,0 1 0 0 0 0 0 0 0 0
970,Video Title 970,biology,42000,,2017-05-24 11:36:31,0 1 0 0 0 0 0 0 0 0
971,Video Title 971,biology,35000,,2018-12-19 03:24:09,0 1 0 0 0 0 0 0 0 0
972,Video Title 972,biology,45000,,2017-09-04 19:35:26,0 1 0 0 0 0 0 0 0 0
973,Video Title 973,biology,55000,,2019-03-13 08:33:53,0 1 0 0 0 0 0 0 0 0
974,Video Title 974,biology,55000,,2014-10-31 12:46:04,0 1 0 0 0 0 0 0 0 0
975,Video Title 975,biology,43000,,2014-10-18 02:00:20,0 1 0 0 0 0 0 0 0 0
976,Video Title 976,biology,49000,,2023-12-14 02:35:57,0 1 0 0 0 0 0 0 0 0
977,Video Title 977,biology,35000,,2019-06-16 23:33:25,0 1 0 0 0 0 0 0 0 0
978,Video Title 978,biology,40000,,2015-01-12 11:34:36,0 1 0 0 0 0 0 0 0 0
979,Video Title 979,biology,40000,,2020-08-11 08:31:25,0 1 0 0 0 0 0 0 0 0
980,Video Title 980,biology,39000,,2018-06-18 14:13:15,0 1 0 0 0 0 0 0 0 0
981,Video Title 981,biology,52000,,2018-04-07 07:46:04,0 1 0 0 0 0 0 0 0 0
982,Video Title 982,biology,52000,,2018-06-11 06:22:27,0 1 0 0 0 0 0 0 0 0
983,Video Title 983,biology,44000,,2014-06-06 14:18:44,0 1 0 0 0 0 0 0 0 0
984,Video Title 984,biology,57000,,2023-02-12 08:47:36,0 1 0 0 0 0 0 0 0 0
985,Video Title 985,biology,49000,,2023-12-25 05:59:32,0 1 0 0 0 0 0 0 0 0
986,Video Title 986,biology,38000,,2020-05-25 01:30:41,0 1 0 0 0 0 0 0 0 0
987,Video Title 987,biology,55000,,2023-06-24 20:25:24,0 1 0 0 0 0 0 0 0 0
988,Video Title 988,biology,32000,,2020-09-17 19:42:31,0 1 0 0 0 0 0 0 0 0
989,Video Title 989,biology,42000,,2017-08-21 02:03:18,0 1 0 0 0 0 0 0 0 0
990,Video Title 990,biology,55000,,2021-07-02 03:03:48,0 1 0 0 0 0 0 0 0 0
991,Video Title 991,biology,35000,,2023-07-12 16:21:04,0 1 0 0 0 0 0 0 0 0
992,Video Title 992,biology,34000,,2022-06-27 15:25:53,0 1 0 0 0 0 0 0 0 0
993,Video Title 993,biology,51000,,2021-10-24 18:55:42,0 1 0 0 0 0 0 0 0 0
994,Video Title 994,biology,31000,,2015-04-08 17:45:00,0 1 0 0 0 0 0 0 0 0
995,Video Title 995,biology,37000,,2021-10-14 13:56:48,0 1 0 0 0 0 0 0 0 0
996,Video Title 996,biology,41000,,2017-08-16 20:23:27,0 1 0 0 0 0 0 0 0 0
997,Video Title 997,biology,60000,,2019-09-04 10:37:50,0 1 0 0 0 0 0 0 0 0
998,Video Title 998,biology,49000,,2015-07-17 01:10:59,0 1 0 0 0 0 0 0 0 0
999,Video Title 999,biology,44000,,2023-06-28 04:56:28,0 1 0 0 0 0 0 0 0 0
1000,Video Title 1000,biology,41000,,2018-06-11 09:04:54,0 1 0 0 0 0 0 0 0 0
1001,Video Title 1001,business,32000,,2019-09-28 19:32:52,0 0 1 0 0 0 0 0 0 0
1002,Video Title 1002,business,46000,,2017-09-03 08:48:55,0 0 1 0 0 0 0 0 0 0
1003,Video Title 1003,business,40000,,2020-06-30 21:31:13,0 0 1 0 0 0 0 0 0 0
1004,Video Title 1004,business,37000,,2023-08-09 21:33:23,0 0 1 0 0 0 0 0 0 0
1005,Video Title 1005,business,30000,,2021-05-11 05:07:03,0 0 1 0 0 0 0 0 0 0
1006,Video Title 1006,business,45000,,2019-03-07 18:29:09,0 0 1 0 0 0 0 0 0 0
1007,Video Title 1007,business,59000,,2019-08-15 02:31:46,0 0 1 0 0 0 0 0 0 0
1008,Video Title 1008,business,38000,,2021-10-01 14:53:19,0 0 1 0 0 0 0 0 0 0
1009,Video Title 1009,business,52000,,2018-06-19 21:31:28,0 0 1 0 0 0 0 0 0 0
1010,Video Title 1010,business,49000,,2016-11-10 08:32:04,0 0 1 0 0 0 0 0 0 0
1011,Video Title 1011,business,59000,,2023-12-26 23:53:12,0 0 1 0 0 0 0 0 0 0
1012,Video Title 1012,business,36000,,2015-03-26 15:02:17,0 0 1 0 0 0 0 0 0 0
1013,Video Title 1013,business,57000,,2014-09-30 06:57:31,0 0 1 0 0 0 0 0 0 0
1014,Video Title 1014,business,35000,,2022-12-27 04:16:59,0 0 1 0 0 0 0 0 0 0
1015,Video Title 1015,business,44000,,2023-12-22 00:11:11,0 0 1 0 0 0 0 0 0 0
1016,Video Title 1016,business,55000,,2020-10-27 01:00:11,0 0 1 0 0 0 0 0 0 0
1017,Video Title 1017,business,57000,,2023-11-12 23:56:24,0 0 1 0 0 0 0 0 0 0
1018,Video Title 1018,business,51000,,2017-06-24 02:27:20,0 0 1 0 0 0 0 0 0 0
1019,Video Title 1019,business,32000,,2019-07-03 11:45:00,0 0 1 0 0 0 0 0 0 0
1020,Video Title 1020,business,39000,,2022-11-30 08:39:19,0 0 1 0 0 0 0 0 0 0
1021,Video Title 1021,business,57000,,2015-07-31 21:27:35,0 0 1 0 0 0 0 0 0 0
1022,Video Title 1022,business,52000,,2023-04-10 17:37:20,0 0 1 0 0 0 0 0 0 0
1023,Video Title 1023,business,50000,,2015-09-30 10:22:20,0 0 1 0 0 0 0 0 0 0
1024,Video Title 1024,business,41000,,2019-02-02 23:00:11,0 0 1 0 0 0 0 0 0 0
1025,Video Title 1025,business,33000,,2023-11-07 17:36:39,0 0 1 0 0 0 0 0 0 0
1026,Video Title 1026,business,55000,,2015-05-24 21:36:50,0 0 1 0 0 0 0 0 0 0
1027,Video Title 1027,business,55000,,2018-12-11 04:19:18,0 0 1 0 0 0 0 0 0 0
1028,Video Title 1028,business,41000,,2019-07-18 04:16:40,0 0 1 0 0 0 0 0 0 0
1029,Video Title 1029,business,41000,,2018-09-05 00:45:05,0 0 1 0 0 0 0 0 0 0
1030,Video Title 1030,business,47000,,2015-04-21 15:57:35,0 0 1 0 0 0 0 0 0 0
1031,Video Title 1031,business,58000,,2014-11-13 16:28:34,0 0 1 0 0 0 0 0 0 0
1032,Video Title 1032,business,39000,,2017-12-26 06:48:51,0 0 1 0 0 0 0 0 0 0
1033,Video Title 1033,business,52000,,2021-03-10 20:58:55,0 0 1 0 0 0 0 0 0 0
1034,Video Title 1034,business,46000,,2018-02-10 09:39:09,0 0 1 0 0 0 0 0 0 0
1035,Video Title 1035,business,43000,,2022-03-27 04:31:53,0 0 1 0 0 0 0 0 0 0
1036,Video Title 1036,business,32000,,2015-04-05 10:37:34,0 0 1 0 0 0 0 0 0 0
1037,Video Title 1037,business,40000,,2020-06-04 12:51:37,0 0 1 0 0 0 0 0 0 0
1038,Video Title 1038,business,44000,,2018-08-30 06:59:17,0 0 1 0 0 0 0 0 0 0
1039,Video Title 1039,business,46000,,2017-06-13 11:29:41,0 0 1 0 0 0 0 0 0 0
1040,Video Title 1040,business,58000,,2022-04-17 01:06:23,0 0 1 0 0 0 0 0 0 0
1041,Video Title 1041,business,47000,,2020-05-26 05:56:53,0 0 1 0 0 0 0 0 0 0
1042,Video Title 1042,business,35000,,2021-09-05 09:40:17,0 0 1 0 0 0 0 0 0 0
1043,Video Title 1043,business,34000,,2018-05-01 01:21:42,0 0 1 0 0 0 0 0 0 0
1044,Video Title 1044,business,59000,,2022-09-06 23:20:18,0 0 1 0 0 0 0 0 0 0
1045,Video Title 1045,business,56000,,2015-04-01 04:30:51,0 0 1 0 0 0 0 0 0 0
1046,Video Title 1046,business,34000,,2017-01-17 01:18:35,0 0 1 0 0 0 0 0 0 0
1047,Video Title 1047,business,35000,,2017-03-25 17:04:54,0 0 1 0 0 0 0 0 0 0
1048,Video Title 1048,business,52000,,2016-04-04 23:11:48,0 0 1 0 0 0 0 0 0 0
1049,Video Title 1049,business,60000,,2023-05-30 07:11:42,0 0 1 0 0 0 0 0 0 0
1050,Video Title 1050,business,58000,,2016-11-04 18:37:55,0 0 1 0 0 0 0 0 0 0
1051,Video Title 1051,business,32000,,2016-07-05 17:01:30,0 0 1 0 0 0 0 0 0 0
1052,Video Title 1052,business,50000,,2023-07-25 16:24:09,0 0 1 0 0 0 0 0 0 0
1053,Video Title 1053,business,38000,,2015-04-04 20:55:04,0 0 1 0 0 0 0 0 0 0
1054,Video Title 1054,business,39000,,2020-02-23 15:55:01,0 0 1 0 0 0 0 0 0 0
1055,Video Title 1055,business,32000,,2019-01-11 09:24:26,0 0 1 0 0 0 0 0 0 0
1056,Video Title 1056,business,35000,,2019-12-03 02:25:11,0 0 1 0 0 0 0 0 0 0
1057,Video Title 1057,business,48000,,2015-07-19 19:25:04,0 0 1 0 0 0 0 0 0 0
1058,Video Title 1058,business,51000,,2020-03-31 08:22:36,0 0 1 0 0 0 0 0 0 0
1059,Video Title 1059,business,58000,,2020-01-20 18:10:05,0 0 1 0 0 0 0 0 0 0
1060,Video Title 1060,business,56000,,2023-03-29 08:14:38,0 0 1 0 0 0 0 0 0 0
1061,Video Title 1061,business,31000,,2022-04-03 02:41:49,0 0 1 0 0 0 0 0 0 0
1062,Video Title 1062,business,30000,,2014-10-26 11:07:19,0 0 1 0 0 0 0 0 0 0
1063,Video Title 1063,business,60000,,2020-06-01 07:20:49,0 0 1 0 0 0 0 0 0 0
1064,Video Title 1064,business,48000,,2016-08-25 23:51:27,0 0 1 0 0 0 0 0 0 0
1065,Video Title 1065,business,36000,,2021-09-02 09:36:30,0 0 1 0 0 0 0 0 0 0
1066,Video Title 1066,business,43000,,2020-03-08 02:17:53,0 0 1 0 0 0 0 0 0 0
1067,Video Title 1067,business,30000,,2018-12-25 20:08:02,0 0 1 0 0 0 0 0 0 0
1068,Video Title 1068,business,50000,,2019-06-17 08:35:15,0 0 1 0 0 0 0 0 0 0
1069,Video Title 1069,business,50000,,2023-07-26 18:33:17,0 0 1 0 0 0 0 0 0 0
1070,Video Title 1070,business,45000,,2016-06-14 19:18:17,0 0 1 0 0 0 0 0 0 0
1071,Video Title 1071,business,55000,,2020-11-07 05:11:51,0 0 1 0 0 0 0 0 0 0
1072,Video Title 1072,business,39000,,2018-07-16 10:27:57,0 0 1 0 0 0 0 0 0 0
1073,Video Title 1073,business,52000,,2014-08-09 16:22:54,0 0 1 0 0 0 0 0 0 0
1074,Video Title 1074,business,44000,,2018-02-28 00:27:53,0 0 1 0 0 0 0 0 0 0
1075,Video Title 1075,business,44000,,2016-01-17 16:24:57,0 0 1 0 0 0 0 0 0 0
1076,Video Title 1076,business,49000,,2015-06-11 09:22:38,0 0 1 0 0 0 0 0 0 0
1077,Video Title 1077,business,57000,,2021-03-09 00:35:19,0 0 1 0 0 0 0 0 0 0
1078,Video Title 1078,business,53000,,2023-11-18 06:50:49,0 0 1 0 0 0 0 0 0 0
1079,Video Title 1079,business,41000,,2023-10-03 02:46:24,0 0 1 0 0 0 0 0 0 0
1080,Video Title 1080,business,34000,,2021-08-10 10:15:12,0 0 1 0 0 0 0 0 0 0
1081,Video Title 1081,business,46000,,2019-08-15 00:38:47,0 0 1 0 0 0 0 0 0 0
1082,Video Title 1082,business,40000,,2016-06-03 08:14:11,0 0 1 0 0 0 0 0 0 0
1083,Video Title 1083,business,33000,,2016-09-05 06:31:07,0 0 1 0 0 0 0 0 0 0
1084,Video Title 1084,business,37000,,2015-06-01 04:52:50,0 0 1 0 0 0 0 0 0 0
1085,Video Title 1085,business,31000,,2016-11-27 06:34:17,0 0 1 0 0 0 0 0 0 0
1086,Video Title 1086,business,42000,,2022-08-23 04:45:11,0 0 1 0 0 0 0 0 0 0
1087,Video Title 1087,business,43000,,2016-06-27 04:28:35,0 0 1 0 0 0 0 0 0 0
1088,Video Title 1088,business,57000,,2023-01-09 10:25:42,0 0 1 0 0 0 0 0 0 0
1089,Video Title 1089,business,56000,,2017-04-12 03:22:40,0 0 1 0 0 0 0 0 0 0
1090,Video Title 1090,business,48000,,2021-03-19 02:51:01,0 0 1 0 0 0 0 0 0 0
1091,Video Title 1091,business,36000,,2021-08-19 09:25:56,0 0 1 0 0 0 0 0 0 0
1092,Video Title 1092,business,45000,,2023-12-17 06:55:13,0 0 1 0 0 0 0 0 0 0
1093,Video Title 1093,business,44000,,2018-12-28 11:21:01,0 0 1 0 0 0 0 0 0 0
1094,Video Title 1094,business,39000,,2018-12-23 09:38:09,0 0 1 0 0 0 0 0 0 0
1095,Video Title 1095,business,32000,,2023-06-15 02:23:37,0 0 1 0 0 0 0 0 0 0
1096,Video Title 1096,business,46000,,2018-07-29 21:24:15,0 0 1 0 0 0 0 0 0 0
1097,Video Title 1097,business,37000,,2016-02-27 06:39:05,0 0 1 0 0 0 0 0 0 0
1098,Video Title 1098,business,41000,,2014-06-29 14:27:08,0 0 1 0 0 0 0 0 0 0
1099,Video Title 1099,business,39000,,2018-12-14 08:43:56,0 0 1 0 0 0 0 0 0 0
1100,Video Title 1100,business,58000,,2022-06-06 09:37:44,0 0 1 0 0 0 0 0 0 0
1101,Video Title 1101,business,51000,,2018-09-16 15:24:30,0 0 1 0 0 0 0 0 0 0
1102,Video Title 1102,business,47000,,2014-02-01 20:20:26,0 0 1 0 0 0 0 0 0 0
1103,Video Title 1103,business,33000,,2018-04-24 21:16:21,0 0 1 0 0 0 0 0 0 0
1104,Video Title 1104,business,58000,,2016-08-25 07:49:33,0 0 1 0 0 0 0 0 0 0
1105,Video Title 1105,business,41000,,2021-08-22 01:51:09,0 0 1 0 0 0 0 0 0 0
1106,Video Title 1106,business,41000,,2014-06-17 03:14:01,0 0 1 0 0 0 0 0 0 0
1107,Video Title 1107,business,31000,,2019-09-15 12:40:19,0 0 1 0 0 0 0 0 0 0
1108,Video Title 1108,business,36000,,2017-08-18 05:04:57,0 0 1 0 0 0 0 0 0 0
1109,Video Title 1109,business,39000,,2014-09-28 09:22:52,0 0 1 0 0 0 0 0 0 0
1110,Video Title 1110,business,46000,,2018-07-04 19:02:37,0 0 1 0 0 0 0 0 0 0
1111,Video Title 1111,business,47000,,2016-10-19 23:31:52,0 0 1 0 0 0 0 0 0 0
1112,Video Title 1112,business,49000,,2020-10-21 10:55:15,0 0 1 0 0 0 0 0 0 0
1113,Video Title 1113,business,33000,,2015-04-17 14:54:46,0 0 1 0 0 0 0 0 0 0
1114,Video Title 1114,business,33000,,2017-12-10 17:57:54,0 0 1 0 0 0 0 0 0 0
1115,Video Title 1115,business,55000,,2023-11-13 18:35:57,0 0 1 0 0 0 0 0 0 0
1116,Video Title 1116,business,47000,,2023-05-23 03:53:40,0 0 1 0 0 0 0 0 0 0
1117,Video Title 1117,business,54000,,2015-06-13 13:49:14,0 0 1 0 0 0 0 0 0 0
1118,Video Title 1118,business,49000,,2019-02-04 07:07:56,0 0 1 0 0 0 0 0 0 0
1119,Video Title 1119,business,46000,,2014-05-29 22:19:47,0 0 1 0 0 0 0 0 0 0
1120,Video Title 1120,business,31000,,2015-05-18 04:23:10,0 0 1 0 0 0 0 0 0 0
1121,Video Title 1121,business,40000,,2022-01-15 11:24:32,0 0 1 0 0 0 0 0 0 0
1122,Video Title 1122,business,46000,,2018-07-29 00:11:52,0 0 1 0 0 0 0 0 0 0
1123,Video Title 1123,business,49000,,2022-12-06 22:20:10,0 0 1 0 0 0 0 0 0 0
1124,Video Title 1124,business,34000,,2017-04-14 01:48:29,0 0 1 0 0 0 0 0 0 0
1125,Video Title 1125,business,49000,,2017-03-10 15:13:50,0 0 1 0 0 0 0 0 0 0
1126,Video Title 1126,business,42000,,2023-11-27 17:56:18,0 0 1 0 0 0 0 0 0 0
1127,Video Title 1127,business,53000,,2022-06-05 11:55:43,0 0 1 0 0 0 0 0 0 0
1128,Video Title 1128,business,48000,,2017-05-14 18:18:51,0 0 1 0 0 0 0 0 0 0
1129,Video Title 1129,business,56000,,2019-02-06 10:57:18,0 0 1 0 0 0 0 0 0 0
1130,Video Title 1130,business,45000,,2021-02-01 21:36:25,0 0 1 0 0 0 0 0 0 0
1131,Video Title 1131,business,39000,,2018-10-02 08:35:30,0 0 1 0 0 0 0 0 0 0
1132,Video Title 1132,business,30000,,2017-09-08 12:08:38,0 0 1 0 0 0 0 0 0 0
1133,Video Title 1133,business,51000,,2015-02-07 01:21:43,0 0 1 0 0 0 0 0 0 0
1134,Video Title 1134,business,43000,,2019-11-03 12:18:27,0 0 1 0 0 0 0 0 0 0
1135,Video Title 1135,business,55000,,2022-12-27 11:59:53,0 0 1 0 0 0 0 0 0 0
1136,Video Title 1136,business,57000,,2020-11-18 08:37:25,0 0 1 0 0 0 0 0 0 0
1137,Video Title 1137,business,30000,,2019-12-21 17:16:56,0 0 1 0 0 0 0 0 0 0
1138,Video Title 1138,business,38000,,2023-09-02 19:23:34,0 0 1 0 0 0 0 0 0 0
1139,Video Title 1139,business,55000,,2023-09-21 00:10:52,0 0 1 0 0 0 0 0 0 0
1140,Video Title 1140,business,48000,,2019-10-12 08:46:23,0 0 1 0 0 0 0 0 0 0
1141,Video Title 1141,business,53000,,2014-07-09 10:42:44,0 0 1 0 0 0 0 0 0 0
1142,Video Title 1142,business,45000,,2015-09-17 08:51:23,0 0 1 0 0 0 0 0 0 0
1143,Video Title 1143,business,50000,,2021-03-19 07:36:58,0 0 1 0 0 0 0 0 0 0
1144,Video Title 1144,business,54000,,2022-05-31 06:14:24,0 0 1 0 0 0 0 0 0 0
1145,Video Title 1145,business,34000,,2022-03-21 01:31:44,0 0 1 0 0 0 0 0 0 0
1146,Video Title 1146,business,37000,,2014-04-28 05:34:37,0 0 1 0 0 0 0 0 0 0
1147,Video Title 1147,business,60000,,2021-01-02 21:37:54,0 0 1 0 0 0 0 0 0 0
1148,Video Title 1148,business,36000,,2014-03-13 02:54:48,0 0 1 0 0 0 0 0 0 0
1149,Video Title 1149,business,40000,,2018-03-11 13:09:14,0 0 1 0 0 0 0 0 0 0
1150,Video Title 1150,business,43000,,2020-11-27 07:49:22,0 0 1 0 0 0 0 0 0 0
1151,Video Title 1151,business,43000,,2019-01-08 15:23:18,0 0 1 0 0 0 0 0 0 0
1152,Video Title 1152,business,49000,,2023-03-16 21:38:06,0 0 1 0 0 0 0 0 0 0
1153,Video Title 1153,business,57000,,2022-06-26 13:49:29,0 0 1 0 0 0 0 0 0 0
1154,Video Title 1154,business,53000,,2014-08-18 07:50:26,0 0 1 0 0 0 0 0 0 0
1155,Video Title 1155,business,34000,,2019-03-11 04:38:57,0 0 1 0 0 0 0 0 0 0
1156,Video Title 1156,business,47000,,2017-04-03 10:20:21,0 0 1 0 0 0 0 0 0 0
1157,Video Title 1157,business,51000,,2018-10-15 01:17:53,0 0 1 0 0 0 0 0 0 0
1158,Video Title 1158,business,42000,,2017-02-21 04:43:39,0 0 1 0 0 0 0 0 0 0
1159,Video Title 1159,business,35000,,2018-08-07 18:31:31,0 0 1 0 0 0 0 0 0 0
1160,Video Title 1160,business,47000,,2017-06-05 11:50:48,0 0 1 0 0 0 0 0 0 0
1161,Video Title 1161,business,41000,,2020-10-04 22:05:14,0 0 1 0 0 0 0 0 0 0
1162,Video Title 1162,business,57000,,2021-03-18 08:59:29,0 0 1 0 0 0 0 0 0 0
1163,Video Title 1163,business,50000,,2022-01-14 07:57:41,0 0 1 0 0 0 0 0 0 0
1164,Video Title 1164,business,38000,,2020-02-07 18:42:30,0 0 1 0 0 0 0 0 0 0
1165,Video Title 1165,business,36000,,2023-07-29 06:45:21,0 0 1 0 0 0 0 0 0 0
1166,Video Title 1166,business,38000,,2019-08-02 00:23:26,0 0 1 0 0 0 0 0 0 0
1167,Video Title 1167,business,37000,,2023-06-01 10:08:01,0 0 1 0 0 0 0 0 0 0
1168,Video Title 1168,business,39000,,2021-09-17 18:51:57,0 0 1 0 0 0 0 0 0 0
1169,Video Title 1169,business,52000,,2016-01-29 13:32:05,0 0 1 0 0 0 0 0 0 0
1170,Video Title 1170,business,52000,,2018-11-22 20:40:11,0 0 1 0 0 0 0 0 0 0
1171,Video Title 1171,business,45000,,2017-06-29 03:09:29,0 0 1 0 0 0 0 0 0 0
1172,Video Title 1172,business,59000,,2023-05-06 20:55:12,0 0 1 0 0 0 0 0 0 0
1173,Video Title 1173,business,53000,,2016-09-27 02:52:48,0 0 1 0 0 0 0 0 0 0
1174,Video Title 1174,business,33000,,2019-09-27 04:34:04,0 0 1 0 0 0 0 0 0 0
1175,Video Title 1175,business,47000,,2017-10-19 21:12:38,0 0 1 0 0 0 0 0 0 0
1176,Video Title 1176,business,42000,,2022-03-09 01:51:55,0 0 1 0 0 0 0 0 0 0
1177,Video Title 1177,business,60000,,2021-09-24 16:26:06,0 0 1 0 0 0 0 0 0 0
1178,Video Title 1178,business,34000,,2016-11-28 03:39:08,0 0 1 0 0 0 0 0 0 0
1179,Video Title 1179,business,39000,,2023-07-21 21:28:54,0 0 1 0 0 0 0 0 0 0
1180,Video Title 1180,business,32000,,2017-06-20 05:26:37,0 0 1 0 0 0 0 0 0 0
1181,Video Title 1181,business,44000,,2020-07-24 07:09:05,0 0 1 0 0 0 0 0 0 0
1182,Video Title 1182,business,53000,,2018-10-17 15:20:36,0 0 1 0 0 0 0 0 0 0
1183,Video Title 1183,business,36000,,2022-04-13 00:34:09,0 0 1 0 0 0 0 0 0 0
1184,Video Title 1184,business,38000,,2023-05-01 12:53:47,0 0 1 0 0 0 0 0 0 0
1185,Video Title 1185,business,52000,,2016-09-20 10:02:25,0 0 1 0 0 0 0 0 0 0
1186,Video Title 1186,business,33000,,2020-02-28 05:18:29,0 0 1 0 0 0 0 0 0 0
1187,Video Title 1187,business,48000,,2016-05-25 09:06:32,0 0 1 0 0 0 0 0 0 0
1188,Video Title 1188,business,31000,,2020-09-12 21:27:19,0 0 1 0 0 0 0 0 0 0
1189,Video Title 1189,business,46000,,2016-04-05 16:50:10,0 0 1 0 0 0 0 0 0 0
1190,Video Title 1190,business,37000,,2014-07-13 14:13:15,0 0 1 0 0 0 0 0 0 0
1191,Video Title 1191,business,43000,,2017-04-22 13:43:17,0 0 1 0 0 0 0 0 0 0
1192,Video Title 1192,business,45000,,2015-01-04 23:44:01,0 0 1 0 0 0 0 0 0 0
1193,Video Title 1193,business,54000,,2015-05-19 18:06:43,0 0 1 0 0 0 0 0 0 0
1194,Video Title 1194,business,60000,,2019-07-04 18:53:05,0 0 1 0 0 0 0 0 0 0
1195,Video Title 1195,business,59000,,2015-08-02 11:38:17,0 0 1 0 0 0 0 0 0 0
1196,Video Title 1196,business,50000,,2023-05-08 20:48:42,0 0 1 0 0 0 0 0 0 0
1197,Video Title 1197,business,58000,,2018-10-05 07:17:19,0 0 1 0 0 0 0 0 0 0
1198,Video Title 1198,business,50000,,2016-01-01 00:20:36,0 0 1 0 0 0 0 0 0 0
1199,Video Title 1199,business,60000,,2016-11-16 10:39:55,0 0 1 0 0 0 0 0 0 0
1200,Video Title 1200,business,39000,,2020-06-17 12:39:27,0 0 1 0 0 0 0 0 0 0
1201,Video Title 1201,business,59000,,2021-09-08 20:18:33,0 0 1 0 0 0 0 0 0 0
1202,Video Title 1202,business,50000,,2019-09-29 14:04:54,0 0 1 0 0 0 0 0 0 0
1203,Video Title 1203,business,47000,,2021-05-22 04:56:21,0 0 1 0 0 0 0 0 0 0
1204,Video Title 1204,business,57000,,2023-05-14 20:14:15,0 0 1 0 0 0 0 0 0 0
1205,Video Title 1205,business,59000,,2023-03-20 08:50:57,0 0 1 0 0 0 0 0 0 0
1206,Video Title 1206,business,43000,,2022-10-28 04:39:34,0 0 1 0 0 0 0 0 0 0
1207,Video Title 1207,business,35000,,2023-05-04 19:37:14,0 0 1 0 0 0 0 0 0 0
1208,Video Title 1208,business,31000,,2023-12-21 16:14:59,0 0 1 0 0 0 0 0 0 0
1209,Video Title 1209,business,42000,,2021-11-18 01:21:04,0 0 1 0 0 0 0 0 0 0
1210,Video Title 1210,business,35000,,2023-05-14 14:55:33,0 0 1 0 0 0 0 0 0 0
1211,Video Title 1211,business,60000,,2022-09-21 20:39:50,0 0 1 0 0 0 0 0 0 0
1212,Video Title 1212,business,39000,,2022-10-08 02:42:05,0 0 1 0 0 0 0 0 0 0
1213,Video Title 1213,business,30000,,2016-12-27 03:09:27,0 0 1 0 0 0 0 0 0 0
1214,Video Title 1214,business,49000,,2015-01-29 15:32:25,0 0 1 0 0 0 0 0 0 0
1215,Video Title 1215,business,40000,,2016-11-06 15:36:02,0 0 1 0 0 0 0 0 0 0
1216,Video Title 1216,business,50000,,2019-06-09 01:07:20,0 0 1 0 0 0 0 0 0 0
1217,Video Title 1217,business,45000,,2022-11-22 19:10:22,0 0 1 0 0 0 0 0 0 0
1218,Video Title 1218,business,34000,,2022-07-06 08:49:59,0 0 1 0 0 0 0 0 0 0
1219,Video Title 1219,business,44000,,2016-09-24 20:31:42,0 0 1 0 0 0 0 0 0 0
1220,Video Title 1220,business,55000,,2015-02-18 03:51:22,0 0 1 0 0 0 0 0 0 0
1221,Video Title 1221,business,35000,,2021-04-24 14:02:41,0 0 1 0 0 0 0 0 0 0
1222,Video Title 1222,business,50000,,2016-07-30 00:24:12,0 0 1 0 0 0 0 0 0 0
1223,Video Title 1223,business,35000,,2014-02-23 09:46:31,0 0 1 0 0 0 0 0 0 0
1224,Video Title 1224,business,40000,,2021-11-28 07:14:50,0 0 1 0 0 0 0 0 0 0
1225,Video Title 1225,business,48000,,2020-09-29 13:32:23,0 0 1 0 0 0 0 0 0 0
1226,Video Title 1226,business,36000,,2015-10-05 13:21:16,0 0 1 0 0 0 0 0 0 0
1227,Video Title 1227,business,57000,,2020-05-22 08:22:46,0 0 1 0 0 0 0 0 0 0
1228,Video Title 1228,business,42000,,2022-04-09 12:18:31,0 0 1 0 0 0 0 0 0 0
1229,Video Title 1229,business,46000,,2017-04-13 22:22:31,0 0 1 0 0 0 0 0 0 0
1230,Video Title 1230,business,42000,,2020-09-10 18:48:45,0 0 1 0 0 0 0 0 0 0
1231,Video Title 1231,business,35000,,2023-10-26 03:37:22,0 0 1 0 0 0 0 0 0 0
1232,Video Title 1232,business,45000,,2017-03-29 03:30:22,0 0 1 0 0 0 0 0 0 0
1233,Video Title 1233,business,37000,,2014-01-27 22:19:06,0 0 1 0 0 0 0 0 0 0
1234,Video Title 1234,business,42000,,2016-05-11 15:39:42,0 0 1 0 0 0 0 0 0 0
1235,Video Title 1235,business,54000,,2016-09-03 12:42:10,0 0 1 0 0 0 0 0 0 0
1236,Video Title 1236,business,40000,,2017-01-09 02:27:20,0 0 1 0 0 0 0 0 0 0
1237,Video Title 1237,business,53000,,2019-09-25 00:03:20,0 0 1 0 0 0 0 0 0 0
1238,Video Title 1238,business,38000,,2020-07-15 22:39:46,0 0 1 0 0 0 0 0 0 0
1239,Video Title 1239,business,52000,,2016-05-14 12:06:20,0 0 1 0 0 0 0 0 0 0
1240,Video Title 1240,business,51000,,2015-03-10 12:29:48,0 0 1 0 0 0 0 0 0 0
1241,Video Title 1241,business,39000,,2015-08-08 23:11:38,0 0 1 0 0 0 0 0 0 0
1242,Video Title 1242,business,51000,,2019-01-11 04:47:35,0 0 1 0 0 0 0 0 0 0
1243,Video Title 1243,business,58000,,2022-11-17 11:24:13,0 0 1 0 0 0 0 0 0 0
1244,Video Title 1244,business,54000,,2017-02-11 01:40:05,0 0 1 0 0 0 0 0 0 0
1245,Video Title 1245,business,33000,,2020-05-22 07:06:43,0 0 1 0 0 0 0 0 0 0
1246,Video Title 1246,business,60000,,2016-12-14 21:17:37,0 0 1 0 0 0 0 0 0 0
1247,Video Title 1247,business,49000,,2016-03-19 02:23:36,0 0 1 0 0 0 0 0 0 0
1248,Video Title 1248,business,60000,,2015-05-05 12:37:31,0 0 1 0 0 0 0 0 0 0
1249,Video Title 1249,business,34000,,2018-07-21 16:07:54,0 0 1 0 0 0 0 0 0 0
1250,Video Title 1250,business,49000,,2017-09-27 17:32:10,0 0 1 0 0 0 0 0 0 0
1251,Video Title 1251,business,52000,,2019-06-30 16:56:34,0 0 1 0 0 0 0 0 0 0
1252,Video Title 1252,business,45000,,2021-07-29 07:54:21,0 0 1 0 0 0 0 0 0 0
1253,Video Title 1253,business,55000,,2020-08-22 22:40:22,0 0 1 0 0 0 0 0 0 0
1254,Video Title 1254,business,36000,,2021-08-14 18:54:09,0 0 1 0 0 0 0 0 0 0
1255,Video Title 1255,business,51000,,2021-07-19 19:11:04,0 0 1 0 0 0 0 0 0 0
1256,Video Title 1256,business,57000,,2021-11-15 21:40:20,0 0 1 0 0 0 0 0 0 0
1257,Video Title 1257,business,46000,,2018-06-21 15:07:22,0 0 1 0 0 0 0 0 0 0
1258,Video Title 1258,business,52000,,2017-08-15 12:21:16,0 0 1 0 0 0 0 0 0 0
1259,Video Title 1259,business,59000,,2019-08-24 05:10:48,0 0 1 0 0 0 0 0 0 0
1260,Video Title 1260,business,31000,,2022-04-16 00:36:25,0 0 1 0 0 0 0 0 0 0
1261,Video Title 1261,business,58000,,2019-01-22 00:39:58,0 0 1 0 0 0 0 0 0 0
1262,Video Title 1262,business,48000,,2019-05-15 19:25:47,0 0 1 0 0 0 0 0 0 0
1263,Video Title 1263,business,35000,,2017-04-14 15:06:18,0 0 1 0 0 0 0 0 0 0
1264,Video Title 1264,business,46000,,2018-06-03 17:13:56,0 0 1 0 0 0 0 0 0 0
1265,Video Title 1265,business,51000,,2016-01-22 17:10:12,0 0 1 0 0 0 0 0 0 0
1266,Video Title 1266,business,48000,,2018-11-22 05:19:47,0 0 1 0 0 0 0 0 0 0
1267,Video Title 1267,business,58000,,2019-02-08 20:52:51,0 0 1 0 0 0 0 0 0 0
1268,Video Title 1268,business,55000,,2014-07-25 01:41:47,0 0 1 0 0 0 0 0 0 0
1269,Video Title 1269,business,34000,,2019-02-19 08:30:39,0 0 1 0 0 0 0 0 0 0
1270,Video Title 1270,business,44000,,2019-08-23 06:37:11,0 0 1 0 0 0 0 0 0 0
1271,Video Title 1271,business,47000,,2018-08-17 16:20:22,0 0 1 0 0 0 0 0 0 0
1272,Video Title 1272,business,55000,,2017-01-31 19:39:13,0 0 1 0 0 0 0 0 0 0
1273,Video Title 1273,business,30000,,2017-12-18 05:06:25,0 0 1 0 0 0 0 0 0 0
1274,Video Title 1274,business,56000,,2014-01-14 00:09:19,0 0 1 0 0 0 0 0 0 0
1275,Video Title 1275,business,36000,,2019-10-14 20:04:00,0 0 1 0 0 0 0 0 0 0
1276,Video Title 1276,business,31000,,2018-03-29 11:53:27,0 0 1 0 0 0 0 0 0 0
1277,Video Title 1277,business,52000,,2014-08-23 17:22:05,0 0 1 0 0 0 0 0 0 0
1278,Video Title 1278,business,31000,,2023-05-07 05:27:11,0 0 1 0 0 0 0 0 0 0
1279,Video Title 1279,business,32000,,2023-11-11 09:37:22,0 0 1 0 0 0 0 0 0 0
1280,Video Title 1280,business,45000,,2014-04-28 19:58:28,0 0 1 0 0 0 0 0 0 0
1281,Video Title 1281,business,43000,,2015-10-21 22:21:51,0 0 1 0 0 0 0 0 0 0
1282,Video Title 1282,business,34000,,2021-08-29 06:30:18,0 0 1 0 0 0 0 0 0 0
1283,Video Title 1283,business,53000,,2020-06-17 11:09:34,0 0 1 0 0 0 0 0 0 0
1284,Video Title 1284,business,43000,,2017-09-30 18:46:35,0 0 1 0 0 0 0 0 0 0
1285,Video Title 1285,business,58000,,2017-10-30 01:12:52,0 0 1 0 0 0 0 0 0 0
1286,Video Title 1286,business,57000,,2023-03-04 11:16:50,0 0 1 0 0 0 0 0 0 0
1287,Video Title 1287,business,42000,,2017-10-05 02:32:55,0 0 1 0 0 0 0 0 0 0
1288,Video Title 1288,business,51000,,2023-08-23 03:02:50,0 0 1 0 0 0 0 0 0 0
1289,Video Title 1289,business,57000,,2019-05-25 10:42:11,0 0 1 0 0 0 0 0 0 0
1290,Video Title 1290,business,50000,,2022-08-09 01:06:16,0 0 1 0 0 0 0 0 0 0
1291,Video Title 1291,business,33000,,2015-10-16 10:17:23,0 0 1 0 0 0 0 0 0 0
1292,Video Title 1292,business,47000,,2017-12-07 15:56:10,0 0 1 0 0 0 0 0 0 0
1293,Video Title 1293,business,34000,,2021-04-12 16:22:23,0 0 1 0 0 0 0 0 0 0
1294,Video Title 1294,business,37000,,2022-05-08 02:22:23,0 0 1 0 0 0 0 0 0 0
1295,Video Title 1295,business,54000,,2014-03-26 23:36:52,0 0 1 0 0 0 0 0 0 0
1296,Video Title 1296,business,39000,,2018-08-19 23:08:30,0 0 1 0 0 0 0 0 0 0
1297,Video Title 1297,business,53000,,2019-06-13 05:24:42,0 0 1 0 0 0 0 0 0 0
1298,Video Title 1298,business,47000,,2017-10-18 08:37:06,0 0 1 0 0 0 0 0 0 0
1299,Video Title 1299,business,37000,,2016-06-24 10:03:16,0 0 1 0 0 0 0 0 0 0
1300,Video Title 1300,business,41000,,2015-07-23 04:37:56,0 0 1 0 0 0 0 0 0 0
1301,Video Title 1301,business,36000,,2023-05-17 13:08:51,0 0 1 0 0 0 0 0 0 0
1302,Video Title 1302,business,53000,,2021-08-28 00:55:04,0 0 1 0 0 0 0 0 0 0
1303,Video Title 1303,business,31000,,2022-02-04 14:17:19,0 0 1 0 0 0 0 0 0 0
1304,Video Title 1304,business,43000,,2020-02-25 11:16:22,0 0 1 0 0 0 0 0 0 0
1305,Video Title 1305,business,59000,,2022-11-02 17:04:48,0 0 1 0 0 0 0 0 0 0
1306,Video Title 1306,business,30000,,2016-05-30 10:22:02,0 0 1 0 0 0 0 0 0 0
1307,Video Title 1307,business,32000,,2015-01-06 06:33:07,0 0 1 0 0 0 0 0 0 0
1308,Video Title 1308,business,31000,,2018-06-20 12:14:14,0 0 1 0 0 0 0 0 0 0
1309,Video Title 1309,business,51000,,2021-01-12 23:52:37,0 0 1 0 0 0 0 0 0 0
1310,Video Title 1310,business,31000,,2016-06-14 06:42:41,0 0 1 0 0 0 0 0 0 0
1311,Video Title 1311,business,31000,,2018-01-10 06:26:41,0 0 1 0 0 0 0 0 0 0
1312,Video Title 1312,business,37000,,2019-05-27 02:57:33,0 0 1 0 0 0 0 0 0 0
1313,Video Title 1313,business,54000,,2022-08-21 14:46:09,0 0 1 0 0 0 0 0 0 0
1314,Video Title 1314,business,31000,,2015-05-29 11:52:34,0 0 1 0 0 0 0 0 0 0
1315,Video Title 1315,business,39000,,2016-05-06 16:32:56,0 0 1 0 0 0 0 0 0 0
1316,Video Title 1316,business,59000,,2021-04-26 00:55:53,0 0 1 0 0 0 0 0 0 0
1317,Video Title 1317,business,40000,,2019-10-11 18:47:37,0 0 1 0 0 0 0 0 0 0
1318,Video Title 1318,business,54000,,2020-09-22 17:47:40,0 0 1 0 0 0 0 0 0 0
1319,Video Title 1319,business,40000,,2016-05-16 16:47:36,0 0 1 0 0 0 0 0 0 0
1320,Video Title 1320,business,58000,,2015-06-09 21:36:50,0 0 1 0 0 0 0 0 0 0
1321,Video Title 1321,business,51000,,2019-03-20 13:35:32,0 0 1 0 0 0 0 0 0 0
1322,Video Title 1322,business,43000,,2017-01-03 19:53:00,0 0 1 0 0 0 0 0 0 0
1323,Video Title 1323,business,31000,,2019-07-28 00:30:25,0 0 1 0 0 0 0 0 0 0
1324,Video Title 1324,business,48000,,2022-10-18 22:56:12,0 0 1 0 0 0 0 0 0 0
1325,Video Title 1325,business,59000,,2015-10-04 05:40:02,0 0 1 0 0 0 0 0 0 0
1326,Video Title 1326,business,51000,,2018-04-11 06:46:15,0 0 1 0 0 0 0 0 0 0
1327,Video Title 1327,business,45000,,2014-06-23 03:02:48,0 0 1 0 0 0 0 0 0 0
1328,Video Title 1328,business,41000,,2023-06-01 18:58:10,0 0 1 0 0 0 0 0 0 0
1329,Video Title 1329,business,51000,,2017-10-25 05:08:44,0 0 1 0 0 0 0 0 0 0
1330,Video Title 1330,business,46000,,2017-03-11 09:08:18,0 0 1 0 0 0 0 0 0 0
1331,Video Title 1331,business,43000,,2018-02-01 03:30:14,0 0 1 0 0 0 0 0 0 0
1332,Video Title 1332,business,39000,,2017-10-08 01:54:45,0 0 1 0 0 0 0 0 0 0
1333,Video Title 1333,business,54000,,2019-05-20 10:30:57,0 0 1 0 0 0 0 0 0 0
1334,Video Title 1334,business,37000,,2022-06-30 02:15:56,0 0 1 0 0 0 0 0 0 0
1335,Video Title 1335,business,39000,,2022-07-30 00:36:44,0 0 1 0 0 0 0 0 0 0
1336,Video Title 1336,business,34000,,2022-01-22 01:59:29,0 0 1 0 0 0 0 0 0 0
1337,Video Title 1337,business,59000,,2014-08-01 07:51:23,0 0 1 0 0 0 0 0 0 0
1338,Video Title 1338,business,43000,,2023-09-05 10:04:12,0 0 1 0 0 0 0 0 0 0
1339,Video Title 1339,business,47000,,2019-04-21 11:16:58,0 0 1 0 0 0 0 0 0 0
1340,Video Title 1340,business,42000,,2016-06-07 10:24:21,0 0 1 0 0 0 0 0 0 0
1341,Video Title 1341,business,36000,,2017-04-22 11:02:17,0 0 1 0 0 0 0 0 0 0
1342,Video Title 1342,business,32000,,2023-03-23 03:00:24,0 0 1 0 0 0 0 0 0 0
1343,Video Title 1343,business,57000,,2017-09-18 10:23:18,0 0 1 0 0 0 0 0 0 0
1344,Video Title 1344,business,47000,,2021-03-31 17:37:14,0 0 1 0 0 0 0 0 0 0
1345,Video Title 1345,business,36000,,2014-07-10 02:36:31,0 0 1 0 0 0 0 0 0 0
1346,Video Title 1346,business,42000,,2020-09-26 21:39:36,0 0 1 0 0 0 0 0 0 0
1347,Video Title 1347,business,49000,,2014-05-27 08:21:56,0 0 1 0 0 0 0 0 0 0
1348,Video Title 1348,business,32000,,2015-11-20 19:06:16,0 0 1 0 0 0 0 0 0 0
1349,Video Title 1349,business,54000,,2019-11-17 16:19:52,0 0 1 0 0 0 0 0 0 0
1350,Video Title 1350,business,51000,,2019-08-04 19:18:06,0 0 1 0 0 0 0 0 0 0
1351,Video Title 1351,business,45000,,2016-02-04 10:41:02,0 0 1 0 0 0 0 0 0 0
1352,Video Title 1352,business,59000,,2017-05-02 07:40:25,0 0 1 0 0 0 0 0 0 0
1353,Video Title 1353,business,60000,,2023-02-02 19:53:18,0 0 1 0 0 0 0 0 0 0
1354,Video Title 1354,business,36000,,2023-05-16 15:11:42,0 0 1 0 0 0 0 0 0 0
1355,Video Title 1355,business,60000,,2021-06-01 09:13:40,0 0 1 0 0 0 0 0 0 0
1356,Video Title 1356,business,53000,,2023-12-30 10:30:28,0 0 1 0 0 0 0 0 0 0
1357,Video Title 1357,business,45000,,2023-02-22 17:03:27,0 0 1 0 0 0 0 0 0 0
1358,Video Title 1358,business,52000,,2020-01-18 01:34:27,0 0 1 0 0 0 0 0 0 0
1359,Video Title 1359,business,36000,,2017-12-20 16:58:06,0 0 1 0 0 0 0 0 0 0
1360,Video Title 1360,business,37000,,2019-07-11 02:08:45,0 0 1 0 0 0 0 0 0 0
1361,Video Title 1361,business,54000,,2016-11-01 03:59:08,0 0 1 0 0 0 0 0 0 0
1362,Video Title 1362,business,44000,,2019-05-04 19:45:04,0 0 1 0 0 0 0 0 0 0
1363,Video Title 1363,business,41000,,2017-02-01 17:47:31,0 0 1 0 0 0 0 0 0 0
1364,Video Title 1364,business,41000,,2019-02-17 18:43:44,0 0 1 0 0 0 0 0 0 0
1365,Video Title 1365,business,45000,,2018-08-30 21:57:22,0 0 1 0 0 0 0 0 0 0
1366,Video Title 1366,business,55000,,2023-10-24 19:29:48,0 0 1 0 0 0 0 0 0 0
1367,Video Title 1367,business,45000,,2021-08-13 22:41:51,0 0 1 0 0 0 0 0 0 0
1368,Video Title 1368,business,40000,,2023-02-22 07:21:06,0 0 1 0 0 0 0 0 0 0
1369,Video Title 1369,business,41000,,2017-02-18 03:58:07,0 0 1 0 0 0 0 0 0 0
1370,Video Title 1370,business,31000,,2019-08-18 05:09:58,0 0 1 0 0 0 0 0 0 0
1371,Video Title 1371,business,37000,,2021-05-31 13:42:30,0 0 1 0 0 0 0 0 0 0
1372,Video Title 1372,business,30000,,2016-08-11 19:48:43,0 0 1 0 0 0 0 0 0 0
1373,Video Title 1373,business,59000,,2019-11-04 17:11:39,0 0 1 0 0 0 0 0 0 0
1374,Video Title 1374,business,53000,,2018-03-07 03:50:21,0 0 1 0 0 0 0 0 0 0
1375,Video Title 1375,business,34000,,2015-12-20 02:24:00,0 0 1 0 0 0 0 0 0 0
1376,Video Title 1376,business,37000,,2017-10-20 09:57:51,0 0 1 0 0 0 0 0 0 0
1377,Video Title 1377,business,56000,,2016-06-17 21:56:57,0 0 1 0 0 0 0 0 0 0
1378,Video Title 1378,business,47000,,2020-07-19 07:39:28,0 0 1 0 0 0 0 0 0 0
1379,Video Title 1379,business,51000,,2017-05-19 02:37:52,0 0 1 0 0 0 0 0 0 0
1380,Video Title 1380,business,54000,,2022-03-20 19:27:14,0 0 1 0 0 0 0 0 0 0
1381,Video Title 1381,business,60000,,2021-03-27 23:40:33,0 0 1 0 0 0 0 0 0 0
1382,Video Title 1382,business,53000,,2018-11-28 16:10:22,0 0 1 0 0 0 0 0 0 0
1383,Video Title 1383,business,35000,,2021-04-30 14:50:52,0 0 1 0 0 0 0 0 0 0
1384,Video Title 1384,business,41000,,2015-09-12 19:40:34,0 0 1 0 0 0 0 0 0 0
1385,Video Title 1385,business,53000,,2019-06-20 21:27:30,0 0 1 0 0 0 0 0 0 0
1386,Video Title 1386,business,35000,,2023-03-03 16:23:11,0 0 1 0 0 0 0 0 0 0
1387,Video Title 1387,business,47000,,2023-11-26 16:20:31,0 0 1 0 0 0 0 0 0 0
1388,Video Title 1388,business,60000,,2014-08-05 08:55:39,0 0 1 0 0 0 0 0 0 0
1389,Video Title 1389,business,31000,,2022-05-23 14:24:00,0 0 1 0 0 0 0 0 0 0
1390,Video Title 1390,business,32000,,2023-06-14 22:28:42,0 0 1 0 0 0 0 0 0 0
1391,Video Title 1391,business,51000,,2014-06-29 01:51:39,0 0 1 0 0 0 0 0 0 0
1392,Video Title 1392,business,30000,,2018-02-16 05:33:31,0 0 1 0 0 0 0 0 0 0
1393,Video Title 1393,business,56000,,2020-04-23 01:27:51,0 0 1 0 0 0 0 0 0 0
1394,Video Title 1394,business,32000,,2021-01-27 04:03:13,0 0 1 0 0 0 0 0 0 0
1395,Video Title 1395,business,30000,,2016-03-11 07:50:35,0 0 1 0 0 0 0 0 0 0
1396,Video Title 1396,business,44000,,2017-09-26 04:22:50,0 0 1 0 0 0 0 0 0 0
1397,Video Title 1397,business,49000,,2020-05-18 17:01:28,0 0 1 0 0 0 0 0 0 0
1398,Video Title 1398,business,59000,,2020-03-02 07:05:45,0 0 1 0 0 0 0 0 0 0
1399,Video Title 1399,business,45000,,2020-08-05 09:18:30,0 0 1 0 0 0 0 0 0 0
1400,Video Title 1400,business,30000,,2014-01-27 03:14:32,0 0 1 0 0 0 0 0 0 0
1401,Video Title 1401,business,47000,,2018-02-12 09:15:11,0 0 1 0 0 0 0 0 0 0
1402,Video Title 1402,business,30000,,2019-04-19 08:59:09,0 0 1 0 0 0 0 0 0 0
1403,Video Title 1403,business,38000,,2019-05-12 10:39:28,0 0 1 0 0 0 0 0 0 0
1404,Video Title 1404,business,39000,,2014-03-06 13:41:29,0 0 1 0 0 0 0 0 0 0
1405,Video Title 1405,business,56000,,2020-12-24 04:27:18,0 0 1 0 0 0 0 0 0 0
1406,Video Title 1406,business,43000,,2022-01-23 12:17:25,0 0 1 0 0 0 0 0 0 0
1407,Video Title 1407,business,59000,,2015-10-19 07:46:30,0 0 1 0 0 0 0 0 0 0
1408,Video Title 1408,business,59000,,2014-12-20 13:05:48,0 0 1 0 0 0 0 0 0 0
1409,Video Title 1409,business,34000,,2016-05-31 12:52:10,0 0 1 0 0 0 0 0 0 0
1410,Video Title 1410,business,49000,,2019-04-08 13:32:39,0 0 1 0 0 0 0 0 0 0
1411,Video Title 1411,business,56000,,2017-07-19 17:02:25,0 0 1 0 0 0 0 0 0 0
1412,Video Title 1412,business,55000,,2017-12-21 16:07:35,0 0 1 0 0 0 0 0 0 0
1413,Video Title 1413,business,41000,,2023-08-05 10:29:12,0 0 1 0 0 0 0 0 0 0
1414,Video Title 1414,business,44000,,2019-08-27 06:11:28,0 0 1 0 0 0 0 0 0 0
1415,Video Title 1415,business,52000,,2016-04-06 09:05:43,0 0 1 0 0 0 0 0 0 0
1416,Video Title 1416,business,51000,,2022-04-13 10:14:17,0 0 1 0 0 0 0 0 0 0
1417,Video Title 1417,business,32000,,2020-07-16 03:14:56,0 0 1 0 0 0 0 0 0 0
1418,Video Title 1418,business,57000,,2020-07-02 02:45:14,0 0 1 0 0 0 0 0 0 0
1419,Video Title 1419,business,31000,,2014-12-10 06:38:39,0 0 1 0 0 0 0 0 0 0
1420,Video Title 1420,business,42000,,2017-10-10 16:03:15,0 0 1 0 0 0 0 0 0 0
1421,Video Title 1421,business,45000,,2014-07-26 19:40:07,0 0 1 0 0 0 0 0 0 0
1422,Video Title 1422,business,30000,,2021-01-11 09:14:06,0 0 1 0 0 0 0 0 0 0
1423,Video Title 1423,business,32000,,2019-01-01 11:35:42,0 0 1 0 0 0 0 0 0 0
1424,Video Title 1424,business,43000,,2020-06-13 21:52:27,0 0 1 0 0 0 0 0 0 0
1425,Video Title 1425,business,40000,,2019-08-30 09:02:26,0 0 1 0 0 0 0 0 0 0
1426,Video Title 1426,business,57000,,2023-09-27 12:21:42,0 0 1 0 0 0 0 0 0 0
1427,Video Title 1427,business,58000,,2019-04-14 18:44:40,0 0 1 0 0 0 0 0 0 0
1428,Video Title 1428,business,31000,,2016-04-20 15:32:42,0 0 1 0 0 0 0 0 0 0
1429,Video Title 1429,business,58000,,2022-09-06 15:02:22,0 0 1 0 0 0 0 0 0 0
1430,Video Title 1430,business,58000,,2019-09-02 18:17:28,0 0 1 0 0 0 0 0 0 0
1431,Video Title 1431,business,38000,,2014-06-21 22:49:43,0 0 1 0 0 0 0 0 0 0
1432,Video Title 1432,business,32000,,2020-11-05 03:57:28,0 0 1 0 0 0 0 0 0 0
1433,Video Title 1433,business,38000,,2022-12-29 11:42:02,0 0 1 0 0 0 0 0 0 0
1434,Video Title 1434,business,48000,,2020-08-01 02:22:10,0 0 1 0 0 0 0 0 0 0
1435,Video Title 1435,business,35000,,2023-04-15 23:55:59,0 0 1 0 0 0 0 0 0 0
1436,Video Title 1436,business,40000,,2014-03-01 03:38:56,0 0 1 0 0 0 0 0 0 0
1437,Video Title 1437,business,36000,,2019-11-15 16:21:45,0 0 1 0 0 0 0 0 0 0
1438,Video Title 1438,business,54000,,2022-03-17 12:30:32,0 0 1 0 0 0 0 0 0 0
1439,Video Title 1439,business,56000,,2017-12-26 18:43:52,0 0 1 0 0 0 0 0 0 0
1440,Video Title 1440,business,32000,,2016-12-30 08:39:19,0 0 1 0 0 0 0 0 0 0
1441,Video Title 1441,business,48000,,2016-05-29 17:21:51,0 0 1 0 0 0 0 0 0 0
1442,Video Title 1442,business,56000,,2022-06-30 11:09:23,0 0 1 0 0 0 0 0 0 0
1443,Video Title 1443,business,51000,,2022-12-19 07:39:25,0 0 1 0 0 0 0 0 0 0
1444,Video Title 1444,business,40000,,2017-11-04 00:55:42,0 0 1 0 0 0 0 0 0 0
1445,Video Title 1445,business,53000,,2015-05-28 19:40:19,0 0 1 0 0 0 0 0 0 0
1446,Video Title 1446,business,52000,,2021-03-30 04:43:43,0 0 1 0 0 0 0 0 0 0
1447,Video Title 1447,business,46000,,2021-06-15 21:59:41,0 0 1 0 0 0 0 0 0 0
1448,Video Title 1448,business,41000,,2014-07-17 23:48:26,0 0 1 0 0 0 0 0 0 0
1449,Video Title 1449,business,43000,,2016-04-29 07:48:53,0 0 1 0 0 0 0 0 0 0
1450,Video Title 1450,business,32000,,2017-05-30 03:55:28,0 0 1 0 0 0 0 0 0 0
1451,Video Title 1451,business,54000,,2020-02-21 14:35:40,0 0 1 0 0 0 0 0 0 0
1452,Video Title 1452,business,49000,,2017-12-20 23:11:13,0 0 1 0 0 0 0 0 0 0
1453,Video Title 1453,business,54000,,2017-04-08 06:35:39,0 0 1 0 0 0 0 0 0 0
1454,Video Title 1454,business,50000,,2016-09-26 15:26:51,0 0 1 0 0 0 0 0 0 0
1455,Video Title 1455,business,44000,,2018-11-28 16:51:45,0 0 1 0 0 0 0 0 0 0
1456,Video Title 1456,business,41000,,2019-07-14 14:06:16,0 0 1 0 0 0 0 0 0 0
1457,Video Title 1457,business,42000,,2018-04-28 05:52:48,0 0 1 0 0 0 0 0 0 0
1458,Video Title 1458,business,51000,,2019-11-11 10:39:38,0 0 1 0 0 0 0 0 0 0
1459,Video Title 1459,business,42000,,2014-11-11 18:48:16,0 0 1 0 0 0 0 0 0 0
1460,Video Title 1460,business,49000,,2016-12-16 03:14:33,0 0 1 0 0 0 0 0 0 0
1461,Video Title 1461,business,37000,,2021-02-17 20:18:26,0 0 1 0 0 0 0 0 0 0
1462,Video Title 1462,business,32000,,2016-09-07 02:20:59,0 0 1 0 0 0 0 0 0 0
1463,Video Title 1463,business,42000,,2021-02-12 14:55:07,0 0 1 0 0 0 0 0 0 0
1464,Video Title 1464,business,50000,,2015-07-20 02:39:20,0 0 1 0 0 0 0 0 0 0
1465,Video Title 1465,business,42000,,2017-03-03 21:00:46,0 0 1 0 0 0 0 0 0 0
1466,Video Title 1466,business,33000,,2014-12-03 01:11:22,0 0 1 0 0 0 0 0 0 0
1467,Video Title 1467,business,60000,,2017-02-01 04:13:44,0 0 1 0 0 0 0 0 0 0
1468,Video Title 1468,business,41000,,2021-08-12 21:57:09,0 0 1 0 0 0 0 0 0 0
1469,Video Title 1469,business,33000,,2015-05-01 15:36:48,0 0 1 0 0 0 0 0 0 0
1470,Video Title 1470,business,35000,,2018-04-25 01:48:20,0 0 1 0 0 0 0 0 0 0
1471,Video Title 1471,business,47000,,2019-07-20 19:13:26,0 0 1 0 0 0 0 0 0 0
1472,Video Title 1472,business,43000,,2015-01-15 00:27:37,0 0 1 0 0 0 0 0 0 0
1473,Video Title 1473,business,32000,,2017-07-17 18:53:29,0 0 1 0 0 0 0 0 0 0
1474,Video Title 1474,business,32000,,2019-12-21 18:35:27,0 0 1 0 0 0 0 0 0 0
1475,Video Title 1475,business,55000,,2017-04-01 04:05:49,0 0 1 0 0 0 0 0 0 0
1476,Video Title 1476,business,42000,,2014-02-17 01:02:16,0 0 1 0 0 0 0 0 0 0
1477,Video Title 1477,business,43000,,2017-11-18 11:14:29,0 0 1 0 0 0 0 0 0 0
1478,Video Title 1478,business,32000,,2021-04-01 16:19:14,0 0 1 0 0 0 0 0 0 0
1479,Video Title 1479,business,47000,,2023-01-20 00:11:00,0 0 1 0 0 0 0 0 0 0
1480,Video Title 1480,business,37000,,2019-09-21 15:44:01,0 0 1 0 0 0 0 0 0 0
1481,Video Title 1481,business,35000,,2020-11-08 09:40:51,0 0 1 0 0 0 0 0 0 0
1482,Video Title 1482,business,35000,,2015-05-24 18:23:20,0 0 1 0 0 0 0 0 0 0
1483,Video Title 1483,business,39000,,2016-09-08 16:26:07,0 0 1 0 0 0 0 0 0 0
1484,Video Title 1484,business,34000,,2014-08-21 22:12:08,0 0 1 0 0 0 0 0 0 0
1485,Video Title 1485,business,43000,,2016-10-06 06:15:35,0 0 1 0 0 0 0 0 0 0
1486,Video Title 1486,business,39000,,2018-11-05 10:39:47,0 0 1 0 0 0 0 0 0 0
1487,Video Title 1487,business,32000,,2017-08-13 02:32:32,0 0 1 0 0 0 0 0 0 0
1488,Video Title 1488,business,60000,,2016-06-21 01:17:23,0 0 1 0 0 0 0 0 0 0
1489,Video Title 1489,business,50000,,2018-12-17 16:17:36,0 0 1 0 0 0 0 0 0 0
1490,Video Title 1490,business,49000,,2015-12-17 18:01:28,0 0 1 0 0 0 0 0 0 0
1491,Video Title 1491,business,33000,,2015-05-12 12:52:56,0 0 1 0 0 0 0 0 0 0
1492,Video Title 1492,business,30000,,2023-06-28 04:56:07,0 0 1 0 0 0 0 0 0 0
1493,Video Title 1493,business,40000,,2022-06-01 21:19:57,0 0 1 0 0 0 0 0 0 0
1494,Video Title 1494,business,42000,,2022-01-15 21:05:53,0 0 1 0 0 0 0 0 0 0
1495,Video Title 1495,business,40000,,2018-05-28 19:31:40,0 0 1 0 0 0 0 0 0 0
1496,Video Title 1496,business,43000,,2022-02-26 11:39:04,0 0 1 0 0 0 0 0 0 0
1497,Video Title 1497,business,57000,,2020-07-06 06:49:43,0 0 1 0 0 0 0 0 0 0
1498,Video Title 1498,business,49000,,2015-05-14 20:30:13,0 0 1 0 0 0 0 0 0 0
1499,Video Title 1499,business,40000,,2020-01-13 17:18:25,0 0 1 0 0 0 0 0 0 0
1500,Video Title 1500,business,52000,,2016-01-06 02:35:25,0 0 1 0 0 0 0 0 0 0
1501,Video Title 1501,chemistry,40000,,2015-10-13 09:01:29,0 0 0 1 0 0 0 0 0 0
1502,Video Title 1502,chemistry,42000,,2023-09-08 20:19:45,0 0 0 1 0 0 0 0 0 0
1503,Video Title 1503,chemistry,39000,,2021-05-08 06:59:39,0 0 0 1 0 0 0 0 0 0
1504,Video Title 1504,chemistry,50000,,2018-11-30 04:14:26,0 0 0 1 0 0 0 0 0 0
1505,Video Title 1505,chemistry,48000,,2021-10-27 04:57:17,0 0 0 1 0 0 0 0 0 0
1506,Video Title 1506,chemistry,40000,,2017-10-06 14:26:40,0 0 0 1 0 0 0 0 0 0
1507,Video Title 1507,chemistry,56000,,2021-11-10 09:54:29,0 0 0 1 0 0 0 0 0 0
1508,Video Title 1508,chemistry,41000,,2015-02-22 16:34:24,0 0 0 1 0 0 0 0 0 0
1509,Video Title 1509,chemistry,48000,,2016-01-02 06:29:03,0 0 0 1 0 0 0 0 0 0
1510,Video Title 1510,chemistry,47000,,2015-10-21 17:37:25,0 0 0 1 0 0 0 0 0 0
1511,Video Title 1511,chemistry,54000,,2019-07-03 20:41:10,0 0 0 1 0 0 0 0 0 0
1512,Video Title 1512,chemistry,60000,,2021-04-10 07:53:26,0 0 0 1 0 0 0 0 0 0
1513,Video Title 1513,chemistry,60000,,2021-01-31 12:57:13,0 0 0 1 0 0 0 0 0 0
1514,Video Title 1514,chemistry,44000,,2021-12-23 13:15:05,0 0 0 1 0 0 0 0 0 0
1515,Video Title 1515,chemistry,56000,,2020-12-05 20:22:13,0 0 0 1 0 0 0 0 0 0
1516,Video Title 1516,chemistry,56000,,2022-06-24 10:13:21,0 0 0 1 0 0 0 0 0 0
1517,Video Title 1517,chemistry,55000,,2018-02-04 08:48:11,0 0 0 1 0 0 0 0 0 0
1518,Video Title 1518,chemistry,45000,,2015-05-26 00:05:28,0 0 0 1 0 0 0 0 0 0
1519,Video Title 1519,chemistry,39000,,2016-06-04 09:03:15,0 0 0 1 0 0 0 0 0 0
1520,Video Title 1520,chemistry,51000,,2015-07-19 14:56:50,0 0 0 1 0 0 0 0 0 0
1521,Video Title 1521,chemistry,43000,,2021-11-22 03:07:28,0 0 0 1 0 0 0 0 0 0
1522,Video Title 1522,chemistry,32000,,2018-06-30 02:14:41,0 0 0 1 0 0 0 0 0 0
1523,Video Title 1523,chemistry,49000,,2018-10-18 04:57:34,0 0 0 1 0 0 0 0 0 0
1524,Video Title 1524,chemistry,42000,,2019-05-07 10:35:03,0 0 0 1 0 0 0 0 0 0
1525,Video Title 1525,chemistry,59000,,2023-03-16 10:21:19,0 0 0 1 0 0 0 0 0 0
1526,Video Title 1526,chemistry,52000,,2018-03-09 19:08:26,0 0 0 1 0 0 0 0 0 0
1527,Video Title 1527,chemistry,31000,,2021-11-28 03:09:08,0 0 0 1 0 0 0 0 0 0
1528,Video Title 1528,chemistry,41000,,2021-01-06 23:09:48,0 0 0 1 0 0 0 0 0 0
1529,Video Title 1529,chemistry,55000,,2019-05-16 16:57:51,0 0 0 1 0 0 0 0 0 0
1530,Video Title 1530,chemistry,50000,,2023-02-22 13:32:57,0 0 0 1 0 0 0 0 0 0
1531,Video Title 1531,chemistry,33000,,2021-09-09 16:22:28,0 0 0 1 0 0 0 0 0 0
1532,Video Title 1532,chemistry,51000,,2020-08-25 03:11:04,0 0 0 1 0 0 0 0 0 0
1533,Video Title 1533,chemistry,35000,,2020-06-21 13:11:12,0 0 0 1 0 0 0 0 0 0
1534,Video Title 1534,chemistry,31000,,2019-08-20 18:05:51,0 0 0 1 0 0 0 0 0 0
1535,Video Title 1535,chemistry,50000,,2020-10-10 18:32:17,0 0 0 1 0 0 0 0 0 0
1536,Video Title 1536,chemistry,42000,,2023-09-01 20:39:19,0 0 0 1 0 0 0 0 0 0
1537,Video Title 1537,chemistry,40000,,2023-08-28 20:47:23,0 0 0 1 0 0 0 0 0 0
1538,Video Title 1538,chemistry,43000,,2015-01-24 16:44:33,0 0 0 1 0 0 0 0 0 0
1539,Video Title 1539,chemistry,33000,,2016-08-04 09:28:52,0 0 0 1 0 0 0 0 0 0
1540,Video Title 1540,chemistry,46000,,2021-06-21 00:19:30,0 0 0 1 0 0 0 0 0 0
1541,Video Title 1541,chemistry,47000,,2019-10-22 21:24:09,0 0 0 1 0 0 0 0 0 0
1542,Video Title 1542,chemistry,48000,,2016-03-19 18:22:48,0 0 0 1 0 0 0 0 0 0
1543,Video Title 1543,chemistry,41000,,2017-11-30 15:21:11,0 0 0 1 0 0 0 0 0 0
1544,Video Title 1544,chemistry,54000,,2020-10-18 09:03:38,0 0 0 1 0 0 0 0 0 0
1545,Video Title 1545,chemistry,52000,,2019-01-03 16:48:08,0 0 0 1 0 0 0 0 0 0
1546,Video Title 1546,chemistry,41000,,2023-12-23 14:45:31,0 0 0 1 0 0 0 0 0 0
1547,Video Title 1547,chemistry,45000,,2015-01-19 14:31:25,0 0 0 1 0 0 0 0 0 0
1548,Video Title 1548,chemistry,43000,,2023-03-16 23:57:53,0 0 0 1 0 0 0 0 0 0
1549,Video Title 1549,chemistry,32000,,2015-03-02 15:40:26,0 0 0 1 0 0 0 0 0 0
1550,Video Title 1550,chemistry,60000,,2021-04-21 01:12:12,0 0 0 1 0 0 0 0 0 0
1551,Video Title 1551,chemistry,41000,,2017-02-14 09:35:38,0 0 0 1 0 0 0 0 0 0
1552,Video Title 1552,chemistry,44000,,2021-11-04 14:03:06,0 0 0 1 0 0 0 0 0 0
1553,Video Title 1553,chemistry,46000,,2018-10-31 16:19:02,0 0 0 1 0 0 0 0 0 0
1554,Video Title 1554,chemistry,45000,,2014-12-25 07:46:39,0 0 0 1 0 0 0 0 0 0
1555,Video Title 1555,chemistry,53000,,2020-12-20 04:27:43,0 0 0 1 0 0 0 0 0 0
1556,Video Title 1556,chemistry,40000,,2014-09-05 04:28:19,0 0 0 1 0 0 0 0 0 0
1557,Video Title 1557,chemistry,31000,,2022-02-07 04:17:17,0 0 0 1 0 0 0 0 0 0
1558,Video Title 1558,chemistry,33000,,2014-03-26 10:27:21,0 0 0 1 0 0 0 0 0 0
1559,Video Title 1559,chemistry,40000,,2020-06-25 02:09:53,0 0 0 1 0 0 0 0 0 0
1560,Video Title 1560,chemistry,51000,,2022-01-01 04:23:27,0 0 0 1 0 0 0 0 0 0
1561,Video Title 1561,chemistry,59000,,2023-11-03 05:40:52,0 0 0 1 0 0 0 0 0 0
1562,Video Title 1562,chemistry,37000,,2019-03-01 09:03:56,0 0 0 1 0 0 0 0 0 0
1563,Video Title 1563,chemistry,47000,,2015-08-10 11:53:17,0 0 0 1 0 0 0 0 0 0
1564,Video Title 1564,chemistry,47000,,2018-04-08 05:57:28,0 0 0 1 0 0 0 0 0 0
1565,Video Title 1565,chemistry,44000,,2016-04-28 06:32:45,0 0 0 1 0 0 0 0 0 0
1566,Video Title 1566,chemistry,42000,,2020-04-19 15:00:14,0 0 0 1 0 0 0 0 0 0
1567,Video Title 1567,chemistry,35000,,2020-05-28 17:56:58,0 0 0 1 0 0 0 0 0 0
1568,Video Title 1568,chemistry,43000,,2017-12-16 21:00:58,0 0 0 1 0 0 0 0 0 0
1569,Video Title 1569,chemistry,53000,,2020-02-22 11:46:03,0 0 0 1 0 0 0 0 0 0
1570,Video Title 1570,chemistry,36000,,2018-07-01 22:46:15,0 0 0 1 0 0 0 0 0 0
1571,Video Title 1571,chemistry,43000,,2017-11-22 06:00:51,0 0 0 1 0 0 0 0 0 0
1572,Video Title 1572,chemistry,52000,,2016-02-26 00:08:19,0 0 0 1 0 0 0 0 0 0
1573,Video Title 1573,chemistry,38000,,2021-07-10 23:42:48,0 0 0 1 0 0 0 0 0 0
1574,Video Title 1574,chemistry,55000,,2021-12-17 10:18:18,0 0 0 1 0 0 0 0 0 0
1575,Video Title 1575,chemistry,48000,,2015-01-09 09:28:46,0 0 0 1 0 0 0 0 0 0
1576,Video Title 1576,chemistry,57000,,2019-05-16 15:28:38,0 0 0 1 0 0 0 0 0 0
1577,Video Title 1577,chemistry,41000,,2017-04-06 20:16:41,0 0 0 1 0 0 0 0 0 0
1578,Video Title 1578,chemistry,44000,,2015-02-22 22:27:19,0 0 0 1 0 0 0 0 0 0
1579,Video Title 1579,chemistry,51000,,2022-08-17 14:57:41,0 0 0 1 0 0 0 0 0 0
1580,Video Title 1580,chemistry,46000,,2023-08-29 14:16:35,0 0 0 1 0 0 0 0 0 0
1581,Video Title 1581,chemistry,40000,,2019-12-21 22:38:40,0 0 0 1 0 0 0 0 0 0
1582,Video Title 1582,chemistry,49000,,2017-12-05 18:51:17,0 0 0 1 0 0 0 0 0 0
1583,Video Title 1583,chemistry,33000,,2017-06-25 22:11:53,0 0 0 1 0 0 0 0 0 0
1584,Video Title 1584,chemistry,57000,,2018-08-01 04:35:14,0 0 0 1 0 0 0 0 0 0
1585,Video Title 1585,chemistry,35000,,2022-02-20 03:28:15,0 0 0 1 0 0 0 0 0 0
1586,Video Title 1586,chemistry,52000,,2022-01-03 05:43:56,0 0 0 1 0 0 0 0 0 0
1587,Video Title 1587,chemistry,59000,,2020-02-23 20:50:36,0 0 0 1 0 0 0 0 0 0
1588,Video Title 1588,chemistry,32000,,2020-09-21 04:50:35,0 0 0 1 0 0 0 0 0 0
1589,Video Title 1589,chemistry,40000,,2015-03-09 04:40:50,0 0 0 1 0 0 0 0 0 0
1590,Video Title 1590,chemistry,39000,,2015-03-05 20:43:26,0 0 0 1 0 0 0 0 0 0
1591,Video Title 1591,chemistry,41000,,2020-12-08 01:02:27,0 0 0 1 0 0 0 0 0 0
1592,Video Title 1592,chemistry,46000,,2017-11-20 21:22:56,0 0 0 1 0 0 0 0 0 0
1593,Video Title 1593,chemistry,49000,,2015-05-21 05:10:31,0 0 0 1 0 0 0 0 0 0
1594,Video Title 1594,chemistry,42000,,2018-03-27 02:11:50,0 0 0 1 0 0 0 0 0 0
1595,Video Title 1595,chemistry,45000,,2020-05-10 13:56:37,0 0 0 1 0 0 0 0 0 0
1596,Video Title 1596,chemistry,52000,,2023-03-11 22:30:11,0 0 0 1 0 0 0 0 0 0
1597,Video Title 1597,chemistry,59000,,2023-12-31 15:12:02,0 0 0 1 0 0 0 0 0 0
1598,Video Title 1598,chemistry,47000,,2015-09-04 01:25:11,0 0 0 1 0 0 0 0 0 0
1599,Video Title 1599,chemistry,39000,,2015-05-30 01:58:35,0 0 0 1 0 0 0 0 0 0
1600,Video Title 1600,chemistry,40000,,2022-06-03 05:54:17,0 0 0 1 0 0 0 0 0 0
1601,Video Title 1601,chemistry,49000,,2014-07-17 16:20:47,0 0 0 1 0 0 0 0 0 0
1602,Video Title 1602,chemistry,41000,,2023-07-09 05:21:17,0 0 0 1 0 0 0 0 0 0
1603,Video Title 1603,chemistry,45000,,2015-05-16 08:26:27,0 0 0 1 0 0 0 0 0 0
1604,Video Title 1604,chemistry,56000,,2017-11-04 09:30:35,0 0 0 1 0 0 0 0 0 0
1605,Video Title 1605,chemistry,47000,,2019-01-21 20:22:13,0 0 0 1 0 0 0 0 0 0
1606,Video Title 1606,chemistry,45000,,2018-02-04 08:10:08,0 0 0 1 0 0 0 0 0 0
1607,Video Title 1607,chemistry,45000,,2018-02-28 01:13:34,0 0 0 1 0 0 0 0 0 0
1608,Video Title 1608,chemistry,56000,,2018-06-11 01:24:45,0 0 0 1 0 0 0 0 0 0
1609,Video Title 1609,chemistry,35000,,2014-10-31 17:56:48,0 0 0 1 0 0 0 0 0 0
1610,Video Title 1610,chemistry,30000,,2021-12-16 23:09:57,0 0 0 1 0 0 0 0 0 0
1611,Video Title 1611,chemistry,37000,,2016-12-04 03:04:33,0 0 0 1 0 0 0 0 0 0
1612,Video Title 1612,chemistry,38000,,2016-04-02 16:16:59,0 0 0 1 0 0 0 0 0 0
1613,Video Title 1613,chemistry,39000,,2015-09-08 23:06:23,0 0 0 1 0 0 0 0 0 0
1614,Video Title 1614,chemistry,44000,,2019-08-29 14:58:49,0 0 0 1 0 0 0 0 0 0
1615,Video Title 1615,chemistry,54000,,2021-08-29 14:33:10,0 0 0 1 0 0 0 0 0 0
1616,Video Title 1616,chemistry,47000,,2019-02-10 10:36:13,0 0 0 1 0 0 0 0 0 0
1617,Video Title 1617,chemistry,48000,,2015-02-23 20:30:09,0 0 0 1 0 0 0 0 0 0
1618,Video Title 1618,chemistry,54000,,2019-06-08 08:06:05,0 0 0 1 0 0 0 0 0 0
1619,Video Title 1619,chemistry,41000,,2019-06-04 11:00:00,0 0 0 1 0 0 0 0 0 0
1620,Video Title 1620,chemistry,54000,,2014-06-03 21:04:54,0 0 0 1 0 0 0 0 0 0
1621,Video Title 1621,chemistry,53000,,2018-06-01 23:42:44,0 0 0 1 0 0 0 0 0 0
1622,Video Title 1622,chemistry,36000,,2023-11-24 16:21:13,0 0 0 1 0 0 0 0 0 0
1623,Video Title 1623,chemistry,33000,,2021-05-12 08:36:35,0 0 0 1 0 0 0 0 0 0
1624,Video Title 1624,chemistry,50000,,2021-07-07 09:51:55,0 0 0 1 0 0 0 0 0 0
1625,Video Title 1625,chemistry,39000,,2022-10-01 01:20:33,0 0 0 1 0 0 0 0 0 0
1626,Video Title 1626,chemistry,31000,,2018-07-02 12:33:11,0 0 0 1 0 0 0 0 0 0
1627,Video Title 1627,chemistry,41000,,2022-08-16 00:41:13,0 0 0 1 0 0 0 0 0 0
1628,Video Title 1628,chemistry,32000,,2018-05-24 14:31:24,0 0 0 1 0 0 0 0 0 0
1629,Video Title 1629,chemistry,33000,,2021-10-04 01:19:57,0 0 0 1 0 0 0 0 0 0
1630,Video Title 1630,chemistry,37000,,2016-02-08 01:19:38,0 0 0 1 0 0 0 0 0 0
1631,Video Title 1631,chemistry,53000,,2019-11-18 22:08:00,0 0 0 1 0 0 0 0 0 0
1632,Video Title 1632,chemistry,41000,,2022-08-11 19:51:56,0 0 0 1 0 0 0 0 0 0
1633,Video Title 1633,chemistry,49000,,2020-04-30 14:42:26,0 0 0 1 0 0 0 0 0 0
1634,Video Title 1634,chemistry,35000,,2020-02-29 22:50:42,0 0 0 1 0 0 0 0 0 0
1635,Video Title 1635,chemistry,55000,,2016-01-27 03:52:54,0 0 0 1 0 0 0 0 0 0
1636,Video Title 1636,chemistry,36000,,2022-01-20 20:35:13,0 0 0 1 0 0 0 0 0 0
1637,Video Title 1637,chemistry,48000,,2017-07-06 11:26:09,0 0 0 1 0 0 0 0 0 0
1638,Video Title 1638,chemistry,38000,,2019-12-21 12:43:59,0 0 0 1 0 0 0 0 0 0
1639,Video Title 1639,chemistry,35000,,2017-03-29 08:03:24,0 0 0 1 0 0 0 0 0 0
1640,Video Title 1640,chemistry,52000,,2016-12-06 02:47:58,0 0 0 1 0 0 0 0 0 0
1641,Video Title 1641,chemistry,48000,,2016-09-04 19:15:09,0 0 0 1 0 0 0 0 0 0
1642,Video Title 1642,chemistry,57000,,2019-02-23 14:45:10,0 0 0 1 0 0 0 0 0 0
1643,Video Title 1643,chemistry,58000,,2020-10-17 10:37:12,0 0 0 1 0 0 0 0 0 0
1644,Video Title 1644,chemistry,33000,,2015-05-12 21:35:17,0 0 0 1 0 0 0 0 0 0
1645,Video Title 1645,chemistry,54000,,2021-11-09 18:32:08,0 0 0 1 0 0 0 0 0 0
1646,Video Title 1646,chemistry,59000,,2014-08-07 09:26:37,0 0 0 1 0 0 0 0 0 0
1647,Video Title 1647,chemistry,38000,,2022-09-02 17:22:08,0 0 0 1 0 0 0 0 0 0
1648,Video Title 1648,chemistry,34000,,2021-01-06 04:57:49,0 0 0 1 0 0 0 0 0 0
1649,Video Title 1649,chemistry,34000,,2016-07-02 07:43:35,0 0 0 1 0 0 0 0 0 0
1650,Video Title 1650,chemistry,52000,,2017-03-23 15:40:18,0 0 0 1 0 0 0 0 0 0
1651,Video Title 1651,chemistry,37000,,2021-08-13 09:05:10,0 0 0 1 0 0 0 0 0 0
1652,Video Title 1652,chemistry,51000,,2017-12-06 08:35:08,0 0 0 1 0 0 0 0 0 0
1653,Video Title 1653,chemistry,34000,,2019-10-11 14:28:34,0 0 0 1 0 0 0 0 0 0
1654,Video Title 1654,chemistry,38000,,2020-04-12 12:24:11,0 0 0 1 0 0 0 0 0 0
1655,Video Title 1655,chemistry,42000,,2018-07-10 18:28:29,0 0 0 1 0 0 0 0 0 0
1656,Video Title 1656,chemistry,50000,,2021-12-12 06:50:24,0 0 0 1 0 0 0 0 0 0
1657,Video Title 1657,chemistry,54000,,2014-12-08 19:06:11,0 0 0 1 0 0 0 0 0 0
1658,Video Title 1658,chemistry,46000,,2021-07-01 18:41:19,0 0 0 1 0 0 0 0 0 0
1659,Video Title 1659,chemistry,52000,,2023-05-13 15:02:36,0 0 0 1 0 0 0 0 0 0
1660,Video Title 1660,chemistry,41000,,2018-07-20 15:20:19,0 0 0 1 0 0 0 0 0 0
1661,Video Title 1661,chemistry,45000,,2017-04-11 14:32:27,0 0 0 1 0 0 0 0 0 0
1662,Video Title 1662,chemistry,30000,,2022-09-09 12:19:12,0 0 0 1 0 0 0 0 0 0
1663,Video Title 1663,chemistry,57000,,2021-04-30 10:37:29,0 0 0 1 0 0 0 0 0 0
1664,Video Title 1664,chemistry,53000,,2023-09-21 08:21:56,0 0 0 1 0 0 0 0 0 0
1665,Video Title 1665,chemistry,50000,,2020-08-23 02:59:55,0 0 0 1 0 0 0 0 0 0
1666,Video Title 1666,chemistry,41000,,2022-07-02 21:18:23,0 0 0 1 0 0 0 0 0 0
1667,Video Title 1667,chemistry,55000,,2019-05-07 15:34:59,0 0 0 1 0 0 0 0 0 0
1668,Video Title 1668,chemistry,36000,,2023-09-06 16:03:49,0 0 0 1 0 0 0 0 0 0
1669,Video Title 1669,chemistry,56000,,2016-02-15 06:11:18,0 0 0 1 0 0 0 0 0 0
1670,Video Title 1670,chemistry,38000,,2017-03-26 10:59:13,0 0 0 1 0 0 0 0 0 0
1671,Video Title 1671,chemistry,39000,,2017-05-19 19:21:05,0 0 0 1 0 0 0 0 0 0
1672,Video Title 1672,chemistry,48000,,2015-04-24 16:03:22,0 0 0 1 0 0 0 0 0 0
1673,Video Title 1673,chemistry,57000,,2018-11-09 11:36:01,0 0 0 1 0 0 0 0 0 0
1674,Video Title 1674,chemistry,40000,,2022-12-10 15:56:52,0 0 0 1 0 0 0 0 0 0
1675,Video Title 1675,chemistry,54000,,2014-06-28 16:39:04,0 0 0 1 0 0 0 0 0 0
1676,Video Title 1676,chemistry,33000,,2020-04-06 13:19:34,0 0 0 1 0 0 0 0 0 0
1677,Video Title 1677,chemistry,56000,,2018-08-07 11:21:44,0 0 0 1 0 0 0 0 0 0
1678,Video Title 1678,chemistry,33000,,2023-04-18 10:19:11,0 0 0 1 0 0 0 0 0 0
1679,Video Title 1679,chemistry,35000,,2018-06-01 16:38:56,0 0 0 1 0 0 0 0 0 0
1680,Video Title 1680,chemistry,30000,,2023-12-02 05:01:46,0 0 0 1 0 0 0 0 0 0
1681,Video Title 1681,chemistry,43000,,2016-01-11 11:04:29,0 0 0 1 0 0 0 0 0 0
1682,Video Title 1682,chemistry,52000,,2023-02-04 08:04:19,0 0 0 1 0 0 0 0 0 0
1683,Video Title 1683,chemistry,58000,,2020-07-02 11:45:16,0 0 0 1 0 0 0 0 0 0
1684,Video Title 1684,chemistry,35000,,2022-09-29 15:29:13,0 0 0 1 0 0 0 0 0 0
1685,Video Title 1685,chemistry,58000,,2016-09-29 04:06:16,0 0 0 1 0 0 0 0 0 0
1686,Video Title 1686,chemistry,50000,,2017-08-10 14:08:22,0 0 0 1 0 0 0 0 0 0
1687,Video Title 1687,chemistry,32000,,2017-09-21 05:30:50,0 0 0 1 0 0 0 0 0 0
1688,Video Title 1688,chemistry,58000,,2020-06-28 12:37:18,0 0 0 1 0 0 0 0 0 0
1689,Video Title 1689,chemistry,31000,,2017-12-19 15:31:16,0 0 0 1 0 0 0 0 0 0
1690,Video Title 1690,chemistry,39000,,2021-04-05 20:34:50,0 0 0 1 0 0 0 0 0 0
1691,Video Title 1691,chemistry,54000,,2016-05-06 15:00:01,0 0 0 1 0 0 0 0 0 0
1692,Video Title 1692,chemistry,50000,,2014-12-01 21:02:55,0 0 0 1 0 0 0 0 0 0
1693,Video Title 1693,chemistry,33000,,2014-01-06 23:09:36,0 0 0 1 0 0 0 0 0 0
1694,Video Title 1694,chemistry,45000,,2014-10-14 11:25:55,0 0 0 1 0 0 0 0 0 0
1695,Video Title 1695,chemistry,48000,,2016-04-07 14:19:10,0 0 0 1 0 0 0 0 0 0
1696,Video Title 1696,chemistry,51000,,2018-06-15 11:51:30,0 0 0 1 0 0 0 0 0 0
1697,Video Title 1697,chemistry,30000,,2020-12-15 22:18:23,0 0 0 1 0 0 0 0 0 0
1698,Video Title 1698,chemistry,56000,,2015-03-19 04:00:56,0 0 0 1 0 0 0 0 0 0
1699,Video Title 1699,chemistry,57000,,2018-03-24 10:42:02,0 0 0 1 0 0 0 0 0 0
1700,Video Title 1700,chemistry,34000,,2018-10-12 14:32:28,0 0 0 1 0 0 0 0 0 0
1701,Video Title 1701,chemistry,37000,,2017-11-01 04:55:31,0 0 0 1 0 0 0 0 0 0
1702,Video Title 1702,chemistry,53000,,2022-01-22 17:49:07,0 0 0 1 0 0 0 0 0 0
1703,Video Title 1703,chemistry,33000,,2017-02-19 17:35:21,0 0 0 1 0 0 0 0 0 0
1704,Video Title 1704,chemistry,58000,,2016-12-30 06:46:00,0 0 0 1 0 0 0 0 0 0
1705,Video Title 1705,chemistry,42000,,2021-09-26 03:08:18,0 0 0 1 0 0 0 0 0 0
1706,Video Title 1706,chemistry,54000,,2022-09-29 21:57:47,0 0 0 1 0 0 0 0 0 0
1707,Video Title 1707,chemistry,50000,,2023-12-06 05:33:27,0 0 0 1 0 0 0 0 0 0
1708,Video Title 1708,chemistry,34000,,2014-09-09 16:51:24,0 0 0 1 0 0 0 0 0 0
1709,Video Title 1709,chemistry,48000,,2014-02-02 22:23:14,0 0 0 1 0 0 0 0 0 0
1710,Video Title 1710,chemistry,50000,,2015-08-25 00:36:35,0 0 0 1 0 0 0 0 0 0
1711,Video Title 1711,chemistry,41000,,2021-03-23 21:02:43,0 0 0 1 0 0 0 0 0 0
1712,Video Title 1712,chemistry,50000,,2021-06-26 04:21:00,0 0 0 1 0 0 0 0 0 0
1713,Video Title 1713,chemistry,59000,,2018-02-13 17:47:12,0 0 0 1 0 0 0 0 0 0
1714,Video Title 1714,chemistry,51000,,2018-06-05 16:49:37,0 0 0 1 0 0 0 0 0 0
1715,Video Title 1715,chemistry,36000,,2014-11-15 09:52:18,0 0 0 1 0 0 0 0 0 0
1716,Video Title 1716,chemistry,33000,,2015-05-29 01:09:04,0 0 0 1 0 0 0 0 0 0
1717,Video Title 1717,chemistry,33000,,2019-11-24 22:40:30,0 0 0 1 0 0 0 0 0 0
1718,Video Title 1718,chemistry,42000,,2017-07-09 02:31:19,0 0 0 1 0 0 0 0 0 0
1719,Video Title 1719,chemistry,43000,,2017-02-23 22:31:16,0 0 0 1 0 0 0 0 0 0
1720,Video Title 1720,chemistry,34000,,2016-06-25 10:05:11,0 0 0 1 0 0 0 0 0 0
1721,Video Title 1721,chemistry,50000,,2014-11-06 12:11:15,0 0 0 1 0 0 0 0 0 0
1722,Video Title 1722,chemistry,47000,,2020-01-05 15:31:04,0 0 0 1 0 0 0 0 0 0
1723,Video Title 1723,chemistry,53000,,2020-01-29 17:09:19,0 0 0 1 0 0 0 0 0 0
1724,Video Title 1724,chemistry,54000,,2023-05-31 16:03:42,0 0 0 1 0 0 0 0 0 0
1725,Video Title 1725,chemistry,30000,,2022-06-24 19:20:54,0 0 0 1 0 0 0 0 0 0
1726,Video Title 1726,chemistry,51000,,2022-10-04 18:27:42,0 0 0 1 0 0 0 0 0 0
1727,Video Title 1727,chemistry,36000,,2019-03-07 18:49:24,0 0 0 1 0 0 0 0 0 0
1728,Video Title 1728,chemistry,46000,,2015-11-22 13:26:07,0 0 0 1 0 0 0 0 0 0
1729,Video Title 1729,chemistry,42000,,2016-12-16 17:29:01,0 0 0 1 0 0 0 0 0 0
1730,Video Title 1730,chemistry,31000,,2021-11-02 21:01:12,0 0 0 1 0 0 0 0 0 0
1731,Video Title 1731,chemistry,55000,,2023-07-19 13:13:27,0 0 0 1 0 0 0 0 0 0
1732,Video Title 1732,chemistry,45000,,2017-11-11 11:34:34,0 0 0 1 0 0 0 0 0 0
1733,Video Title 1733,chemistry,37000,,2018-12-31 11:25:50,0 0 0 1 0 0 0 0 0 0
1734,Video Title 1734,chemistry,49000,,2014-09-19 04:39:04,0 0 0 1 0 0 0 0 0 0
1735,Video Title 1735,chemistry,58000,,2023-10-11 14:15:09,0 0 0 1 0 0 0 0 0 0
1736,Video Title 1736,chemistry,41000,,2023-05-04 19:46:39,0 0 0 1 0 0 0 0 0 0
1737,Video Title 1737,chemistry,34000,,2017-11-14 23:01:50,0 0 0 1 0 0 0 0 0 0
1738,Video Title 1738,chemistry,56000,,2019-09-08 14:07:19,0 0 0 1 0 0 0 0 0 0
1739,Video Title 1739,chemistry,41000,,2019-06-20 04:48:17,0 0 0 1 0 0 0 0 0 0
1740,Video Title 1740,chemistry,35000,,2021-08-17 22:47:31,0 0 0 1 0 0 0 0 0 0
1741,Video Title 1741,chemistry,60000,,2023-11-15 21:17:05,0 0 0 1 0 0 0 0 0 0
1742,Video Title 1742,chemistry,32000,,2014-03-04 21:59:29,0 0 0 1 0 0 0 0 0 0
1743,Video Title 1743,chemistry,32000,,2014-02-22 08:18:14,0 0 0 1 0 0 0 0 0 0
1744,Video Title 1744,chemistry,36000,,2014-05-28 08:49:59,0 0 0 1 0 0 0 0 0 0
1745,Video Title 1745,chemistry,31000,,2023-06-27 16:22:03,0 0 0 1 0 0 0 0 0 0
1746,Video Title 1746,chemistry,42000,,2019-01-26 03:05:20,0 0 0 1 0 0 0 0 0 0
1747,Video Title 1747,chemistry,50000,,2021-02-16 02:18:25,0 0 0 1 0 0 0 0 0 0
1748,Video Title 1748,chemistry,54000,,2018-02-27 07:50:33,0 0 0 1 0 0 0 0 0 0
1749,Video Title 1749,chemistry,52000,,2018-01-10 07:30:04,0 0 0 1 0 0 0 0 0 0
1750,Video Title 1750,chemistry,50000,,2019-05-15 11:04:40,0 0 0 1 0 0 0 0 0 0
1751,Video Title 1751,chemistry,49000,,2015-07-14 06:48:24,0 0 0 1 0 0 0 0 0 0
1752,Video Title 1752,chemistry,32000,,2017-02-07 03:50:35,0 0 0 1 0 0 0 0 0 0
1753,Video Title 1753,chemistry,46000,,2023-03-18 09:01:03,0 0 0 1 0 0 0 0 0 0
1754,Video Title 1754,chemistry,55000,,2015-07-24 03:02:12,0 0 0 1 0 0 0 0 0 0
1755,Video Title 1755,chemistry,40000,,2017-11-29 04:04:46,0 0 0 1 0 0 0 0 0 0
1756,Video Title 1756,chemistry,50000,,2021-08-19 18:26:01,0 0 0 1 0 0 0 0 0 0
1757,Video Title 1757,chemistry,50000,,2020-10-23 20:28:40,0 0 0 1 0 0 0 0 0 0
1758,Video Title 1758,chemistry,32000,,2017-02-08 02:50:51,0 0 0 1 0 0 0 0 0 0
1759,Video Title 1759,chemistry,43000,,2021-04-20 08:21:13,0 0 0 1 0 0 0 0 0 0
1760,Video Title 1760,chemistry,57000,,2016-05-23 00:38:06,0 0 0 1 0 0 0 0 0 0
1761,Video Title 1761,chemistry,37000,,2014-11-13 16:14:28,0 0 0 1 0 0 0 0 0 0
1762,Video Title 1762,chemistry,43000,,2015-03-02 08:25:28,0 0 0 1 0 0 0 0 0 0
1763,Video Title 1763,chemistry,49000,,2020-02-03 05:43:07,0 0 0 1 0 0 0 0 0 0
1764,Video Title 1764,chemistry,39000,,2020-08-30 04:34:15,0 0 0 1 0 0 0 0 0 0
1765,Video Title 1765,chemistry,51000,,2021-05-29 09:39:23,0 0 0 1 0 0 0 0 0 0
1766,Video Title 1766,chemistry,33000,,2014-02-18 05:27:05,0 0 0 1 0 0 0 0 0 0
1767,Video Title 1767,chemistry,34000,,2021-01-06 11:21:57,0 0 0 1 0 0 0 0 0 0
1768,Video Title 1768,chemistry,35000,,2018-12-19 21:46:22,0 0 0 1 0 0 0 0 0 0
1769,Video Title 1769,chemistry,41000,,2019-03-26 23:16:11,0 0 0 1 0 0 0 0 0 0
1770,Video Title 1770,chemistry,55000,,2022-03-24 03:36:07,0 0 0 1 0 0 0 0 0 0
1771,Video Title 1771,chemistry,38000,,2015-09-04 09:57:17,0 0 0 1 0 0 0 0 0 0
1772,Video Title 1772,chemistry,34000,,2021-07-01 16:24:40,0 0 0 1 0 0 0 0 0 0
1773,Video Title 1773,chemistry,57000,,2016-09-09 23:46:08,0 0 0 1 0 0 0 0 0 0
1774,Video Title 1774,chemistry,58000,,2015-03-09 21:46:07,0 0 0 1 0 0 0 0 0 0
1775,Video Title 1775,chemistry,58000,,2014-04-20 03:36:27,0 0 0 1 0 0 0 0 0 0
1776,Video Title 1776,chemistry,55000,,2018-04-19 00:49:56,0 0 0 1 0 0 0 0 0 0
1777,Video Title 1777,chemistry,46000,,2014-08-24 03:11:10,0 0 0 1 0 0 0 0 0 0
1778,Video Title 1778,chemistry,52000,,2023-10-01 22:25:53,0 0 0 1 0 0 0 0 0 0
1779,Video Title 1779,chemistry,50000,,2014-10-11 07:20:05,0 0 0 1 0 0 0 0 0 0
1780,Video Title 1780,chemistry,44000,,2019-02-10 08:29:33,0 0 0 1 0 0 0 0 0 0
1781,Video Title 1781,chemistry,31000,,2018-12-31 13:50:11,0 0 0 1 0 0 0 0 0 0
1782,Video Title 1782,chemistry,48000,,2015-09-04 02:48:35,0 0 0 1 0 0 0 0 0 0
1783,Video Title 1783,chemistry,35000,,2016-07-22 04:10:07,0 0 0 1 0 0 0 0 0 0
1784,Video Title 1784,chemistry,33000,,2022-12-11 01:54:48,0 0 0 1 0 0 0 0 0 0
1785,Video Title 1785,chemistry,51000,,2021-03-25 03:23:07,0 0 0 1 0 0 0 0 0 0
1786,Video Title 1786,chemistry,37000,,2021-05-29 20:19:28,0 0 0 1 0 0 0 0 0 0
1787,Video Title 1787,chemistry,30000,,2014-06-12 17:43:14,0 0 0 1 0 0 0 0 0 0
1788,Video Title 1788,chemistry,57000,,2014-02-16 20:26:06,0 0 0 1 0 0 0 0 0 0
1789,Video Title 1789,chemistry,31000,,2018-09-20 22:34:40,0 0 0 1 0 0 0 0 0 0
1790,Video Title 1790,chemistry,42000,,2023-03-15 19:50:43,0 0 0 1 0 0 0 0 0 0
1791,Video Title 1791,chemistry,35000,,2023-04-24 17:37:21,0 0 0 1 0 0 0 0 0 0
1792,Video Title 1792,chemistry,57000,,2014-05-12 01:50:56,0 0 0 1 0 0 0 0 0 0
1793,Video Title 1793,chemistry,55000,,2023-02-20 21:48:57,0 0 0 1 0 0 0 0 0 0
1794,Video Title 1794,chemistry,53000,,2020-07-23 07:36:30,0 0 0 1 0 0 0 0 0 0
1795,Video Title 1795,chemistry,37000,,2017-03-22 13:51:23,0 0 0 1 0 0 0 0 0 0
1796,Video Title 1796,chemistry,43000,,2023-02-27 20:52:38,0 0 0 1 0 0 0 0 0 0
1797,Video Title 1797,chemistry,40000,,2016-09-19 02:11:49,0 0 0 1 0 0 0 0 0 0
1798,Video Title 1798,chemistry,32000,,2019-09-20 02:33:01,0 0 0 1 0 0 0 0 0 0
1799,Video Title 1799,chemistry,33000,,2019-01-09 10:47:11,0 0 0 1 0 0 0 0 0 0
1800,Video Title 1800,chemistry,58000,,2014-07-14 06:04:48,0 0 0 1 0 0 0 0 0 0
1801,Video Title 1801,chemistry,37000,,2022-01-16 20:00:37,0 0 0 1 0 0 0 0 0 0
1802,Video Title 1802,chemistry,31000,,2023-07-17 09:21:21,0 0 0 1 0 0 0 0 0 0
1803,Video Title 1803,chemistry,32000,,2022-10-09 00:25:56,0 0 0 1 0 0 0 0 0 0
1804,Video Title 1804,chemistry,57000,,2016-10-29 10:04:54,0 0 0 1 0 0 0 0 0 0
1805,Video Title 1805,chemistry,57000,,2017-02-10 01:07:30,0 0 0 1 0 0 0 0 0 0
1806,Video Title 1806,chemistry,32000,,2019-07-14 18:48:22,0 0 0 1 0 0 0 0 0 0
1807,Video Title 1807,chemistry,30000,,2017-09-10 13:20:09,0 0 0 1 0 0 0 0 0 0
1808,Video Title 1808,chemistry,39000,,2019-08-22 21:28:13,0 0 0 1 0 0 0 0 0 0
1809,Video Title 1809,chemistry,39000,,2021-05-25 10:51:23,0 0 0 1 0 0 0 0 0 0
1810,Video Title 1810,chemistry,37000,,2018-08-23 07:58:41,0 0 0 1 0 0 0 0 0 0
1811,Video Title 1811,chemistry,48000,,2023-09-20 06:44:18,0 0 0 1 0 0 0 0 0 0
1812,Video Title 1812,chemistry,54000,,2021-10-04 23:36:35,0 0 0 1 0 0 0 0 0 0
1813,Video Title 1813,chemistry,53000,,2023-01-02 14:49:58,0 0 0 1 0 0 0 0 0 0
1814,Video Title 1814,chemistry,54000,,2021-12-17 07:16:55,0 0 0 1 0 0 0 0 0 0
1815,Video Title 1815,chemistry,34000,,2014-01-26 06:42:09,0 0 0 1 0 0 0 0 0 0
1816,Video Title 1816,chemistry,43000,,2014-03-31 06:32:18,0 0 0 1 0 0 0 0 0 0
1817,Video Title 1817,chemistry,47000,,2017-06-20 10:42:57,0 0 0 1 0 0 0 0 0 0
1818,Video Title 1818,chemistry,56000,,2020-12-08 03:09:59,0 0 0 1 0 0 0 0 0 0
1819,Video Title 1819,chemistry,30000,,2023-07-06 02:44:49,0 0 0 1 0 0 0 0 0 0
1820,Video Title 1820,chemistry,30000,,2021-08-04 02:11:37,0 0 0 1 0 0 0 0 0 0
1821,Video Title 1821,chemistry,42000,,2022-06-28 20:55:28,0 0 0 1 0 0 0 0 0 0
1822,Video Title 1822,chemistry,53000,,2017-01-29 09:55:54,0 0 0 1 0 0 0 0 0 0
1823,Video Title 1823,chemistry,36000,,2019-04-20 19:44:57,0 0 0 1 0 0 0 0 0 0
1824,Video Title 1824,chemistry,37000,,2018-03-15 07:52:03,0 0 0 1 0 0 0 0 0 0
1825,Video Title 1825,chemistry,60000,,2014-08-09 14:48:31,0 0 0 1 0 0 0 0 0 0
1826,Video Title 1826,chemistry,34000,,2021-02-12 12:45:24,0 0 0 1 0 0 0 0 0 0
1827,Video Title 1827,chemistry,32000,,2014-06-12 05:39:47,0 0 0 1 0 0 0 0 0 0
1828,Video Title 1828,chemistry,37000,,2022-12-22 02:22:57,0 0 0 1 0 0 0 0 0 0
1829,Video Title 1829,chemistry,46000,,2018-02-18 15:46:33,0 0 0 1 0 0 0 0 0 0
1830,Video Title 1830,chemistry,58000,,2017-09-23 14:17:48,0 0 0 1 0 0 0 0 0 0
1831,Video Title 1831,chemistry,53000,,2014-11-08 21:27:06,0 0 0 1 0 0 0 0 0 0
1832,Video Title 1832,chemistry,33000,,2019-01-21 19:28:19,0 0 0 1 0 0 0 0 0 0
1833,Video Title 1833,chemistry,50000,,2022-03-14 20:44:57,0 0 0 1 0 0 0 0 0 0
1834,Video Title 1834,chemistry,32000,,2019-12-03 10:04:07,0 0 0 1 0 0 0 0 0 0
1835,Video Title 1835,chemistry,31000,,2018-05-09 16:30:00,0 0 0 1 0 0 0 0 0 0
1836,Video Title 1836,chemistry,60000,,2015-04-25 02:02:45,0 0 0 1 0 0 0 0 0 0
1837,Video Title 1837,chemistry,39000,,2016-08-12 14:48:22,0 0 0 1 0 0 0 0 0 0
1838,Video Title 1838,chemistry,40000,,2023-04-06 01:16:29,0 0 0 1 0 0 0 0 0 0
1839,Video Title 1839,chemistry,42000,,2021-01-03 15:33:47,0 0 0 1 0 0 0 0 0 0
1840,Video Title 1840,chemistry,53000,,2017-04-07 19:38:14,0 0 0 1 0 0 0 0 0 0
1841,Video Title 1841,chemistry,44000,,2016-09-21 15:20:03,0 0 0 1 0 0 0 0 0 0
1842,Video Title 1842,chemistry,32000,,2023-06-08 23:23:25,0 0 0 1 0 0 0 0 0 0
1843,Video Title 1843,chemistry,34000,,2021-10-19 18:28:46,0 0 0 1 0 0 0 0 0 0
1844,Video Title 1844,chemistry,48000,,2015-02-04 18:01:12,0 0 0 1 0 0 0 0 0 0
1845,Video Title 1845,chemistry,33000,,2015-08-25 23:14:53,0 0 0 1 0 0 0 0 0 0
1846,Video Title 1846,chemistry,44000,,2017-02-22 05:18:57,0 0 0 1 0 0 0 0 0 0
1847,Video Title 1847,chemistry,33000,,2019-05-13 02:59:25,0 0 0 1 0 0 0 0 0 0
1848,Video Title 1848,chemistry,60000,,2021-09-14 17:29:57,0 0 0 1 0 0 0 0 0 0
1849,Video Title 1849,chemistry,44000,,2017-02-01 07:45:22,0 0 0 1 0 0 0 0 0 0
1850,Video Title 1850,chemistry,38000,,2022-07-11 13:26:22,0 0 0 1 0 0 0 0 0 0
1851,Video Title 1851,chemistry,32000,,2015-08-01 07:06:25,0 0 0 1 0 0 0 0 0 0
1852,Video Title 1852,chemistry,51000,,2017-01-17 09:13:57,0 0 0 1 0 0 0 0 0 0
1853,Video Title 1853,chemistry,52000,,2020-12-20 14:30:40,0 0 0 1 0 0 0 0 0 0
1854,Video Title 1854,chemistry,31000,,2016-02-26 19:49:16,0 0 0 1 0 0 0 0 0 0
1855,Video Title 1855,chemistry,57000,,2017-04-13 10:43:28,0 0 0 1 0 0 0 0 0 0
1856,Video Title 1856,chemistry,32000,,2021-02-10 17:23:17,0 0 0 1 0 0 0 0 0 0
1857,Video Title 1857,chemistry,60000,,2017-07-24 11:03:55,0 0 0 1 0 0 0 0 0 0
1858,Video Title 1858,chemistry,46000,,2014-06-30 16:04:26,0 0 0 1 0 0 0 0 0 0
1859,Video Title 1859,chemistry,39000,,2016-08-09 14:36:39,0 0 0 1 0 0 0 0 0 0
1860,Video Title 1860,chemistry,35000,,2014-04-26 10:47:28,0 0 0 1 0 0 0 0 0 0
1861,Video Title 1861,chemistry,42000,,2022-07-19 07:04:27,0 0 0 1 0 0 0 0 0 0
1862,Video Title 1862,chemistry,47000,,2021-06-25 11:40:19,0 0 0 1 0 0 0 0 0 0
1863,Video Title 1863,chemistry,37000,,2014-12-14 17:56:03,0 0 0 1 0 0 0 0 0 0
1864,Video Title 1864,chemistry,33000,,2022-01-15 05:21:20,0 0 0 1 0 0 0 0 0 0
1865,Video Title 1865,chemistry,34000,,2015-03-22 07:18:18,0 0 0 1 0 0 0 0 0 0
1866,Video Title 1866,chemistry,31000,,2022-04-21 20:36:58,0 0 0 1 0 0 0 0 0 0
1867,Video Title 1867,chemistry,37000,,2015-04-25 02:39:17,0 0 0 1 0 0 0 0 0 0
1868,Video Title 1868,chemistry,56000,,2018-01-04 02:57:59,0 0 0 1 0 0 0 0 0 0
1869,Video Title 1869,chemistry,51000,,2020-04-21 14:03:54,0 0 0 1 0 0 0 0 0 0
1870,Video Title 1870,chemistry,50000,,2014-11-05 17:51:12,0 0 0 1 0 0 0 0 0 0
1871,Video Title 1871,chemistry,48000,,2016-08-04 16:41:20,0 0 0 1 0 0 0 0 0 0
1872,Video Title 1872,chemistry,56000,,2014-10-03 16:52:37,0 0 0 1 0 0 0 0 0 0
1873,Video Title 1873,chemistry,32000,,2015-12-25 18:55:46,0 0 0 1 0 0 0 0 0 0
1874,Video Title 1874,chemistry,50000,,2018-06-09 12:35:02,0 0 0 1 0 0 0 0 0 0
1875,Video Title 1875,chemistry,34000,,2014-12-04 17:19:43,0 0 0 1 0 0 0 0 0 0
1876,Video Title 1876,chemistry,57000,,2022-04-18 03:36:04,0 0 0 1 0 0 0 0 0 0
1877,Video Title 1877,chemistry,40000,,2015-03-26 05:25:22,0 0 0 1 0 0 0 0 0 0
1878,Video Title 1878,chemistry,60000,,2018-08-12 15:09:18,0 0 0 1 0 0 0 0 0 0
1879,Video Title 1879,chemistry,35000,,2023-03-30 01:56:20,0 0 0 1 0 0 0 0 0 0
1880,Video Title 1880,chemistry,43000,,2022-03-21 03:38:28,0 0 0 1 0 0 0 0 0 0
1881,Video Title 1881,chemistry,42000,,2018-12-18 20:40:18,0 0 0 1 0 0 0 0 0 0
1882,Video Title 1882,chemistry,42000,,2020-10-31 17:27:05,0 0 0 1 0 0 0 0 0 0
1883,Video Title 1883,chemistry,35000,,2017-07-17 21:25:44,0 0 0 1 0 0 0 0 0 0
1884,Video Title 1884,chemistry,59000,,2015-11-17 02:26:15,0 0 0 1 0 0 0 0 0 0
1885,Video Title 1885,chemistry,38000,,2018-06-18 22:36:04,0 0 0 1 0 0 0 0 0 0
1886,Video Title 1886,chemistry,34000,,2014-05-09 11:17:28,0 0 0 1 0 0 0 0 0 0
1887,Video Title 1887,chemistry,49000,,2020-03-03 23:11:58,0 0 0 1 0 0 0 0 0 0
1888,Video Title 1888,chemistry,50000,,2016-12-15 03:12:44,0 0 0 1 0 0 0 0 0 0
1889,Video Title 1889,chemistry,43000,,2022-10-30 03:24:11,0 0 0 1 0 0 0 0 0 0
1890,Video Title 1890,chemistry,45000,,2014-08-13 13:45:59,0 0 0 1 0 0 0 0 0 0
1891,Video Title 1891,chemistry,38000,,2017-11-01 00:08:17,0 0 0 1 0 0 0 0 0 0
1892,Video Title 1892,chemistry,43000,,2016-01-01 00:30:13,0 0 0 1 0 0 0 0 0 0
1893,Video Title 1893,chemistry,58000,,2021-12-21 18:32:22,0 0 0 1 0 0 0 0 0 0
1894,Video Title 1894,chemistry,37000,,2020-04-23 06:05:04,0 0 0 1 0 0 0 0 0 0
1895,Video Title 1895,chemistry,55000,,2019-06-10 08:19:31,0 0 0 1 0 0 0 0 0 0
1896,Video Title 1896,chemistry,30000,,2023-11-23 07:45:24,0 0 0 1 0 0 0 0 0 0
1897,Video Title 1897,chemistry,55000,,2021-02-18 19:16:14,0 0 0 1 0 0 0 0 0 0
1898,Video Title 1898,chemistry,45000,,2019-06-13 11:45:35,0 0 0 1 0 0 0 0 0 0
1899,Video Title 1899,chemistry,45000,,2017-06-11 17:23:20,0 0 0 1 0 0 0 0 0 0
1900,Video Title 1900,chemistry,48000,,2019-01-10 17:38:57,0 0 0 1 0 0 0 0 0 0
1901,Video Title 1901,chemistry,42000,,2016-09-16 02:09:57,0 0 0 1 0 0 0 0 0 0
1902,Video Title 1902,chemistry,30000,,2017-03-11 21:40:29,0 0 0 1 0 0 0 0 0 0
1903,Video Title 1903,chemistry,37000,,2014-04-19 22:58:59,0 0 0 1 0 0 0 0 0 0
1904,Video Title 1904,chemistry,55000,,2021-10-14 15:57:12,0 0 0 1 0 0 0 0 0 0
1905,Video Title 1905,chemistry,31000,,2022-02-01 14:04:48,0 0 0 1 0 0 0 0 0 0
1906,Video Title 1906,chemistry,45000,,2019-04-19 10:16:07,0 0 0 1 0 0 0 0 0 0
1907,Video Title 1907,chemistry,54000,,2019-11-04 13:25:45,0 0 0 1 0 0 0 0 0 0
1908,Video Title 1908,chemistry,37000,,2023-09-28 00:38:09,0 0 0 1 0 0 0 0 0 0
1909,Video Title 1909,chemistry,33000,,2016-06-25 16:16:40,0 0 0 1 0 0 0 0 0 0
1910,Video Title 1910,chemistry,37000,,2016-09-01 19:45:55,0 0 0 1 0 0 0 0 0 0
1911,Video Title 1911,chemistry,56000,,2021-11-30 00:22:47,0 0 0 1 0 0 0 0 0 0
1912,Video Title 1912,chemistry,53000,,2014-07-26 01:35:53,0 0 0 1 0 0 0 0 0 0
1913,Video Title 1913,chemistry,60000,,2016-03-13 20:27:17,0 0 0 1 0 0 0 0 0 0
1914,Video Title 1914,chemistry,57000,,2023-10-29 17:25:19,0 0 0 1 0 0 0 0 0 0
1915,Video Title 1915,chemistry,42000,,2017-07-21 00:53:09,0 0 0 1 0 0 0 0 0 0
1916,Video Title 1916,chemistry,56000,,2023-12-01 03:04:20,0 0 0 1 0 0 0 0 0 0
1917,Video Title 1917,chemistry,35000,,2015-10-07 18:23:31,0 0 0 1 0 0 0 0 0 0
1918,Video Title 1918,chemistry,48000,,2017-03-08 17:10:57,0 0 0 1 0 0 0 0 0 0
1919,Video Title 1919,chemistry,53000,,2020-12-23 08:05:13,0 0 0 1 0 0 0 0 0 0
1920,Video Title 1920,chemistry,59000,,2019-12-02 04:52:28,0 0 0 1 0 0 0 0 0 0
1921,Video Title 1921,chemistry,52000,,2021-01-03 01:07:34,0 0 0 1 0 0 0 0 0 0
1922,Video Title 1922,chemistry,60000,,2019-09-05 22:15:34,0 0 0 1 0 0 0 0 0 0
1923,Video Title 1923,chemistry,34000,,2019-08-20 08:20:19,0 0 0 1 0 0 0 0 0 0
1924,Video Title 1924,chemistry,36000,,2022-05-14 22:38:35,0 0 0 1 0 0 0 0 0 0
1925,Video Title 1925,chemistry,55000,,2022-10-25 22:28:08,0 0 0 1 0 0 0 0 0 0
1926,Video Title 1926,chemistry,45000,,2019-06-04 18:06:54,0 0 0 1 0 0 0 0 0 0
1927,Video Title 1927,chemistry,35000,,2018-11-28 02:13:49,0 0 0 1 0 0 0 0 0 0
1928,Video Title 1928,chemistry,32000,,2014-07-27 00:18:53,0 0 0 1 0 0 0 0 0 0
1929,Video Title 1929,chemistry,49000,,2016-03-11 15:39:47,0 0 0 1 0 0 0 0 0 0
1930,Video Title 1930,chemistry,46000,,2018-10-13 15:50:07,0 0 0 1 0 0 0 0 0 0
1931,Video Title 1931,chemistry,40000,,2023-03-07 07:42:21,0 0 0 1 0 0 0 0 0 0
1932,Video Title 1932,chemistry,36000,,2022-01-24 12:37:05,0 0 0 1 0 0 0 0 0 0
1933,Video Title 1933,chemistry,40000,,2021-03-03 19:44:11,0 0 0 1 0 0 0 0 0 0
1934,Video Title 1934,chemistry,59000,,2022-01-09 20:22:52,0 0 0 1 0 0 0 0 0 0
1935,Video Title 1935,chemistry,57000,,2017-03-29 02:22:47,0 0 0 1 0 0 0 0 0 0
1936,Video Title 1936,chemistry,30000,,2015-06-26 03:34:22,0 0 0 1 0 0 0 0 0 0
1937,Video Title 1937,chemistry,52000,,2023-03-04 20:50:07,0 0 0 1 0 0 0 0 0 0
1938,Video Title 1938,chemistry,54000,,2015-02-11 20:38:37,0 0 0 1 0 0 0 0 0 0
1939,Video Title 1939,chemistry,46000,,2022-08-10 10:38:42,0 0 0 1 0 0 0 0 0 0
1940,Video Title 1940,chemistry,60000,,2014-09-24 17:46:07,0 0 0 1 0 0 0 0 0 0
1941,Video Title 1941,chemistry,52000,,2023-06-03 00:28:24,0 0 0 1 0 0 0 0 0 0
1942,Video Title 1942,chemistry,42000,,2019-11-11 23:03:34,0 0 0 1 0 0 0 0 0 0
1943,Video Title 1943,chemistry,40000,,2017-01-08 10:37:38,0 0 0 1 0 0 0 0 0 0
1944,Video Title 1944,chemistry,34000,,2023-10-04 21:23:41,0 0 0 1 0 0 0 0 0 0
1945,Video Title 1945,chemistry,53000,,2023-06-27 17:33:12,0 0 0 1 0 0 0 0 0 0
1946,Video Title 1946,chemistry,55000,,2020-05-24 07:42:03,0 0 0 1 0 0 0 0 0 0
1947,Video Title 1947,chemistry,45000,,2020-06-29 12:11:28,0 0 0 1 0 0 0 0 0 0
1948,Video Title 1948,chemistry,35000,,2021-01-27 05:13:26,0 0 0 1 0 0 0 0 0 0
1949,Video Title 1949,chemistry,47000,,2020-12-08 11:53:27,0 0 0 1 0 0 0 0 0 0
1950,Video Title 1950,chemistry,59000,,2020-02-21 00:54:25,0 0 0 1 0 0 0 0 0 0
1951,Video Title 1951,chemistry,41000,,2016-03-27 19:34:47,0 0 0 1 0 0 0 0 0 0
1952,Video Title 1952,chemistry,48000,,2022-02-22 18:11:28,0 0 0 1 0 0 0 0 0 0
1953,Video Title 1953,chemistry,42000,,2017-01-26 21:42:53,0 0 0 1 0 0 0 0 0 0
1954,Video Title 1954,chemistry,52000,,2016-12-12 23:42:44,0 0 0 1 0 0 0 0 0 0
1955,Video Title 1955,chemistry,35000,,2021-04-16 05:35:30,0 0 0 1 0 0 0 0 0 0
1956,Video Title 1956,chemistry,60000,,2021-01-08 07:56:24,0 0 0 1 0 0 0 0 0 0
1957,Video Title 1957,chemistry,48000,,2017-12-02 08:17:06,0 0 0 1 0 0 0 0 0 0
1958,Video Title 1958,chemistry,54000,,2023-08-26 22:06:47,0 0 0 1 0 0 0 0 0 0
1959,Video Title 1959,chemistry,31000,,2015-10-29 14:21:42,0 0 0 1 0 0 0 0 0 0
1960,Video Title 1960,chemistry,40000,,2023-03-18 18:56:51,0 0 0 1 0 0 0 0 0 0
1961,Video Title 1961,chemistry,60000,,2020-02-12 12:59:20,0 0 0 1 0 0 0 0 0 0
1962,Video Title 1962,chemistry,50000,,2019-08-29 06:12:05,0 0 0 1 0 0 0 0 0 0
1963,Video Title 1963,chemistry,59000,,2018-12-19 01:48:39,0 0 0 1 0 0 0 0 0 0
1964,Video Title 1964,chemistry,40000,,2021-06-15 12:04:31,0 0 0 1 0 0 0 0 0 0
1965,Video Title 1965,chemistry,37000,,2017-06-21 20:34:00,0 0 0 1 0 0 0 0 0 0
1966,Video Title 1966,chemistry,40000,,2015-09-07 18:56:15,0 0 0 1 0 0 0 0 0 0
1967,Video Title 1967,chemistry,58000,,2023-08-19 05:46:30,0 0 0 1 0 0 0 0 0 0
1968,Video Title 1968,chemistry,56000,,2021-02-02 17:24:18,0 0 0 1 0 0 0 0 0 0
1969,Video Title 1969,chemistry,50000,,2021-04-17 21:26:56,0 0 0 1 0 0 0 0 0 0
1970,Video Title 1970,chemistry,40000,,2018-06-21 04:46:56,0 0 0 1 0 0 0 0 0 0
1971,Video Title 1971,chemistry,38000,,2016-02-07 08:20:35,0 0 0 1 0 0 0 0 0 0
1972,Video Title 1972,chemistry,52000,,2014-09-07 10:49:21,0 0 0 1 0 0 0 0 0 0
1973,Video Title 1973,chemistry,38000,,2021-11-14 14:57:09,0 0 0 1 0 0 0 0 0 0
1974,Video Title 1974,chemistry,53000,,2014-01-07 16:13:45,0 0 0 1 0 0 0 0 0 0
1975,Video Title 1975,chemistry,42000,,2018-05-21 12:05:03,0 0 0 1 0 0 0 0 0 0
1976,Video Title 1976,chemistry,43000,,2023-09-10 05:19:11,0 0 0 1 0 0 0 0 0 0
1977,Video Title 1977,chemistry,58000,,2018-02-22 04:04:43,0 0 0 1 0 0 0 0 0 0
1978,Video Title 1978,chemistry,58000,,2017-10-16 07:13:17,0 0 0 1 0 0 0 0 0 0
1979,Video Title 1979,chemistry,47000,,2017-10-04 00:26:49,0 0 0 1 0 0 0 0 0 0
1980,Video Title 1980,chemistry,56000,,2018-10-19 03:15:30,0 0 0 1 0 0 0 0 0 0
1981,Video Title 1981,chemistry,57000,,2019-10-13 21:39:39,0 0 0 1 0 0 0 0 0 0
1982,Video Title 1982,chemistry,54000,,2020-11-15 03:15:05,0 0 0 1 0 0 0 0 0 0
1983,Video Title 1983,chemistry,35000,,2018-07-08 04:46:40,0 0 0 1 0 0 0 0 0 0
1984,Video Title 1984,chemistry,55000,,2022-06-17 00:47:36,0 0 0 1 0 0 0 0 0 0
1985,Video Title 1985,chemistry,39000,,2014-03-17 06:49:57,0 0 0 1 0 0 0 0 0 0
1986,Video Title 1986,chemistry,38000,,2023-07-08 13:36:09,0 0 0 1 0 0 0 0 0 0
1987,Video Title 1987,chemistry,32000,,2017-06-03 14:23:54,0 0 0 1 0 0 0 0 0 0
1988,Video Title 1988,chemistry,58000,,2017-10-04 10:06:38,0 0 0 1 0 0 0 0 0 0
1989,Video Title 1989,chemistry,53000,,2014-10-03 18:12:43,0 0 0 1 0 0 0 0 0 0
1990,Video Title 1990,chemistry,60000,,2022-12-25 03:40:39,0 0 0 1 0 0 0 0 0 0
1991,Video Title 1991,chemistry,32000,,2017-05-20 12:28:16,0 0 0 1 0 0 0 0 0 0
1992,Video Title 1992,chemistry,49000,,2022-12-07 06:36:45,0 0 0 1 0 0 0 0 0 0
1993,Video Title 1993,chemistry,52000,,2014-04-26 03:00:16,0 0 0 1 0 0 0 0 0 0
1994,Video Title 1994,chemistry,60000,,2020-07-15 18:26:28,0 0 0 1 0 0 0 0 0 0
1995,Video Title 1995,chemistry,49000,,2022-11-24 14:23:11,0 0 0 1 0 0 0 0 0 0
1996,Video Title 1996,chemistry,35000,,2014-07-17 11:28:59,0 0 0 1 0 0 0 0 0 0
1997,Video Title 1997,chemistry,40000,,2016-01-23 06:13:18,0 0 0 1 0 0 0 0 0 0
1998,Video Title 1998,chemistry,36000,,2018-02-04 20:54:58,0 0 0 1 0 0 0 0 0 0
1999,Video Title 1999,chemistry,47000,,2021-03-22 10:32:16,0 0 0 1 0 0 0 0 0 0
2000,Video Title 2000,chemistry,53000,,2019-05-28 10:59:16,0 0 0 1 0 0 0 0 0 0
2001,Video Title 2001,computer_science,51000,,2016-10-26 13:25:16,0 0 0 0 1 0 0 0 0 0
2002,Video Title 2002,computer_science,37000,,2014-12-19 02:14:04,0 0 0 0 1 0 0 0 0 0
2003,Video Title 2003,computer_science,42000,,2019-09-20 23:02:06,0 0 0 0 1 0 0 0 0 0
2004,Video Title 2004,computer_science,56000,,2018-11-29 23:04:08,0 0 0 0 1 0 0 0 0 0
2005,Video Title 2005,computer_science,31000,,2017-08-12 00:36:48,0 0 0 0 1 0 0 0 0 0
2006,Video Title 2006,computer_science,43000,,2014-11-18 20:14:39,0 0 0 0 1 0 0 0 0 0
2007,Video Title 2007,computer_science,56000,,2020-08-15 08:58:18,0 0 0 0 1 0 0 0 0 0
2008,Video Title 2008,computer_science,49000,,2018-10-22 04:46:03,0 0 0 0 1 0 0 0 0 0
2009,Video Title 2009,computer_science,33000,,2014-04-06 22:26:48,0 0 0 0 1 0 0 0 0 0
2010,Video Title 2010,computer_science,35000,,2020-05-20 09:30:06,0 0 0 0 1 0 0 0 0 0
2011,Video Title 2011,computer_science,32000,,2018-09-27 12:47:20,0 0 0 0 1 0 0 0 0 0
2012,Video Title 2012,computer_science,33000,,2017-02-01 11:45:28,0 0 0 0 1 0 0 0 0 0
2013,Video Title 2013,computer_science,42000,,2018-09-17 22:44:02,0 0 0 0 1 0 0 0 0 0
2014,Video Title 2014,computer_science,58000,,2020-08-11 19:06:31,0 0 0 0 1 0 0 0 0 0
2015,Video Title 2015,computer_science,32000,,2020-06-02 19:29:42,0 0 0 0 1 0 0 0 0 0
2016,Video Title 2016,computer_science,42000,,2015-11-08 19:35:41,0 0 0 0 1 0 0 0 0 0
2017,Video Title 2017,computer_science,58000,,2017-10-26 06:35:54,0 0 0 0 1 0 0 0 0 0
2018,Video Title 2018,computer_science,35000,,2018-06-18 01:54:49,0 0 0 0 1 0 0 0 0 0
2019,Video Title 2019,computer_science,38000,,2018-05-27 01:15:39,0 0 0 0 1 0 0 0 0 0
2020,Video Title 2020,computer_science,38000,,2016-04-07 18:49:25,0 0 0 0 1 0 0 0 0 0
2021,Video Title 2021,computer_science,38000,,2019-08-24 12:00:03,0 0 0 0 1 0 0 0 0 0
2022,Video Title 2022,computer_science,34000,,2021-07-10 15:47:54,0 0 0 0 1 0 0 0 0 0
2023,Video Title 2023,computer_science,51000,,2014-12-21 23:08:58,0 0 0 0 1 0 0 0 0 0
2024,Video Title 2024,computer_science,51000,,2017-06-10 20:07:31,0 0 0 0 1 0 0 0 0 0
2025,Video Title 2025,computer_science,47000,,2018-02-22 01:13:50,0 0 0 0 1 0 0 0 0 0
2026,Video Title 2026,computer_science,54000,,2019-11-25 12:02:10,0 0 0 0 1 0 0 0 0 0
2027,Video Title 2027,computer_science,47000,,2014-08-13 14:10:34,0 0 0 0 1 0 0 0 0 0
2028,Video Title 2028,computer_science,42000,,2022-03-09 04:17:48,0 0 0 0 1 0 0 0 0 0
2029,Video Title 2029,computer_science,43000,,2023-08-28 12:59:12,0 0 0 0 1 0 0 0 0 0
2030,Video Title 2030,computer_science,51000,,2022-09-02 03:54:56,0 0 0 0 1 0 0 0 0 0
2031,Video Title 2031,computer_science,45000,,2019-09-24 09:46:18,0 0 0 0 1 0 0 0 0 0
2032,Video Title 2032,computer_science,37000,,2018-10-07 08:34:32,0 0 0 0 1 0 0 0 0 0
2033,Video Title 2033,computer_science,32000,,2017-12-14 00:51:44,0 0 0 0 1 0 0 0 0 0
2034,Video Title 2034,computer_science,57000,,2021-02-22 05:10:45,0 0 0 0 1 0 0 0 0 0
2035,Video Title 2035,computer_science,46000,,2019-09-18 22:51:58,0 0 0 0 1 0 0 0 0 0
2036,Video Title 2036,computer_science,46000,,2022-01-02 15:26:58,0 0 0 0 1 0 0 0 0 0
2037,Video Title 2037,computer_science,51000,,2023-10-30 01:19:02,0 0 0 0 1 0 0 0 0 0
2038,Video Title 2038,computer_science,34000,,2015-03-18 00:41:32,0 0 0 0 1 0 0 0 0 0
2039,Video Title 2039,computer_science,54000,,2018-06-29 23:52:51,0 0 0 0 1 0 0 0 0 0
2040,Video Title 2040,computer_science,60000,,2023-11-04 22:38:09,0 0 0 0 1 0 0 0 0 0
2041,Video Title 2041,computer_science,36000,,2022-01-31 21:09:33,0 0 0 0 1 0 0 0 0 0
2042,Video Title 2042,computer_science,34000,,2014-06-07 18:24:32,0 0 0 0 1 0 0 0 0 0
2043,Video Title 2043,computer_science,32000,,2023-11-19 05:19:20,0 0 0 0 1 0 0 0 0 0
2044,Video Title 2044,computer_science,43000,,2016-01-10 00:07:44,0 0 0 0 1 0 0 0 0 0
2045,Video Title 2045,computer_science,56000,,2020-04-10 09:00:58,0 0 0 0 1 0 0 0 0 0
2046,Video Title 2046,computer_science,56000,,2019-12-14 22:10:28,0 0 0 0 1 0 0 0 0 0
2047,Video Title 2047,computer_science,40000,,2023-02-09 10:28:22,0 0 0 0 1 0 0 0 0 0
2048,Video Title 2048,computer_science,59000,,2022-01-27 19:18:19,0 0 0 0 1 0 0 0 0 0
2049,Video Title 2049,computer_science,32000,,2017-11-19 13:29:08,0 0 0 0 1 0 0 0 0 0
2050,Video Title 2050,computer_science,42000,,2019-07-10 23:56:49,0 0 0 0 1 0 0 0 0 0
2051,Video Title 2051,computer_science,57000,,2016-10-07 03:11:30,0 0 0 0 1 0 0 0 0 0
2052,Video Title 2052,computer_science,44000,,2023-03-04 15:23:00,0 0 0 0 1 0 0 0 0 0
2053,Video Title 2053,computer_science,30000,,2021-11-12 21:50:09,0 0 0 0 1 0 0 0 0 0
2054,Video Title 2054,computer_science,49000,,2019-11-17 15:39:55,0 0 0 0 1 0 0 0 0 0
2055,Video Title 2055,computer_science,55000,,2018-03-14 12:25:11,0 0 0 0 1 0 0 0 0 0
2056,Video Title 2056,computer_science,43000,,2015-07-03 04:40:01,0 0 0 0 1 0 0 0 0 0
2057,Video Title 2057,computer_science,48000,,2019-11-18 23:01:48,0 0 0 0 1 0 0 0 0 0
2058,Video Title 2058,computer_science,54000,,2023-08-25 15:15:13,0 0 0 0 1 0 0 0 0 0
2059,Video Title 2059,computer_science,33000,,2023-04-01 23:42:26,0 0 0 0 1 0 0 0 0 0
2060,Video Title 2060,computer_science,48000,,2021-10-18 08:06:55,0 0 0 0 1 0 0 0 0 0
2061,Video Title 2061,computer_science,55000,,2016-11-12 05:44:02,0 0 0 0 1 0 0 0 0 0
2062,Video Title 2062,computer_science,47000,,2022-10-20 11:53:41,0 0 0 0 1 0 0 0 0 0
2063,Video Title 2063,computer_science,58000,,2018-02-10 17:58:02,0 0 0 0 1 0 0 0 0 0
2064,Video Title 2064,computer_science,42000,,2020-07-19 23:23:59,0 0 0 0 1 0 0 0 0 0
2065,Video Title 2065,computer_science,48000,,2020-02-03 17:05:04,0 0 0 0 1 0 0 0 0 0
2066,Video Title 2066,computer_science,31000,,2015-09-23 12:41:46,0 0 0 0 1 0 0 0 0 0
2067,Video Title 2067,computer_science,42000,,2015-06-12 01:29:38,0 0 0 0 1 0 0 0 0 0
2068,Video Title 2068,computer_science,49000,,2020-10-22 23:12:24,0 0 0 0 1 0 0 0 0 0
2069,Video Title 2069,computer_science,42000,,2014-05-24 13:20:59,0 0 0 0 1 0 0 0 0 0
2070,Video Title 2070,computer_science,58000,,2022-10-16 04:41:18,0 0 0 0 1 0 0 0 0 0
2071,Video Title 2071,computer_science,52000,,2016-05-19 03:56:46,0 0 0 0 1 0 0 0 0 0
2072,Video Title 2072,computer_science,53000,,2018-10-03 13:06:48,0 0 0 0 1 0 0 0 0 0
2073,Video Title 2073,computer_science,38000,,2022-12-21 03:56:50,0 0 0 0 1 0 0 0 0 0
2074,Video Title 2074,computer_science,30000,,2017-05-20 05:04:07,0 0 0 0 1 0 0 0 0 0
2075,Video Title 2075,computer_science,55000,,2017-01-13 03:36:50,0 0 0 0 1 0 0 0 0 0
2076,Video Title 2076,computer_science,38000,,2022-06-06 09:21:33,0 0 0 0 1 0 0 0 0 0
2077,Video Title 2077,computer_science,57000,,2020-12-18 01:37:01,0 0 0 0 1 0 0 0 0 0
2078,Video Title 2078,computer_science,33000,,2023-09-22 14:42:21,0 0 0 0 1 0 0 0 0 0
2079,Video Title 2079,computer_science,37000,,2015-05-08 12:10:17,0 0 0 0 1 0 0 0 0 0
2080,Video Title 2080,computer_science,53000,,2018-06-08 08:29:23,0 0 0 0 1 0 0 0 0 0
2081,Video Title 2081,computer_science,56000,,2017-03-19 04:03:51,0 0 0 0 1 0 0 0 0 0
2082,Video Title 2082,computer_science,53000,,2018-03-04 05:17:27,0 0 0 0 1 0 0 0 0 0
2083,Video Title 2083,computer_science,50000,,2014-11-24 21:31:41,0 0 0 0 1 0 0 0 0 0
2084,Video Title 2084,computer_science,44000,,2016-02-13 13:48:28,0 0 0 0 1 0 0 0 0 0
2085,Video Title 2085,computer_science,56000,,2018-01-28 04:07:24,0 0 0 0 1 0 0 0 0 0
2086,Video Title 2086,computer_science,45000,,2021-08-06 03:36:45,0 0 0 0 1 0 0 0 0 0
2087,Video Title 2087,computer_science,57000,,2017-09-28 18:32:03,0 0 0 0 1 0 0 0 0 0
2088,Video Title 2088,computer_science,31000,,2019-02-26 17:37:33,0 0 0 0 1 0 0 0 0 0
2089,Video Title 2089,computer_science,35000,,2014-08-30 12:02:46,0 0 0 0 1 0 0 0 0 0
2090,Video Title 2090,computer_science,52000,,2019-01-26 19:15:57,0 0 0 0 1 0 0 0 0 0
2091,Video Title 2091,computer_science,34000,,2021-10-21 21:14:21,0 0 0 0 1 0 0 0 0 0
2092,Video Title 2092,computer_science,46000,,2022-10-17 13:32:06,0 0 0 0 1 0 0 0 0 0
2093,Video Title 2093,computer_science,30000,,2015-09-29 03:23:32,0 0 0 0 1 0 0 0 0 0
2094,Video Title 2094,computer_science,58000,,2022-05-01 04:39:43,0 0 0 0 1 0 0 0 0 0
2095,Video Title 2095,computer_science,56000,,2014-08-01 08:10:13,0 0 0 0 1 0 0 0 0 0
2096,Video Title 2096,computer_science,31000,,2018-07-27 00:54:11,0 0 0 0 1 0 0 0 0 0
2097,Video Title 2097,computer_science,59000,,2017-08-10 08:51:25,0 0 0 0 1 0 0 0 0 0
2098,Video Title 2098,computer_science,36000,,2016-09-29 00:25:43,0 0 0 0 1 0 0 0 0 0
2099,Video Title 2099,computer_science,56000,,2018-08-24 09:32:14,0 0 0 0 1 0 0 0 0 0
2100,Video Title 2100,computer_science,42000,,2020-05-10 05:53:57,0 0 0 0 1 0 0 0 0 0
2101,Video Title 2101,computer_science,33000,,2020-10-24 06:52:26,0 0 0 0 1 0 0 0 0 0
2102,Video Title 2102,computer_science,37000,,2017-09-23 12:05:17,0 0 0 0 1 0 0 0 0 0
2103,Video Title 2103,computer_science,49000,,2018-06-19 06:39:38,0 0 0 0 1 0 0 0 0 0
2104,Video Title 2104,computer_science,60000,,2022-09-15 06:06:56,0 0 0 0 1 0 0 0 0 0
2105,Video Title 2105,computer_science,48000,,2019-07-08 08:50:02,0 0 0 0 1 0 0 0 0 0
2106,Video Title 2106,computer_science,41000,,2015-08-22 19:47:33,0 0 0 0 1 0 0 0 0 0
2107,Video Title 2107,computer_science,58000,,2016-08-04 02:36:34,0 0 0 0 1 0 0 0 0 0
2108,Video Title 2108,computer_science,56000,,2020-11-21 07:18:25,0 0 0 0 1 0 0 0 0 0
2109,Video Title 2109,computer_science,39000,,2014-04-13 04:39:46,0 0 0 0 1 0 0 0 0 0
2110,Video Title 2110,computer_science,31000,,2015-08-20 14:41:19,0 0 0 0 1 0 0 0 0 0
2111,Video Title 2111,computer_science,48000,,2021-10-19 09:07:11,0 0 0 0 1 0 0 0 0 0
2112,Video Title 2112,computer_science,36000,,2022-07-28 10:56:24,0 0 0 0 1 0 0 0 0 0
2113,Video Title 2113,computer_science,50000,,2016-04-03 15:48:53,0 0 0 0 1 0 0 0 0 0
2114,Video Title 2114,computer_science,36000,,2016-09-11 03:43:17,0 0 0 0 1 0 0 0 0 0
2115,Video Title 2115,computer_science,43000,,2019-02-19 11:26:09,0 0 0 0 1 0 0 0 0 0
2116,Video Title 2116,computer_science,57000,,2021-10-21 02:36:03,0 0 0 0 1 0 0 0 0 0
2117,Video Title 2117,computer_science,54000,,2020-10-28 00:41:47,0 0 0 0 1 0 0 0 0 0
2118,Video Title 2118,computer_science,45000,,2023-02-12 00:45:08,0 0 0 0 1 0 0 0 0 0
2119,Video Title 2119,computer_science,50000,,2015-09-27 04:22:39,0 0 0 0 1 0 0 0 0 0
2120,Video Title 2120,computer_science,55000,,2014-02-02 21:25:20,0 0 0 0 1 0 0 0 0 0
2121,Video Title 2121,computer_science,38000,,2020-02-01 10:55:26,0 0 0 0 1 0 0 0 0 0
2122,Video Title 2122,computer_science,60000,,2017-01-21 22:16:10,0 0 0 0 1 0 0 0 0 0
2123,Video Title 2123,computer_science,60000,,2021-02-04 04:39:14,0 0 0 0 1 0 0 0 0 0
2124,Video Title 2124,computer_science,38000,,2018-03-29 21:28:32,0 0 0 0 1 0 0 0 0 0
2125,Video Title 2125,computer_science,42000,,2022-07-08 06:56:55,0 0 0 0 1 0 0 0 0 0
2126,Video Title 2126,computer_science,44000,,2016-07-10 19:05:12,0 0 0 0 1 0 0 0 0 0
2127,Video Title 2127,computer_science,44000,,2017-01-09 19:54:35,0 0 0 0 1 0 0 0 0 0
2128,Video Title 2128,computer_science,46000,,2022-03-30 17:37:40,0 0 0 0 1 0 0 0 0 0
2129,Video Title 2129,computer_science,42000,,2019-11-06 09:04:29,0 0 0 0 1 0 0 0 0 0
2130,Video Title 2130,computer_science,30000,,2019-02-13 00:36:05,0 0 0 0 1 0 0 0 0 0
2131,Video Title 2131,computer_science,51000,,2023-08-31 16:07:32,0 0 0 0 1 0 0 0 0 0
2132,Video Title 2132,computer_science,56000,,2017-09-29 22:31:38,0 0 0 0 1 0 0 0 0 0
2133,Video Title 2133,computer_science,50000,,2019-12-10 06:28:29,0 0 0 0 1 0 0 0 0 0
2134,Video Title 2134,computer_science,39000,,2016-12-27 10:29:28,0 0 0 0 1 0 0 0 0 0
2135,Video Title 2135,computer_science,33000,,2018-10-27 08:17:07,0 0 0 0 1 0 0 0 0 0
2136,Video Title 2136,computer_science,40000,,2023-11-19 12:25:14,0 0 0 0 1 0 0 0 0 0
2137,Video Title 2137,computer_science,50000,,2017-04-03 18:00:26,0 0 0 0 1 0 0 0 0 0
2138,Video Title 2138,computer_science,38000,,2016-08-13 04:28:08,0 0 0 0 1 0 0 0 0 0
2139,Video Title 2139,computer_science,52000,,2023-07-10 11:39:04,0 0 0 0 1 0 0 0 0 0
2140,Video Title 2140,computer_science,50000,,2016-12-28 14:06:05,0 0 0 0 1 0 0 0 0 0
2141,Video Title 2141,computer_science,34000,,2019-03-06 02:55:05,0 0 0 0 1 0 0 0 0 0
2142,Video Title 2142,computer_science,37000,,2022-12-30 20:35:06,0 0 0 0 1 0 0 0 0 0
2143,Video Title 2143,computer_science,55000,,2022-07-29 04:49:31,0 0 0 0 1 0 0 0 0 0
2144,Video Title 2144,computer_science,55000,,2020-01-02 02:55:01,0 0 0 0 1 0 0 0 0 0
2145,Video Title 2145,computer_science,51000,,2017-03-14 11:42:38,0 0 0 0 1 0 0 0 0 0
2146,Video Title 2146,computer_science,34000,,2021-03-19 16:24:29,0 0 0 0 1 0 0 0 0 0
2147,Video Title 2147,computer_science,50000,,2018-12-23 09:51:35,0 0 0 0 1 0 0 0 0 0
2148,Video Title 2148,computer_science,39000,,2016-08-06 21:44:29,0 0 0 0 1 0 0 0 0 0
2149,Video Title 2149,computer_science,43000,,2018-01-18 18:51:47,0 0 0 0 1 0 0 0 0 0
2150,Video Title 2150,computer_science,53000,,2014-05-11 21:56:41,0 0 0 0 1 0 0 0 0 0
2151,Video Title 2151,computer_science,52000,,2023-12-12 20:25:36,0 0 0 0 1 0 0 0 0 0
2152,Video Title 2152,computer_science,56000,,2015-11-27 04:34:04,0 0 0 0 1 0 0 0 0 0
2153,Video Title 2153,computer_science,53000,,2021-02-18 19:08:59,0 0 0 0 1 0 0 0 0 0
2154,Video Title 2154,computer_science,51000,,2019-05-08 10:02:05,0 0 0 0 1 0 0 0 0 0
2155,Video Title 2155,computer_science,55000,,2018-10-05 10:24:13,0 0 0 0 1 0 0 0 0 0
2156,Video Title 2156,computer_science,60000,,2020-09-20 07:40:42,0 0 0 0 1 0 0 0 0 0
2157,Video Title 2157,computer_science,46000,,2017-01-02 17:04:01,0 0 0 0 1 0 0 0 0 0
2158,Video Title 2158,computer_science,35000,,2022-05-29 07:56:58,0 0 0 0 1 0 0 0 0 0
2159,Video Title 2159,computer_science,58000,,2019-08-02 14:31:43,0 0 0 0 1 0 0 0 0 0
2160,Video Title 2160,computer_science,39000,,2014-12-25 06:01:42,0 0 0 0 1 0 0 0 0 0
2161,Video Title 2161,computer_science,34000,,2021-05-30 08:29:41,0 0 0 0 1 0 0 0 0 0
2162,Video Title 2162,computer_science,53000,,2022-01-31 10:55:22,0 0 0 0 1 0 0 0 0 0
2163,Video Title 2163,computer_science,54000,,2023-02-16 01:55:45,0 0 0 0 1 0 0 0 0 0
2164,Video Title 2164,computer_science,60000,,2020-10-18 22:48:12,0 0 0 0 1 0 0 0 0 0
2165,Video Title 2165,computer_science,40000,,2020-07-18 16:28:29,0 0 0 0 1 0 0 0 0 0
2166,Video Title 2166,computer_science,37000,,2017-07-22 18:49:31,0 0 0 0 1 0 0 0 0 0
2167,Video Title 2167,computer_science,53000,,2022-09-18 17:27:48,0 0 0 0 1 0 0 0 0 0
2168,Video Title 2168,computer_science,43000,,2021-11-18 12:43:20,0 0 0 0 1 0 0 0 0 0
2169,Video Title 2169,computer_science,40000,,2017-09-20 15:22:51,0 0 0 0 1 0 0 0 0 0
2170,Video Title 2170,computer_science,48000,,2016-12-11 06:52:41,0 0 0 0 1 0 0 0 0 0
2171,Video Title 2171,computer_science,57000,,2015-03-08 21:39:24,0 0 0 0 1 0 0 0 0 0
2172,Video Title 2172,computer_science,31000,,2022-08-31 08:03:33,0 0 0 0 1 0 0 0 0 0
2173,Video Title 2173,computer_science,48000,,2019-10-22 03:25:41,0 0 0 0 1 0 0 0 0 0
2174,Video Title 2174,computer_science,49000,,2014-09-19 22:29:54,0 0 0 0 1 0 0 0 0 0
2175,Video Title 2175,computer_science,58000,,2015-12-14 02:02:14,0 0 0 0 1 0 0 0 0 0
2176,Video Title 2176,computer_science,33000,,2022-09-04 08:48:11,0 0 0 0 1 0 0 0 0 0
2177,Video Title 2177,computer_science,42000,,2019-04-20 21:51:10,0 0 0 0 1 0 0 0 0 0
2178,Video Title 2178,computer_science,43000,,2014-07-19 07:49:43,0 0 0 0 1 0 0 0 0 0
2179,Video Title 2179,computer_science,57000,,2015-07-07 08:11:32,0 0 0 0 1 0 0 0 0 0
2180,Video Title 2180,computer_science,36000,,2017-06-06 17:52:54,0 0 0 0 1 0 0 0 0 0
2181,Video Title 2181,computer_science,48000,,2022-12-05 21:13:58,0 0 0 0 1 0 0 0 0 0
2182,Video Title 2182,computer_science,44000,,2015-06-09 18:26:08,0 0 0 0 1 0 0 0 0 0
2183,Video Title 2183,computer_science,57000,,2021-02-27 04:33:24,0 0 0 0 1 0 0 0 0 0
2184,Video Title 2184,computer_science,54000,,2014-10-24 23:05:04,0 0 0 0 1 0 0 0 0 0
2185,Video Title 2185,computer_science,40000,,2020-04-24 06:28:15,0 0 0 0 1 0 0 0 0 0
2186,Video Title 2186,computer_science,35000,,2017-02-19 23:04:21,0 0 0 0 1 0 0 0 0 0
2187,Video Title 2187,computer_science,31000,,2014-01-20 04:54:09,0 0 0 0 1 0 0 0 0 0
2188,Video Title 2188,computer_science,38000,,2016-02-06 05:53:43,0 0 0 0 1 0 0 0 0 0
2189,Video Title 2189,computer_science,54000,,2015-09-10 09:51:51,0 0 0 0 1 0 0 0 0 0
2190,Video Title 2190,computer_science,54000,,2015-08-04 06:54:58,0 0 0 0 1 0 0 0 0 0
2191,Video Title 2191,computer_science,55000,,2021-08-21 00:39:32,0 0 0 0 1 0 0 0 0 0
2192,Video Title 2192,computer_science,32000,,2015-04-20 07:57:42,0 0 0 0 1 0 0 0 0 0
2193,Video Title 2193,computer_science,43000,,2020-05-03 05:30:30,0 0 0 0 1 0 0 0 0 0
2194,Video Title 2194,computer_science,42000,,2018-04-17 22:37:45,0 0 0 0 1 0 0 0 0 0
2195,Video Title 2195,computer_science,45000,,2017-11-02 02:31:06,0 0 0 0 1 0 0 0 0 0
2196,Video Title 2196,computer_science,31000,,2019-05-05 07:21:21,0 0 0 0 1 0 0 0 0 0
2197,Video Title 2197,computer_science,53000,,2017-09-25 19:40:59,0 0 0 0 1 0 0 0 0 0
2198,Video Title 2198,computer_science,30000,,2022-12-02 19:45:35,0 0 0 0 1 0 0 0 0 0
2199,Video Title 2199,computer_science,54000,,2022-05-02 06:49:52,0 0 0 0 1 0 0 0 0 0
2200,Video Title 2200,computer_science,36000,,2014-03-09 09:27:09,0 0 0 0 1 0 0 0 0 0
2201,Video Title 2201,computer_science,30000,,2020-04-08 09:46:29,0 0 0 0 1 0 0 0 0 0
2202,Video Title 2202,computer_science,37000,,2016-04-07 20:52:34,0 0 0 0 1 0 0 0 0 0
2203,Video Title 2203,computer_science,58000,,2017-06-12 21:02:24,0 0 0 0 1 0 0 0 0 0
2204,Video Title 2204,computer_science,34000,,2015-01-12 21:14:25,0 0 0 0 1 0 0 0 0 0
2205,Video Title 2205,computer_science,46000,,2019-11-21 15:33:08,0 0 0 0 1 0 0 0 0 0
2206,Video Title 2206,computer_science,35000,,2014-08-29 07:08:35,0 0 0 0 1 0 0 0 0 0
2207,Video Title 2207,computer_science,31000,,2016-12-26 10:31:02,0 0 0 0 1 0 0 0 0 0
2208,Video Title 2208,computer_science,39000,,2018-07-25 03:08:41,0 0 0 0 1 0 0 0 0 0
2209,Video Title 2209,computer_science,46000,,2019-12-19 18:00:17,0 0 0 0 1 0 0 0 0 0
2210,Video Title 2210,computer_science,40000,,2018-05-04 21:04:26,0 0 0 0 1 0 0 0 0 0
2211,Video Title 2211,computer_science,51000,,2023-12-15 11:22:59,0 0 0 0 1 0 0 0 0 0
2212,Video Title 2212,computer_science,40000,,2023-12-17 21:46:08,0 0 0 0 1 0 0 0 0 0
2213,Video Title 2213,computer_science,45000,,2017-08-06 06:22:39,0 0 0 0 1 0 0 0 0 0
2214,Video Title 2214,computer_science,36000,,2015-08-27 19:47:43,0 0 0 0 1 0 0 0 0 0
2215,Video Title 2215,computer_science,59000,,2023-03-08 10:47:37,0 0 0 0 1 0 0 0 0 0
2216,Video Title 2216,computer_science,42000,,2014-03-13 19:19:35,0 0 0 0 1 0 0 0 0 0
2217,Video Title 2217,computer_science,37000,,2021-04-10 03:59:21,0 0 0 0 1 0 0 0 0 0
2218,Video Title 2218,computer_science,34000,,2016-02-12 20:15:50,0 0 0 0 1 0 0 0 0 0
2219,Video Title 2219,computer_science,30000,,2019-11-25 09:05:32,0 0 0 0 1 0 0 0 0 0
2220,Video Title 2220,computer_science,35000,,2015-03-28 12:59:22,0 0 0 0 1 0 0 0 0 0
2221,Video Title 2221,computer_science,52000,,2020-07-04 11:20:14,0 0 0 0 1 0 0 0 0 0
2222,Video Title 2222,computer_science,31000,,2017-10-03 10:51:25,0 0 0 0 1 0 0 0 0 0
2223,Video Title 2223,computer_science,50000,,2016-07-24 15:07:53,0 0 0 0 1 0 0 0 0 0
2224,Video Title 2224,computer_science,47000,,2020-03-26 10:36:23,0 0 0 0 1 0 0 0 0 0
2225,Video Title 2225,computer_science,49000,,2023-12-12 13:59:18,0 0 0 0 1 0 0 0 0 0
2226,Video Title 2226,computer_science,51000,,2015-02-01 14:44:17,0 0 0 0 1 0 0 0 0 0
2227,Video Title 2227,computer_science,56000,,2014-03-16 01:22:43,0 0 0 0 1 0 0 0 0 0
2228,Video Title 2228,computer_science,52000,,2015-03-01 15:11:19,0 0 0 0 1 0 0 0 0 0
2229,Video Title 2229,computer_science,44000,,2017-10-21 22:13:46,0 0 0 0 1 0 0 0 0 0
2230,Video Title 2230,computer_science,47000,,2016-07-13 11:52:28,0 0 0 0 1 0 0 0 0 0
2231,Video Title 2231,computer_science,52000,,2015-07-15 21:56:01,0 0 0 0 1 0 0 0 0 0
2232,Video Title 2232,computer_science,52000,,2020-11-09 22:49:35,0 0 0 0 1 0 0 0 0 0
2233,Video Title 2233,computer_science,30000,,2017-01-06 01:48:05,0 0 0 0 1 0 0 0 0 0
2234,Video Title 2234,computer_science,51000,,2015-01-06 13:50:04,0 0 0 0 1 0 0 0 0 0
2235,Video Title 2235,computer_science,46000,,2016-09-14 09:59:53,0 0 0 0 1 0 0 0 0 0
2236,Video Title 2236,computer_science,49000,,2021-01-03 15:37:40,0 0 0 0 1 0 0 0 0 0
2237,Video Title 2237,computer_science,43000,,2022-04-22 21:10:41,0 0 0 0 1 0 0 0 0 0
2238,Video Title 2238,computer_science,33000,,2019-02-13 06:49:38,0 0 0 0 1 0 0 0 0 0
2239,Video Title 2239,computer_science,49000,,2015-03-08 17:32:53,0 0 0 0 1 0 0 0 0 0
2240,Video Title 2240,computer_science,33000,,2021-11-06 08:58:54,0 0 0 0 1 0 0 0 0 0
2241,Video Title 2241,computer_science,45000,,2015-12-29 01:26:51,0 0 0 0 1 0 0 0 0 0
2242,Video Title 2242,computer_science,36000,,2021-10-12 13:12:03,0 0 0 0 1 0 0 0 0 0
2243,Video Title 2243,computer_science,56000,,2019-03-27 11:35:56,0 0 0 0 1 0 0 0 0 0
2244,Video Title 2244,computer_science,36000,,2017-08-01 09:57:10,0 0 0 0 1 0 0 0 0 0
2245,Video Title 2245,computer_science,43000,,2016-12-16 00:45:54,0 0 0 0 1 0 0 0 0 0
2246,Video Title 2246,computer_science,31000,,2019-06-26 16:57:20,0 0 0 0 1 0 0 0 0 0
2247,Video Title 2247,computer_science,59000,,2016-01-31 01:59:34,0 0 0 0 1 0 0 0 0 0
2248,Video Title 2248,computer_science,59000,,2018-10-23 10:09:40,0 0 0 0 1 0 0 0 0 0
2249,Video Title 2249,computer_science,37000,,2014-01-12 23:50:55,0 0 0 0 1 0 0 0 0 0
2250,Video Title 2250,computer_science,51000,,2014-11-23 20:38:55,0 0 0 0 1 0 0 0 0 0
2251,Video Title 2251,computer_science,33000,,2022-05-09 14:20:15,0 0 0 0 1 0 0 0 0 0
2252,Video Title 2252,computer_science,51000,,2018-12-11 11:30:46,0 0 0 0 1 0 0 0 0 0
2253,Video Title 2253,computer_science,60000,,2014-11-27 19:14:31,0 0 0 0 1 0 0 0 0 0
2254,Video Title 2254,computer_science,46000,,2014-10-03 22:13:24,0 0 0 0 1 0 0 0 0 0
2255,Video Title 2255,computer_science,53000,,2015-01-07 17:02:45,0 0 0 0 1 0 0 0 0 0
2256,Video Title 2256,computer_science,38000,,2020-06-11 19:54:10,0 0 0 0 1 0 0 0 0 0
2257,Video Title 2257,computer_science,44000,,2023-11-20 15:08:07,0 0 0 0 1 0 0 0 0 0
2258,Video Title 2258,computer_science,39000,,2016-08-24 01:21:07,0 0 0 0 1 0 0 0 0 0
2259,Video Title 2259,computer_science,31000,,2015-01-02 07:15:39,0 0 0 0 1 0 0 0 0 0
2260,Video Title 2260,computer_science,35000,,2022-09-28 14:42:12,0 0 0 0 1 0 0 0 0 0
2261,Video Title 2261,computer_science,57000,,2016-11-28 13:41:05,0 0 0 0 1 0 0 0 0 0
2262,Video Title 2262,computer_science,55000,,2020-10-08 04:44:53,0 0 0 0 1 0 0 0 0 0
2263,Video Title 2263,computer_science,43000,,2021-05-21 16:07:16,0 0 0 0 1 0 0 0 0 0
2264,Video Title 2264,computer_science,33000,,2022-07-07 01:08:27,0 0 0 0 1 0 0 0 0 0
2265,Video Title 2265,computer_science,58000,,2014-06-19 11:53:02,0 0 0 0 1 0 0 0 0 0
2266,Video Title 2266,computer_science,57000,,2015-05-23 03:21:11,0 0 0 0 1 0 0 0 0 0
2267,Video Title 2267,computer_science,50000,,2015-09-17 08:52:31,0 0 0 0 1 0 0 0 0 0
2268,Video Title 2268,computer_science,41000,,2022-12-12 00:37:09,0 0 0 0 1 0 0 0 0 0
2269,Video Title 2269,computer_science,60000,,2020-03-21 14:17:46,0 0 0 0 1 0 0 0 0 0
2270,Video Title 2270,computer_science,58000,,2021-05-01 16:45:07,0 0 0 0 1 0 0 0 0 0
2271,Video Title 2271,computer_science,41000,,2022-02-24 14:52:18,0 0 0 0 1 0 0 0 0 0
2272,Video Title 2272,computer_science,35000,,2015-02-22 11:40:59,0 0 0 0 1 0 0 0 0 0
2273,Video Title 2273,computer_science,42000,,2023-08-16 10:20:59,0 0 0 0 1 0 0 0 0 0
2274,Video Title 2274,computer_science,38000,,2022-05-11 08:03:03,0 0 0 0 1 0 0 0 0 0
2275,Video Title 2275,computer_science,52000,,2022-07-04 22:49:48,0 0 0 0 1 0 0 0 0 0
2276,Video Title 2276,computer_science,55000,,2018-03-22 08:24:30,0 0 0 0 1 0 0 0 0 0
2277,Video Title 2277,computer_science,58000,,2021-12-20 17:16:37,0 0 0 0 1 0 0 0 0 0
2278,Video Title 2278,computer_science,33000,,2015-05-01 16:00:50,0 0 0 0 1 0 0 0 0 0
2279,Video Title 2279,computer_science,53000,,2014-08-05 01:25:27,0 0 0 0 1 0 0 0 0 0
2280,Video Title 2280,computer_science,60000,,2022-06-11 21:02:47,0 0 0 0 1 0 0 0 0 0
2281,Video Title 2281,computer_science,33000,,2018-03-01 12:01:40,0 0 0 0 1 0 0 0 0 0
2282,Video Title 2282,computer_science,48000,,2018-10-30 18:19:00,0 0 0 0 1 0 0 0 0 0
2283,Video Title 2283,computer_science,48000,,2020-10-14 03:14:19,0 0 0 0 1 0 0 0 0 0
2284,Video Title 2284,computer_science,35000,,2020-02-12 07:54:31,0 0 0 0 1 0 0 0 0 0
2285,Video Title 2285,computer_science,54000,,2017-08-03 21:15:53,0 0 0 0 1 0 0 0 0 0
2286,Video Title 2286,computer_science,30000,,2022-08-17 09:38:16,0 0 0 0 1 0 0 0 0 0
2287,Video Title 2287,computer_science,58000,,2022-05-21 15:47:43,0 0 0 0 1 0 0 0 0 0
2288,Video Title 2288,computer_science,58000,,2015-04-24 21:24:24,0 0 0 0 1 0 0 0 0 0
2289,Video Title 2289,computer_science,59000,,2018-11-19 15:33:18,0 0 0 0 1 0 0 0 0 0
2290,Video Title 2290,computer_science,58000,,2018-02-12 04:30:05,0 0 0 0 1 0 0 0 0 0
2291,Video Title 2291,computer_science,31000,,2014-08-22 04:14:15,0 0 0 0 1 0 0 0 0 0
2292,Video Title 2292,computer_science,50000,,2017-02-22 23:14:38,0 0 0 0 1 0 0 0 0 0
2293,Video Title 2293,computer_science,52000,,2022-09-07 09:54:25,0 0 0 0 1 0 0 0 0 0
2294,Video Title 2294,computer_science,46000,,2021-09-04 11:30:56,0 0 0 0 1 0 0 0 0 0
2295,Video Title 2295,computer_science,48000,,2021-03-28 18:33:44,0 0 0 0 1 0 0 0 0 0
2296,Video Title 2296,computer_science,37000,,2023-10-12 07:39:03,0 0 0 0 1 0 0 0 0 0
2297,Video Title 2297,computer_science,51000,,2022-09-24 23:22:34,0 0 0 0 1 0 0 0 0 0
2298,Video Title 2298,computer_science,46000,,2019-03-27 07:50:17,0 0 0 0 1 0 0 0 0 0
2299,Video Title 2299,computer_science,52000,,2020-03-08 13:44:16,0 0 0 0 1 0 0 0 0 0
2300,Video Title 2300,computer_science,43000,,2020-08-14 06:04:54,0 0 0 0 1 0 0 0 0 0
2301,Video Title 2301,computer_science,37000,,2018-10-28 01:02:23,0 0 0 0 1 0 0 0 0 0
2302,Video Title 2302,computer_science,51000,,2020-10-06 11:29:30,0 0 0 0 1 0 0 0 0 0
2303,Video Title 2303,computer_science,42000,,2015-06-29 14:07:48,0 0 0 0 1 0 0 0 0 0
2304,Video Title 2304,computer_science,56000,,2019-08-02 22:57:18,0 0 0 0 1 0 0 0 0 0
2305,Video Title 2305,computer_science,49000,,2014-07-21 03:59:30,0 0 0 0 1 0 0 0 0 0
2306,Video Title 2306,computer_science,50000,,2023-05-06 10:56:11,0 0 0 0 1 0 0 0 0 0
2307,Video Title 2307,computer_science,46000,,2022-06-28 06:52:20,0 0 0 0 1 0 0 0 0 0
2308,Video Title 2308,computer_science,57000,,2018-12-17 19:08:23,0 0 0 0 1 0 0 0 0 0
2309,Video Title 2309,computer_science,35000,,2014-10-03 06:11:42,0 0 0 0 1 0 0 0 0 0
2310,Video Title 2310,computer_science,45000,,2017-03-18 07:31:20,0 0 0 0 1 0 0 0 0 0
2311,Video Title 2311,computer_science,40000,,2023-09-14 00:42:22,0 0 0 0 1 0 0 0 0 0
2312,Video Title 2312,computer_science,31000,,2019-01-27 07:00:34,0 0 0 0 1 0 0 0 0 0
2313,Video Title 2313,computer_science,47000,,2020-06-08 02:35:48,0 0 0 0 1 0 0 0 0 0
2314,Video Title 2314,computer_science,42000,,2022-03-04 10:14:58,0 0 0 0 1 0 0 0 0 0
2315,Video Title 2315,computer_science,32000,,2018-08-05 16:41:11,0 0 0 0 1 0 0 0 0 0
2316,Video Title 2316,computer_science,55000,,2019-09-25 13:51:35,0 0 0 0 1 0 0 0 0 0
2317,Video Title 2317,computer_science,32000,,2022-07-26 13:12:57,0 0 0 0 1 0 0 0 0 0
2318,Video Title 2318,computer_science,44000,,2017-03-01 14:59:23,0 0 0 0 1 0 0 0 0 0
2319,Video Title 2319,computer_science,45000,,2021-06-15 02:55:59,0 0 0 0 1 0 0 0 0 0
2320,Video Title 2320,computer_science,30000,,2015-01-12 15:33:17,0 0 0 0 1 0 0 0 0 0
2321,Video Title 2321,computer_science,43000,,2014-05-13 18:52:38,0 0 0 0 1 0 0 0 0 0
2322,Video Title 2322,computer_science,47000,,2014-01-03 14:52:01,0 0 0 0 1 0 0 0 0 0
2323,Video Title 2323,computer_science,32000,,2021-12-02 00:12:56,0 0 0 0 1 0 0 0 0 0
2324,Video Title 2324,computer_science,60000,,2020-03-11 14:11:42,0 0 0 0 1 0 0 0 0 0
2325,Video Title 2325,computer_science,39000,,2022-11-25 21:42:53,0 0 0 0 1 0 0 0 0 0
2326,Video Title 2326,computer_science,47000,,2016-01-28 00:10:09,0 0 0 0 1 0 0 0 0 0
2327,Video Title 2327,computer_science,51000,,2018-07-26 03:48:50,0 0 0 0 1 0 0 0 0 0
2328,Video Title 2328,computer_science,40000,,2017-08-21 04:48:03,0 0 0 0 1 0 0 0 0 0
2329,Video Title 2329,computer_science,31000,,2022-03-02 13:10:08,0 0 0 0 1 0 0 0 0 0
2330,Video Title 2330,computer_science,57000,,2018-07-19 18:41:40,0 0 0 0 1 0 0 0 0 0
2331,Video Title 2331,computer_science,47000,,2021-09-04 01:40:35,0 0 0 0 1 0 0 0 0 0
2332,Video Title 2332,computer_science,49000,,2018-09-25 22:30:37,0 0 0 0 1 0 0 0 0 0
2333,Video Title 2333,computer_science,51000,,2017-08-21 00:36:08,0 0 0 0 1 0 0 0 0 0
2334,Video Title 2334,computer_science,44000,,2015-02-23 04:26:46,0 0 0 0 1 0 0 0 0 0
2335,Video Title 2335,computer_science,54000,,2020-08-04 00:32:17,0 0 0 0 1 0 0 0 0 0
2336,Video Title 2336,computer_science,30000,,2017-06-01 22:52:59,0 0 0 0 1 0 0 0 0 0
2337,Video Title 2337,computer_science,56000,,2020-05-03 20:43:09,0 0 0 0 1 0 0 0 0 0
2338,Video Title 2338,computer_science,55000,,2016-12-03 17:45:36,0 0 0 0 1 0 0 0 0 0
2339,Video Title 2339,computer_science,46000,,2017-09-28 16:47:44,0 0 0 0 1 0 0 0 0 0
2340,Video Title 2340,computer_science,33000,,2014-06-19 02:09:44,0 0 0 0 1 0 0 0 0 0
2341,Video Title 2341,computer_science,35000,,2018-12-05 08:10:46,0 0 0 0 1 0 0 0 0 0
2342,Video Title 2342,computer_science,56000,,2021-03-03 12:35:43,0 0 0 0 1 0 0 0 0 0
2343,Video Title 2343,computer_science,53000,,2018-02-04 14:51:44,0 0 0 0 1 0 0 0 0 0
2344,Video Title 2344,computer_science,38000,,2020-02-10 14:36:52,0 0 0 0 1 0 0 0 0 0
2345,Video Title 2345,computer_science,36000,,2015-03-19 17:19:57,0 0 0 0 1 0 0 0 0 0
2346,Video Title 2346,computer_science,57000,,2017-12-07 01:43:57,0 0 0 0 1 0 0 0 0 0
2347,Video Title 2347,computer_science,44000,,2022-03-31 14:56:34,0 0 0 0 1 0 0 0 0 0
2348,Video Title 2348,computer_science,36000,,2021-03-03 06:37:16,0 0 0 0 1 0 0 0 0 0
2349,Video Title 2349,computer_science,33000,,2021-07-28 14:16:56,0 0 0 0 1 0 0 0 0 0
2350,Video Title 2350,computer_science,31000,,2023-04-08 04:29:02,0 0 0 0 1 0 0 0 0 0
2351,Video Title 2351,computer_science,56000,,2020-09-21 07:37:09,0 0 0 0 1 0 0 0 0 0
2352,Video Title 2352,computer_science,33000,,2021-09-21 07:55:01,0 0 0 0 1 0 0 0 0 0
2353,Video Title 2353,computer_science,44000,,2018-07-30 11:10:40,0 0 0 0 1 0 0 0 0 0
2354,Video Title 2354,computer_science,48000,,2023-07-25 02:16:19,0 0 0 0 1 0 0 0 0 0
2355,Video Title 2355,computer_science,34000,,2023-08-22 01:40:35,0 0 0 0 1 0 0 0 0 0
2356,Video Title 2356,computer_science,30000,,2019-04-22 19:55:00,0 0 0 0 1 0 0 0 0 0
2357,Video Title 2357,computer_science,31000,,2019-07-15 06:37:35,0 0 0 0 1 0 0 0 0 0
2358,Video Title 2358,computer_science,43000,,2022-05-22 16:17:28,0 0 0 0 1 0 0 0 0 0
2359,Video Title 2359,computer_science,45000,,2023-03-30 22:53:18,0 0 0 0 1 0 0 0 0 0
2360,Video Title 2360,computer_science,54000,,2023-03-19 05:49:07,0 0 0 0 1 0 0 0 0 0
2361,Video Title 2361,computer_science,35000,,2020-12-02 03:13:53,0 0 0 0 1 0 0 0 0 0
2362,Video Title 2362,computer_science,35000,,2021-04-22 07:19:56,0 0 0 0 1 0 0 0 0 0
2363,Video Title 2363,computer_science,34000,,2015-01-15 23:19:37,0 0 0 0 1 0 0 0 0 0
2364,Video Title 2364,computer_science,51000,,2020-01-03 23:49:53,0 0 0 0 1 0 0 0 0 0
2365,Video Title 2365,computer_science,58000,,2017-03-22 17:30:48,0 0 0 0 1 0 0 0 0 0
2366,Video Title 2366,computer_science,58000,,2017-11-07 00:26:49,0 0 0 0 1 0 0 0 0 0
2367,Video Title 2367,computer_science,49000,,2023-02-28 01:44:13,0 0 0 0 1 0 0 0 0 0
2368,Video Title 2368,computer_science,54000,,2016-06-27 01:43:04,0 0 0 0 1 0 0 0 0 0
2369,Video Title 2369,computer_science,42000,,2023-08-21 02:47:38,0 0 0 0 1 0 0 0 0 0
2370,Video Title 2370,computer_science,39000,,2018-07-13 21:17:01,0 0 0 0 1 0 0 0 0 0
2371,Video Title 2371,computer_science,34000,,2015-05-22 08:34:06,0 0 0 0 1 0 0 0 0 0
2372,Video Title 2372,computer_science,49000,,2021-01-01 01:15:04,0 0 0 0 1 0 0 0 0 0
2373,Video Title 2373,computer_science,53000,,2019-02-15 21:00:32,0 0 0 0 1 0 0 0 0 0
2374,Video Title 2374,computer_science,56000,,2021-01-06 10:54:05,0 0 0 0 1 0 0 0 0 0
2375,Video Title 2375,computer_science,57000,,2017-02-21 18:35:08,0 0 0 0 1 0 0 0 0 0
2376,Video Title 2376,computer_science,53000,,2023-05-10 14:51:28,0 0 0 0 1 0 0 0 0 0
2377,Video Title 2377,computer_science,50000,,2016-03-06 07:12:28,0 0 0 0 1 0 0 0 0 0
2378,Video Title 2378,computer_science,36000,,2020-03-30 05:04:50,0 0 0 0 1 0 0 0 0 0
2379,Video Title 2379,computer_science,39000,,2020-11-13 03:08:58,0 0 0 0 1 0 0 0 0 0
2380,Video Title 2380,computer_science,59000,,2020-09-22 03:56:14,0 0 0 0 1 0 0 0 0 0
2381,Video Title 2381,computer_science,52000,,2020-07-02 19:34:03,0 0 0 0 1 0 0 0 0 0
2382,Video Title 2382,computer_science,60000,,2015-10-14 00:23:32,0 0 0 0 1 0 0 0 0 0
2383,Video Title 2383,computer_science,47000,,2020-12-11 05:43:44,0 0 0 0 1 0 0 0 0 0
2384,Video Title 2384,computer_science,40000,,2021-02-07 18:53:56,0 0 0 0 1 0 0 0 0 0
2385,Video Title 2385,computer_science,54000,,2017-07-11 16:01:53,0 0 0 0 1 0 0 0 0 0
2386,Video Title 2386,computer_science,45000,,2019-10-31 05:49:45,0 0 0 0 1 0 0 0 0 0
2387,Video Title 2387,computer_science,60000,,2020-09-03 02:58:26,0 0 0 0 1 0 0 0 0 0
2388,Video Title 2388,computer_science,43000,,2020-09-28 23:43:45,0 0 0 0 1 0 0 0 0 0
2389,Video Title 2389,computer_science,58000,,2022-06-01 01:42:10,0 0 0 0 1 0 0 0 0 0
2390,Video Title 2390,computer_science,39000,,2022-10-10 19:00:20,0 0 0 0 1 0 0 0 0 0
2391,Video Title 2391,computer_science,43000,,2022-01-31 07:29:55,0 0 0 0 1 0 0 0 0 0
2392,Video Title 2392,computer_science,46000,,2015-01-26 14:48:46,0 0 0 0 1 0 0 0 0 0
2393,Video Title 2393,computer_science,42000,,2015-06-17 10:37:11,0 0 0 0 1 0 0 0 0 0
2394,Video Title 2394,computer_science,51000,,2014-07-28 14:34:41,0 0 0 0 1 0 0 0 0 0
2395,Video Title 2395,computer_science,38000,,2021-07-03 04:12:27,0 0 0 0 1 0 0 0 0 0
2396,Video Title 2396,computer_science,35000,,2023-11-01 21:26:15,0 0 0 0 1 0 0 0 0 0
2397,Video Title 2397,computer_science,51000,,2016-07-05 13:08:39,0 0 0 0 1 0 0 0 0 0
2398,Video Title 2398,computer_science,56000,,2014-08-17 10:04:31,0 0 0 0 1 0 0 0 0 0
2399,Video Title 2399,computer_science,55000,,2016-12-15 06:18:48,0 0 0 0 1 0 0 0 0 0
2400,Video Title 2400,computer_science,54000,,2019-06-01 06:40:29,0 0 0 0 1 0 0 0 0 0
2401,Video Title 2401,computer_science,41000,,2022-02-21 04:41:47,0 0 0 0 1 0 0 0 0 0
2402,Video Title 2402,computer_science,33000,,2020-02-29 19:08:01,0 0 0 0 1 0 0 0 0 0
2403,Video Title 2403,computer_science,51000,,2021-05-25 03:32:28,0 0 0 0 1 0 0 0 0 0
2404,Video Title 2404,computer_science,57000,,2016-03-31 17:19:37,0 0 0 0 1 0 0 0 0 0
2405,Video Title 2405,computer_science,50000,,2019-08-13 15:18:01,0 0 0 0 1 0 0 0 0 0
2406,Video Title 2406,computer_science,37000,,2019-02-10 20:47:37,0 0 0 0 1 0 0 0 0 0
2407,Video Title 2407,computer_science,55000,,2021-12-27 16:47:07,0 0 0 0 1 0 0 0 0 0
2408,Video Title 2408,computer_science,39000,,2020-12-06 05:12:00,0 0 0 0 1 0 0 0 0 0
2409,Video Title 2409,computer_science,31000,,2023-04-07 16:04:10,0 0 0 0 1 0 0 0 0 0
2410,Video Title 2410,computer_science,42000,,2018-03-03 11:12:08,0 0 0 0 1 0 0 0 0 0
2411,Video Title 2411,computer_science,55000,,2023-10-04 18:04:13,0 0 0 0 1 0 0 0 0 0
2412,Video Title 2412,computer_science,40000,,2023-08-29 06:59:22,0 0 0 0 1 0 0 0 0 0
2413,Video Title 2413,computer_science,31000,,2014-02-19 07:45:17,0 0 0 0 1 0 0 0 0 0
2414,Video Title 2414,computer_science,38000,,2016-01-14 06:26:26,0 0 0 0 1 0 0 0 0 0
2415,Video Title 2415,computer_science,57000,,2021-10-23 09:01:14,0 0 0 0 1 0 0 0 0 0
2416,Video Title 2416,computer_science,57000,,2018-06-08 04:23:36,0 0 0 0 1 0 0 0 0 0
2417,Video Title 2417,computer_science,37000,,2023-02-11 22:12:23,0 0 0 0 1 0 0 0 0 0
2418,Video Title 2418,computer_science,52000,,2021-02-04 20:10:54,0 0 0 0 1 0 0 0 0 0
2419,Video Title 2419,computer_science,41000,,2021-07-21 03:26:05,0 0 0 0 1 0 0 0 0 0
2420,Video Title 2420,computer_science,47000,,2021-05-21 08:13:22,0 0 0 0 1 0 0 0 0 0
2421,Video Title 2421,computer_science,36000,,2021-10-05 22:27:17,0 0 0 0 1 0 0 0 0 0
2422,Video Title 2422,computer_science,60000,,2015-12-10 06:23:58,0 0 0 0 1 0 0 0 0 0
2423,Video Title 2423,computer_science,44000,,2015-10-12 14:30:31,0 0 0 0 1 0 0 0 0 0
2424,Video Title 2424,computer_science,51000,,2014-10-01 19:29:01,0 0 0 0 1 0 0 0 0 0
2425,Video Title 2425,computer_science,60000,,2015-09-29 08:27:12,0 0 0 0 1 0 0 0 0 0
2426,Video Title 2426,computer_science,46000,,2015-03-14 15:23:37,0 0 0 0 1 0 0 0 0 0
2427,Video Title 2427,computer_science,31000,,2018-04-16 01:17:04,0 0 0 0 1 0 0 0 0 0
2428,Video Title 2428,computer_science,47000,,2016-08-24 11:23:18,0 0 0 0 1 0 0 0 0 0
2429,Video Title 2429,computer_science,35000,,2019-11-04 13:10:43,0 0 0 0 1 0 0 0 0 0
2430,Video Title 2430,computer_science,38000,,2014-01-23 14:30:50,0 0 0 0 1 0 0 0 0 0
2431,Video Title 2431,computer_science,44000,,2021-02-05 08:46:56,0 0 0 0 1 0 0 0 0 0
2432,Video Title 2432,computer_science,34000,,2014-05-28 18:47:44,0 0 0 0 1 0 0 0 0 0
2433,Video Title 2433,computer_science,59000,,2017-03-25 14:23:26,0 0 0 0 1 0 0 0 0 0
2434,Video Title 2434,computer_science,31000,,2021-09-26 20:41:57,0 0 0 0 1 0 0 0 0 0
2435,Video Title 2435,computer_science,50000,,2020-02-27 23:19:12,0 0 0 0 1 0 0 0 0 0
2436,Video Title 2436,computer_science,51000,,2017-01-06 05:09:43,0 0 0 0 1 0 0 0 0 0
2437,Video Title 2437,computer_science,55000,,2019-09-24 06:30:15,0 0 0 0 1 0 0 0 0 0
2438,Video Title 2438,computer_science,41000,,2014-09-26 00:21:27,0 0 0 0 1 0 0 0 0 0
2439,Video Title 2439,computer_science,52000,,2017-03-08 04:26:55,0 0 0 0 1 0 0 0 0 0
2440,Video Title 2440,computer_science,37000,,2023-07-28 00:07:26,0 0 0 0 1 0 0 0 0 0
2441,Video Title 2441,computer_science,46000,,2014-09-08 20:15:31,0 0 0 0 1 0 0 0 0 0
2442,Video Title 2442,computer_science,46000,,2015-08-07 16:51:18,0 0 0 0 1 0 0 0 0 0
2443,Video Title 2443,computer_science,47000,,2019-05-17 04:20:57,0 0 0 0 1 0 0 0 0 0
2444,Video Title 2444,computer_science,32000,,2017-07-01 07:41:54,0 0 0 0 1 0 0 0 0 0
2445,Video Title 2445,computer_science,58000,,2016-02-20 17:47:37,0 0 0 0 1 0 0 0 0 0
2446,Video Title 2446,computer_science,40000,,2017-04-25 09:25:42,0 0 0 0 1 0 0 0 0 0
2447,Video Title 2447,computer_science,39000,,2016-03-10 07:48:25,0 0 0 0 1 0 0 0 0 0
2448,Video Title 2448,computer_science,54000,,2020-03-08 17:22:50,0 0 0 0 1 0 0 0 0 0
2449,Video Title 2449,computer_science,45000,,2023-12-19 16:52:58,0 0 0 0 1 0 0 0 0 0
2450,Video Title 2450,computer_science,56000,,2021-07-10 06:55:01,0 0 0 0 1 0 0 0 0 0
2451,Video Title 2451,computer_science,50000,,2014-02-04 03:12:13,0 0 0 0 1 0 0 0 0 0
2452,Video Title 2452,computer_science,51000,,2017-06-18 22:14:19,0 0 0 0 1 0 0 0 0 0
2453,Video Title 2453,computer_science,37000,,2023-01-17 09:53:23,0 0 0 0 1 0 0 0 0 0
2454,Video Title 2454,computer_science,49000,,2023-03-09 21:59:57,0 0 0 0 1 0 0 0 0 0
2455,Video Title 2455,computer_science,37000,,2023-08-03 23:21:39,0 0 0 0 1 0 0 0 0 0
2456,Video Title 2456,computer_science,51000,,2022-11-09 15:49:47,0 0 0 0 1 0 0 0 0 0
2457,Video Title 2457,computer_science,42000,,2023-02-28 03:40:51,0 0 0 0 1 0 0 0 0 0
2458,Video Title 2458,computer_science,60000,,2015-02-20 19:33:53,0 0 0 0 1 0 0 0 0 0
2459,Video Title 2459,computer_science,38000,,2019-05-28 20:47:19,0 0 0 0 1 0 0 0 0 0
2460,Video Title 2460,computer_science,39000,,2014-04-03 04:13:18,0 0 0 0 1 0 0 0 0 0
2461,Video Title 2461,computer_science,46000,,2022-03-22 16:45:14,0 0 0 0 1 0 0 0 0 0
2462,Video Title 2462,computer_science,41000,,2019-02-23 05:28:25,0 0 0 0 1 0 0 0 0 0
2463,Video Title 2463,computer_science,46000,,2018-06-17 06:47:03,0 0 0 0 1 0 0 0 0 0
2464,Video Title 2464,computer_science,31000,,2016-12-19 23:36:56,0 0 0 0 1 0 0 0 0 0
2465,Video Title 2465,computer_science,50000,,2015-12-06 16:05:06,0 0 0 0 1 0 0 0 0 0
2466,Video Title 2466,computer_science,46000,,2014-10-30 13:27:40,0 0 0 0 1 0 0 0 0 0
2467,Video Title 2467,computer_science,33000,,2015-09-05 23:47:07,0 0 0 0 1 0 0 0 0 0
2468,Video Title 2468,computer_science,60000,,2021-09-25 14:42:07,0 0 0 0 1 0 0 0 0 0
2469,Video Title 2469,computer_science,47000,,2014-01-29 18:09:33,0 0 0 0 1 0 0 0 0 0
2470,Video Title 2470,computer_science,32000,,2016-02-11 08:27:25,0 0 0 0 1 0 0 0 0 0
2471,Video Title 2471,computer_science,50000,,2021-09-26 13:48:23,0 0 0 0 1 0 0 0 0 0
2472,Video Title 2472,computer_science,57000,,2020-11-08 17:29:38,0 0 0 0 1 0 0 0 0 0
2473,Video Title 2473,computer_science,56000,,2015-01-17 07:59:18,0 0 0 0 1 0 0 0 0 0
2474,Video Title 2474,computer_science,47000,,2022-04-15 22:23:00,0 0 0 0 1 0 0 0 0 0
2475,Video Title 2475,computer_science,58000,,2023-10-06 05:12:55,0 0 0 0 1 0 0 0 0 0
2476,Video Title 2476,computer_science,54000,,2018-05-10 14:49:40,0 0 0 0 1 0 0 0 0 0
2477,Video Title 2477,computer_science,56000,,2023-05-26 02:11:50,0 0 0 0 1 0 0 0 0 0
2478,Video Title 2478,computer_science,53000,,2020-11-11 01:24:50,0 0 0 0 1 0 0 0 0 0
2479,Video Title 2479,computer_science,30000,,2018-08-06 04:07:50,0 0 0 0 1 0 0 0 0 0
2480,Video Title 2480,computer_science,40000,,2014-05-21 06:50:28,0 0 0 0 1 0 0 0 0 0
2481,Video Title 2481,computer_science,32000,,2014-07-20 01:52:58,0 0 0 0 1 0 0 0 0 0
2482,Video Title 2482,computer_science,55000,,2016-07-10 11:08:27,0 0 0 0 1 0 0 0 0 0
2483,Video Title 2483,computer_science,32000,,2019-10-02 14:41:49,0 0 0 0 1 0 0 0 0 0
2484,Video Title 2484,computer_science,37000,,2023-02-10 02:25:26,0 0 0 0 1 0 0 0 0 0
2485,Video Title 2485,computer_science,43000,,2017-11-19 07:39:21,0 0 0 0 1 0 0 0 0 0
2486,Video Title 2486,computer_science,50000,,2018-01-18 05:38:47,0 0 0 0 1 0 0 0 0 0
2487,Video Title 2487,computer_science,40000,,2014-03-05 15:38:55,0 0 0 0 1 0 0 0 0 0
2488,Video Title 2488,computer_science,51000,,2015-03-10 19:35:04,0 0 0 0 1 0 0 0 0 0
2489,Video Title 2489,computer_science,30000,,2020-06-01 04:37:57,0 0 0 0 1 0 0 0 0 0
2490,Video Title 2490,computer_science,49000,,2014-08-21 19:36:46,0 0 0 0 1 0 0 0 0 0
2491,Video Title 2491,computer_science,53000,,2019-11-10 11:15:43,0 0 0 0 1 0 0 0 0 0
2492,Video Title 2492,computer_science,52000,,2022-06-26 02:48:30,0 0 0 0 1 0 0 0 0 0
2493,Video Title 2493,computer_science,41000,,2023-04-13 08:58:58,0 0 0 0 1 0 0 0 0 0
2494,Video Title 2494,computer_science,33000,,2016-11-25 21:41:09,0 0 0 0 1 0 0 0 0 0
2495,Video Title 2495,computer_science,51000,,2017-01-06 22:19:19,0 0 0 0 1 0 0 0 0 0
2496,Video Title 2496,computer_science,32000,,2016-10-26 12:55:41,0 0 0 0 1 0 0 0 0 0
2497,Video Title 2497,computer_science,59000,,2018-05-19 12:25:50,0 0 0 0 1 0 0 0 0 0
2498,Video Title 2498,computer_science,42000,,2022-03-22 17:55:10,0 0 0 0 1 0 0 0 0 0
2499,Video Title 2499,computer_science,30000,,2018-09-29 01:19:13,0 0 0 0 1 0 0 0 0 0
2500,Video Title 2500,computer_science,47000,,2016-03-15 12:14:15,0 0 0 0 1 0 0 0 0 0
2501,Video Title 2501,literature,53000,,2017-11-30 02:56:55,0 0 0 0 0 1 0 0 0 0
2502,Video Title 2502,literature,55000,,2022-06-30 13:20:51,0 0 0 0 0 1 0 0 0 0
2503,Video Title 2503,literature,39000,,2023-08-08 11:45:41,0 0 0 0 0 1 0 0 0 0
2504,Video Title 2504,literature,34000,,2016-12-25 21:44:58,0 0 0 0 0 1 0 0 0 0
2505,Video Title 2505,literature,58000,,2023-02-21 17:11:49,0 0 0 0 0 1 0 0 0 0
2506,Video Title 2506,literature,55000,,2022-09-03 01:22:26,0 0 0 0 0 1 0 0 0 0
2507,Video Title 2507,literature,50000,,2017-09-25 22:13:59,0 0 0 0 0 1 0 0 0 0
2508,Video Title 2508,literature,60000,,2014-02-12 16:45:29,0 0 0 0 0 1 0 0 0 0
2509,Video Title 2509,literature,57000,,2019-07-22 00:06:34,0 0 0 0 0 1 0 0 0 0
2510,Video Title 2510,literature,33000,,2014-06-04 11:19:37,0 0 0 0 0 1 0 0 0 0
2511,Video Title 2511,literature,48000,,2019-12-20 18:58:05,0 0 0 0 0 1 0 0 0 0
2512,Video Title 2512,literature,47000,,2019-06-24 11:13:45,0 0 0 0 0 1 0 0 0 0
2513,Video Title 2513,literature,32000,,2017-01-19 02:56:41,0 0 0 0 0 1 0 0 0 0
2514,Video Title 2514,literature,53000,,2021-06-01 05:18:37,0 0 0 0 0 1 0 0 0 0
2515,Video Title 2515,literature,53000,,2017-06-11 01:24:16,0 0 0 0 0 1 0 0 0 0
2516,Video Title 2516,literature,43000,,2023-01-21 13:00:55,0 0 0 0 0 1 0 0 0 0
2517,Video Title 2517,literature,57000,,2019-02-16 19:36:57,0 0 0 0 0 1 0 0 0 0
2518,Video Title 2518,literature,35000,,2015-11-05 13:45:45,0 0 0 0 0 1 0 0 0 0
2519,Video Title 2519,literature,49000,,2022-05-07 19:57:24,0 0 0 0 0 1 0 0 0 0
2520,Video Title 2520,literature,36000,,2015-02-25 08:56:04,0 0 0 0 0 1 0 0 0 0
2521,Video Title 2521,literature,51000,,2021-12-30 18:13:14,0 0 0 0 0 1 0 0 0 0
2522,Video Title 2522,literature,57000,,2014-07-20 12:24:56,0 0 0 0 0 1 0 0 0 0
2523,Video Title 2523,literature,54000,,2023-04-29 03:36:00,0 0 0 0 0 1 0 0 0 0
2524,Video Title 2524,literature,47000,,2018-08-13 14:49:54,0 0 0 0 0 1 0 0 0 0
2525,Video Title 2525,literature,47000,,2014-09-26 23:27:52,0 0 0 0 0 1 0 0 0 0
2526,Video Title 2526,literature,51000,,2014-09-05 20:58:39,0 0 0 0 0 1 0 0 0 0
2527,Video Title 2527,literature,33000,,2015-12-24 13:46:51,0 0 0 0 0 1 0 0 0 0
2528,Video Title 2528,literature,48000,,2018-11-16 05:52:47,0 0 0 0 0 1 0 0 0 0
2529,Video Title 2529,literature,40000,,2017-07-29 13:19:12,0 0 0 0 0 1 0 0 0 0
2530,Video Title 2530,literature,51000,,2020-07-22 11:25:59,0 0 0 0 0 1 0 0 0 0
2531,Video Title 2531,literature,33000,,2016-11-08 18:00:49,0 0 0 0 0 1 0 0 0 0
2532,Video Title 2532,literature,32000,,2023-01-01 10:23:18,0 0 0 0 0 1 0 0 0 0
2533,Video Title 2533,literature,40000,,2018-11-11 09:26:37,0 0 0 0 0 1 0 0 0 0
2534,Video Title 2534,literature,40000,,2020-03-01 15:35:48,0 0 0 0 0 1 0 0 0 0
2535,Video Title 2535,literature,39000,,2020-12-08 02:55:55,0 0 0 0 0 1 0 0 0 0
2536,Video Title 2536,literature,34000,,2019-08-29 06:21:21,0 0 0 0 0 1 0 0 0 0
2537,Video Title 2537,literature,41000,,2022-01-29 02:29:57,0 0 0 0 0 1 0 0 0 0
2538,Video Title 2538,literature,60000,,2018-04-15 07:43:39,0 0 0 0 0 1 0 0 0 0
2539,Video Title 2539,literature,30000,,2017-02-19 05:36:53,0 0 0 0 0 1 0 0 0 0
2540,Video Title 2540,literature,55000,,2016-03-21 13:39:06,0 0 0 0 0 1 0 0 0 0
2541,Video Title 2541,literature,53000,,2020-05-30 01:27:23,0 0 0 0 0 1 0 0 0 0
2542,Video Title 2542,literature,38000,,2022-05-27 09:38:28,0 0 0 0 0 1 0 0 0 0
2543,Video Title 2543,literature,34000,,2020-10-18 11:13:25,0 0 0 0 0 1 0 0 0 0
2544,Video Title 2544,literature,40000,,2022-10-12 06:47:55,0 0 0 0 0 1 0 0 0 0
2545,Video Title 2545,literature,44000,,2018-06-16 13:21:30,0 0 0 0 0 1 0 0 0 0
2546,Video Title 2546,literature,54000,,2017-01-21 23:19:45,0 0 0 0 0 1 0 0 0 0
2547,Video Title 2547,literature,47000,,2015-02-04 05:44:20,0 0 0 0 0 1 0 0 0 0
2548,Video Title 2548,literature,50000,,2020-01-26 04:35:00,0 0 0 0 0 1 0 0 0 0
2549,Video Title 2549,literature,56000,,2016-10-23 05:57:22,0 0 0 0 0 1 0 0 0 0
2550,Video Title 2550,literature,56000,,2015-05-29 00:08:46,0 0 0 0 0 1 0 0 0 0
2551,Video Title 2551,literature,47000,,2015-12-20 23:26:13,0 0 0 0 0 1 0 0 0 0
2552,Video Title 2552,literature,53000,,2022-11-12 03:01:08,0 0 0 0 0 1 0 0 0 0
2553,Video Title 2553,literature,32000,,2021-04-11 02:27:43,0 0 0 0 0 1 0 0 0 0
2554,Video Title 2554,literature,58000,,2014-03-12 00:00:49,0 0 0 0 0 1 0 0 0 0
2555,Video Title 2555,literature,46000,,2020-04-26 10:28:51,0 0 0 0 0 1 0 0 0 0
2556,Video Title 2556,literature,56000,,2019-10-27 21:36:25,0 0 0 0 0 1 0 0 0 0
2557,Video Title 2557,literature,42000,,2021-09-10 13:56:32,0 0 0 0 0 1 0 0 0 0
2558,Video Title 2558,literature,36000,,2023-01-24 00:11:36,0 0 0 0 0 1 0 0 0 0
2559,Video Title 2559,literature,47000,,2016-08-11 05:59:23,0 0 0 0 0 1 0 0 0 0
2560,Video Title 2560,literature,58000,,2023-12-27 08:35:17,0 0 0 0 0 1 0 0 0 0
2561,Video Title 2561,literature,45000,,2020-07-16 18:21:10,0 0 0 0 0 1 0 0 0 0
2562,Video Title 2562,literature,34000,,2017-08-30 05:42:43,0 0 0 0 0 1 0 0 0 0
2563,Video Title 2563,literature,37000,,2022-11-30 17:55:43,0 0 0 0 0 1 0 0 0 0
2564,Video Title 2564,literature,48000,,2021-05-02 06:40:12,0 0 0 0 0 1 0 0 0 0
2565,Video Title 2565,literature,39000,,2015-05-06 15:59:53,0 0 0 0 0 1 0 0 0 0
2566,Video Title 2566,literature,46000,,2019-02-09 00:05:26,0 0 0 0 0 1 0 0 0 0
2567,Video Title 2567,literature,42000,,2017-08-23 02:37:22,0 0 0 0 0 1 0 0 0 0
2568,Video Title 2568,literature,30000,,2020-08-17 18:38:08,0 0 0 0 0 1 0 0 0 0
2569,Video Title 2569,literature,57000,,2023-08-22 14:25:24,0 0 0 0 0 1 0 0 0 0
2570,Video Title 2570,literature,49000,,2020-11-04 04:33:40,0 0 0 0 0 1 0 0 0 0
2571,Video Title 2571,literature,54000,,2019-02-22 14:22:23,0 0 0 0 0 1 0 0 0 0
2572,Video Title 2572,literature,44000,,2015-08-07 03:53:01,0 0 0 0 0 1 0 0 0 0
2573,Video Title 2573,literature,48000,,2023-06-27 19:09:23,0 0 0 0 0 1 0 0 0 0
2574,Video Title 2574,literature,51000,,2022-09-21 12:17:43,0 0 0 0 0 1 0 0 0 0
2575,Video Title 2575,literature,34000,,2021-05-12 02:34:30,0 0 0 0 0 1 0 0 0 0
2576,Video Title 2576,literature,45000,,2023-05-23 23:45:09,0 0 0 0 0 1 0 0 0 0
2577,Video Title 2577,literature,31000,,2016-03-11 16:33:16,0 0 0 0 0 1 0 0 0 0
2578,Video Title 2578,literature,45000,,2016-04-27 21:17:30,0 0 0 0 0 1 0 0 0 0
2579,Video Title 2579,literature,38000,,2017-09-12 10:31:20,0 0 0 0 0 1 0 0 0 0
2580,Video Title 2580,literature,31000,,2020-09-08 08:05:54,0 0 0 0 0 1 0 0 0 0
2581,Video Title 2581,literature,46000,,2023-01-29 04:48:20,0 0 0 0 0 1 0 0 0 0
2582,Video Title 2582,literature,41000,,2017-11-19 12:57:23,0 0 0 0 0 1 0 0 0 0
2583,Video Title 2583,literature,59000,,2018-07-20 10:45:58,0 0 0 0 0 1 0 0 0 0
2584,Video Title 2584,literature,31000,,2014-05-28 15:39:05,0 0 0 0 0 1 0 0 0 0
2585,Video Title 2585,literature,50000,,2017-03-30 20:37:45,0 0 0 0 0 1 0 0 0 0
2586,Video Title 2586,literature,52000,,2023-09-07 19:28:00,0 0 0 0 0 1 0 0 0 0
2587,Video Title 2587,literature,50000,,2022-04-19 05:05:27,0 0 0 0 0 1 0 0 0 0
2588,Video Title 2588,literature,56000,,2021-06-02 23:17:25,0 0 0 0 0 1 0 0 0 0
2589,Video Title 2589,literature,48000,,2019-06-12 21:03:55,0 0 0 0 0 1 0 0 0 0
2590,Video Title 2590,literature,35000,,2017-10-08 19:22:41,0 0 0 0 0 1 0 0 0 0
2591,Video Title 2591,literature,42000,,2017-08-28 07:59:51,0 0 0 0 0 1 0 0 0 0
2592,Video Title 2592,literature,50000,,2022-12-25 12:39:06,0 0 0 0 0 1 0 0 0 0
2593,Video Title 2593,literature,32000,,2019-03-03 19:40:11,0 0 0 0 0 1 0 0 0 0
2594,Video Title 2594,literature,42000,,2023-09-23 06:15:06,0 0 0 0 0 1 0 0 0 0
2595,Video Title 2595,literature,37000,,2019-03-02 18:10:05,0 0 0 0 0 1 0 0 0 0
2596,Video Title 2596,literature,41000,,2022-03-04 21:56:26,0 0 0 0 0 1 0 0 0 0
2597,Video Title 2597,literature,41000,,2018-11-15 01:04:22,0 0 0 0 0 1 0 0 0 0
2598,Video Title 2598,literature,45000,,2022-11-15 04:15:44,0 0 0 0 0 1 0 0 0 0
2599,Video Title 2599,literature,30000,,2019-01-08 16:55:11,0 0 0 0 0 1 0 0 0 0
2600,Video Title 2600,literature,34000,,2018-05-27 15:07:34,0 0 0 0 0 1 0 0 0 0
2601,Video Title 2601,literature,37000,,2014-10-11 08:55:42,0 0 0 0 0 1 0 0 0 0
2602,Video Title 2602,literature,50000,,2016-10-23 22:54:46,0 0 0 0 0 1 0 0 0 0
2603,Video Title 2603,literature,34000,,2015-11-16 04:56:13,0 0 0 0 0 1 0 0 0 0
2604,Video Title 2604,literature,41000,,2020-01-09 08:58:34,0 0 0 0 0 1 0 0 0 0
2605,Video Title 2605,literature,56000,,2015-03-10 21:43:39,0 0 0 0 0 1 0 0 0 0
2606,Video Title 2606,literature,37000,,2018-02-24 08:09:31,0 0 0 0 0 1 0 0 0 0
2607,Video Title 2607,literature,40000,,2021-03-15 22:23:44,0 0 0 0 0 1 0 0 0 0
2608,Video Title 2608,literature,45000,,2020-10-02 14:05:51,0 0 0 0 0 1 0 0 0 0
2609,Video Title 2609,literature,45000,,2016-02-11 01:39:58,0 0 0 0 0 1 0 0 0 0
2610,Video Title 2610,literature,35000,,2020-06-22 11:54:32,0 0 0 0 0 1 0 0 0 0
2611,Video Title 2611,literature,43000,,2014-03-25 22:16:22,0 0 0 0 0 1 0 0 0 0
2612,Video Title 2612,literature,31000,,2015-04-14 18:44:09,0 0 0 0 0 1 0 0 0 0
2613,Video Title 2613,literature,48000,,2015-08-14 02:54:45,0 0 0 0 0 1 0 0 0 0
2614,Video Title 2614,literature,50000,,2019-02-17 03:30:38,0 0 0 0 0 1 0 0 0 0
2615,Video Title 2615,literature,58000,,2019-09-22 18:47:26,0 0 0 0 0 1 0 0 0 0
2616,Video Title 2616,literature,31000,,2015-09-02 03:30:13,0 0 0 0 0 1 0 0 0 0
2617,Video Title 2617,literature,59000,,2015-10-22 03:17:18,0 0 0 0 0 1 0 0 0 0
2618,Video Title 2618,literature,60000,,2018-01-21 21:58:23,0 0 0 0 0 1 0 0 0 0
2619,Video Title 2619,literature,48000,,2020-05-18 07:44:56,0 0 0 0 0 1 0 0 0 0
2620,Video Title 2620,literature,58000,,2021-03-13 08:20:36,0 0 0 0 0 1 0 0 0 0
2621,Video Title 2621,literature,51000,,2022-03-19 18:10:11,0 0 0 0 0 1 0 0 0 0
2622,Video Title 2622,literature,60000,,2014-11-11 23:34:07,0 0 0 0 0 1 0 0 0 0
2623,Video Title 2623,literature,44000,,2020-01-25 19:40:07,0 0 0 0 0 1 0 0 0 0
2624,Video Title 2624,literature,45000,,2022-09-03 15:41:24,0 0 0 0 0 1 0 0 0 0
2625,Video Title 2625,literature,35000,,2016-03-13 16:16:12,0 0 0 0 0 1 0 0 0 0
2626,Video Title 2626,literature,43000,,2020-01-05 01:28:16,0 0 0 0 0 1 0 0 0 0
2627,Video Title 2627,literature,55000,,2019-10-30 15:48:05,0 0 0 0 0 1 0 0 0 0
2628,Video Title 2628,literature,54000,,2015-10-28 21:03:06,0 0 0 0 0 1 0 0 0 0
2629,Video Title 2629,literature,51000,,2019-02-10 10:30:35,0 0 0 0 0 1 0 0 0 0
2630,Video Title 2630,literature,35000,,2021-03-30 06:45:48,0 0 0 0 0 1 0 0 0 0
2631,Video Title 2631,literature,40000,,2023-03-23 14:01:49,0 0 0 0 0 1 0 0 0 0
2632,Video Title 2632,literature,49000,,2019-11-28 16:12:31,0 0 0 0 0 1 0 0 0 0
2633,Video Title 2633,literature,37000,,2017-10-14 11:18:52,0 0 0 0 0 1 0 0 0 0
2634,Video Title 2634,literature,34000,,2015-02-03 06:44:31,0 0 0 0 0 1 0 0 0 0
2635,Video Title 2635,literature,36000,,2019-03-25 21:30:49,0 0 0 0 0 1 0 0 0 0
2636,Video Title 2636,literature,59000,,2019-01-17 21:53:40,0 0 0 0 0 1 0 0 0 0
2637,Video Title 2637,literature,43000,,2022-04-07 18:38:33,0 0 0 0 0 1 0 0 0 0
2638,Video Title 2638,literature,49000,,2014-12-20 11:45:19,0 0 0 0 0 1 0 0 0 0
2639,Video Title 2639,literature,45000,,2023-01-06 20:52:47,0 0 0 0 0 1 0 0 0 0
2640,Video Title 2640,literature,49000,,2014-05-25 11:36:10,0 0 0 0 0 1 0 0 0 0
2641,Video Title 2641,literature,55000,,2019-04-26 17:15:49,0 0 0 0 0 1 0 0 0 0
2642,Video Title 2642,literature,54000,,2015-03-07 22:26:13,0 0 0 0 0 1 0 0 0 0
2643,Video Title 2643,literature,45000,,2020-08-05 18:47:33,0 0 0 0 0 1 0 0 0 0
2644,Video Title 2644,literature,58000,,2020-01-14 16:22:45,0 0 0 0 0 1 0 0 0 0
2645,Video Title 2645,literature,56000,,2014-01-07 09:08:16,0 0 0 0 0 1 0 0 0 0
2646,Video Title 2646,literature,60000,,2021-10-01 06:38:56,0 0 0 0 0 1 0 0 0 0
2647,Video Title 2647,literature,50000,,2018-04-26 23:07:18,0 0 0 0 0 1 0 0 0 0
2648,Video Title 2648,literature,43000,,2017-09-15 21:03:52,0 0 0 0 0 1 0 0 0 0
2649,Video Title 2649,literature,31000,,2020-12-23 09:30:35,0 0 0 0 0 1 0 0 0 0
2650,Video Title 2650,literature,43000,,2016-04-19 14:59:45,0 0 0 0 0 1 0 0 0 0
2651,Video Title 2651,literature,55000,,2018-10-28 18:00:50,0 0 0 0 0 1 0 0 0 0
2652,Video Title 2652,literature,54000,,2017-10-25 12:19:01,0 0 0 0 0 1 0 0 0 0
2653,Video Title 2653,literature,48000,,2022-01-17 20:48:10,0 0 0 0 0 1 0 0 0 0
2654,Video Title 2654,literature,59000,,2021-08-13 14:50:10,0 0 0 0 0 1 0 0 0 0
2655,Video Title 2655,literature,52000,,2019-10-06 20:11:00,0 0 0 0 0 1 0 0 0 0
2656,Video Title 2656,literature,43000,,2015-05-06 16:09:36,0 0 0 0 0 1 0 0 0 0
2657,Video Title 2657,literature,45000,,2021-08-29 09:14:19,0 0 0 0 0 1 0 0 0 0
2658,Video Title 2658,literature,59000,,2022-08-04 13:03:52,0 0 0 0 0 1 0 0 0 0
2659,Video Title 2659,literature,39000,,2019-12-26 18:24:35,0 0 0 0 0 1 0 0 0 0
2660,Video Title 2660,literature,47000,,2018-02-02 13:27:04,0 0 0 0 0 1 0 0 0 0
2661,Video Title 2661,literature,36000,,2014-01-22 23:07:27,0 0 0 0 0 1 0 0 0 0
2662,Video Title 2662,literature,53000,,2021-11-23 09:24:34,0 0 0 0 0 1 0 0 0 0
2663,Video Title 2663,literature,48000,,2019-03-25 06:33:33,0 0 0 0 0 1 0 0 0 0
2664,Video Title 2664,literature,46000,,2014-01-29 06:11:56,0 0 0 0 0 1 0 0 0 0
2665,Video Title 2665,literature,50000,,2016-01-22 18:40:40,0 0 0 0 0 1 0 0 0 0
2666,Video Title 2666,literature,55000,,2017-03-01 00:59:24,0 0 0 0 0 1 0 0 0 0
2667,Video Title 2667,literature,41000,,2015-01-27 00:41:23,0 0 0 0 0 1 0 0 0 0
2668,Video Title 2668,literature,43000,,2020-07-08 06:03:06,0 0 0 0 0 1 0 0 0 0
2669,Video Title 2669,literature,38000,,2016-08-13 18:08:00,0 0 0 0 0 1 0 0 0 0
2670,Video Title 2670,literature,47000,,2018-03-28 23:59:29,0 0 0 0 0 1 0 0 0 0
2671,Video Title 2671,literature,41000,,2020-02-14 08:44:50,0 0 0 0 0 1 0 0 0 0
2672,Video Title 2672,literature,51000,,2017-12-23 16:59:00,0 0 0 0 0 1 0 0 0 0
2673,Video Title 2673,literature,36000,,2018-02-19 06:47:12,0 0 0 0 0 1 0 0 0 0
2674,Video Title 2674,literature,55000,,2019-07-31 02:29:25,0 0 0 0 0 1 0 0 0 0
2675,Video Title 2675,literature,35000,,2017-09-15 06:39:21,0 0 0 0 0 1 0 0 0 0
2676,Video Title 2676,literature,47000,,2018-11-03 17:23:23,0 0 0 0 0 1 0 0 0 0
2677,Video Title 2677,literature,39000,,2019-10-12 10:14:27,0 0 0 0 0 1 0 0 0 0
2678,Video Title 2678,literature,54000,,2021-01-21 01:19:39,0 0 0 0 0 1 0 0 0 0
2679,Video Title 2679,literature,53000,,2015-05-21 22:48:07,0 0 0 0 0 1 0 0 0 0
2680,Video Title 2680,literature,57000,,2020-08-05 09:10:39,0 0 0 0 0 1 0 0 0 0
2681,Video Title 2681,literature,53000,,2016-04-20 15:57:58,0 0 0 0 0 1 0 0 0 0
2682,Video Title 2682,literature,55000,,2020-12-29 11:40:56,0 0 0 0 0 1 0 0 0 0
2683,Video Title 2683,literature,35000,,2015-01-04 00:24:24,0 0 0 0 0 1 0 0 0 0
2684,Video Title 2684,literature,46000,,2018-01-04 01:08:07,0 0 0 0 0 1 0 0 0 0
2685,Video Title 2685,literature,40000,,2022-01-04 02:47:13,0 0 0 0 0 1 0 0 0 0
2686,Video Title 2686,literature,49000,,2020-12-21 06:13:44,0 0 0 0 0 1 0 0 0 0
2687,Video Title 2687,literature,52000,,2014-07-11 23:49:30,0 0 0 0 0 1 0 0 0 0
2688,Video Title 2688,literature,42000,,2023-08-24 16:21:14,0 0 0 0 0 1 0 0 0 0
2689,Video Title 2689,literature,30000,,2022-01-16 22:45:21,0 0 0 0 0 1 0 0 0 0
2690,Video Title 2690,literature,56000,,2015-06-17 10:46:15,0 0 0 0 0 1 0 0 0 0
2691,Video Title 2691,literature,59000,,2020-01-02 21:30:02,0 0 0 0 0 1 0 0 0 0
2692,Video Title 2692,literature,32000,,2014-08-24 21:26:52,0 0 0 0 0 1 0 0 0 0
2693,Video Title 2693,literature,37000,,2017-09-17 13:09:25,0 0 0 0 0 1 0 0 0 0
2694,Video Title 2694,literature,49000,,2014-05-20 19:22:03,0 0 0 0 0 1 0 0 0 0
2695,Video Title 2695,literature,42000,,2023-04-23 00:00:18,0 0 0 0 0 1 0 0 0 0
2696,Video Title 2696,literature,42000,,2020-02-21 23:23:08,0 0 0 0 0 1 0 0 0 0
2697,Video Title 2697,literature,46000,,2016-11-13 14:42:17,0 0 0 0 0 1 0 0 0 0
2698,Video Title 2698,literature,60000,,2019-12-23 18:35:47,0 0 0 0 0 1 0 0 0 0
2699,Video Title 2699,literature,60000,,2021-09-26 16:06:01,0 0 0 0 0 1 0 0 0 0
2700,Video Title 2700,literature,35000,,2020-05-28 01:31:08,0 0 0 0 0 1 0 0 0 0
2701,Video Title 2701,literature,44000,,2014-02-11 02:13:50,0 0 0 0 0 1 0 0 0 0
2702,Video Title 2702,literature,57000,,2020-07-27 15:03:28,0 0 0 0 0 1 0 0 0 0
2703,Video Title 2703,literature,55000,,2019-03-09 06:13:39,0 0 0 0 0 1 0 0 0 0
2704,Video Title 2704,literature,36000,,2014-05-05 16:10:45,0 0 0 0 0 1 0 0 0 0
2705,Video Title 2705,literature,49000,,2019-02-09 11:59:30,0 0 0 0 0 1 0 0 0 0
2706,Video Title 2706,literature,52000,,2016-04-27 14:22:37,0 0 0 0 0 1 0 0 0 0
2707,Video Title 2707,literature,35000,,2020-09-28 04:32:08,0 0 0 0 0 1 0 0 0 0
2708,Video Title 2708,literature,41000,,2016-05-25 06:52:49,0 0 0 0 0 1 0 0 0 0
2709,Video Title 2709,literature,30000,,2023-10-04 02:34:51,0 0 0 0 0 1 0 0 0 0
2710,Video Title 2710,literature,32000,,2023-12-20 09:10:54,0 0 0 0 0 1 0 0 0 0
2711,Video Title 2711,literature,54000,,2017-12-30 22:23:28,0 0 0 0 0 1 0 0 0 0
2712,Video Title 2712,literature,51000,,2017-12-15 06:32:13,0 0 0 0 0 1 0 0 0 0
2713,Video Title 2713,literature,48000,,2016-01-04 03:11:22,0 0 0 0 0 1 0 0 0 0
2714,Video Title 2714,literature,30000,,2021-05-15 18:40:38,0 0 0 0 0 1 0 0 0 0
2715,Video Title 2715,literature,32000,,2023-03-11 23:56:31,0 0 0 0 0 1 0 0 0 0
2716,Video Title 2716,literature,47000,,2016-11-06 09:39:20,0 0 0 0 0 1 0 0 0 0
2717,Video Title 2717,literature,56000,,2019-08-05 18:22:29,0 0 0 0 0 1 0 0 0 0
2718,Video Title 2718,literature,48000,,2017-06-26 13:08:37,0 0 0 0 0 1 0 0 0 0
2719,Video Title 2719,literature,60000,,2022-02-26 15:06:12,0 0 0 0 0 1 0 0 0 0
2720,Video Title 2720,literature,37000,,2020-01-25 05:26:04,0 0 0 0 0 1 0 0 0 0
2721,Video Title 2721,literature,36000,,2018-07-20 20:53:20,0 0 0 0 0 1 0 0 0 0
2722,Video Title 2722,literature,42000,,2019-10-02 09:49:43,0 0 0 0 0 1 0 0 0 0
2723,Video Title 2723,literature,38000,,2015-10-03 21:02:50,0 0 0 0 0 1 0 0 0 0
2724,Video Title 2724,literature,46000,,2015-01-26 14:19:48,0 0 0 0 0 1 0 0 0 0
2725,Video Title 2725,literature,32000,,2019-01-13 13:37:08,0 0 0 0 0 1 0 0 0 0
2726,Video Title 2726,literature,40000,,2023-06-21 14:33:17,0 0 0 0 0 1 0 0 0 0
2727,Video Title 2727,literature,55000,,2019-02-19 11:54:49,0 0 0 0 0 1 0 0 0 0
2728,Video Title 2728,literature,38000,,2022-10-05 19:30:10,0 0 0 0 0 1 0 0 0 0
2729,Video Title 2729,literature,56000,,2021-12-07 20:53:56,0 0 0 0 0 1 0 0 0 0
2730,Video Title 2730,literature,38000,,2020-12-10 19:12:25,0 0 0 0 0 1 0 0 0 0
2731,Video Title 2731,literature,60000,,2017-10-10 08:13:57,0 0 0 0 0 1 0 0 0 0
2732,Video Title 2732,literature,45000,,2021-09-13 09:07:33,0 0 0 0 0 1 0 0 0 0
2733,Video Title 2733,literature,54000,,2017-05-26 18:16:58,0 0 0 0 0 1 0 0 0 0
2734,Video Title 2734,literature,54000,,2018-08-04 19:07:20,0 0 0 0 0 1 0 0 0 0
2735,Video Title 2735,literature,44000,,2022-12-19 07:29:12,0 0 0 0 0 1 0 0 0 0
2736,Video Title 2736,literature,57000,,2014-04-12 19:55:15,0 0 0 0 0 1 0 0 0 0
2737,Video Title 2737,literature,33000,,2016-08-01 01:00:41,0 0 0 0 0 1 0 0 0 0
2738,Video Title 2738,literature,42000,,2020-05-03 20:46:24,0 0 0 0 0 1 0 0 0 0
2739,Video Title 2739,literature,37000,,2020-10-08 17:34:36,0 0 0 0 0 1 0 0 0 0
2740,Video Title 2740,literature,37000,,2022-01-01 14:08:17,0 0 0 0 0 1 0 0 0 0
2741,Video Title 2741,literature,43000,,2023-07-22 09:02:31,0 0 0 0 0 1 0 0 0 0
2742,Video Title 2742,literature,46000,,2019-05-12 03:06:25,0 0 0 0 0 1 0 0 0 0
2743,Video Title 2743,literature,52000,,2022-04-28 10:42:32,0 0 0 0 0 1 0 0 0 0
2744,Video Title 2744,literature,37000,,2016-11-16 14:34:02,0 0 0 0 0 1 0 0 0 0
2745,Video Title 2745,literature,42000,,2020-09-26 23:56:15,0 0 0 0 0 1 0 0 0 0
2746,Video Title 2746,literature,56000,,2017-06-04 06:34:34,0 0 0 0 0 1 0 0 0 0
2747,Video Title 2747,literature,47000,,2023-04-25 14:18:38,0 0 0 0 0 1 0 0 0 0
2748,Video Title 2748,literature,45000,,2017-02-21 15:15:19,0 0 0 0 0 1 0 0 0 0
2749,Video Title 2749,literature,36000,,2022-12-11 06:06:13,0 0 0 0 0 1 0 0 0 0
2750,Video Title 2750,literature,38000,,2015-11-01 03:55:04,0 0 0 0 0 1 0 0 0 0
2751,Video Title 2751,literature,53000,,2020-10-31 08:12:00,0 0 0 0 0 1 0 0 0 0
2752,Video Title 2752,literature,59000,,2015-11-28 02:40:22,0 0 0 0 0 1 0 0 0 0
2753,Video Title 2753,literature,53000,,2016-01-01 18:47:19,0 0 0 0 0 1 0 0 0 0
2754,Video Title 2754,literature,53000,,2016-06-04 12:09:03,0 0 0 0 0 1 0 0 0 0
2755,Video Title 2755,literature,38000,,2016-01-27 17:48:29,0 0 0 0 0 1 0 0 0 0
2756,Video Title 2756,literature,36000,,2022-05-08 12:47:09,0 0 0 0 0 1 0 0 0 0
2757,Video Title 2757,literature,56000,,2020-03-09 21:05:18,0 0 0 0 0 1 0 0 0 0
2758,Video Title 2758,literature,34000,,2021-10-16 03:00:39,0 0 0 0 0 1 0 0 0 0
2759,Video Title 2759,literature,33000,,2023-03-15 16:28:48,0 0 0 0 0 1 0 0 0 0
2760,Video Title 2760,literature,51000,,2023-07-23 14:18:01,0 0 0 0 0 1 0 0 0 0
2761,Video Title 2761,literature,45000,,2020-02-21 11:14:34,0 0 0 0 0 1 0 0 0 0
2762,Video Title 2762,literature,54000,,2022-07-28 09:01:33,0 0 0 0 0 1 0 0 0 0
2763,Video Title 2763,literature,60000,,2014-06-06 06:14:59,0 0 0 0 0 1 0 0 0 0
2764,Video Title 2764,literature,45000,,2017-09-18 20:48:59,0 0 0 0 0 1 0 0 0 0
2765,Video Title 2765,literature,40000,,2018-12-05 01:01:01,0 0 0 0 0 1 0 0 0 0
2766,Video Title 2766,literature,58000,,2022-12-21 01:10:48,0 0 0 0 0 1 0 0 0 0
2767,Video Title 2767,literature,57000,,2016-10-01 18:36:49,0 0 0 0 0 1 0 0 0 0
2768,Video Title 2768,literature,35000,,2023-11-05 00:58:27,0 0 0 0 0 1 0 0 0 0
2769,Video Title 2769,literature,59000,,2019-02-11 15:18:23,0 0 0 0 0 1 0 0 0 0
2770,Video Title 2770,literature,42000,,2016-03-23 15:19:40,0 0 0 0 0 1 0 0 0 0
2771,Video Title 2771,literature,48000,,2015-04-16 02:20:42,0 0 0 0 0 1 0 0 0 0
2772,Video Title 2772,literature,46000,,2021-12-29 08:02:41,0 0 0 0 0 1 0 0 0 0
2773,Video Title 2773,literature,45000,,2023-05-25 17:43:38,0 0 0 0 0 1 0 0 0 0
2774,Video Title 2774,literature,31000,,2019-01-11 00:49:42,0 0 0 0 0 1 0 0 0 0
2775,Video Title 2775,literature,42000,,2022-08-09 11:03:05,0 0 0 0 0 1 0 0 0 0
2776,Video Title 2776,literature,54000,,2015-10-03 00:30:42,0 0 0 0 0 1 0 0 0 0
2777,Video Title 2777,literature,33000,,2020-12-25 14:13:26,0 0 0 0 0 1 0 0 0 0
2778,Video Title 2778,literature,44000,,2017-02-28 03:03:03,0 0 0 0 0 1 0 0 0 0
2779,Video Title 2779,literature,30000,,2014-02-15 03:25:48,0 0 0 0 0 1 0 0 0 0
2780,Video Title 2780,literature,36000,,2017-10-18 21:53:35,0 0 0 0 0 1 0 0 0 0
2781,Video Title 2781,literature,33000,,2017-04-04 20:12:40,0 0 0 0 0 1 0 0 0 0
2782,Video Title 2782,literature,49000,,2022-08-14 17:21:40,0 0 0 0 0 1 0 0 0 0
2783,Video Title 2783,literature,35000,,2019-06-28 06:09:13,0 0 0 0 0 1 0 0 0 0
2784,Video Title 2784,literature,37000,,2016-09-12 08:09:39,0 0 0 0 0 1 0 0 0 0
2785,Video Title 2785,literature,60000,,2020-02-18 18:09:43,0 0 0 0 0 1 0 0 0 0
2786,Video Title 2786,literature,41000,,2015-11-05 06:50:16,0 0 0 0 0 1 0 0 0 0
2787,Video Title 2787,literature,43000,,2016-02-10 10:38:43,0 0 0 0 0 1 0 0 0 0
2788,Video Title 2788,literature,52000,,2021-07-10 12:20:55,0 0 0 0 0 1 0 0 0 0
2789,Video Title 2789,literature,41000,,2022-07-18 06:57:54,0 0 0 0 0 1 0 0 0 0
2790,Video Title 2790,literature,38000,,2018-07-06 03:51:34,0 0 0 0 0 1 0 0 0 0
2791,Video Title 2791,literature,48000,,2015-04-26 15:47:27,0 0 0 0 0 1 0 0 0 0
2792,Video Title 2792,literature,48000,,2020-11-10 22:38:36,0 0 0 0 0 1 0 0 0 0
2793,Video Title 2793,literature,56000,,2015-01-02 12:35:21,0 0 0 0 0 1 0 0 0 0
2794,Video Title 2794,literature,38000,,2022-01-15 22:04:19,0 0 0 0 0 1 0 0 0 0
2795,Video Title 2795,literature,47000,,2018-04-29 14:21:45,0 0 0 0 0 1 0 0 0 0
2796,Video Title 2796,literature,42000,,2015-12-19 15:08:15,0 0 0 0 0 1 0 0 0 0
2797,Video Title 2797,literature,55000,,2023-08-04 21:21:28,0 0 0 0 0 1 0 0 0 0
2798,Video Title 2798,literature,34000,,2018-09-25 09:39:48,0 0 0 0 0 1 0 0 0 0
2799,Video Title 2799,literature,30000,,2015-10-09 14:47:50,0 0 0 0 0 1 0 0 0 0
2800,Video Title 2800,literature,45000,,2015-05-08 19:43:10,0 0 0 0 0 1 0 0 0 0
2801,Video Title 2801,literature,58000,,2022-06-30 06:33:23,0 0 0 0 0 1 0 0 0 0
2802,Video Title 2802,literature,46000,,2019-05-06 00:52:28,0 0 0 0 0 1 0 0 0 0
2803,Video Title 2803,literature,40000,,2021-11-08 11:09:54,0 0 0 0 0 1 0 0 0 0
2804,Video Title 2804,literature,39000,,2016-07-07 01:19:31,0 0 0 0 0 1 0 0 0 0
2805,Video Title 2805,literature,57000,,2019-09-06 14:18:13,0 0 0 0 0 1 0 0 0 0
2806,Video Title 2806,literature,42000,,2014-12-30 06:11:32,0 0 0 0 0 1 0 0 0 0
2807,Video Title 2807,literature,35000,,2014-08-10 03:11:12,0 0 0 0 0 1 0 0 0 0
2808,Video Title 2808,literature,56000,,2016-07-19 03:46:34,0 0 0 0 0 1 0 0 0 0
2809,Video Title 2809,literature,56000,,2020-04-19 23:55:47,0 0 0 0 0 1 0 0 0 0
2810,Video Title 2810,literature,44000,,2021-06-12 18:21:58,0 0 0 0 0 1 0 0 0 0
2811,Video Title 2811,literature,38000,,2017-08-12 12:16:22,0 0 0 0 0 1 0 0 0 0
2812,Video Title 2812,literature,47000,,2019-07-30 20:15:15,0 0 0 0 0 1 0 0 0 0
2813,Video Title 2813,literature,55000,,2016-07-31 15:49:07,0 0 0 0 0 1 0 0 0 0
2814,Video Title 2814,literature,30000,,2018-02-13 22:15:18,0 0 0 0 0 1 0 0 0 0
2815,Video Title 2815,literature,41000,,2022-09-03 21:29:16,0 0 0 0 0 1 0 0 0 0
2816,Video Title 2816,literature,60000,,2020-01-22 08:27:37,0 0 0 0 0 1 0 0 0 0
2817,Video Title 2817,literature,48000,,2019-10-06 00:21:16,0 0 0 0 0 1 0 0 0 0
2818,Video Title 2818,literature,50000,,2019-05-22 07:11:27,0 0 0 0 0 1 0 0 0 0
2819,Video Title 2819,literature,54000,,2016-11-06 19:43:29,0 0 0 0 0 1 0 0 0 0
2820,Video Title 2820,literature,40000,,2020-09-25 03:41:34,0 0 0 0 0 1 0 0 0 0
2821,Video Title 2821,literature,45000,,2021-09-30 19:36:23,0 0 0 0 0 1 0 0 0 0
2822,Video Title 2822,literature,44000,,2022-11-24 03:48:09,0 0 0 0 0 1 0 0 0 0
2823,Video Title 2823,literature,42000,,2020-02-20 20:56:47,0 0 0 0 0 1 0 0 0 0
2824,Video Title 2824,literature,44000,,2020-04-26 17:59:16,0 0 0 0 0 1 0 0 0 0
2825,Video Title 2825,literature,34000,,2022-09-07 03:22:12,0 0 0 0 0 1 0 0 0 0
2826,Video Title 2826,literature,50000,,2022-01-29 04:01:18,0 0 0 0 0 1 0 0 0 0
2827,Video Title 2827,literature,40000,,2018-03-22 15:07:27,0 0 0 0 0 1 0 0 0 0
2828,Video Title 2828,literature,49000,,2019-09-20 11:27:05,0 0 0 0 0 1 0 0 0 0
2829,Video Title 2829,literature,57000,,2023-01-26 19:35:57,0 0 0 0 0 1 0 0 0 0
2830,Video Title 2830,literature,32000,,2015-08-17 07:09:18,0 0 0 0 0 1 0 0 0 0
2831,Video Title 2831,literature,37000,,2017-02-20 05:01:43,0 0 0 0 0 1 0 0 0 0
2832,Video Title 2832,literature,50000,,2016-12-01 10:48:59,0 0 0 0 0 1 0 0 0 0
2833,Video Title 2833,literature,38000,,2020-01-21 15:43:25,0 0 0 0 0 1 0 0 0 0
2834,Video Title 2834,literature,42000,,2016-09-19 01:20:01,0 0 0 0 0 1 0 0 0 0
2835,Video Title 2835,literature,44000,,2021-10-23 13:19:32,0 0 0 0 0 1 0 0 0 0
2836,Video Title 2836,literature,60000,,2017-08-20 13:14:24,0 0 0 0 0 1 0 0 0 0
2837,Video Title 2837,literature,48000,,2019-03-19 09:57:59,0 0 0 0 0 1 0 0 0 0
2838,Video Title 2838,literature,44000,,2018-02-22 01:26:30,0 0 0 0 0 1 0 0 0 0
2839,Video Title 2839,literature,35000,,2022-07-17 20:57:27,0 0 0 0 0 1 0 0 0 0
2840,Video Title 2840,literature,34000,,2021-04-12 08:51:49,0 0 0 0 0 1 0 0 0 0
2841,Video Title 2841,literature,51000,,2016-07-09 12:16:41,0 0 0 0 0 1 0 0 0 0
2842,Video Title 2842,literature,53000,,2021-01-03 13:03:03,0 0 0 0 0 1 0 0 0 0
2843,Video Title 2843,literature,32000,,2016-02-10 14:03:45,0 0 0 0 0 1 0 0 0 0
2844,Video Title 2844,literature,42000,,2015-01-13 23:36:57,0 0 0 0 0 1 0 0 0 0
2845,Video Title 2845,literature,32000,,2023-05-15 07:07:29,0 0 0 0 0 1 0 0 0 0
2846,Video Title 2846,literature,45000,,2019-06-27 18:47:45,0 0 0 0 0 1 0 0 0 0
2847,Video Title 2847,literature,30000,,2021-09-16 21:47:33,0 0 0 0 0 1 0 0 0 0
2848,Video Title 2848,literature,46000,,2021-08-26 05:40:55,0 0 0 0 0 1 0 0 0 0
2849,Video Title 2849,literature,32000,,2015-01-17 08:07:41,0 0 0 0 0 1 0 0 0 0
2850,Video Title 2850,literature,49000,,2015-07-23 18:02:02,0 0 0 0 0 1 0 0 0 0
2851,Video Title 2851,literature,50000,,2023-04-26 07:14:50,0 0 0 0 0 1 0 0 0 0
2852,Video Title 2852,literature,42000,,2017-02-05 04:52:09,0 0 0 0 0 1 0 0 0 0
2853,Video Title 2853,literature,37000,,2021-05-18 05:10:00,0 0 0 0 0 1 0 0 0 0
2854,Video Title 2854,literature,44000,,2020-04-07 15:42:28,0 0 0 0 0 1 0 0 0 0
2855,Video Title 2855,literature,34000,,2019-04-09 14:37:43,0 0 0 0 0 1 0 0 0 0
2856,Video Title 2856,literature,35000,,2014-04-17 06:50:42,0 0 0 0 0 1 0 0 0 0
2857,Video Title 2857,literature,51000,,2017-07-28 11:17:34,0 0 0 0 0 1 0 0 0 0
2858,Video Title 2858,literature,59000,,2017-04-03 23:38:07,0 0 0 0 0 1 0 0 0 0
2859,Video Title 2859,literature,45000,,2018-09-04 06:08:54,0 0 0 0 0 1 0 0 0 0
2860,Video Title 2860,literature,57000,,2019-05-30 03:10:21,0 0 0 0 0 1 0 0 0 0
2861,Video Title 2861,literature,38000,,2019-06-28 04:33:57,0 0 0 0 0 1 0 0 0 0
2862,Video Title 2862,literature,34000,,2023-09-11 19:54:08,0 0 0 0 0 1 0 0 0 0
2863,Video Title 2863,literature,52000,,2019-05-25 09:35:27,0 0 0 0 0 1 0 0 0 0
2864,Video Title 2864,literature,48000,,2019-12-24 04:22:32,0 0 0 0 0 1 0 0 0 0
2865,Video Title 2865,literature,50000,,2021-06-28 12:39:22,0 0 0 0 0 1 0 0 0 0
2866,Video Title 2866,literature,58000,,2019-08-23 13:02:27,0 0 0 0 0 1 0 0 0 0
2867,Video Title 2867,literature,46000,,2020-05-26 05:17:53,0 0 0 0 0 1 0 0 0 0
2868,Video Title 2868,literature,47000,,2017-02-06 06:19:56,0 0 0 0 0 1 0 0 0 0
2869,Video Title 2869,literature,41000,,2018-10-27 00:41:14,0 0 0 0 0 1 0 0 0 0
2870,Video Title 2870,literature,37000,,2022-01-18 04:24:01,0 0 0 0 0 1 0 0 0 0
2871,Video Title 2871,literature,44000,,2017-01-30 17:15:10,0 0 0 0 0 1 0 0 0 0
2872,Video Title 2872,literature,43000,,2016-08-08 07:05:49,0 0 0 0 0 1 0 0 0 0
2873,Video Title 2873,literature,39000,,2014-02-10 12:41:22,0 0 0 0 0 1 0 0 0 0
2874,Video Title 2874,literature,46000,,2022-02-26 03:16:10,0 0 0 0 0 1 0 0 0 0
2875,Video Title 2875,literature,57000,,2015-05-15 11:55:11,0 0 0 0 0 1 0 0 0 0
2876,Video Title 2876,literature,39000,,2018-09-11 13:44:27,0 0 0 0 0 1 0 0 0 0
2877,Video Title 2877,literature,30000,,2020-11-17 08:38:55,0 0 0 0 0 1 0 0 0 0
2878,Video Title 2878,literature,45000,,2023-06-21 09:28:40,0 0 0 0 0 1 0 0 0 0
2879,Video Title 2879,literature,45000,,2016-12-31 13:52:52,0 0 0 0 0 1 0 0 0 0
2880,Video Title 2880,literature,54000,,2018-04-23 02:08:00,0 0 0 0 0 1 0 0 0 0
2881,Video Title 2881,literature,39000,,2019-12-22 01:31:43,0 0 0 0 0 1 0 0 0 0
2882,Video Title 2882,literature,55000,,2014-01-29 08:17:43,0 0 0 0 0 1 0 0 0 0
2883,Video Title 2883,literature,41000,,2015-11-22 06:49:04,0 0 0 0 0 1 0 0 0 0
2884,Video Title 2884,literature,58000,,2019-08-11 00:33:42,0 0 0 0 0 1 0 0 0 0
2885,Video Title 2885,literature,42000,,2016-07-03 02:53:59,0 0 0 0 0 1 0 0 0 0
2886,Video Title 2886,literature,52000,,2021-05-16 11:31:26,0 0 0 0 0 1 0 0 0 0
2887,Video Title 2887,literature,42000,,2022-04-14 18:11:33,0 0 0 0 0 1 0 0 0 0
2888,Video Title 2888,literature,37000,,2016-08-19 21:04:19,0 0 0 0 0 1 0 0 0 0
2889,Video Title 2889,literature,43000,,2020-04-03 10:17:45,0 0 0 0 0 1 0 0 0 0
2890,Video Title 2890,literature,46000,,2021-08-24 13:33:16,0 0 0 0 0 1 0 0 0 0
2891,Video Title 2891,literature,59000,,2020-02-19 05:44:27,0 0 0 0 0 1 0 0 0 0
2892,Video Title 2892,literature,52000,,2020-11-05 22:29:21,0 0 0 0 0 1 0 0 0 0
2893,Video Title 2893,literature,39000,,2020-06-26 20:50:12,0 0 0 0 0 1 0 0 0 0
2894,Video Title 2894,literature,47000,,2022-02-02 03:38:15,0 0 0 0 0 1 0 0 0 0
2895,Video Title 2895,literature,43000,,2015-11-20 04:51:17,0 0 0 0 0 1 0 0 0 0
2896,Video Title 2896,literature,32000,,2015-10-30 18:52:07,0 0 0 0 0 1 0 0 0 0
2897,Video Title 2897,literature,39000,,2015-02-09 19:12:58,0 0 0 0 0 1 0 0 0 0
2898,Video Title 2898,literature,44000,,2020-03-06 17:05:47,0 0 0 0 0 1 0 0 0 0
2899,Video Title 2899,literature,38000,,2021-01-02 17:23:58,0 0 0 0 0 1 0 0 0 0
2900,Video Title 2900,literature,45000,,2015-11-19 10:21:18,0 0 0 0 0 1 0 0 0 0
2901,Video Title 2901,literature,30000,,2015-07-12 08:16:44,0 0 0 0 0 1 0 0 0 0
2902,Video Title 2902,literature,47000,,2014-03-24 18:39:56,0 0 0 0 0 1 0 0 0 0
2903,Video Title 2903,literature,33000,,2016-10-28 17:14:00,0 0 0 0 0 1 0 0 0 0
2904,Video Title 2904,literature,34000,,2021-02-25 11:09:52,0 0 0 0 0 1 0 0 0 0
2905,Video Title 2905,literature,53000,,2014-02-01 22:40:41,0 0 0 0 0 1 0 0 0 0
2906,Video Title 2906,literature,32000,,2015-07-06 23:53:29,0 0 0 0 0 1 0 0 0 0
2907,Video Title 2907,literature,45000,,2016-03-05 17:40:34,0 0 0 0 0 1 0 0 0 0
2908,Video Title 2908,literature,43000,,2017-02-13 06:07:03,0 0 0 0 0 1 0 0 0 0
2909,Video Title 2909,literature,55000,,2018-12-27 03:28:05,0 0 0 0 0 1 0 0 0 0
2910,Video Title 2910,literature,41000,,2018-08-22 10:45:33,0 0 0 0 0 1 0 0 0 0
2911,Video Title 2911,literature,55000,,2014-04-28 20:10:18,0 0 0 0 0 1 0 0 0 0
2912,Video Title 2912,literature,32000,,2022-06-08 22:39:20,0 0 0 0 0 1 0 0 0 0
2913,Video Title 2913,literature,60000,,2015-06-20 05:17:36,0 0 0 0 0 1 0 0 0 0
2914,Video Title 2914,literature,38000,,2021-10-04 03:11:41,0 0 0 0 0 1 0 0 0 0
2915,Video Title 2915,literature,32000,,2019-06-08 15:36:53,0 0 0 0 0 1 0 0 0 0
2916,Video Title 2916,literature,35000,,2015-12-05 12:02:41,0 0 0 0 0 1 0 0 0 0
2917,Video Title 2917,literature,56000,,2016-07-03 18:57:40,0 0 0 0 0 1 0 0 0 0
2918,Video Title 2918,literature,42000,,2022-04-14 02:52:45,0 0 0 0 0 1 0 0 0 0
2919,Video Title 2919,literature,33000,,2023-09-30 06:49:43,0 0 0 0 0 1 0 0 0 0
2920,Video Title 2920,literature,52000,,2016-06-29 17:06:10,0 0 0 0 0 1 0 0 0 0
2921,Video Title 2921,literature,54000,,2023-10-01 15:33:57,0 0 0 0 0 1 0 0 0 0
2922,Video Title 2922,literature,37000,,2021-05-18 07:25:31,0 0 0 0 0 1 0 0 0 0
2923,Video Title 2923,literature,31000,,2015-12-31 00:09:25,0 0 0 0 0 1 0 0 0 0
2924,Video Title 2924,literature,53000,,2021-09-17 03:14:48,0 0 0 0 0 1 0 0 0 0
2925,Video Title 2925,literature,46000,,2020-08-29 22:17:26,0 0 0 0 0 1 0 0 0 0
2926,Video Title 2926,literature,36000,,2018-09-24 19:31:03,0 0 0 0 0 1 0 0 0 0
2927,Video Title 2927,literature,51000,,2023-08-12 10:20:14,0 0 0 0 0 1 0 0 0 0
2928,Video Title 2928,literature,59000,,2017-03-27 04:20:07,0 0 0 0 0 1 0 0 0 0
2929,Video Title 2929,literature,50000,,2021-04-14 01:34:04,0 0 0 0 0 1 0 0 0 0
2930,Video Title 2930,literature,53000,,2023-05-17 14:04:22,0 0 0 0 0 1 0 0 0 0
2931,Video Title 2931,literature,46000,,2015-03-24 19:35:47,0 0 0 0 0 1 0 0 0 0
2932,Video Title 2932,literature,45000,,2020-05-21 14:21:10,0 0 0 0 0 1 0 0 0 0
2933,Video Title 2933,literature,36000,,2017-08-10 13:22:30,0 0 0 0 0 1 0 0 0 0
2934,Video Title 2934,literature,31000,,2022-08-21 08:24:41,0 0 0 0 0 1 0 0 0 0
2935,Video Title 2935,literature,36000,,2023-09-25 10:48:27,0 0 0 0 0 1 0 0 0 0
2936,Video Title 2936,literature,37000,,2020-05-01 02:49:31,0 0 0 0 0 1 0 0 0 0
2937,Video Title 2937,literature,40000,,2014-02-26 23:55:51,0 0 0 0 0 1 0 0 0 0
2938,Video Title 2938,literature,55000,,2016-10-06 18:21:49,0 0 0 0 0 1 0 0 0 0
2939,Video Title 2939,literature,33000,,2017-12-17 16:48:25,0 0 0 0 0 1 0 0 0 0
2940,Video Title 2940,literature,37000,,2014-02-04 14:15:19,0 0 0 0 0 1 0 0 0 0
2941,Video Title 2941,literature,31000,,2019-10-24 22:20:49,0 0 0 0 0 1 0 0 0 0
2942,Video Title 2942,literature,52000,,2018-10-03 17:42:41,0 0 0 0 0 1 0 0 0 0
2943,Video Title 2943,literature,49000,,2015-07-22 17:17:38,0 0 0 0 0 1 0 0 0 0
2944,Video Title 2944,literature,54000,,2014-11-25 14:26:22,0 0 0 0 0 1 0 0 0 0
2945,Video Title 2945,literature,35000,,2019-01-01 16:55:20,0 0 0 0 0 1 0 0 0 0
2946,Video Title 2946,literature,51000,,2020-03-10 01:17:22,0 0 0 0 0 1 0 0 0 0
2947,Video Title 2947,literature,59000,,2023-09-12 05:29:22,0 0 0 0 0 1 0 0 0 0
2948,Video Title 2948,literature,54000,,2020-04-02 17:35:31,0 0 0 0 0 1 0 0 0 0
2949,Video Title 2949,literature,31000,,2017-07-23 15:20:54,0 0 0 0 0 1 0 0 0 0
2950,Video Title 2950,literature,34000,,2021-01-05 20:20:42,0 0 0 0 0 1 0 0 0 0
2951,Video Title 2951,literature,55000,,2015-01-29 23:30:32,0 0 0 0 0 1 0 0 0 0
2952,Video Title 2952,literature,45000,,2016-05-01 06:17:51,0 0 0 0 0 1 0 0 0 0
2953,Video Title 2953,literature,47000,,2021-11-20 06:00:57,0 0 0 0 0 1 0 0 0 0
2954,Video Title 2954,literature,54000,,2017-06-23 17:02:02,0 0 0 0 0 1 0 0 0 0
2955,Video Title 2955,literature,58000,,2018-05-23 07:46:31,0 0 0 0 0 1 0 0 0 0
2956,Video Title 2956,literature,36000,,2014-03-21 22:30:29,0 0 0 0 0 1 0 0 0 0
2957,Video Title 2957,literature,42000,,2017-08-02 07:28:21,0 0 0 0 0 1 0 0 0 0
2958,Video Title 2958,literature,34000,,2016-07-06 00:59:26,0 0 0 0 0 1 0 0 0 0
2959,Video Title 2959,literature,31000,,2018-11-09 08:28:00,0 0 0 0 0 1 0 0 0 0
2960,Video Title 2960,literature,44000,,2019-08-05 10:34:17,0 0 0 0 0 1 0 0 0 0
2961,Video Title 2961,literature,47000,,2020-12-21 04:30:32,0 0 0 0 0 1 0 0 0 0
2962,Video Title 2962,literature,36000,,2019-09-02 11:04:18,0 0 0 0 0 1 0 0 0 0
2963,Video Title 2963,literature,47000,,2017-06-24 23:25:33,0 0 0 0 0 1 0 0 0 0
2964,Video Title 2964,literature,53000,,2018-09-08 15:22:39,0 0 0 0 0 1 0 0 0 0
2965,Video Title 2965,literature,57000,,2022-04-25 10:13:27,0 0 0 0 0 1 0 0 0 0
2966,Video Title 2966,literature,59000,,2022-08-10 01:07:53,0 0 0 0 0 1 0 0 0 0
2967,Video Title 2967,literature,35000,,2014-09-11 09:35:19,0 0 0 0 0 1 0 0 0 0
2968,Video Title 2968,literature,34000,,2018-07-01 06:03:21,0 0 0 0 0 1 0 0 0 0
2969,Video Title 2969,literature,56000,,2016-08-21 05:23:45,0 0 0 0 0 1 0 0 0 0
2970,Video Title 2970,literature,41000,,2018-07-18 09:19:07,0 0 0 0 0 1 0 0 0 0
2971,Video Title 2971,literature,54000,,2020-05-19 19:04:59,0 0 0 0 0 1 0 0 0 0
2972,Video Title 2972,literature,42000,,2021-05-03 20:25:05,0 0 0 0 0 1 0 0 0 0
2973,Video Title 2973,literature,58000,,2014-03-12 07:51:33,0 0 0 0 0 1 0 0 0 0
2974,Video Title 2974,literature,57000,,2017-08-23 20:59:14,0 0 0 0 0 1 0 0 0 0
2975,Video Title 2975,literature,49000,,2016-05-23 13:42:08,0 0 0 0 0 1 0 0 0 0
2976,Video Title 2976,literature,53000,,2014-08-22 04:44:16,0 0 0 0 0 1 0 0 0 0
2977,Video Title 2977,literature,60000,,2019-05-24 04:35:28,0 0 0 0 0 1 0 0 0 0
2978,Video Title 2978,literature,42000,,2015-11-27 00:33:50,0 0 0 0 0 1 0 0 0 0
2979,Video Title 2979,literature,51000,,2018-12-24 01:18:22,0 0 0 0 0 1 0 0 0 0
2980,Video Title 2980,literature,47000,,2015-07-19 13:55:14,0 0 0 0 0 1 0 0 0 0
2981,Video Title 2981,literature,39000,,2017-03-25 11:45:48,0 0 0 0 0 1 0 0 0 0
2982,Video Title 2982,literature,50000,,2017-03-23 09:18:26,0 0 0 0 0 1 0 0 0 0
2983,Video Title 2983,literature,33000,,2019-03-27 16:22:02,0 0 0 0 0 1 0 0 0 0
2984,Video Title 2984,literature,32000,,2014-06-11 18:53:17,0 0 0 0 0 1 0 0 0 0
2985,Video Title 2985,literature,60000,,2015-04-21 16:13:32,0 0 0 0 0 1 0 0 0 0
2986,Video Title 2986,literature,57000,,2014-04-27 03:34:51,0 0 0 0 0 1 0 0 0 0
2987,Video Title 2987,literature,33000,,2018-11-09 14:26:13,0 0 0 0 0 1 0 0 0 0
2988,Video Title 2988,literature,33000,,2014-04-29 03:10:56,0 0 0 0 0 1 0 0 0 0
2989,Video Title 2989,literature,50000,,2022-05-13 11:50:18,0 0 0 0 0 1 0 0 0 0
2990,Video Title 2990,literature,51000,,2018-11-26 04:05:03,0 0 0 0 0 1 0 0 0 0
2991,Video Title 2991,literature,49000,,2021-01-05 19:06:29,0 0 0 0 0 1 0 0 0 0
2992,Video Title 2992,literature,38000,,2014-07-01 03:54:03,0 0 0 0 0 1 0 0 0 0
2993,Video Title 2993,literature,37000,,2020-01-23 17:32:14,0 0 0 0 0 1 0 0 0 0
2994,Video Title 2994,literature,32000,,2014-02-19 18:20:35,0 0 0 0 0 1 0 0 0 0
2995,Video Title 2995,literature,59000,,2016-02-03 21:27:25,0 0 0 0 0 1 0 0 0 0
2996,Video Title 2996,literature,45000,,2023-04-14 16:09:56,0 0 0 0 0 1 0 0 0 0
2997,Video Title 2997,literature,56000,,2014-10-21 20:12:57,0 0 0 0 0 1 0 0 0 0
2998,Video Title 2998,literature,55000,,2020-05-23 01:06:15,0 0 0 0 0 1 0 0 0 0
2999,Video Title 2999,literature,41000,,2019-08-01 18:32:32,0 0 0 0 0 1 0 0 0 0
3000,Video Title 3000,literature,60000,,2022-11-27 01:43:17,0 0 0 0 0 1 0 0 0 0
3001,Video Title 3001,mathematics,56000,,2017-09-11 02:24:49,0 0 0 0 0 0 1 0 0 0
3002,Video Title 3002,mathematics,52000,,2014-08-03 19:04:55,0 0 0 0 0 0 1 0 0 0
3003,Video Title 3003,mathematics,49000,,2016-08-30 05:26:58,0 0 0 0 0 0 1 0 0 0
3004,Video Title 3004,mathematics,31000,,2021-05-06 04:42:34,0 0 0 0 0 0 1 0 0 0
3005,Video Title 3005,mathematics,56000,,2017-01-16 06:02:18,0 0 0 0 0 0 1 0 0 0
3006,Video Title 3006,mathematics,60000,,2016-03-01 00:50:43,0 0 0 0 0 0 1 0 0 0
3007,Video Title 3007,mathematics,46000,,2014-12-23 11:38:46,0 0 0 0 0 0 1 0 0 0
3008,Video Title 3008,mathematics,53000,,2016-04-25 05:10:37,0 0 0 0 0 0 1 0 0 0
3009,Video Title 3009,mathematics,42000,,2015-11-25 12:43:55,0 0 0 0 0 0 1 0 0 0
3010,Video Title 3010,mathematics,46000,,2020-07-27 14:22:57,0 0 0 0 0 0 1 0 0 0
3011,Video Title 3011,mathematics,48000,,2020-04-03 10:28:28,0 0 0 0 0 0 1 0 0 0
3012,Video Title 3012,mathematics,35000,,2019-08-03 05:53:48,0 0 0 0 0 0 1 0 0 0
3013,Video Title 3013,mathematics,47000,,2018-02-26 10:10:15,0 0 0 0 0 0 1 0 0 0
3014,Video Title 3014,mathematics,33000,,2021-08-30 22:25:39,0 0 0 0 0 0 1 0 0 0
3015,Video Title 3015,mathematics,48000,,2017-08-01 13:35:27,0 0 0 0 0 0 1 0 0 0
3016,Video Title 3016,mathematics,44000,,2021-01-10 07:24:59,0 0 0 0 0 0 1 0 0 0
3017,Video Title 3017,mathematics,43000,,2022-10-30 07:23:02,0 0 0 0 0 0 1 0 0 0
3018,Video Title 3018,mathematics,35000,,2021-12-04 11:38:09,0 0 0 0 0 0 1 0 0 0
3019,Video Title 3019,mathematics,47000,,2018-01-07 16:24:30,0 0 0 0 0 0 1 0 0 0
3020,Video Title 3020,mathematics,40000,,2020-07-29 23:47:33,0 0 0 0 0 0 1 0 0 0
3021,Video Title 3021,mathematics,47000,,2023-12-26 06:46:51,0 0 0 0 0 0 1 0 0 0
3022,Video Title 3022,mathematics,44000,,2023-05-03 08:20:57,0 0 0 0 0 0 1 0 0 0
3023,Video Title 3023,mathematics,58000,,2017-02-26 07:34:39,0 0 0 0 0 0 1 0 0 0
3024,Video Title 3024,mathematics,40000,,2022-06-13 17:12:42,0 0 0 0 0 0 1 0 0 0
3025,Video Title 3025,mathematics,43000,,2021-08-23 06:33:02,0 0 0 0 0 0 1 0 0 0
3026,Video Title 3026,mathematics,43000,,2022-04-06 11:10:32,0 0 0 0 0 0 1 0 0 0
3027,Video Title 3027,mathematics,40000,,2020-02-01 17:00:40,0 0 0 0 0 0 1 0 0 0
3028,Video Title 3028,mathematics,48000,,2019-06-17 12:51:30,0 0 0 0 0 0 1 0 0 0
3029,Video Title 3029,mathematics,42000,,2021-08-28 20:02:24,0 0 0 0 0 0 1 0 0 0
3030,Video Title 3030,mathematics,59000,,2021-06-12 17:03:47,0 0 0 0 0 0 1 0 0 0
3031,Video Title 3031,mathematics,41000,,2023-08-14 00:41:43,0 0 0 0 0 0 1 0 0 0
3032,Video Title 3032,mathematics,44000,,2023-08-07 08:37:12,0 0 0 0 0 0 1 0 0 0
3033,Video Title 3033,mathematics,30000,,2021-04-07 01:02:35,0 0 0 0 0 0 1 0 0 0
3034,Video Title 3034,mathematics,39000,,2019-12-17 12:49:25,0 0 0 0 0 0 1 0 0 0
3035,Video Title 3035,mathematics,46000,,2015-05-11 01:30:29,0 0 0 0 0 0 1 0 0 0
3036,Video Title 3036,mathematics,58000,,2017-01-08 17:19:43,0 0 0 0 0 0 1 0 0 0
3037,Video Title 3037,mathematics,39000,,2023-11-05 00:57:05,0 0 0 0 0 0 1 0 0 0
3038,Video Title 3038,mathematics,36000,,2022-07-23 09:06:33,0 0 0 0 0 0 1 0 0 0
3039,Video Title 3039,mathematics,30000,,2021-09-19 01:25:15,0 0 0 0 0 0 1 0 0 0
3040,Video Title 3040,mathematics,60000,,2020-11-24 11:24:01,0 0 0 0 0 0 1 0 0 0
3041,Video Title 3041,mathematics,38000,,2023-03-11 18:13:06,0 0 0 0 0 0 1 0 0 0
3042,Video Title 3042,mathematics,46000,,2019-07-26 13:54:08,0 0 0 0 0 0 1 0 0 0
3043,Video Title 3043,mathematics,59000,,2019-09-20 09:11:46,0 0 0 0 0 0 1 0 0 0
3044,Video Title 3044,mathematics,33000,,2014-05-20 17:41:59,0 0 0 0 0 0 1 0 0 0
3045,Video Title 3045,mathematics,41000,,2015-07-26 18:58:57,0 0 0 0 0 0 1 0 0 0
3046,Video Title 3046,mathematics,38000,,2017-09-03 20:27:41,0 0 0 0 0 0 1 0 0 0
3047,Video Title 3047,mathematics,48000,,2016-07-02 23:27:53,0 0 0 0 0 0 1 0 0 0
3048,Video Title 3048,mathematics,38000,,2022-02-10 10:06:11,0 0 0 0 0 0 1 0 0 0
3049,Video Title 3049,mathematics,32000,,2019-09-16 06:40:30,0 0 0 0 0 0 1 0 0 0
3050,Video Title 3050,mathematics,48000,,2023-03-07 06:26:45,0 0 0 0 0 0 1 0 0 0
3051,Video Title 3051,mathematics,53000,,2014-10-11 18:51:25,0 0 0 0 0 0 1 0 0 0
3052,Video Title 3052,mathematics,40000,,2021-12-06 02:24:26,0 0 0 0 0 0 1 0 0 0
3053,Video Title 3053,mathematics,35000,,2018-11-20 05:00:44,0 0 0 0 0 0 1 0 0 0
3054,Video Title 3054,mathematics,58000,,2020-11-24 00:31:51,0 0 0 0 0 0 1 0 0 0
3055,Video Title 3055,mathematics,48000,,2022-03-13 05:32:13,0 0 0 0 0 0 1 0 0 0
3056,Video Title 3056,mathematics,33000,,2019-12-15 14:15:12,0 0 0 0 0 0 1 0 0 0
3057,Video Title 3057,mathematics,39000,,2014-05-19 09:45:06,0 0 0 0 0 0 1 0 0 0
3058,Video Title 3058,mathematics,55000,,2019-10-07 10:27:06,0 0 0 0 0 0 1 0 0 0
3059,Video Title 3059,mathematics,32000,,2021-10-20 10:40:44,0 0 0 0 0 0 1 0 0 0
3060,Video Title 3060,mathematics,59000,,2021-09-16 18:58:18,0 0 0 0 0 0 1 0 0 0
3061,Video Title 3061,mathematics,41000,,2022-10-19 05:49:23,0 0 0 0 0 0 1 0 0 0
3062,Video Title 3062,mathematics,43000,,2018-03-03 07:18:07,0 0 0 0 0 0 1 0 0 0
3063,Video Title 3063,mathematics,57000,,2015-03-18 23:21:01,0 0 0 0 0 0 1 0 0 0
3064,Video Title 3064,mathematics,54000,,2016-04-09 12:28:04,0 0 0 0 0 0 1 0 0 0
3065,Video Title 3065,mathematics,50000,,2022-06-30 14:17:14,0 0 0 0 0 0 1 0 0 0
3066,Video Title 3066,mathematics,59000,,2014-02-13 17:39:06,0 0 0 0 0 0 1 0 0 0
3067,Video Title 3067,mathematics,54000,,2020-04-28 12:09:40,0 0 0 0 0 0 1 0 0 0
3068,Video Title 3068,mathematics,31000,,2017-01-19 11:01:30,0 0 0 0 0 0 1 0 0 0
3069,Video Title 3069,mathematics,31000,,2017-03-13 12:07:44,0 0 0 0 0 0 1 0 0 0
3070,Video Title 3070,mathematics,48000,,2015-07-02 23:12:34,0 0 0 0 0 0 1 0 0 0
3071,Video Title 3071,mathematics,46000,,2020-12-23 20:32:02,0 0 0 0 0 0 1 0 0 0
3072,Video Title 3072,mathematics,34000,,2014-07-06 09:32:08,0 0 0 0 0 0 1 0 0 0
3073,Video Title 3073,mathematics,53000,,2023-12-22 09:22:32,0 0 0 0 0 0 1 0 0 0
3074,Video Title 3074,mathematics,44000,,2021-07-12 20:48:06,0 0 0 0 0 0 1 0 0 0
3075,Video Title 3075,mathematics,48000,,2019-01-19 06:17:26,0 0 0 0 0 0 1 0 0 0
3076,Video Title 3076,mathematics,37000,,2018-04-28 13:33:52,0 0 0 0 0 0 1 0 0 0
3077,Video Title 3077,mathematics,55000,,2017-12-12 06:38:33,0 0 0 0 0 0 1 0 0 0
3078,Video Title 3078,mathematics,34000,,2017-05-14 00:19:56,0 0 0 0 0 0 1 0 0 0
3079,Video Title 3079,mathematics,45000,,2019-09-19 18:11:44,0 0 0 0 0 0 1 0 0 0
3080,Video Title 3080,mathematics,31000,,2019-06-26 18:09:02,0 0 0 0 0 0 1 0 0 0
3081,Video Title 3081,mathematics,38000,,2014-11-09 12:55:09,0 0 0 0 0 0 1 0 0 0
3082,Video Title 3082,mathematics,46000,,2018-05-07 21:25:16,0 0 0 0 0 0 1 0 0 0
3083,Video Title 3083,mathematics,52000,,2015-04-23 20:51:55,0 0 0 0 0 0 1 0 0 0
3084,Video Title 3084,mathematics,34000,,2018-10-24 08:48:40,0 0 0 0 0 0 1 0 0 0
3085,Video Title 3085,mathematics,36000,,2018-11-18 16:37:56,0 0 0 0 0 0 1 0 0 0
3086,Video Title 3086,mathematics,50000,,2019-09-19 08:34:04,0 0 0 0 0 0 1 0 0 0
3087,Video Title 3087,mathematics,47000,,2020-02-29 09:19:22,0 0 0 0 0 0 1 0 0 0
3088,Video Title 3088,mathematics,53000,,2019-03-31 12:06:20,0 0 0 0 0 0 1 0 0 0
3089,Video Title 3089,mathematics,37000,,2014-09-21 12:00:45,0 0 0 0 0 0 1 0 0 0
3090,Video Title 3090,mathematics,54000,,2018-04-21 17:45:28,0 0 0 0 0 0 1 0 0 0
3091,Video Title 3091,mathematics,51000,,2023-03-30 02:29:45,0 0 0 0 0 0 1 0 0 0
3092,Video Title 3092,mathematics,32000,,2015-02-17 17:37:00,0 0 0 0 0 0 1 0 0 0
3093,Video Title 3093,mathematics,43000,,2018-03-28 22:09:24,0 0 0 0 0 0 1 0 0 0
3094,Video Title 3094,mathematics,41000,,2015-11-29 06:54:04,0 0 0 0 0 0 1 0 0 0
3095,Video Title 3095,mathematics,41000,,2019-12-10 15:38:17,0 0 0 0 0 0 1 0 0 0
3096,Video Title 3096,mathematics,30000,,2021-09-12 08:04:52,0 0 0 0 0 0 1 0 0 0
3097,Video Title 3097,mathematics,35000,,2023-11-16 22:18:28,0 0 0 0 0 0 1 0 0 0
3098,Video Title 3098,mathematics,49000,,2022-03-20 18:45:47,0 0 0 0 0 0 1 0 0 0
3099,Video Title 3099,mathematics,55000,,2018-06-05 01:36:18,0 0 0 0 0 0 1 0 0 0
3100,Video Title 3100,mathematics,34000,,2018-05-29 16:35:45,0 0 0 0 0 0 1 0 0 0
3101,Video Title 3101,mathematics,59000,,2022-03-08 07:51:36,0 0 0 0 0 0 1 0 0 0
3102,Video Title 3102,mathematics,36000,,2020-11-08 13:28:05,0 0 0 0 0 0 1 0 0 0
3103,Video Title 3103,mathematics,34000,,2021-07-30 17:28:45,0 0 0 0 0 0 1 0 0 0
3104,Video Title 3104,mathematics,57000,,2014-11-12 05:20:41,0 0 0 0 0 0 1 0 0 0
3105,Video Title 3105,mathematics,53000,,2014-07-21 01:31:47,0 0 0 0 0 0 1 0 0 0
3106,Video Title 3106,mathematics,60000,,2020-03-18 15:48:50,0 0 0 0 0 0 1 0 0 0
3107,Video Title 3107,mathematics,34000,,2022-09-08 22:42:21,0 0 0 0 0 0 1 0 0 0
3108,Video Title 3108,mathematics,56000,,2016-11-18 01:12:49,0 0 0 0 0 0 1 0 0 0
3109,Video Title 3109,mathematics,40000,,2020-12-09 08:27:42,0 0 0 0 0 0 1 0 0 0
3110,Video Title 3110,mathematics,33000,,2017-01-20 16:20:28,0 0 0 0 0 0 1 0 0 0
3111,Video Title 3111,mathematics,45000,,2014-03-27 00:44:05,0 0 0 0 0 0 1 0 0 0
3112,Video Title 3112,mathematics,36000,,2021-05-27 01:08:14,0 0 0 0 0 0 1 0 0 0
3113,Video Title 3113,mathematics,36000,,2016-01-16 20:59:54,0 0 0 0 0 0 1 0 0 0
3114,Video Title 3114,mathematics,46000,,2021-07-03 19:06:39,0 0 0 0 0 0 1 0 0 0
3115,Video Title 3115,mathematics,47000,,2018-11-01 01:06:23,0 0 0 0 0 0 1 0 0 0
3116,Video Title 3116,mathematics,53000,,2023-12-03 21:39:59,0 0 0 0 0 0 1 0 0 0
3117,Video Title 3117,mathematics,52000,,2020-12-27 10:57:29,0 0 0 0 0 0 1 0 0 0
3118,Video Title 3118,mathematics,30000,,2017-10-08 14:44:39,0 0 0 0 0 0 1 0 0 0
3119,Video Title 3119,mathematics,58000,,2020-08-20 21:04:57,0 0 0 0 0 0 1 0 0 0
3120,Video Title 3120,mathematics,31000,,2016-07-23 09:58:32,0 0 0 0 0 0 1 0 0 0
3121,Video Title 3121,mathematics,31000,,2016-11-04 15:35:10,0 0 0 0 0 0 1 0 0 0
3122,Video Title 3122,mathematics,55000,,2020-12-19 07:44:16,0 0 0 0 0 0 1 0 0 0
3123,Video Title 3123,mathematics,38000,,2014-07-15 18:16:04,0 0 0 0 0 0 1 0 0 0
3124,Video Title 3124,mathematics,50000,,2023-06-14 21:27:35,0 0 0 0 0 0 1 0 0 0
3125,Video Title 3125,mathematics,32000,,2017-11-21 13:18:53,0 0 0 0 0 0 1 0 0 0
3126,Video Title 3126,mathematics,38000,,2020-08-18 21:11:28,0 0 0 0 0 0 1 0 0 0
3127,Video Title 3127,mathematics,59000,,2020-08-08 08:47:33,0 0 0 0 0 0 1 0 0 0
3128,Video Title 3128,mathematics,57000,,2015-01-31 19:17:22,0 0 0 0 0 0 1 0 0 0
3129,Video Title 3129,mathematics,39000,,2022-09-04 01:09:17,0 0 0 0 0 0 1 0 0 0
3130,Video Title 3130,mathematics,50000,,2017-11-13 19:26:04,0 0 0 0 0 0 1 0 0 0
3131,Video Title 3131,mathematics,42000,,2019-02-02 04:07:59,0 0 0 0 0 0 1 0 0 0
3132,Video Title 3132,mathematics,52000,,2015-01-01 13:17:06,0 0 0 0 0 0 1 0 0 0
3133,Video Title 3133,mathematics,40000,,2018-11-07 00:24:16,0 0 0 0 0 0 1 0 0 0
3134,Video Title 3134,mathematics,49000,,2019-04-27 04:42:45,0 0 0 0 0 0 1 0 0 0
3135,Video Title 3135,mathematics,35000,,2015-12-29 21:28:03,0 0 0 0 0 0 1 0 0 0
3136,Video Title 3136,mathematics,60000,,2018-08-01 15:35:47,0 0 0 0 0 0 1 0 0 0
3137,Video Title 3137,mathematics,59000,,2021-02-15 12:18:03,0 0 0 0 0 0 1 0 0 0
3138,Video Title 3138,mathematics,31000,,2016-06-23 23:33:05,0 0 0 0 0 0 1 0 0 0
3139,Video Title 3139,mathematics,46000,,2017-01-19 23:39:03,0 0 0 0 0 0 1 0 0 0
3140,Video Title 3140,mathematics,45000,,2017-12-08 21:49:26,0 0 0 0 0 0 1 0 0 0
3141,Video Title 3141,mathematics,35000,,2014-03-11 01:24:24,0 0 0 0 0 0 1 0 0 0
3142,Video Title 3142,mathematics,51000,,2017-07-10 11:35:09,0 0 0 0 0 0 1 0 0 0
3143,Video Title 3143,mathematics,50000,,2017-01-10 11:46:34,0 0 0 0 0 0 1 0 0 0
3144,Video Title 3144,mathematics,46000,,2016-10-05 22:56:14,0 0 0 0 0 0 1 0 0 0
3145,Video Title 3145,mathematics,31000,,2020-04-05 03:24:39,0 0 0 0 0 0 1 0 0 0
3146,Video Title 3146,mathematics,58000,,2017-11-16 04:08:37,0 0 0 0 0 0 1 0 0 0
3147,Video Title 3147,mathematics,56000,,2023-11-26 19:40:29,0 0 0 0 0 0 1 0 0 0
3148,Video Title 3148,mathematics,60000,,2019-07-21 12:41:13,0 0 0 0 0 0 1 0 0 0
3149,Video Title 3149,mathematics,38000,,2016-04-05 09:02:39,0 0 0 0 0 0 1 0 0 0
3150,Video Title 3150,mathematics,40000,,2022-12-21 16:33:27,0 0 0 0 0 0 1 0 0 0
3151,Video Title 3151,mathematics,51000,,2015-05-19 00:02:06,0 0 0 0 0 0 1 0 0 0
3152,Video Title 3152,mathematics,53000,,2017-10-29 01:20:37,0 0 0 0 0 0 1 0 0 0
3153,Video Title 3153,mathematics,60000,,2020-10-12 16:21:10,0 0 0 0 0 0 1 0 0 0
3154,Video Title 3154,mathematics,57000,,2020-04-04 03:57:18,0 0 0 0 0 0 1 0 0 0
3155,Video Title 3155,mathematics,37000,,2018-03-06 06:24:00,0 0 0 0 0 0 1 0 0 0
3156,Video Title 3156,mathematics,48000,,2015-07-14 12:49:33,0 0 0 0 0 0 1 0 0 0
3157,Video Title 3157,mathematics,39000,,2023-02-05 12:49:13,0 0 0 0 0 0 1 0 0 0
3158,Video Title 3158,mathematics,40000,,2018-06-30 11:13:14,0 0 0 0 0 0 1 0 0 0
3159,Video Title 3159,mathematics,34000,,2016-01-27 15:56:14,0 0 0 0 0 0 1 0 0 0
3160,Video Title 3160,mathematics,34000,,2019-10-24 18:17:21,0 0 0 0 0 0 1 0 0 0
3161,Video Title 3161,mathematics,51000,,2022-01-01 09:12:11,0 0 0 0 0 0 1 0 0 0
3162,Video Title 3162,mathematics,57000,,2015-05-22 02:24:16,0 0 0 0 0 0 1 0 0 0
3163,Video Title 3163,mathematics,52000,,2021-01-19 17:56:51,0 0 0 0 0 0 1 0 0 0
3164,Video Title 3164,mathematics,46000,,2023-02-04 21:41:37,0 0 0 0 0 0 1 0 0 0
3165,Video Title 3165,mathematics,43000,,2023-12-16 06:04:33,0 0 0 0 0 0 1 0 0 0
3166,Video Title 3166,mathematics,54000,,2015-06-16 19:20:59,0 0 0 0 0 0 1 0 0 0
3167,Video Title 3167,mathematics,59000,,2019-08-26 16:21:34,0 0 0 0 0 0 1 0 0 0
3168,Video Title 3168,mathematics,35000,,2017-03-06 20:40:05,0 0 0 0 0 0 1 0 0 0
3169,Video Title 3169,mathematics,47000,,2019-05-02 07:25:53,0 0 0 0 0 0 1 0 0 0
3170,Video Title 3170,mathematics,53000,,2015-03-11 02:43:36,0 0 0 0 0 0 1 0 0 0
3171,Video Title 3171,mathematics,40000,,2022-05-25 06:10:18,0 0 0 0 0 0 1 0 0 0
3172,Video Title 3172,mathematics,34000,,2021-04-09 20:10:01,0 0 0 0 0 0 1 0 0 0
3173,Video Title 3173,mathematics,54000,,2017-03-11 05:01:12,0 0 0 0 0 0 1 0 0 0
3174,Video Title 3174,mathematics,43000,,2023-08-12 08:47:09,0 0 0 0 0 0 1 0 0 0
3175,Video Title 3175,mathematics,39000,,2018-06-07 23:11:35,0 0 0 0 0 0 1 0 0 0
3176,Video Title 3176,mathematics,59000,,2022-03-21 04:47:23,0 0 0 0 0 0 1 0 0 0
3177,Video Title 3177,mathematics,50000,,2023-05-02 08:42:09,0 0 0 0 0 0 1 0 0 0
3178,Video Title 3178,mathematics,38000,,2015-07-11 15:26:17,0 0 0 0 0 0 1 0 0 0
3179,Video Title 3179,mathematics,36000,,2015-01-27 17:10:39,0 0 0 0 0 0 1 0 0 0
3180,Video Title 3180,mathematics,35000,,2014-04-08 14:57:51,0 0 0 0 0 0 1 0 0 0
3181,Video Title 3181,mathematics,49000,,2020-03-03 20:30:49,0 0 0 0 0 0 1 0 0 0
3182,Video Title 3182,mathematics,49000,,2019-09-03 16:58:29,0 0 0 0 0 0 1 0 0 0
3183,Video Title 3183,mathematics,37000,,2019-12-19 17:11:48,0 0 0 0 0 0 1 0 0 0
3184,Video Title 3184,mathematics,37000,,2020-11-15 22:18:09,0 0 0 0 0 0 1 0 0 0
3185,Video Title 3185,mathematics,41000,,2014-10-20 02:02:51,0 0 0 0 0 0 1 0 0 0
3186,Video Title 3186,mathematics,54000,,2018-10-08 14:21:16,0 0 0 0 0 0 1 0 0 0
3187,Video Title 3187,mathematics,46000,,2022-06-18 09:42:34,0 0 0 0 0 0 1 0 0 0
3188,Video Title 3188,mathematics,45000,,2021-02-13 20:52:32,0 0 0 0 0 0 1 0 0 0
3189,Video Title 3189,mathematics,41000,,2015-11-05 12:20:22,0 0 0 0 0 0 1 0 0 0
3190,Video Title 3190,mathematics,42000,,2018-12-01 18:38:03,0 0 0 0 0 0 1 0 0 0
3191,Video Title 3191,mathematics,34000,,2015-08-23 19:41:11,0 0 0 0 0 0 1 0 0 0
3192,Video Title 3192,mathematics,37000,,2014-04-30 15:18:31,0 0 0 0 0 0 1 0 0 0
3193,Video Title 3193,mathematics,54000,,2023-09-09 04:12:03,0 0 0 0 0 0 1 0 0 0
3194,Video Title 3194,mathematics,59000,,2016-09-13 23:37:20,0 0 0 0 0 0 1 0 0 0
3195,Video Title 3195,mathematics,43000,,2016-03-25 07:44:56,0 0 0 0 0 0 1 0 0 0
3196,Video Title 3196,mathematics,51000,,2023-11-19 02:07:24,0 0 0 0 0 0 1 0 0 0
3197,Video Title 3197,mathematics,54000,,2016-01-19 15:38:25,0 0 0 0 0 0 1 0 0 0
3198,Video Title 3198,mathematics,35000,,2023-04-09 22:14:27,0 0 0 0 0 0 1 0 0 0
3199,Video Title 3199,mathematics,44000,,2022-09-03 00:30:02,0 0 0 0 0 0 1 0 0 0
3200,Video Title 3200,mathematics,45000,,2020-11-17 16:46:22,0 0 0 0 0 0 1 0 0 0
3201,Video Title 3201,mathematics,57000,,2018-07-31 00:56:08,0 0 0 0 0 0 1 0 0 0
3202,Video Title 3202,mathematics,37000,,2018-04-12 13:52:40,0 0 0 0 0 0 1 0 0 0
3203,Video Title 3203,mathematics,54000,,2014-06-04 15:58:54,0 0 0 0 0 0 1 0 0 0
3204,Video Title 3204,mathematics,53000,,2022-03-30 19:10:40,0 0 0 0 0 0 1 0 0 0
3205,Video Title 3205,mathematics,53000,,2017-02-18 01:49:12,0 0 0 0 0 0 1 0 0 0
3206,Video Title 3206,mathematics,49000,,2023-05-23 20:35:17,0 0 0 0 0 0 1 0 0 0
3207,Video Title 3207,mathematics,48000,,2019-12-10 09:23:17,0 0 0 0 0 0 1 0 0 0
3208,Video Title 3208,mathematics,46000,,2020-06-01 02:05:56,0 0 0 0 0 0 1 0 0 0
3209,Video Title 3209,mathematics,52000,,2021-11-14 06:10:47,0 0 0 0 0 0 1 0 0 0
3210,Video Title 3210,mathematics,46000,,2015-02-06 00:06:26,0 0 0 0 0 0 1 0 0 0
3211,Video Title 3211,mathematics,44000,,2022-04-09 14:05:05,0 0 0 0 0 0 1 0 0 0
3212,Video Title 3212,mathematics,31000,,2022-10-11 21:31:21,0 0 0 0 0 0 1 0 0 0
3213,Video Title 3213,mathematics,37000,,2019-03-11 06:21:08,0 0 0 0 0 0 1 0 0 0
3214,Video Title 3214,mathematics,42000,,2023-11-02 23:33:51,0 0 0 0 0 0 1 0 0 0
3215,Video Title 3215,mathematics,31000,,2019-07-31 14:36:11,0 0 0 0 0 0 1 0 0 0
3216,Video Title 3216,mathematics,46000,,2021-08-26 20:00:17,0 0 0 0 0 0 1 0 0 0
3217,Video Title 3217,mathematics,60000,,2014-07-01 22:16:52,0 0 0 0 0 0 1 0 0 0
3218,Video Title 3218,mathematics,39000,,2018-05-26 08:55:09,0 0 0 0 0 0 1 0 0 0
3219,Video Title 3219,mathematics,58000,,2017-01-18 14:56:36,0 0 0 0 0 0 1 0 0 0
3220,Video Title 3220,mathematics,56000,,2016-11-11 14:07:04,0 0 0 0 0 0 1 0 0 0
3221,Video Title 3221,mathematics,35000,,2018-03-24 23:41:13,0 0 0 0 0 0 1 0 0 0
3222,Video Title 3222,mathematics,49000,,2023-03-11 11:16:30,0 0 0 0 0 0 1 0 0 0
3223,Video Title 3223,mathematics,52000,,2019-03-04 22:32:28,0 0 0 0 0 0 1 0 0 0
3224,Video Title 3224,mathematics,34000,,2018-08-22 01:30:58,0 0 0 0 0 0 1 0 0 0
3225,Video Title 3225,mathematics,50000,,2018-07-09 16:45:08,0 0 0 0 0 0 1 0 0 0
3226,Video Title 3226,mathematics,53000,,2019-01-04 09:37:20,0 0 0 0 0 0 1 0 0 0
3227,Video Title 3227,mathematics,35000,,2021-10-15 08:50:52,0 0 0 0 0 0 1 0 0 0
3228,Video Title 3228,mathematics,60000,,2022-12-11 07:08:03,0 0 0 0 0 0 1 0 0 0
3229,Video Title 3229,mathematics,47000,,2015-05-11 20:51:52,0 0 0 0 0 0 1 0 0 0
3230,Video Title 3230,mathematics,43000,,2017-03-28 15:10:39,0 0 0 0 0 0 1 0 0 0
3231,Video Title 3231,mathematics,30000,,2015-10-17 21:45:48,0 0 0 0 0 0 1 0 0 0
3232,Video Title 3232,mathematics,48000,,2022-12-19 15:41:37,0 0 0 0 0 0 1 0 0 0
3233,Video Title 3233,mathematics,58000,,2016-01-10 01:14:37,0 0 0 0 0 0 1 0 0 0
3234,Video Title 3234,mathematics,44000,,2014-11-28 03:44:17,0 0 0 0 0 0 1 0 0 0
3235,Video Title 3235,mathematics,40000,,2020-12-01 18:26:48,0 0 0 0 0 0 1 0 0 0
3236,Video Title 3236,mathematics,59000,,2021-02-11 20:44:58,0 0 0 0 0 0 1 0 0 0
3237,Video Title 3237,mathematics,35000,,2021-03-09 01:37:31,0 0 0 0 0 0 1 0 0 0
3238,Video Title 3238,mathematics,33000,,2014-12-01 20:21:09,0 0 0 0 0 0 1 0 0 0
3239,Video Title 3239,mathematics,52000,,2018-07-01 07:18:05,0 0 0 0 0 0 1 0 0 0
3240,Video Title 3240,mathematics,41000,,2014-11-10 08:51:11,0 0 0 0 0 0 1 0 0 0
3241,Video Title 3241,mathematics,52000,,2017-11-04 22:03:14,0 0 0 0 0 0 1 0 0 0
3242,Video Title 3242,mathematics,55000,,2023-10-02 10:46:07,0 0 0 0 0 0 1 0 0 0
3243,Video Title 3243,mathematics,49000,,2023-07-01 14:26:26,0 0 0 0 0 0 1 0 0 0
3244,Video Title 3244,mathematics,42000,,2019-07-04 18:17:58,0 0 0 0 0 0 1 0 0 0
3245,Video Title 3245,mathematics,31000,,2021-09-07 03:36:15,0 0 0 0 0 0 1 0 0 0
3246,Video Title 3246,mathematics,59000,,2017-05-10 10:55:08,0 0 0 0 0 0 1 0 0 0
3247,Video Title 3247,mathematics,57000,,2020-08-06 06:51:28,0 0 0 0 0 0 1 0 0 0
3248,Video Title 3248,mathematics,34000,,2015-08-17 18:04:15,0 0 0 0 0 0 1 0 0 0
3249,Video Title 3249,mathematics,34000,,2015-10-17 20:43:42,0 0 0 0 0 0 1 0 0 0
3250,Video Title 3250,mathematics,52000,,2014-07-09 06:47:56,0 0 0 0 0 0 1 0 0 0
3251,Video Title 3251,mathematics,39000,,2017-02-05 17:48:12,0 0 0 0 0 0 1 0 0 0
3252,Video Title 3252,mathematics,54000,,2023-08-11 12:37:53,0 0 0 0 0 0 1 0 0 0
3253,Video Title 3253,mathematics,39000,,2020-04-07 13:16:10,0 0 0 0 0 0 1 0 0 0
3254,Video Title 3254,mathematics,33000,,2022-12-26 16:16:17,0 0 0 0 0 0 1 0 0 0
3255,Video Title 3255,mathematics,60000,,2016-01-13 09:48:33,0 0 0 0 0 0 1 0 0 0
3256,Video Title 3256,mathematics,49000,,2021-08-27 16:40:21,0 0 0 0 0 0 1 0 0 0
3257,Video Title 3257,mathematics,30000,,2018-08-04 01:05:48,0 0 0 0 0 0 1 0 0 0
3258,Video Title 3258,mathematics,57000,,2018-12-28 01:03:36,0 0 0 0 0 0 1 0 0 0
3259,Video Title 3259,mathematics,55000,,2014-01-23 23:44:53,0 0 0 0 0 0 1 0 0 0
3260,Video Title 3260,mathematics,58000,,2018-12-09 03:41:28,0 0 0 0 0 0 1 0 0 0
3261,Video Title 3261,mathematics,36000,,2019-11-22 08:20:23,0 0 0 0 0 0 1 0 0 0
3262,Video Title 3262,mathematics,45000,,2018-07-17 03:29:28,0 0 0 0 0 0 1 0 0 0
3263,Video Title 3263,mathematics,44000,,2014-10-19 19:52:14,0 0 0 0 0 0 1 0 0 0
3264,Video Title 3264,mathematics,49000,,2014-01-26 23:47:48,0 0 0 0 0 0 1 0 0 0
3265,Video Title 3265,mathematics,58000,,2019-06-23 19:07:29,0 0 0 0 0 0 1 0 0 0
3266,Video Title 3266,mathematics,49000,,2020-04-15 12:27:47,0 0 0 0 0 0 1 0 0 0
3267,Video Title 3267,mathematics,56000,,2022-04-03 04:07:09,0 0 0 0 0 0 1 0 0 0
3268,Video Title 3268,mathematics,31000,,2015-11-08 15:58:58,0 0 0 0 0 0 1 0 0 0
3269,Video Title 3269,mathematics,31000,,2020-07-14 11:03:16,0 0 0 0 0 0 1 0 0 0
3270,Video Title 3270,mathematics,31000,,2015-06-17 14:47:55,0 0 0 0 0 0 1 0 0 0
3271,Video Title 3271,mathematics,31000,,2020-09-02 12:53:49,0 0 0 0 0 0 1 0 0 0
3272,Video Title 3272,mathematics,56000,,2020-01-13 23:48:23,0 0 0 0 0 0 1 0 0 0
3273,Video Title 3273,mathematics,40000,,2023-03-16 09:41:58,0 0 0 0 0 0 1 0 0 0
3274,Video Title 3274,mathematics,31000,,2015-02-04 10:33:27,0 0 0 0 0 0 1 0 0 0
3275,Video Title 3275,mathematics,35000,,2015-08-14 20:57:57,0 0 0 0 0 0 1 0 0 0
3276,Video Title 3276,mathematics,39000,,2020-02-11 11:27:45,0 0 0 0 0 0 1 0 0 0
3277,Video Title 3277,mathematics,52000,,2020-12-31 10:34:51,0 0 0 0 0 0 1 0 0 0
3278,Video Title 3278,mathematics,48000,,2021-11-15 16:08:38,0 0 0 0 0 0 1 0 0 0
3279,Video Title 3279,mathematics,35000,,2023-08-30 23:17:23,0 0 0 0 0 0 1 0 0 0
3280,Video Title 3280,mathematics,53000,,2019-10-17 05:26:49,0 0 0 0 0 0 1 0 0 0
3281,Video Title 3281,mathematics,59000,,2014-05-13 19:35:15,0 0 0 0 0 0 1 0 0 0
3282,Video Title 3282,mathematics,54000,,2016-12-30 10:11:47,0 0 0 0 0 0 1 0 0 0
3283,Video Title 3283,mathematics,41000,,2022-12-22 23:36:30,0 0 0 0 0 0 1 0 0 0
3284,Video Title 3284,mathematics,56000,,2014-09-06 23:36:03,0 0 0 0 0 0 1 0 0 0
3285,Video Title 3285,mathematics,43000,,2022-06-08 01:55:24,0 0 0 0 0 0 1 0 0 0
3286,Video Title 3286,mathematics,32000,,2016-12-06 20:08:44,0 0 0 0 0 0 1 0 0 0
3287,Video Title 3287,mathematics,34000,,2015-03-24 09:14:05,0 0 0 0 0 0 1 0 0 0
3288,Video Title 3288,mathematics,57000,,2016-09-30 15:03:51,0 0 0 0 0 0 1 0 0 0
3289,Video Title 3289,mathematics,46000,,2018-02-21 05:11:34,0 0 0 0 0 0 1 0 0 0
3290,Video Title 3290,mathematics,36000,,2020-12-16 18:39:50,0 0 0 0 0 0 1 0 0 0
3291,Video Title 3291,mathematics,49000,,2014-08-03 08:58:11,0 0 0 0 0 0 1 0 0 0
3292,Video Title 3292,mathematics,48000,,2021-04-19 12:13:05,0 0 0 0 0 0 1 0 0 0
3293,Video Title 3293,mathematics,50000,,2019-04-17 15:43:27,0 0 0 0 0 0 1 0 0 0
3294,Video Title 3294,mathematics,32000,,2018-11-03 08:52:38,0 0 0 0 0 0 1 0 0 0
3295,Video Title 3295,mathematics,52000,,2020-01-19 10:33:16,0 0 0 0 0 0 1 0 0 0
3296,Video Title 3296,mathematics,55000,,2023-11-11 21:59:29,0 0 0 0 0 0 1 0 0 0
3297,Video Title 3297,mathematics,39000,,2018-04-10 17:53:44,0 0 0 0 0 0 1 0 0 0
3298,Video Title 3298,mathematics,57000,,2017-03-03 04:23:51,0 0 0 0 0 0 1 0 0 0
3299,Video Title 3299,mathematics,46000,,2019-10-03 06:29:58,0 0 0 0 0 0 1 0 0 0
3300,Video Title 3300,mathematics,49000,,2017-07-17 13:33:10,0 0 0 0 0 0 1 0 0 0
3301,Video Title 3301,mathematics,34000,,2020-02-23 03:48:08,0 0 0 0 0 0 1 0 0 0
3302,Video Title 3302,mathematics,45000,,2019-03-14 22:13:41,0 0 0 0 0 0 1 0 0 0
3303,Video Title 3303,mathematics,50000,,2018-12-24 18:07:17,0 0 0 0 0 0 1 0 0 0
3304,Video Title 3304,mathematics,55000,,2015-10-21 15:52:24,0 0 0 0 0 0 1 0 0 0
3305,Video Title 3305,mathematics,49000,,2016-05-01 10:24:56,0 0 0 0 0 0 1 0 0 0
3306,Video Title 3306,mathematics,39000,,2023-10-17 06:58:15,0 0 0 0 0 0 1 0 0 0
3307,Video Title 3307,mathematics,30000,,2015-03-10 10:56:41,0 0 0 0 0 0 1 0 0 0
3308,Video Title 3308,mathematics,44000,,2020-04-03 22:21:39,0 0 0 0 0 0 1 0 0 0
3309,Video Title 3309,mathematics,33000,,2021-05-17 18:13:46,0 0 0 0 0 0 1 0 0 0
3310,Video Title 3310,mathematics,36000,,2021-12-30 09:50:13,0 0 0 0 0 0 1 0 0 0
3311,Video Title 3311,mathematics,43000,,2018-02-22 06:00:13,0 0 0 0 0 0 1 0 0 0
3312,Video Title 3312,mathematics,40000,,2017-07-02 05:20:38,0 0 0 0 0 0 1 0 0 0
3313,Video Title 3313,mathematics,55000,,2020-05-17 21:18:37,0 0 0 0 0 0 1 0 0 0
3314,Video Title 3314,mathematics,30000,,2020-05-29 06:09:50,0 0 0 0 0 0 1 0 0 0
3315,Video Title 3315,mathematics,52000,,2016-10-26 22:29:57,0 0 0 0 0 0 1 0 0 0
3316,Video Title 3316,mathematics,55000,,2014-09-07 14:26:20,0 0 0 0 0 0 1 0 0 0
3317,Video Title 3317,mathematics,39000,,2019-01-26 10:00:40,0 0 0 0 0 0 1 0 0 0
3318,Video Title 3318,mathematics,40000,,2021-09-02 16:03:21,0 0 0 0 0 0 1 0 0 0
3319,Video Title 3319,mathematics,33000,,2020-11-10 07:12:54,0 0 0 0 0 0 1 0 0 0
3320,Video Title 3320,mathematics,40000,,2017-12-18 13:55:15,0 0 0 0 0 0 1 0 0 0
3321,Video Title 3321,mathematics,48000,,2020-02-29 09:01:00,0 0 0 0 0 0 1 0 0 0
3322,Video Title 3322,mathematics,30000,,2022-04-27 22:56:47,0 0 0 0 0 0 1 0 0 0
3323,Video Title 3323,mathematics,36000,,2017-04-23 09:05:57,0 0 0 0 0 0 1 0 0 0
3324,Video Title 3324,mathematics,40000,,2023-03-23 07:42:26,0 0 0 0 0 0 1 0 0 0
3325,Video Title 3325,mathematics,45000,,2023-02-28 23:53:00,0 0 0 0 0 0 1 0 0 0
3326,Video Title 3326,mathematics,55000,,2014-05-12 18:54:09,0 0 0 0 0 0 1 0 0 0
3327,Video Title 3327,mathematics,34000,,2018-10-26 11:00:28,0 0 0 0 0 0 1 0 0 0
3328,Video Title 3328,mathematics,50000,,2018-08-11 06:07:52,0 0 0 0 0 0 1 0 0 0
3329,Video Title 3329,mathematics,57000,,2019-05-16 22:21:24,0 0 0 0 0 0 1 0 0 0
3330,Video Title 3330,mathematics,40000,,2018-08-18 00:22:42,0 0 0 0 0 0 1 0 0 0
3331,Video Title 3331,mathematics,56000,,2018-02-21 22:17:18,0 0 0 0 0 0 1 0 0 0
3332,Video Title 3332,mathematics,53000,,2014-07-26 11:33:07,0 0 0 0 0 0 1 0 0 0
3333,Video Title 3333,mathematics,46000,,2016-12-30 14:30:43,0 0 0 0 0 0 1 0 0 0
3334,Video Title 3334,mathematics,53000,,2020-10-13 10:06:42,0 0 0 0 0 0 1 0 0 0
3335,Video Title 3335,mathematics,47000,,2019-05-12 23:34:03,0 0 0 0 0 0 1 0 0 0
3336,Video Title 3336,mathematics,36000,,2019-10-11 12:02:00,0 0 0 0 0 0 1 0 0 0
3337,Video Title 3337,mathematics,40000,,2021-12-30 07:17:42,0 0 0 0 0 0 1 0 0 0
3338,Video Title 3338,mathematics,58000,,2021-12-16 14:34:23,0 0 0 0 0 0 1 0 0 0
3339,Video Title 3339,mathematics,32000,,2023-09-12 02:07:27,0 0 0 0 0 0 1 0 0 0
3340,Video Title 3340,mathematics,38000,,2022-05-29 16:44:59,0 0 0 0 0 0 1 0 0 0
3341,Video Title 3341,mathematics,40000,,2023-11-02 05:00:14,0 0 0 0 0 0 1 0 0 0
3342,Video Title 3342,mathematics,50000,,2019-05-07 02:19:48,0 0 0 0 0 0 1 0 0 0
3343,Video Title 3343,mathematics,35000,,2019-09-18 01:59:30,0 0 0 0 0 0 1 0 0 0
3344,Video Title 3344,mathematics,42000,,2015-11-17 22:23:33,0 0 0 0 0 0 1 0 0 0
3345,Video Title 3345,mathematics,33000,,2022-08-24 18:24:26,0 0 0 0 0 0 1 0 0 0
3346,Video Title 3346,mathematics,54000,,2017-02-01 05:27:08,0 0 0 0 0 0 1 0 0 0
3347,Video Title 3347,mathematics,57000,,2017-02-23 22:08:50,0 0 0 0 0 0 1 0 0 0
3348,Video Title 3348,mathematics,31000,,2016-09-19 23:10:25,0 0 0 0 0 0 1 0 0 0
3349,Video Title 3349,mathematics,32000,,2018-12-22 05:58:06,0 0 0 0 0 0 1 0 0 0
3350,Video Title 3350,mathematics,37000,,2017-09-20 06:43:16,0 0 0 0 0 0 1 0 0 0
3351,Video Title 3351,mathematics,56000,,2023-07-05 03:39:47,0 0 0 0 0 0 1 0 0 0
3352,Video Title 3352,mathematics,36000,,2019-04-03 14:47:48,0 0 0 0 0 0 1 0 0 0
3353,Video Title 3353,mathematics,35000,,2015-02-16 15:27:34,0 0 0 0 0 0 1 0 0 0
3354,Video Title 3354,mathematics,55000,,2014-05-19 11:48:18,0 0 0 0 0 0 1 0 0 0
3355,Video Title 3355,mathematics,36000,,2023-02-18 17:47:48,0 0 0 0 0 0 1 0 0 0
3356,Video Title 3356,mathematics,44000,,2019-01-23 21:08:06,0 0 0 0 0 0 1 0 0 0
3357,Video Title 3357,mathematics,55000,,2018-10-30 17:17:43,0 0 0 0 0 0 1 0 0 0
3358,Video Title 3358,mathematics,46000,,2015-07-19 09:12:47,0 0 0 0 0 0 1 0 0 0
3359,Video Title 3359,mathematics,40000,,2023-03-28 06:34:51,0 0 0 0 0 0 1 0 0 0
3360,Video Title 3360,mathematics,53000,,2022-09-27 15:48:31,0 0 0 0 0 0 1 0 0 0
3361,Video Title 3361,mathematics,39000,,2021-10-03 16:42:32,0 0 0 0 0 0 1 0 0 0
3362,Video Title 3362,mathematics,34000,,2021-09-11 14:34:13,0 0 0 0 0 0 1 0 0 0
3363,Video Title 3363,mathematics,33000,,2022-03-22 19:20:03,0 0 0 0 0 0 1 0 0 0
3364,Video Title 3364,mathematics,60000,,2019-03-01 22:26:38,0 0 0 0 0 0 1 0 0 0
3365,Video Title 3365,mathematics,34000,,2016-01-21 22:23:27,0 0 0 0 0 0 1 0 0 0
3366,Video Title 3366,mathematics,31000,,2018-08-06 16:40:21,0 0 0 0 0 0 1 0 0 0
3367,Video Title 3367,mathematics,52000,,2022-08-25 13:22:25,0 0 0 0 0 0 1 0 0 0
3368,Video Title 3368,mathematics,33000,,2014-01-18 00:01:28,0 0 0 0 0 0 1 0 0 0
3369,Video Title 3369,mathematics,59000,,2014-06-12 17:01:29,0 0 0 0 0 0 1 0 0 0
3370,Video Title 3370,mathematics,57000,,2019-12-12 03:35:31,0 0 0 0 0 0 1 0 0 0
3371,Video Title 3371,mathematics,32000,,2017-05-03 12:10:56,0 0 0 0 0 0 1 0 0 0
3372,Video Title 3372,mathematics,58000,,2014-06-20 09:50:37,0 0 0 0 0 0 1 0 0 0
3373,Video Title 3373,mathematics,46000,,2021-08-30 13:23:03,0 0 0 0 0 0 1 0 0 0
3374,Video Title 3374,mathematics,53000,,2017-02-16 13:19:05,0 0 0 0 0 0 1 0 0 0
3375,Video Title 3375,mathematics,48000,,2021-08-02 12:03:31,0 0 0 0 0 0 1 0 0 0
3376,Video Title 3376,mathematics,50000,,2022-12-03 07:04:37,0 0 0 0 0 0 1 0 0 0
3377,Video Title 3377,mathematics,40000,,2016-01-05 00:39:46,0 0 0 0 0 0 1 0 0 0
3378,Video Title 3378,mathematics,39000,,2016-10-08 18:29:58,0 0 0 0 0 0 1 0 0 0
3379,Video Title 3379,mathematics,40000,,2021-09-23 16:08:59,0 0 0 0 0 0 1 0 0 0
3380,Video Title 3380,mathematics,51000,,2015-03-08 10:12:48,0 0 0 0 0 0 1 0 0 0
3381,Video Title 3381,mathematics,34000,,2015-07-31 20:39:03,0 0 0 0 0 0 1 0 0 0
3382,Video Title 3382,mathematics,33000,,2014-02-27 16:29:18,0 0 0 0 0 0 1 0 0 0
3383,Video Title 3383,mathematics,49000,,2019-08-07 15:13:00,0 0 0 0 0 0 1 0 0 0
3384,Video Title 3384,mathematics,33000,,2016-01-27 00:10:42,0 0 0 0 0 0 1 0 0 0
3385,Video Title 3385,mathematics,41000,,2019-07-01 04:25:53,0 0 0 0 0 0 1 0 0 0
3386,Video Title 3386,mathematics,38000,,2015-06-03 16:22:41,0 0 0 0 0 0 1 0 0 0
3387,Video Title 3387,mathematics,52000,,2022-01-15 14:38:55,0 0 0 0 0 0 1 0 0 0
3388,Video Title 3388,mathematics,48000,,2016-06-14 14:40:35,0 0 0 0 0 0 1 0 0 0
3389,Video Title 3389,mathematics,32000,,2017-02-12 12:40:27,0 0 0 0 0 0 1 0 0 0
3390,Video Title 3390,mathematics,58000,,2017-05-23 09:31:37,0 0 0 0 0 0 1 0 0 0
3391,Video Title 3391,mathematics,44000,,2014-07-07 03:36:49,0 0 0 0 0 0 1 0 0 0
3392,Video Title 3392,mathematics,30000,,2018-09-17 04:26:12,0 0 0 0 0 0 1 0 0 0
3393,Video Title 3393,mathematics,51000,,2014-07-06 03:56:47,0 0 0 0 0 0 1 0 0 0
3394,Video Title 3394,mathematics,42000,,2014-07-18 08:52:08,0 0 0 0 0 0 1 0 0 0
3395,Video Title 3395,mathematics,43000,,2017-12-03 11:54:29,0 0 0 0 0 0 1 0 0 0
3396,Video Title 3396,mathematics,52000,,2019-12-18 20:13:52,0 0 0 0 0 0 1 0 0 0
3397,Video Title 3397,mathematics,48000,,2020-04-18 13:37:56,0 0 0 0 0 0 1 0 0 0
3398,Video Title 3398,mathematics,52000,,2020-12-29 16:25:04,0 0 0 0 0 0 1 0 0 0
3399,Video Title 3399,mathematics,49000,,2017-07-24 00:41:23,0 0 0 0 0 0 1 0 0 0
3400,Video Title 3400,mathematics,40000,,2022-03-05 15:55:02,0 0 0 0 0 0 1 0 0 0
3401,Video Title 3401,mathematics,52000,,2021-08-02 04:03:46,0 0 0 0 0 0 1 0 0 0
3402,Video Title 3402,mathematics,55000,,2019-05-04 05:16:47,0 0 0 0 0 0 1 0 0 0
3403,Video Title 3403,mathematics,59000,,2021-07-23 11:04:52,0 0 0 0 0 0 1 0 0 0
3404,Video Title 3404,mathematics,44000,,2019-09-06 10:20:34,0 0 0 0 0 0 1 0 0 0
3405,Video Title 3405,mathematics,32000,,2022-02-16 21:44:56,0 0 0 0 0 0 1 0 0 0
3406,Video Title 3406,mathematics,59000,,2020-12-26 21:18:29,0 0 0 0 0 0 1 0 0 0
3407,Video Title 3407,mathematics,33000,,2018-07-23 21:10:24,0 0 0 0 0 0 1 0 0 0
3408,Video Title 3408,mathematics,51000,,2020-06-12 03:04:12,0 0 0 0 0 0 1 0 0 0
3409,Video Title 3409,mathematics,54000,,2018-08-28 16:44:20,0 0 0 0 0 0 1 0 0 0
3410,Video Title 3410,mathematics,37000,,2023-06-23 04:28:06,0 0 0 0 0 0 1 0 0 0
3411,Video Title 3411,mathematics,34000,,2022-08-12 00:02:01,0 0 0 0 0 0 1 0 0 0
3412,Video Title 3412,mathematics,49000,,2016-08-01 21:25:20,0 0 0 0 0 0 1 0 0 0
3413,Video Title 3413,mathematics,41000,,2017-12-04 01:56:16,0 0 0 0 0 0 1 0 0 0
3414,Video Title 3414,mathematics,52000,,2023-03-05 00:21:48,0 0 0 0 0 0 1 0 0 0
3415,Video Title 3415,mathematics,40000,,2021-11-21 01:00:52,0 0 0 0 0 0 1 0 0 0
3416,Video Title 3416,mathematics,58000,,2017-04-02 09:04:16,0 0 0 0 0 0 1 0 0 0
3417,Video Title 3417,mathematics,45000,,2014-04-23 11:08:16,0 0 0 0 0 0 1 0 0 0
3418,Video Title 3418,mathematics,45000,,2015-02-19 00:54:22,0 0 0 0 0 0 1 0 0 0
3419,Video Title 3419,mathematics,45000,,2018-08-13 12:46:17,0 0 0 0 0 0 1 0 0 0
3420,Video Title 3420,mathematics,35000,,2016-10-29 05:44:43,0 0 0 0 0 0 1 0 0 0
3421,Video Title 3421,mathematics,41000,,2020-01-18 04:57:51,0 0 0 0 0 0 1 0 0 0
3422,Video Title 3422,mathematics,34000,,2019-01-31 00:23:26,0 0 0 0 0 0 1 0 0 0
3423,Video Title 3423,mathematics,42000,,2022-03-06 01:38:00,0 0 0 0 0 0 1 0 0 0
3424,Video Title 3424,mathematics,55000,,2015-01-28 11:33:41,0 0 0 0 0 0 1 0 0 0
3425,Video Title 3425,mathematics,47000,,2020-06-30 11:56:37,0 0 0 0 0 0 1 0 0 0
3426,Video Title 3426,mathematics,55000,,2017-01-09 17:32:52,0 0 0 0 0 0 1 0 0 0
3427,Video Title 3427,mathematics,44000,,2018-01-04 23:31:23,0 0 0 0 0 0 1 0 0 0
3428,Video Title 3428,mathematics,43000,,2016-05-22 19:11:44,0 0 0 0 0 0 1 0 0 0
3429,Video Title 3429,mathematics,37000,,2019-06-26 00:20:02,0 0 0 0 0 0 1 0 0 0
3430,Video Title 3430,mathematics,45000,,2017-11-03 22:19:18,0 0 0 0 0 0 1 0 0 0
3431,Video Title 3431,mathematics,40000,,2016-02-02 01:39:41,0 0 0 0 0 0 1 0 0 0
3432,Video Title 3432,mathematics,52000,,2019-11-30 00:59:21,0 0 0 0 0 0 1 0 0 0
3433,Video Title 3433,mathematics,55000,,2023-10-20 17:58:40,0 0 0 0 0 0 1 0 0 0
3434,Video Title 3434,mathematics,48000,,2021-11-15 17:49:30,0 0 0 0 0 0 1 0 0 0
3435,Video Title 3435,mathematics,47000,,2020-12-10 14:03:52,0 0 0 0 0 0 1 0 0 0
3436,Video Title 3436,mathematics,35000,,2020-08-17 12:50:01,0 0 0 0 0 0 1 0 0 0
3437,Video Title 3437,mathematics,32000,,2021-05-24 16:33:11,0 0 0 0 0 0 1 0 0 0
3438,Video Title 3438,mathematics,52000,,2019-09-29 18:53:39,0 0 0 0 0 0 1 0 0 0
3439,Video Title 3439,mathematics,45000,,2015-02-24 06:40:57,0 0 0 0 0 0 1 0 0 0
3440,Video Title 3440,mathematics,49000,,2018-08-19 14:46:43,0 0 0 0 0 0 1 0 0 0
3441,Video Title 3441,mathematics,47000,,2014-12-25 10:28:56,0 0 0 0 0 0 1 0 0 0
3442,Video Title 3442,mathematics,44000,,2015-10-08 00:50:33,0 0 0 0 0 0 1 0 0 0
3443,Video Title 3443,mathematics,60000,,2018-01-23 03:31:40,0 0 0 0 0 0 1 0 0 0
3444,Video Title 3444,mathematics,49000,,2015-02-03 22:01:47,0 0 0 0 0 0 1 0 0 0
3445,Video Title 3445,mathematics,56000,,2019-12-19 21:06:51,0 0 0 0 0 0 1 0 0 0
3446,Video Title 3446,mathematics,56000,,2017-10-17 00:36:17,0 0 0 0 0 0 1 0 0 0
3447,Video Title 3447,mathematics,45000,,2020-06-14 05:02:47,0 0 0 0 0 0 1 0 0 0
3448,Video Title 3448,mathematics,31000,,2014-11-29 10:41:28,0 0 0 0 0 0 1 0 0 0
3449,Video Title 3449,mathematics,56000,,2015-05-25 01:06:22,0 0 0 0 0 0 1 0 0 0
3450,Video Title 3450,mathematics,48000,,2023-01-12 21:13:33,0 0 0 0 0 0 1 0 0 0
3451,Video Title 3451,mathematics,50000,,2022-02-05 21:55:43,0 0 0 0 0 0 1 0 0 0
3452,Video Title 3452,mathematics,54000,,2015-06-22 13:08:27,0 0 0 0 0 0 1 0 0 0
3453,Video Title 3453,mathematics,34000,,2018-07-14 08:33:33,0 0 0 0 0 0 1 0 0 0
3454,Video Title 3454,mathematics,39000,,2017-11-26 10:28:51,0 0 0 0 0 0 1 0 0 0
3455,Video Title 3455,mathematics,48000,,2018-06-23 03:11:44,0 0 0 0 0 0 1 0 0 0
3456,Video Title 3456,mathematics,36000,,2020-10-25 12:52:14,0 0 0 0 0 0 1 0 0 0
3457,Video Title 3457,mathematics,40000,,2017-01-01 00:48:55,0 0 0 0 0 0 1 0 0 0
3458,Video Title 3458,mathematics,55000,,2023-02-18 04:41:37,0 0 0 0 0 0 1 0 0 0
3459,Video Title 3459,mathematics,39000,,2023-03-09 12:44:31,0 0 0 0 0 0 1 0 0 0
3460,Video Title 3460,mathematics,59000,,2018-05-08 18:05:17,0 0 0 0 0 0 1 0 0 0
3461,Video Title 3461,mathematics,59000,,2017-06-12 13:34:52,0 0 0 0 0 0 1 0 0 0
3462,Video Title 3462,mathematics,32000,,2019-10-30 22:52:59,0 0 0 0 0 0 1 0 0 0
3463,Video Title 3463,mathematics,49000,,2023-11-12 10:32:11,0 0 0 0 0 0 1 0 0 0
3464,Video Title 3464,mathematics,42000,,2022-06-23 20:58:44,0 0 0 0 0 0 1 0 0 0
3465,Video Title 3465,mathematics,57000,,2016-12-11 18:34:35,0 0 0 0 0 0 1 0 0 0
3466,Video Title 3466,mathematics,41000,,2023-01-04 22:13:51,0 0 0 0 0 0 1 0 0 0
3467,Video Title 3467,mathematics,60000,,2014-07-15 21:57:08,0 0 0 0 0 0 1 0 0 0
3468,Video Title 3468,mathematics,52000,,2019-08-09 02:39:02,0 0 0 0 0 0 1 0 0 0
3469,Video Title 3469,mathematics,41000,,2015-02-07 09:34:21,0 0 0 0 0 0 1 0 0 0
3470,Video Title 3470,mathematics,39000,,2022-08-28 17:32:10,0 0 0 0 0 0 1 0 0 0
3471,Video Title 3471,mathematics,37000,,2018-04-27 18:16:40,0 0 0 0 0 0 1 0 0 0
3472,Video Title 3472,mathematics,48000,,2017-12-12 01:54:18,0 0 0 0 0 0 1 0 0 0
3473,Video Title 3473,mathematics,40000,,2021-02-12 23:22:18,0 0 0 0 0 0 1 0 0 0
3474,Video Title 3474,mathematics,42000,,2017-10-26 17:05:52,0 0 0 0 0 0 1 0 0 0
3475,Video Title 3475,mathematics,47000,,2016-02-12 22:31:41,0 0 0 0 0 0 1 0 0 0
3476,Video Title 3476,mathematics,35000,,2018-10-02 06:44:08,0 0 0 0 0 0 1 0 0 0
3477,Video Title 3477,mathematics,36000,,2019-07-23 06:55:49,0 0 0 0 0 0 1 0 0 0
3478,Video Title 3478,mathematics,56000,,2023-03-31 08:37:37,0 0 0 0 0 0 1 0 0 0
3479,Video Title 3479,mathematics,56000,,2018-03-05 21:49:45,0 0 0 0 0 0 1 0 0 0
3480,Video Title 3480,mathematics,39000,,2023-12-22 17:08:57,0 0 0 0 0 0 1 0 0 0
3481,Video Title 3481,mathematics,51000,,2015-04-06 06:06:21,0 0 0 0 0 0 1 0 0 0
3482,Video Title 3482,mathematics,30000,,2014-09-21 20:56:57,0 0 0 0 0 0 1 0 0 0
3483,Video Title 3483,mathematics,30000,,2015-06-12 14:02:22,0 0 0 0 0 0 1 0 0 0
3484,Video Title 3484,mathematics,58000,,2018-11-14 11:02:13,0 0 0 0 0 0 1 0 0 0
3485,Video Title 3485,mathematics,43000,,2023-10-01 15:48:44,0 0 0 0 0 0 1 0 0 0
3486,Video Title 3486,mathematics,34000,,2014-11-08 00:31:03,0 0 0 0 0 0 1 0 0 0
3487,Video Title 3487,mathematics,50000,,2022-01-22 16:29:07,0 0 0 0 0 0 1 0 0 0
3488,Video Title 3488,mathematics,57000,,2018-07-25 12:06:36,0 0 0 0 0 0 1 0 0 0
3489,Video Title 3489,mathematics,55000,,2020-12-15 04:12:34,0 0 0 0 0 0 1 0 0 0
3490,Video Title 3490,mathematics,59000,,2018-04-05 19:41:07,0 0 0 0 0 0 1 0 0 0
3491,Video Title 3491,mathematics,35000,,2018-07-19 12:56:45,0 0 0 0 0 0 1 0 0 0
3492,Video Title 3492,mathematics,43000,,2019-07-10 23:34:57,0 0 0 0 0 0 1 0 0 0
3493,Video Title 3493,mathematics,44000,,2017-11-07 05:00:33,0 0 0 0 0 0 1 0 0 0
3494,Video Title 3494,mathematics,37000,,2015-11-12 03:17:40,0 0 0 0 0 0 1 0 0 0
3495,Video Title 3495,mathematics,49000,,2014-01-30 02:52:02,0 0 0 0 0 0 1 0 0 0
3496,Video Title 3496,mathematics,45000,,2022-06-20 20:01:13,0 0 0 0 0 0 1 0 0 0
3497,Video Title 3497,mathematics,37000,,2021-02-14 06:35:16,0 0 0 0 0 0 1 0 0 0
3498,Video Title 3498,mathematics,38000,,2018-02-10 13:23:32,0 0 0 0 0 0 1 0 0 0
3499,Video Title 3499,mathematics,47000,,2019-10-07 16:27:58,0 0 0 0 0 0 1 0 0 0
3500,Video Title 3500,mathematics,31000,,2023-10-13 13:15:00,0 0 0 0 0 0 1 0 0 0
3501,Video Title 3501,music,48000,,2018-11-01 22:17:18,0 0 0 0 0 0 0 1 0 0
3502,Video Title 3502,music,41000,,2015-02-20 01:11:55,0 0 0 0 0 0 0 1 0 0
3503,Video Title 3503,music,45000,,2023-08-14 08:13:36,0 0 0 0 0 0 0 1 0 0
3504,Video Title 3504,music,32000,,2015-06-05 14:51:47,0 0 0 0 0 0 0 1 0 0
3505,Video Title 3505,music,53000,,2019-04-08 09:20:43,0 0 0 0 0 0 0 1 0 0
3506,Video Title 3506,music,57000,,2023-11-02 09:20:59,0 0 0 0 0 0 0 1 0 0
3507,Video Title 3507,music,54000,,2016-10-18 21:13:28,0 0 0 0 0 0 0 1 0 0
3508,Video Title 3508,music,46000,,2014-10-15 13:21:04,0 0 0 0 0 0 0 1 0 0
3509,Video Title 3509,music,58000,,2020-02-07 18:11:07,0 0 0 0 0 0 0 1 0 0
3510,Video Title 3510,music,37000,,2018-09-23 10:45:27,0 0 0 0 0 0 0 1 0 0
3511,Video Title 3511,music,53000,,2020-08-21 15:21:21,0 0 0 0 0 0 0 1 0 0
3512,Video Title 3512,music,51000,,2014-10-14 23:58:33,0 0 0 0 0 0 0 1 0 0
3513,Video Title 3513,music,50000,,2019-05-25 01:40:32,0 0 0 0 0 0 0 1 0 0
3514,Video Title 3514,music,48000,,2017-02-16 14:58:32,0 0 0 0 0 0 0 1 0 0
3515,Video Title 3515,music,31000,,2023-01-14 02:04:11,0 0 0 0 0 0 0 1 0 0
3516,Video Title 3516,music,47000,,2021-10-14 14:58:36,0 0 0 0 0 0 0 1 0 0
3517,Video Title 3517,music,45000,,2018-07-18 05:26:45,0 0 0 0 0 0 0 1 0 0
3518,Video Title 3518,music,58000,,2018-09-11 16:45:27,0 0 0 0 0 0 0 1 0 0
3519,Video Title 3519,music,53000,,2017-04-27 00:37:31,0 0 0 0 0 0 0 1 0 0
3520,Video Title 3520,music,41000,,2023-08-10 02:55:19,0 0 0 0 0 0 0 1 0 0
3521,Video Title 3521,music,55000,,2016-12-13 08:31:55,0 0 0 0 0 0 0 1 0 0
3522,Video Title 3522,music,35000,,2014-05-11 22:34:43,0 0 0 0 0 0 0 1 0 0
3523,Video Title 3523,music,59000,,2019-12-24 08:57:32,0 0 0 0 0 0 0 1 0 0
3524,Video Title 3524,music,39000,,2021-04-09 10:43:19,0 0 0 0 0 0 0 1 0 0
3525,Video Title 3525,music,48000,,2016-08-10 14:49:07,0 0 0 0 0 0 0 1 0 0
3526,Video Title 3526,music,50000,,2018-09-26 00:51:45,0 0 0 0 0 0 0 1 0 0
3527,Video Title 3527,music,35000,,2019-09-24 22:32:08,0 0 0 0 0 0 0 1 0 0
3528,Video Title 3528,music,51000,,2023-11-26 19:57:32,0 0 0 0 0 0 0 1 0 0
3529,Video Title 3529,music,55000,,2021-05-17 10:29:41,0 0 0 0 0 0 0 1 0 0
3530,Video Title 3530,music,30000,,2016-11-14 21:03:04,0 0 0 0 0 0 0 1 0 0
3531,Video Title 3531,music,32000,,2015-04-10 21:32:56,0 0 0 0 0 0 0 1 0 0
3532,Video Title 3532,music,32000,,2022-07-07 18:36:15,0 0 0 0 0 0 0 1 0 0
3533,Video Title 3533,music,38000,,2016-07-10 23:39:55,0 0 0 0 0 0 0 1 0 0
3534,Video Title 3534,music,49000,,2016-10-24 13:08:28,0 0 0 0 0 0 0 1 0 0
3535,Video Title 3535,music,57000,,2016-07-28 21:19:16,0 0 0 0 0 0 0 1 0 0
3536,Video Title 3536,music,53000,,2015-02-14 03:43:40,0 0 0 0 0 0 0 1 0 0
3537,Video Title 3537,music,35000,,2023-02-06 23:31:06,0 0 0 0 0 0 0 1 0 0
3538,Video Title 3538,music,53000,,2015-07-08 15:28:47,0 0 0 0 0 0 0 1 0 0
3539,Video Title 3539,music,44000,,2017-09-13 15:34:27,0 0 0 0 0 0 0 1 0 0
3540,Video Title 3540,music,35000,,2016-08-13 13:43:36,0 0 0 0 0 0 0 1 0 0
3541,Video Title 3541,music,52000,,2016-05-14 02:45:32,0 0 0 0 0 0 0 1 0 0
3542,Video Title 3542,music,35000,,2021-12-29 16:59:15,0 0 0 0 0 0 0 1 0 0
3543,Video Title 3543,music,57000,,2014-05-03 18:43:48,0 0 0 0 0 0 0 1 0 0
3544,Video Title 3544,music,32000,,2023-09-03 19:28:39,0 0 0 0 0 0 0 1 0 0
3545,Video Title 3545,music,49000,,2023-05-04 21:18:23,0 0 0 0 0 0 0 1 0 0
3546,Video Title 3546,music,34000,,2022-05-18 07:00:20,0 0 0 0 0 0 0 1 0 0
3547,Video Title 3547,music,54000,,2023-12-08 14:05:46,0 0 0 0 0 0 0 1 0 0
3548,Video Title 3548,music,54000,,2017-11-01 13:25:42,0 0 0 0 0 0 0 1 0 0
3549,Video Title 3549,music,51000,,2018-05-28 16:12:24,0 0 0 0 0 0 0 1 0 0
3550,Video Title 3550,music,50000,,2015-09-05 14:00:49,0 0 0 0 0 0 0 1 0 0
3551,Video Title 3551,music,48000,,2021-05-06 10:01:59,0 0 0 0 0 0 0 1 0 0
3552,Video Title 3552,music,41000,,2014-07-20 06:56:20,0 0 0 0 0 0 0 1 0 0
3553,Video Title 3553,music,38000,,2021-07-22 12:23:32,0 0 0 0 0 0 0 1 0 0
3554,Video Title 3554,music,33000,,2014-07-13 17:01:55,0 0 0 0 0 0 0 1 0 0
3555,Video Title 3555,music,44000,,2017-12-28 10:02:40,0 0 0 0 0 0 0 1 0 0
3556,Video Title 3556,music,39000,,2018-10-07 08:55:21,0 0 0 0 0 0 0 1 0 0
3557,Video Title 3557,music,60000,,2021-07-11 08:40:47,0 0 0 0 0 0 0 1 0 0
3558,Video Title 3558,music,47000,,2016-05-04 20:43:51,0 0 0 0 0 0 0 1 0 0
3559,Video Title 3559,music,51000,,2021-01-21 11:14:37,0 0 0 0 0 0 0 1 0 0
3560,Video Title 3560,music,45000,,2016-08-18 13:57:47,0 0 0 0 0 0 0 1 0 0
3561,Video Title 3561,music,46000,,2022-09-14 12:19:46,0 0 0 0 0 0 0 1 0 0
3562,Video Title 3562,music,30000,,2016-11-22 02:11:55,0 0 0 0 0 0 0 1 0 0
3563,Video Title 3563,music,55000,,2018-06-29 04:41:11,0 0 0 0 0 0 0 1 0 0
3564,Video Title 3564,music,51000,,2017-02-28 06:19:24,0 0 0 0 0 0 0 1 0 0
3565,Video Title 3565,music,46000,,2020-10-30 11:57:53,0 0 0 0 0 0 0 1 0 0
3566,Video Title 3566,music,31000,,2014-12-24 09:06:52,0 0 0 0 0 0 0 1 0 0
3567,Video Title 3567,music,47000,,2020-05-17 14:21:20,0 0 0 0 0 0 0 1 0 0
3568,Video Title 3568,music,60000,,2022-06-11 11:21:40,0 0 0 0 0 0 0 1 0 0
3569,Video Title 3569,music,49000,,2023-03-07 20:28:50,0 0 0 0 0 0 0 1 0 0
3570,Video Title 3570,music,57000,,2016-09-23 22:56:10,0 0 0 0 0 0 0 1 0 0
3571,Video Title 3571,music,38000,,2016-09-03 20:53:33,0 0 0 0 0 0 0 1 0 0
3572,Video Title 3572,music,33000,,2016-07-23 00:07:38,0 0 0 0 0 0 0 1 0 0
3573,Video Title 3573,music,48000,,2017-11-30 17:04:10,0 0 0 0 0 0 0 1 0 0
3574,Video Title 3574,music,54000,,2020-10-02 19:30:07,0 0 0 0 0 0 0 1 0 0
3575,Video Title 3575,music,37000,,2021-05-06 05:51:31,0 0 0 0 0 0 0 1 0 0
3576,Video Title 3576,music,48000,,2021-09-15 07:33:44,0 0 0 0 0 0 0 1 0 0
3577,Video Title 3577,music,46000,,2017-05-18 12:49:06,0 0 0 0 0 0 0 1 0 0
3578,Video Title 3578,music,52000,,2023-12-07 05:37:14,0 0 0 0 0 0 0 1 0 0
3579,Video Title 3579,music,40000,,2019-06-24 18:51:35,0 0 0 0 0 0 0 1 0 0
3580,Video Title 3580,music,51000,,2014-02-02 22:30:43,0 0 0 0 0 0 0 1 0 0
3581,Video Title 3581,music,32000,,2014-02-15 15:49:10,0 0 0 0 0 0 0 1 0 0
3582,Video Title 3582,music,33000,,2019-04-04 05:08:58,0 0 0 0 0 0 0 1 0 0
3583,Video Title 3583,music,51000,,2018-06-18 16:32:13,0 0 0 0 0 0 0 1 0 0
3584,Video Title 3584,music,37000,,2021-04-03 03:57:26,0 0 0 0 0 0 0 1 0 0
3585,Video Title 3585,music,38000,,2015-12-08 17:46:01,0 0 0 0 0 0 0 1 0 0
3586,Video Title 3586,music,30000,,2020-03-12 19:11:48,0 0 0 0 0 0 0 1 0 0
3587,Video Title 3587,music,31000,,2023-05-21 13:04:44,0 0 0 0 0 0 0 1 0 0
3588,Video Title 3588,music,51000,,2022-12-09 23:30:21,0 0 0 0 0 0 0 1 0 0
3589,Video Title 3589,music,36000,,2023-07-04 06:49:58,0 0 0 0 0 0 0 1 0 0
3590,Video Title 3590,music,50000,,2015-03-23 12:48:55,0 0 0 0 0 0 0 1 0 0
3591,Video Title 3591,music,60000,,2015-03-16 21:59:41,0 0 0 0 0 0 0 1 0 0
3592,Video Title 3592,music,57000,,2020-01-19 02:28:28,0 0 0 0 0 0 0 1 0 0
3593,Video Title 3593,music,42000,,2020-07-25 20:10:10,0 0 0 0 0 0 0 1 0 0
3594,Video Title 3594,music,58000,,2020-06-24 20:33:05,0 0 0 0 0 0 0 1 0 0
3595,Video Title 3595,music,55000,,2023-09-03 03:41:54,0 0 0 0 0 0 0 1 0 0
3596,Video Title 3596,music,58000,,2015-02-11 14:01:46,0 0 0 0 0 0 0 1 0 0
3597,Video Title 3597,music,35000,,2016-07-15 16:12:38,0 0 0 0 0 0 0 1 0 0
3598,Video Title 3598,music,44000,,2020-08-09 17:51:33,0 0 0 0 0 0 0 1 0 0
3599,Video Title 3599,music,32000,,2020-05-22 13:10:20,0 0 0 0 0 0 0 1 0 0
3600,Video Title 3600,music,59000,,2023-12-14 15:40:11,0 0 0 0 0 0 0 1 0 0
3601,Video Title 3601,music,54000,,2018-04-10 11:44:44,0 0 0 0 0 0 0 1 0 0
3602,Video Title 3602,music,58000,,2020-09-04 15:56:17,0 0 0 0 0 0 0 1 0 0
3603,Video Title 3603,music,54000,,2017-03-28 10:12:05,0 0 0 0 0 0 0 1 0 0
3604,Video Title 3604,music,35000,,2021-10-22 16:03:42,0 0 0 0 0 0 0 1 0 0
3605,Video Title 3605,music,38000,,2021-10-09 10:28:52,0 0 0 0 0 0 0 1 0 0
3606,Video Title 3606,music,42000,,2017-11-21 08:31:17,0 0 0 0 0 0 0 1 0 0
3607,Video Title 3607,music,31000,,2016-08-02 13:42:06,0 0 0 0 0 0 0 1 0 0
3608,Video Title 3608,music,56000,,2016-08-26 00:38:27,0 0 0 0 0 0 0 1 0 0
3609,Video Title 3609,music,44000,,2014-09-13 07:18:25,0 0 0 0 0 0 0 1 0 0
3610,Video Title 3610,music,59000,,2016-01-05 10:36:51,0 0 0 0 0 0 0 1 0 0
3611,Video Title 3611,music,42000,,2015-10-16 07:32:02,0 0 0 0 0 0 0 1 0 0
3612,Video Title 3612,music,45000,,2015-02-02 18:30:32,0 0 0 0 0 0 0 1 0 0
3613,Video Title 3613,music,47000,,2021-09-08 18:45:41,0 0 0 0 0 0 0 1 0 0
3614,Video Title 3614,music,36000,,2020-02-21 23:26:49,0 0 0 0 0 0 0 1 0 0
3615,Video Title 3615,music,33000,,2023-02-16 00:34:04,0 0 0 0 0 0 0 1 0 0
3616,Video Title 3616,music,52000,,2016-08-05 08:04:19,0 0 0 0 0 0 0 1 0 0
3617,Video Title 3617,music,31000,,2014-09-26 03:44:54,0 0 0 0 0 0 0 1 0 0
3618,Video Title 3618,music,48000,,2021-04-11 12:57:18,0 0 0 0 0 0 0 1 0 0
3619,Video Title 3619,music,54000,,2018-06-18 11:16:04,0 0 0 0 0 0 0 1 0 0
3620,Video Title 3620,music,58000,,2018-12-24 14:38:26,0 0 0 0 0 0 0 1 0 0
3621,Video Title 3621,music,50000,,2020-05-28 05:22:10,0 0 0 0 0 0 0 1 0 0
3622,Video Title 3622,music,59000,,2014-05-21 02:24:05,0 0 0 0 0 0 0 1 0 0
3623,Video Title 3623,music,42000,,2016-09-01 11:50:08,0 0 0 0 0 0 0 1 0 0
3624,Video Title 3624,music,52000,,2017-04-20 21:11:02,0 0 0 0 0 0 0 1 0 0
3625,Video Title 3625,music,42000,,2019-10-01 10:29:09,0 0 0 0 0 0 0 1 0 0
3626,Video Title 3626,music,46000,,2021-01-28 18:15:18,0 0 0 0 0 0 0 1 0 0
3627,Video Title 3627,music,54000,,2018-11-28 23:31:12,0 0 0 0 0 0 0 1 0 0
3628,Video Title 3628,music,43000,,2018-01-16 06:45:25,0 0 0 0 0 0 0 1 0 0
3629,Video Title 3629,music,53000,,2021-10-23 10:05:03,0 0 0 0 0 0 0 1 0 0
3630,Video Title 3630,music,55000,,2014-09-15 20:43:56,0 0 0 0 0 0 0 1 0 0
3631,Video Title 3631,music,37000,,2014-01-15 01:43:29,0 0 0 0 0 0 0 1 0 0
3632,Video Title 3632,music,60000,,2020-11-22 19:17:26,0 0 0 0 0 0 0 1 0 0
3633,Video Title 3633,music,54000,,2018-10-28 13:00:41,0 0 0 0 0 0 0 1 0 0
3634,Video Title 3634,music,48000,,2019-05-10 20:38:13,0 0 0 0 0 0 0 1 0 0
3635,Video Title 3635,music,41000,,2017-05-04 01:19:07,0 0 0 0 0 0 0 1 0 0
3636,Video Title 3636,music,39000,,2018-01-04 05:51:22,0 0 0 0 0 0 0 1 0 0
3637,Video Title 3637,music,50000,,2023-12-21 02:35:01,0 0 0 0 0 0 0 1 0 0
3638,Video Title 3638,music,50000,,2014-11-29 22:25:37,0 0 0 0 0 0 0 1 0 0
3639,Video Title 3639,music,47000,,2022-07-14 16:45:57,0 0 0 0 0 0 0 1 0 0
3640,Video Title 3640,music,40000,,2014-10-23 16:00:51,0 0 0 0 0 0 0 1 0 0
3641,Video Title 3641,music,44000,,2021-08-09 15:41:23,0 0 0 0 0 0 0 1 0 0
3642,Video Title 3642,music,39000,,2020-06-24 10:37:45,0 0 0 0 0 0 0 1 0 0
3643,Video Title 3643,music,35000,,2019-07-19 20:03:04,0 0 0 0 0 0 0 1 0 0
3644,Video Title 3644,music,60000,,2017-11-05 04:44:16,0 0 0 0 0 0 0 1 0 0
3645,Video Title 3645,music,36000,,2016-12-28 21:02:32,0 0 0 0 0 0 0 1 0 0
3646,Video Title 3646,music,42000,,2022-12-19 01:57:25,0 0 0 0 0 0 0 1 0 0
3647,Video Title 3647,music,50000,,2020-11-21 06:36:36,0 0 0 0 0 0 0 1 0 0
3648,Video Title 3648,music,45000,,2014-11-08 17:57:13,0 0 0 0 0 0 0 1 0 0
3649,Video Title 3649,music,50000,,2018-05-20 15:22:35,0 0 0 0 0 0 0 1 0 0
3650,Video Title 3650,music,36000,,2015-05-28 19:00:09,0 0 0 0 0 0 0 1 0 0
3651,Video Title 3651,music,36000,,2014-04-05 13:56:21,0 0 0 0 0 0 0 1 0 0
3652,Video Title 3652,music,48000,,2016-05-22 11:17:51,0 0 0 0 0 0 0 1 0 0
3653,Video Title 3653,music,42000,,2014-08-20 22:09:16,0 0 0 0 0 0 0 1 0 0
3654,Video Title 3654,music,47000,,2020-06-08 10:30:32,0 0 0 0 0 0 0 1 0 0
3655,Video Title 3655,music,45000,,2019-05-05 21:08:53,0 0 0 0 0 0 0 1 0 0
3656,Video Title 3656,music,56000,,2022-02-12 23:45:37,0 0 0 0 0 0 0 1 0 0
3657,Video Title 3657,music,60000,,2023-12-16 19:01:32,0 0 0 0 0 0 0 1 0 0
3658,Video Title 3658,music,31000,,2017-05-25 09:22:30,0 0 0 0 0 0 0 1 0 0
3659,Video Title 3659,music,40000,,2021-11-17 09:23:57,0 0 0 0 0 0 0 1 0 0
3660,Video Title 3660,music,31000,,2018-01-22 02:29:17,0 0 0 0 0 0 0 1 0 0
3661,Video Title 3661,music,36000,,2022-01-26 22:17:04,0 0 0 0 0 0 0 1 0 0
3662,Video Title 3662,music,51000,,2019-03-27 09:16:49,0 0 0 0 0 0 0 1 0 0
3663,Video Title 3663,music,60000,,2020-10-12 23:37:02,0 0 0 0 0 0 0 1 0 0
3664,Video Title 3664,music,57000,,2019-05-15 10:46:41,0 0 0 0 0 0 0 1 0 0
3665,Video Title 3665,music,53000,,2019-10-18 14:41:03,0 0 0 0 0 0 0 1 0 0
3666,Video Title 3666,music,59000,,2014-09-22 22:07:55,0 0 0 0 0 0 0 1 0 0
3667,Video Title 3667,music,53000,,2015-06-03 19:19:31,0 0 0 0 0 0 0 1 0 0
3668,Video Title 3668,music,50000,,2014-03-13 13:55:09,0 0 0 0 0 0 0 1 0 0
3669,Video Title 3669,music,59000,,2023-03-07 18:28:15,0 0 0 0 0 0 0 1 0 0
3670,Video Title 3670,music,31000,,2016-06-06 18:59:29,0 0 0 0 0 0 0 1 0 0
3671,Video Title 3671,music,50000,,2015-04-24 11:06:19,0 0 0 0 0 0 0 1 0 0
3672,Video Title 3672,music,35000,,2020-04-30 05:08:36,0 0 0 0 0 0 0 1 0 0
3673,Video Title 3673,music,58000,,2017-01-28 18:45:01,0 0 0 0 0 0 0 1 0 0
3674,Video Title 3674,music,55000,,2014-12-24 02:48:00,0 0 0 0 0 0 0 1 0 0
3675,Video Title 3675,music,49000,,2015-09-18 00:23:25,0 0 0 0 0 0 0 1 0 0
3676,Video Title 3676,music,48000,,2014-08-24 10:41:13,0 0 0 0 0 0 0 1 0 0
3677,Video Title 3677,music,56000,,2015-01-26 02:36:47,0 0 0 0 0 0 0 1 0 0
3678,Video Title 3678,music,45000,,2019-12-14 16:01:15,0 0 0 0 0 0 0 1 0 0
3679,Video Title 3679,music,49000,,2016-03-18 02:09:11,0 0 0 0 0 0 0 1 0 0
3680,Video Title 3680,music,55000,,2016-01-12 15:21:49,0 0 0 0 0 0 0 1 0 0
3681,Video Title 3681,music,40000,,2022-02-12 01:14:31,0 0 0 0 0 0 0 1 0 0
3682,Video Title 3682,music,53000,,2020-10-14 03:39:01,0 0 0 0 0 0 0 1 0 0
3683,Video Title 3683,music,40000,,2015-03-19 22:17:37,0 0 0 0 0 0 0 1 0 0
3684,Video Title 3684,music,51000,,2019-10-06 06:42:36,0 0 0 0 0 0 0 1 0 0
3685,Video Title 3685,music,34000,,2017-03-21 19:16:26,0 0 0 0 0 0 0 1 0 0
3686,Video Title 3686,music,60000,,2021-12-06 19:42:22,0 0 0 0 0 0 0 1 0 0
3687,Video Title 3687,music,54000,,2014-06-18 09:22:53,0 0 0 0 0 0 0 1 0 0
3688,Video Title 3688,music,35000,,2017-05-11 14:07:35,0 0 0 0 0 0 0 1 0 0
3689,Video Title 3689,music,33000,,2016-09-28 17:03:29,0 0 0 0 0 0 0 1 0 0
3690,Video Title 3690,music,54000,,2018-02-26 07:31:07,0 0 0 0 0 0 0 1 0 0
3691,Video Title 3691,music,52000,,2017-09-14 05:38:07,0 0 0 0 0 0 0 1 0 0
3692,Video Title 3692,music,35000,,2018-05-23 02:43:19,0 0 0 0 0 0 0 1 0 0
3693,Video Title 3693,music,59000,,2019-10-28 05:57:22,0 0 0 0 0 0 0 1 0 0
3694,Video Title 3694,music,34000,,2015-01-02 21:11:01,0 0 0 0 0 0 0 1 0 0
3695,Video Title 3695,music,57000,,2020-04-28 12:14:53,0 0 0 0 0 0 0 1 0 0
3696,Video Title 3696,music,42000,,2021-10-11 11:09:34,0 0 0 0 0 0 0 1 0 0
3697,Video Title 3697,music,30000,,2022-10-18 15:19:12,0 0 0 0 0 0 0 1 0 0
3698,Video Title 3698,music,32000,,2014-01-26 04:13:23,0 0 0 0 0 0 0 1 0 0
3699,Video Title 3699,music,35000,,2023-04-06 09:35:50,0 0 0 0 0 0 0 1 0 0
3700,Video Title 3700,music,52000,,2020-07-08 21:48:26,0 0 0 0 0 0 0 1 0 0
3701,Video Title 3701,music,58000,,2016-11-03 14:53:00,0 0 0 0 0 0 0 1 0 0
3702,Video Title 3702,music,52000,,2022-01-28 01:16:26,0 0 0 0 0 0 0 1 0 0
3703,Video Title 3703,music,54000,,2018-10-06 10:41:33,0 0 0 0 0 0 0 1 0 0
3704,Video Title 3704,music,34000,,2016-01-25 11:38:06,0 0 0 0 0 0 0 1 0 0
3705,Video Title 3705,music,50000,,2016-09-17 23:11:52,0 0 0 0 0 0 0 1 0 0
3706,Video Title 3706,music,44000,,2018-02-14 21:56:38,0 0 0 0 0 0 0 1 0 0
3707,Video Title 3707,music,60000,,2015-10-02 02:29:12,0 0 0 0 0 0 0 1 0 0
3708,Video Title 3708,music,52000,,2014-05-20 07:37:05,0 0 0 0 0 0 0 1 0 0
3709,Video Title 3709,music,35000,,2021-03-04 18:36:39,0 0 0 0 0 0 0 1 0 0
3710,Video Title 3710,music,49000,,2023-07-03 14:06:37,0 0 0 0 0 0 0 1 0 0
3711,Video Title 3711,music,50000,,2022-04-07 15:57:47,0 0 0 0 0 0 0 1 0 0
3712,Video Title 3712,music,39000,,2017-06-25 15:58:20,0 0 0 0 0 0 0 1 0 0
3713,Video Title 3713,music,30000,,2019-07-31 15:25:52,0 0 0 0 0 0 0 1 0 0
3714,Video Title 3714,music,36000,,2015-03-07 21:41:06,0 0 0 0 0 0 0 1 0 0
3715,Video Title 3715,music,46000,,2023-10-08 06:56:00,0 0 0 0 0 0 0 1 0 0
3716,Video Title 3716,music,49000,,2017-08-15 22:33:15,0 0 0 0 0 0 0 1 0 0
3717,Video Title 3717,music,54000,,2023-11-13 18:06:50,0 0 0 0 0 0 0 1 0 0
3718,Video Title 3718,music,46000,,2016-03-13 08:35:21,0 0 0 0 0 0 0 1 0 0
3719,Video Title 3719,music,54000,,2020-04-07 14:16:04,0 0 0 0 0 0 0 1 0 0
3720,Video Title 3720,music,36000,,2016-10-07 22:58:07,0 0 0 0 0 0 0 1 0 0
3721,Video Title 3721,music,36000,,2015-02-18 06:41:28,0 0 0 0 0 0 0 1 0 0
3722,Video Title 3722,music,34000,,2020-11-08 03:21:10,0 0 0 0 0 0 0 1 0 0
3723,Video Title 3723,music,60000,,2023-02-11 22:01:51,0 0 0 0 0 0 0 1 0 0
3724,Video Title 3724,music,45000,,2015-10-08 13:57:59,0 0 0 0 0 0 0 1 0 0
3725,Video Title 3725,music,51000,,2023-03-24 18:09:29,0 0 0 0 0 0 0 1 0 0
3726,Video Title 3726,music,31000,,2020-06-13 17:48:33,0 0 0 0 0 0 0 1 0 0
3727,Video Title 3727,music,39000,,2016-02-07 00:03:44,0 0 0 0 0 0 0 1 0 0
3728,Video Title 3728,music,38000,,2017-05-07 04:12:34,0 0 0 0 0 0 0 1 0 0
3729,Video Title 3729,music,55000,,2022-11-25 18:58:20,0 0 0 0 0 0 0 1 0 0
3730,Video Title 3730,music,44000,,2014-06-10 02:36:41,0 0 0 0 0 0 0 1 0 0
3731,Video Title 3731,music,53000,,2014-07-13 11:11:46,0 0 0 0 0 0 0 1 0 0
3732,Video Title 3732,music,47000,,2015-10-06 23:45:16,0 0 0 0 0 0 0 1 0 0
3733,Video Title 3733,music,55000,,2014-04-19 02:06:49,0 0 0 0 0 0 0 1 0 0
3734,Video Title 3734,music,46000,,2015-03-02 15:18:05,0 0 0 0 0 0 0 1 0 0
3735,Video Title 3735,music,58000,,2016-05-10 20:15:54,0 0 0 0 0 0 0 1 0 0
3736,Video Title 3736,music,44000,,2019-12-06 09:06:13,0 0 0 0 0 0 0 1 0 0
3737,Video Title 3737,music,40000,,2018-03-12 14:12:20,0 0 0 0 0 0 0 1 0 0
3738,Video Title 3738,music,53000,,2020-10-08 12:16:58,0 0 0 0 0 0 0 1 0 0
3739,Video Title 3739,music,40000,,2016-04-21 17:32:21,0 0 0 0 0 0 0 1 0 0
3740,Video Title 3740,music,33000,,2017-04-07 09:10:58,0 0 0 0 0 0 0 1 0 0
3741,Video Title 3741,music,33000,,2016-05-17 11:34:06,0 0 0 0 0 0 0 1 0 0
3742,Video Title 3742,music,43000,,2022-09-13 02:02:24,0 0 0 0 0 0 0 1 0 0
3743,Video Title 3743,music,42000,,2022-11-30 11:35:13,0 0 0 0 0 0 0 1 0 0
3744,Video Title 3744,music,32000,,2018-09-18 02:44:48,0 0 0 0 0 0 0 1 0 0
3745,Video Title 3745,music,45000,,2014-07-20 08:07:39,0 0 0 0 0 0 0 1 0 0
3746,Video Title 3746,music,43000,,2015-06-16 00:51:19,0 0 0 0 0 0 0 1 0 0
3747,Video Title 3747,music,59000,,2020-02-05 10:22:44,0 0 0 0 0 0 0 1 0 0
3748,Video Title 3748,music,35000,,2017-11-16 18:08:04,0 0 0 0 0 0 0 1 0 0
3749,Video Title 3749,music,34000,,2018-07-31 18:02:27,0 0 0 0 0 0 0 1 0 0
3750,Video Title 3750,music,36000,,2020-04-27 21:02:59,0 0 0 0 0 0 0 1 0 0
3751,Video Title 3751,music,38000,,2016-01-11 01:40:26,0 0 0 0 0 0 0 1 0 0
3752,Video Title 3752,music,34000,,2014-04-30 03:29:11,0 0 0 0 0 0 0 1 0 0
3753,Video Title 3753,music,48000,,2014-08-08 17:29:26,0 0 0 0 0 0 0 1 0 0
3754,Video Title 3754,music,34000,,2015-02-12 13:10:19,0 0 0 0 0 0 0 1 0 0
3755,Video Title 3755,music,44000,,2018-08-03 19:30:49,0 0 0 0 0 0 0 1 0 0
3756,Video Title 3756,music,35000,,2021-08-09 05:44:50,0 0 0 0 0 0 0 1 0 0
3757,Video Title 3757,music,37000,,2022-11-12 09:25:33,0 0 0 0 0 0 0 1 0 0
3758,Video Title 3758,music,49000,,2015-07-29 06:38:22,0 0 0 0 0 0 0 1 0 0
3759,Video Title 3759,music,55000,,2020-05-19 16:43:52,0 0 0 0 0 0 0 1 0 0
3760,Video Title 3760,music,49000,,2023-01-21 08:38:29,0 0 0 0 0 0 0 1 0 0
3761,Video Title 3761,music,48000,,2023-09-13 23:53:59,0 0 0 0 0 0 0 1 0 0
3762,Video Title 3762,music,57000,,2016-04-20 09:55:15,0 0 0 0 0 0 0 1 0 0
3763,Video Title 3763,music,43000,,2022-07-27 22:54:06,0 0 0 0 0 0 0 1 0 0
3764,Video Title 3764,music,45000,,2022-08-16 00:38:13,0 0 0 0 0 0 0 1 0 0
3765,Video Title 3765,music,36000,,2019-12-02 06:29:03,0 0 0 0 0 0 0 1 0 0
3766,Video Title 3766,music,56000,,2018-08-19 02:01:53,0 0 0 0 0 0 0 1 0 0
3767,Video Title 3767,music,30000,,2021-04-20 13:33:19,0 0 0 0 0 0 0 1 0 0
3768,Video Title 3768,music,53000,,2022-09-22 23:37:33,0 0 0 0 0 0 0 1 0 0
3769,Video Title 3769,music,37000,,2017-04-11 15:07:29,0 0 0 0 0 0 0 1 0 0
3770,Video Title 3770,music,48000,,2016-03-24 18:49:08,0 0 0 0 0 0 0 1 0 0
3771,Video Title 3771,music,59000,,2019-12-02 23:11:41,0 0 0 0 0 0 0 1 0 0
3772,Video Title 3772,music,34000,,2023-02-20 04:54:48,0 0 0 0 0 0 0 1 0 0
3773,Video Title 3773,music,58000,,2014-01-21 12:47:46,0 0 0 0 0 0 0 1 0 0
3774,Video Title 3774,music,31000,,2014-05-29 05:08:25,0 0 0 0 0 0 0 1 0 0
3775,Video Title 3775,music,45000,,2021-05-03 04:31:26,0 0 0 0 0 0 0 1 0 0
3776,Video Title 3776,music,46000,,2014-05-05 17:09:38,0 0 0 0 0 0 0 1 0 0
3777,Video Title 3777,music,46000,,2017-12-12 06:26:44,0 0 0 0 0 0 0 1 0 0
3778,Video Title 3778,music,55000,,2021-12-24 18:20:03,0 0 0 0 0 0 0 1 0 0
3779,Video Title 3779,music,56000,,2014-12-26 16:43:48,0 0 0 0 0 0 0 1 0 0
3780,Video Title 3780,music,45000,,2016-05-29 20:48:24,0 0 0 0 0 0 0 1 0 0
3781,Video Title 3781,music,47000,,2021-07-13 17:41:36,0 0 0 0 0 0 0 1 0 0
3782,Video Title 3782,music,52000,,2021-04-27 00:28:42,0 0 0 0 0 0 0 1 0 0
3783,Video Title 3783,music,60000,,2016-03-08 17:22:05,0 0 0 0 0 0 0 1 0 0
3784,Video Title 3784,music,41000,,2016-12-17 15:14:29,0 0 0 0 0 0 0 1 0 0
3785,Video Title 3785,music,50000,,2023-12-28 04:09:55,0 0 0 0 0 0 0 1 0 0
3786,Video Title 3786,music,30000,,2018-10-20 04:59:11,0 0 0 0 0 0 0 1 0 0
3787,Video Title 3787,music,39000,,2015-08-16 13:55:41,0 0 0 0 0 0 0 1 0 0
3788,Video Title 3788,music,44000,,2022-07-31 09:58:36,0 0 0 0 0 0 0 1 0 0
3789,Video Title 3789,music,53000,,2019-11-03 08:37:32,0 0 0 0 0 0 0 1 0 0
3790,Video Title 3790,music,44000,,2018-08-22 17:25:56,0 0 0 0 0 0 0 1 0 0
3791,Video Title 3791,music,34000,,2022-09-28 19:50:08,0 0 0 0 0 0 0 1 0 0
3792,Video Title 3792,music,42000,,2015-11-09 01:14:48,0 0 0 0 0 0 0 1 0 0
3793,Video Title 3793,music,57000,,2017-09-16 00:49:56,0 0 0 0 0 0 0 1 0 0
3794,Video Title 3794,music,44000,,2021-01-15 05:49:14,0 0 0 0 0 0 0 1 0 0
3795,Video Title 3795,music,30000,,2022-08-09 09:31:12,0 0 0 0 0 0 0 1 0 0
3796,Video Title 3796,music,32000,,2017-11-07 19:25:25,0 0 0 0 0 0 0 1 0 0
3797,Video Title 3797,music,52000,,2017-05-02 02:34:39,0 0 0 0 0 0 0 1 0 0
3798,Video Title 3798,music,31000,,2016-12-20 13:16:56,0 0 0 0 0 0 0 1 0 0
3799,Video Title 3799,music,54000,,2016-09-13 17:32:59,0 0 0 0 0 0 0 1 0 0
3800,Video Title 3800,music,60000,,2020-02-16 15:06:30,0 0 0 0 0 0 0 1 0 0
3801,Video Title 3801,music,48000,,2021-12-11 20:20:19,0 0 0 0 0 0 0 1 0 0
3802,Video Title 3802,music,55000,,2020-11-06 00:40:11,0 0 0 0 0 0 0 1 0 0
3803,Video Title 3803,music,49000,,2022-10-23 02:13:08,0 0 0 0 0 0 0 1 0 0
3804,Video Title 3804,music,53000,,2023-04-28 16:30:36,0 0 0 0 0 0 0 1 0 0
3805,Video Title 3805,music,46000,,2023-06-15 10:13:38,0 0 0 0 0 0 0 1 0 0
3806,Video Title 3806,music,51000,,2017-08-23 13:34:11,0 0 0 0 0 0 0 1 0 0
3807,Video Title 3807,music,31000,,2015-02-12 00:40:09,0 0 0 0 0 0 0 1 0 0
3808,Video Title 3808,music,41000,,2018-08-28 12:54:42,0 0 0 0 0 0 0 1 0 0
3809,Video Title 3809,music,31000,,2017-08-29 08:01:55,0 0 0 0 0 0 0 1 0 0
3810,Video Title 3810,music,35000,,2020-06-25 19:55:29,0 0 0 0 0 0 0 1 0 0
3811,Video Title 3811,music,52000,,2014-09-04 13:43:05,0 0 0 0 0 0 0 1 0 0
3812,Video Title 3812,music,52000,,2021-09-26 13:12:52,0 0 0 0 0 0 0 1 0 0
3813,Video Title 3813,music,34000,,2023-10-24 13:38:31,0 0 0 0 0 0 0 1 0 0
3814,Video Title 3814,music,37000,,2019-05-26 15:55:23,0 0 0 0 0 0 0 1 0 0
3815,Video Title 3815,music,50000,,2018-10-15 12:01:39,0 0 0 0 0 0 0 1 0 0
3816,Video Title 3816,music,60000,,2021-07-10 19:28:38,0 0 0 0 0 0 0 1 0 0
3817,Video Title 3817,music,57000,,2023-08-04 17:29:12,0 0 0 0 0 0 0 1 0 0
3818,Video Title 3818,music,36000,,2021-07-14 01:59:54,0 0 0 0 0 0 0 1 0 0
3819,Video Title 3819,music,54000,,2016-04-04 20:18:03,0 0 0 0 0 0 0 1 0 0
3820,Video Title 3820,music,41000,,2022-12-24 10:56:02,0 0 0 0 0 0 0 1 0 0
3821,Video Title 3821,music,46000,,2020-10-20 19:51:44,0 0 0 0 0 0 0 1 0 0
3822,Video Title 3822,music,38000,,2014-07-20 18:41:44,0 0 0 0 0 0 0 1 0 0
3823,Video Title 3823,music,41000,,2017-06-16 01:50:54,0 0 0 0 0 0 0 1 0 0
3824,Video Title 3824,music,45000,,2019-01-07 07:01:42,0 0 0 0 0 0 0 1 0 0
3825,Video Title 3825,music,56000,,2015-03-26 21:20:47,0 0 0 0 0 0 0 1 0 0
3826,Video Title 3826,music,52000,,2019-04-28 10:49:56,0 0 0 0 0 0 0 1 0 0
3827,Video Title 3827,music,56000,,2019-05-01 22:08:19,0 0 0 0 0 0 0 1 0 0
3828,Video Title 3828,music,39000,,2018-07-10 17:18:22,0 0 0 0 0 0 0 1 0 0
3829,Video Title 3829,music,41000,,2021-12-31 15:34:43,0 0 0 0 0 0 0 1 0 0
3830,Video Title 3830,music,60000,,2020-12-07 06:20:32,0 0 0 0 0 0 0 1 0 0
3831,Video Title 3831,music,60000,,2022-10-31 10:13:00,0 0 0 0 0 0 0 1 0 0
3832,Video Title 3832,music,36000,,2022-12-02 10:43:17,0 0 0 0 0 0 0 1 0 0
3833,Video Title 3833,music,44000,,2014-11-17 16:14:47,0 0 0 0 0 0 0 1 0 0
3834,Video Title 3834,music,42000,,2022-12-24 12:03:26,0 0 0 0 0 0 0 1 0 0
3835,Video Title 3835,music,39000,,2023-08-01 15:16:11,0 0 0 0 0 0 0 1 0 0
3836,Video Title 3836,music,32000,,2015-02-06 04:22:01,0 0 0 0 0 0 0 1 0 0
3837,Video Title 3837,music,38000,,2015-02-15 21:21:11,0 0 0 0 0 0 0 1 0 0
3838,Video Title 3838,music,34000,,2018-12-19 14:23:49,0 0 0 0 0 0 0 1 0 0
3839,Video Title 3839,music,57000,,2016-01-18 12:50:22,0 0 0 0 0 0 0 1 0 0
3840,Video Title 3840,music,60000,,2020-04-10 13:23:41,0 0 0 0 0 0 0 1 0 0
3841,Video Title 3841,music,39000,,2018-03-03 08:36:40,0 0 0 0 0 0 0 1 0 0
3842,Video Title 3842,music,51000,,2019-06-02 05:42:08,0 0 0 0 0 0 0 1 0 0
3843,Video Title 3843,music,34000,,2018-09-28 18:04:14,0 0 0 0 0 0 0 1 0 0
3844,Video Title 3844,music,43000,,2018-06-11 02:08:26,0 0 0 0 0 0 0 1 0 0
3845,Video Title 3845,music,50000,,2014-03-22 09:50:57,0 0 0 0 0 0 0 1 0 0
3846,Video Title 3846,music,36000,,2014-08-20 18:22:37,0 0 0 0 0 0 0 1 0 0
3847,Video Title 3847,music,57000,,2022-01-08 06:14:43,0 0 0 0 0 0 0 1 0 0
3848,Video Title 3848,music,56000,,2023-06-23 04:30:25,0 0 0 0 0 0 0 1 0 0
3849,Video Title 3849,music,50000,,2017-05-12 22:51:27,0 0 0 0 0 0 0 1 0 0
3850,Video Title 3850,music,48000,,2017-06-07 04:37:16,0 0 0 0 0 0 0 1 0 0
3851,Video Title 3851,music,50000,,2021-11-13 21:48:51,0 0 0 0 0 0 0 1 0 0
3852,Video Title 3852,music,45000,,2019-12-08 18:05:43,0 0 0 0 0 0 0 1 0 0
3853,Video Title 3853,music,52000,,2019-04-22 02:33:42,0 0 0 0 0 0 0 1 0 0
3854,Video Title 3854,music,47000,,2018-06-16 04:27:07,0 0 0 0 0 0 0 1 0 0
3855,Video Title 3855,music,39000,,2019-09-04 11:14:43,0 0 0 0 0 0 0 1 0 0
3856,Video Title 3856,music,58000,,2021-11-23 02:54:27,0 0 0 0 0 0 0 1 0 0
3857,Video Title 3857,music,35000,,2021-11-22 19:51:03,0 0 0 0 0 0 0 1 0 0
3858,Video Title 3858,music,37000,,2018-11-05 11:41:47,0 0 0 0 0 0 0 1 0 0
3859,Video Title 3859,music,39000,,2021-09-12 14:04:37,0 0 0 0 0 0 0 1 0 0
3860,Video Title 3860,music,31000,,2015-06-28 10:26:17,0 0 0 0 0 0 0 1 0 0
3861,Video Title 3861,music,39000,,2018-07-25 03:09:52,0 0 0 0 0 0 0 1 0 0
3862,Video Title 3862,music,35000,,2020-03-10 00:00:29,0 0 0 0 0 0 0 1 0 0
3863,Video Title 3863,music,35000,,2021-02-13 02:44:46,0 0 0 0 0 0 0 1 0 0
3864,Video Title 3864,music,39000,,2015-10-30 07:46:21,0 0 0 0 0 0 0 1 0 0
3865,Video Title 3865,music,35000,,2022-05-24 13:27:17,0 0 0 0 0 0 0 1 0 0
3866,Video Title 3866,music,52000,,2023-01-18 04:41:47,0 0 0 0 0 0 0 1 0 0
3867,Video Title 3867,music,55000,,2015-07-17 05:16:06,0 0 0 0 0 0 0 1 0 0
3868,Video Title 3868,music,37000,,2015-03-05 17:57:30,0 0 0 0 0 0 0 1 0 0
3869,Video Title 3869,music,40000,,2019-10-01 00:24:17,0 0 0 0 0 0 0 1 0 0
3870,Video Title 3870,music,44000,,2016-08-10 11:40:13,0 0 0 0 0 0 0 1 0 0
3871,Video Title 3871,music,35000,,2016-01-21 19:36:34,0 0 0 0 0 0 0 1 0 0
3872,Video Title 3872,music,52000,,2014-05-09 14:45:50,0 0 0 0 0 0 0 1 0 0
3873,Video Title 3873,music,40000,,2023-10-12 18:46:35,0 0 0 0 0 0 0 1 0 0
3874,Video Title 3874,music,34000,,2017-09-25 03:20:54,0 0 0 0 0 0 0 1 0 0
3875,Video Title 3875,music,47000,,2023-10-03 10:47:36,0 0 0 0 0 0 0 1 0 0
3876,Video Title 3876,music,47000,,2017-01-07 16:38:08,0 0 0 0 0 0 0 1 0 0
3877,Video Title 3877,music,59000,,2014-04-03 23:26:52,0 0 0 0 0 0 0 1 0 0
3878,Video Title 3878,music,59000,,2018-12-30 20:55:18,0 0 0 0 0 0 0 1 0 0
3879,Video Title 3879,music,34000,,2023-06-24 10:19:16,0 0 0 0 0 0 0 1 0 0
3880,Video Title 3880,music,59000,,2017-03-16 19:05:26,0 0 0 0 0 0 0 1 0 0
3881,Video Title 3881,music,30000,,2023-09-14 01:09:15,0 0 0 0 0 0 0 1 0 0
3882,Video Title 3882,music,47000,,2023-10-03 22:39:02,0 0 0 0 0 0 0 1 0 0
3883,Video Title 3883,music,40000,,2020-06-22 10:34:12,0 0 0 0 0 0 0 1 0 0
3884,Video Title 3884,music,39000,,2018-09-28 18:34:30,0 0 0 0 0 0 0 1 0 0
3885,Video Title 3885,music,39000,,2023-09-12 01:26:48,0 0 0 0 0 0 0 1 0 0
3886,Video Title 3886,music,54000,,2023-10-22 12:25:28,0 0 0 0 0 0 0 1 0 0
3887,Video Title 3887,music,48000,,2020-09-02 03:21:54,0 0 0 0 0 0 0 1 0 0
3888,Video Title 3888,music,55000,,2019-08-28 02:16:50,0 0 0 0 0 0 0 1 0 0
3889,Video Title 3889,music,59000,,2023-03-23 08:47:17,0 0 0 0 0 0 0 1 0 0
3890,Video Title 3890,music,40000,,2020-11-22 09:16:32,0 0 0 0 0 0 0 1 0 0
3891,Video Title 3891,music,53000,,2018-10-17 06:45:21,0 0 0 0 0 0 0 1 0 0
3892,Video Title 3892,music,31000,,2015-05-26 21:28:49,0 0 0 0 0 0 0 1 0 0
3893,Video Title 3893,music,47000,,2015-03-05 14:20:46,0 0 0 0 0 0 0 1 0 0
3894,Video Title 3894,music,30000,,2018-01-07 22:46:52,0 0 0 0 0 0 0 1 0 0
3895,Video Title 3895,music,56000,,2016-03-17 07:57:22,0 0 0 0 0 0 0 1 0 0
3896,Video Title 3896,music,41000,,2014-12-06 13:20:49,0 0 0 0 0 0 0 1 0 0
3897,Video Title 3897,music,31000,,2020-01-31 18:02:45,0 0 0 0 0 0 0 1 0 0
3898,Video Title 3898,music,36000,,2019-11-02 12:35:39,0 0 0 0 0 0 0 1 0 0
3899,Video Title 3899,music,37000,,2021-10-24 16:25:19,0 0 0 0 0 0 0 1 0 0
3900,Video Title 3900,music,54000,,2016-10-13 10:25:12,0 0 0 0 0 0 0 1 0 0
3901,Video Title 3901,music,30000,,2014-11-04 02:26:40,0 0 0 0 0 0 0 1 0 0
3902,Video Title 3902,music,57000,,2018-06-16 22:07:40,0 0 0 0 0 0 0 1 0 0
3903,Video Title 3903,music,51000,,2023-07-30 07:50:09,0 0 0 0 0 0 0 1 0 0
3904,Video Title 3904,music,46000,,2017-12-12 15:30:30,0 0 0 0 0 0 0 1 0 0
3905,Video Title 3905,music,45000,,2017-03-07 19:35:03,0 0 0 0 0 0 0 1 0 0
3906,Video Title 3906,music,49000,,2019-02-13 04:17:30,0 0 0 0 0 0 0 1 0 0
3907,Video Title 3907,music,31000,,2023-01-31 19:57:10,0 0 0 0 0 0 0 1 0 0
3908,Video Title 3908,music,41000,,2017-12-24 02:04:50,0 0 0 0 0 0 0 1 0 0
3909,Video Title 3909,music,52000,,2022-07-16 09:14:11,0 0 0 0 0 0 0 1 0 0
3910,Video Title 3910,music,41000,,2017-11-12 07:27:55,0 0 0 0 0 0 0 1 0 0
3911,Video Title 3911,music,30000,,2016-11-06 23:22:19,0 0 0 0 0 0 0 1 0 0
3912,Video Title 3912,music,41000,,2017-01-31 12:16:34,0 0 0 0 0 0 0 1 0 0
3913,Video Title 3913,music,44000,,2022-09-29 04:49:55,0 0 0 0 0 0 0 1 0 0
3914,Video Title 3914,music,32000,,2016-02-29 06:53:44,0 0 0 0 0 0 0 1 0 0
3915,Video Title 3915,music,58000,,2018-06-12 09:42:13,0 0 0 0 0 0 0 1 0 0
3916,Video Title 3916,music,43000,,2022-01-14 10:51:00,0 0 0 0 0 0 0 1 0 0
3917,Video Title 3917,music,39000,,2015-08-23 20:02:02,0 0 0 0 0 0 0 1 0 0
3918,Video Title 3918,music,53000,,2023-09-14 19:35:41,0 0 0 0 0 0 0 1 0 0
3919,Video Title 3919,music,43000,,2021-04-15 09:50:35,0 0 0 0 0 0 0 1 0 0
3920,Video Title 3920,music,43000,,2015-05-27 10:07:45,0 0 0 0 0 0 0 1 0 0
3921,Video Title 3921,music,48000,,2019-12-25 11:10:04,0 0 0 0 0 0 0 1 0 0
3922,Video Title 3922,music,34000,,2016-01-31 09:51:36,0 0 0 0 0 0 0 1 0 0
3923,Video Title 3923,music,45000,,2023-11-19 14:18:02,0 0 0 0 0 0 0 1 0 0
3924,Video Title 3924,music,46000,,2023-11-13 05:31:09,0 0 0 0 0 0 0 1 0 0
3925,Video Title 3925,music,32000,,2023-05-02 00:12:08,0 0 0 0 0 0 0 1 0 0
3926,Video Title 3926,music,48000,,2021-07-24 19:35:27,0 0 0 0 0 0 0 1 0 0
3927,Video Title 3927,music,32000,,2014-01-27 03:48:46,0 0 0 0 0 0 0 1 0 0
3928,Video Title 3928,music,50000,,2023-02-22 14:21:34,0 0 0 0 0 0 0 1 0 0
3929,Video Title 3929,music,43000,,2015-10-03 08:37:39,0 0 0 0 0 0 0 1 0 0
3930,Video Title 3930,music,44000,,2021-02-07 09:38:16,0 0 0 0 0 0 0 1 0 0
3931,Video Title 3931,music,54000,,2023-02-24 06:47:48,0 0 0 0 0 0 0 1 0 0
3932,Video Title 3932,music,36000,,2015-11-12 22:09:44,0 0 0 0 0 0 0 1 0 0
3933,Video Title 3933,music,42000,,2016-11-24 12:58:24,0 0 0 0 0 0 0 1 0 0
3934,Video Title 3934,music,45000,,2014-06-06 03:36:11,0 0 0 0 0 0 0 1 0 0
3935,Video Title 3935,music,56000,,2017-01-09 06:34:40,0 0 0 0 0 0 0 1 0 0
3936,Video Title 3936,music,48000,,2017-01-16 06:53:58,0 0 0 0 0 0 0 1 0 0
3937,Video Title 3937,music,47000,,2021-05-26 11:23:15,0 0 0 0 0 0 0 1 0 0
3938,Video Title 3938,music,37000,,2014-04-10 23:11:07,0 0 0 0 0 0 0 1 0 0
3939,Video Title 3939,music,30000,,2015-07-19 04:29:59,0 0 0 0 0 0 0 1 0 0
3940,Video Title 3940,music,39000,,2023-07-24 11:55:47,0 0 0 0 0 0 0 1 0 0
3941,Video Title 3941,music,56000,,2020-05-14 10:43:43,0 0 0 0 0 0 0 1 0 0
3942,Video Title 3942,music,33000,,2020-07-16 10:00:58,0 0 0 0 0 0 0 1 0 0
3943,Video Title 3943,music,58000,,2016-11-18 01:33:33,0 0 0 0 0 0 0 1 0 0
3944,Video Title 3944,music,35000,,2018-12-03 09:15:27,0 0 0 0 0 0 0 1 0 0
3945,Video Title 3945,music,52000,,2020-06-13 11:14:24,0 0 0 0 0 0 0 1 0 0
3946,Video Title 3946,music,30000,,2015-03-14 15:28:06,0 0 0 0 0 0 0 1 0 0
3947,Video Title 3947,music,38000,,2018-12-07 15:11:58,0 0 0 0 0 0 0 1 0 0
3948,Video Title 3948,music,32000,,2019-12-28 22:52:47,0 0 0 0 0 0 0 1 0 0
3949,Video Title 3949,music,41000,,2019-10-24 21:21:41,0 0 0 0 0 0 0 1 0 0
3950,Video Title 3950,music,48000,,2018-05-13 15:36:05,0 0 0 0 0 0 0 1 0 0
3951,Video Title 3951,music,38000,,2020-04-13 04:27:13,0 0 0 0 0 0 0 1 0 0
3952,Video Title 3952,music,45000,,2023-09-29 01:03:58,0 0 0 0 0 0 0 1 0 0
3953,Video Title 3953,music,56000,,2015-03-15 11:31:50,0 0 0 0 0 0 0 1 0 0
3954,Video Title 3954,music,46000,,2021-05-01 07:03:24,0 0 0 0 0 0 0 1 0 0
3955,Video Title 3955,music,30000,,2022-06-15 06:32:02,0 0 0 0 0 0 0 1 0 0
3956,Video Title 3956,music,35000,,2019-10-27 00:56:02,0 0 0 0 0 0 0 1 0 0
3957,Video Title 3957,music,34000,,2017-03-14 20:03:55,0 0 0 0 0 0 0 1 0 0
3958,Video Title 3958,music,58000,,2020-12-07 11:35:41,0 0 0 0 0 0 0 1 0 0
3959,Video Title 3959,music,41000,,2015-08-22 01:51:19,0 0 0 0 0 0 0 1 0 0
3960,Video Title 3960,music,38000,,2017-08-13 05:55:04,0 0 0 0 0 0 0 1 0 0
3961,Video Title 3961,music,50000,,2023-02-14 04:21:53,0 0 0 0 0 0 0 1 0 0
3962,Video Title 3962,music,41000,,2014-06-29 19:25:31,0 0 0 0 0 0 0 1 0 0
3963,Video Title 3963,music,39000,,2019-04-20 02:02:24,0 0 0 0 0 0 0 1 0 0
3964,Video Title 3964,music,59000,,2014-10-10 10:01:01,0 0 0 0 0 0 0 1 0 0
3965,Video Title 3965,music,36000,,2021-08-31 12:21:27,0 0 0 0 0 0 0 1 0 0
3966,Video Title 3966,music,35000,,2021-08-25 02:47:22,0 0 0 0 0 0 0 1 0 0
3967,Video Title 3967,music,49000,,2021-07-12 02:15:25,0 0 0 0 0 0 0 1 0 0
3968,Video Title 3968,music,47000,,2017-03-25 12:21:39,0 0 0 0 0 0 0 1 0 0
3969,Video Title 3969,music,40000,,2022-04-08 21:36:24,0 0 0 0 0 0 0 1 0 0
3970,Video Title 3970,music,51000,,2021-12-31 13:14:35,0 0 0 0 0 0 0 1 0 0
3971,Video Title 3971,music,38000,,2020-11-08 20:52:11,0 0 0 0 0 0 0 1 0 0
3972,Video Title 3972,music,52000,,2017-08-18 04:59:11,0 0 0 0 0 0 0 1 0 0
3973,Video Title 3973,music,47000,,2019-10-21 04:05:08,0 0 0 0 0 0 0 1 0 0
3974,Video Title 3974,music,56000,,2015-06-11 13:39:14,0 0 0 0 0 0 0 1 0 0
3975,Video Title 3975,music,34000,,2019-03-09 07:45:26,0 0 0 0 0 0 0 1 0 0
3976,Video Title 3976,music,41000,,2021-10-15 15:34:01,0 0 0 0 0 0 0 1 0 0
3977,Video Title 3977,music,43000,,2017-05-29 03:25:36,0 0 0 0 0 0 0 1 0 0
3978,Video Title 3978,music,59000,,2015-08-21 01:21:10,0 0 0 0 0 0 0 1 0 0
3979,Video Title 3979,music,36000,,2015-07-21 03:00:37,0 0 0 0 0 0 0 1 0 0
3980,Video Title 3980,music,37000,,2022-04-26 05:50:36,0 0 0 0 0 0 0 1 0 0
3981,Video Title 3981,music,55000,,2022-12-21 06:10:11,0 0 0 0 0 0 0 1 0 0
3982,Video Title 3982,music,49000,,2020-11-24 05:35:16,0 0 0 0 0 0 0 1 0 0
3983,Video Title 3983,music,60000,,2019-04-05 15:11:14,0 0 0 0 0 0 0 1 0 0
3984,Video Title 3984,music,47000,,2021-02-15 19:07:42,0 0 0 0 0 0 0 1 0 0
3985,Video Title 3985,music,52000,,2021-07-25 12:28:14,0 0 0 0 0 0 0 1 0 0
3986,Video Title 3986,music,33000,,2018-03-06 07:31:55,0 0 0 0 0 0 0 1 0 0
3987,Video Title 3987,music,59000,,2014-10-08 20:40:06,0 0 0 0 0 0 0 1 0 0
3988,Video Title 3988,music,56000,,2015-04-26 23:56:12,0 0 0 0 0 0 0 1 0 0
3989,Video Title 3989,music,30000,,2018-10-19 05:47:48,0 0 0 0 0 0 0 1 0 0
3990,Video Title 3990,music,39000,,2020-11-29 08:02:29,0 0 0 0 0 0 0 1 0 0
3991,Video Title 3991,music,34000,,2022-03-04 04:35:25,0 0 0 0 0 0 0 1 0 0
3992,Video Title 3992,music,58000,,2023-11-16 16:09:35,0 0 0 0 0 0 0 1 0 0
3993,Video Title 3993,music,46000,,2021-08-21 02:26:39,0 0 0 0 0 0 0 1 0 0
3994,Video Title 3994,music,40000,,2015-09-23 13:20:49,0 0 0 0 0 0 0 1 0 0
3995,Video Title 3995,music,39000,,2014-04-17 23:20:07,0 0 0 0 0 0 0 1 0 0
3996,Video Title 3996,music,56000,,2015-03-11 21:05:15,0 0 0 0 0 0 0 1 0 0
3997,Video Title 3997,music,34000,,2022-07-27 09:00:44,0 0 0 0 0 0 0 1 0 0
3998,Video Title 3998,music,34000,,2020-11-18 08:55:51,0 0 0 0 0 0 0 1 0 0
3999,Video Title 3999,music,39000,,2015-04-05 12:09:00,0 0 0 0 0 0 0 1 0 0
4000,Video Title 4000,music,34000,,2023-10-24 01:11:53,0 0 0 0 0 0 0 1 0 0
4001,Video Title 4001,physics,43000,,2020-11-28 11:40:07,0 0 0 0 0 0 0 0 1 0
4002,Video Title 4002,physics,55000,,2015-02-14 18:51:51,0 0 0 0 0 0 0 0 1 0
4003,Video Title 4003,physics,30000,,2021-09-30 15:02:46,0 0 0 0 0 0 0 0 1 0
4004,Video Title 4004,physics,54000,,2018-04-26 01:16:43,0 0 0 0 0 0 0 0 1 0
4005,Video Title 4005,physics,36000,,2015-01-31 12:48:09,0 0 0 0 0 0 0 0 1 0
4006,Video Title 4006,physics,55000,,2020-08-07 05:30:09,0 0 0 0 0 0 0 0 1 0
4007,Video Title 4007,physics,48000,,2014-08-07 07:38:05,0 0 0 0 0 0 0 0 1 0
4008,Video Title 4008,physics,33000,,2023-02-01 03:09:59,0 0 0 0 0 0 0 0 1 0
4009,Video Title 4009,physics,31000,,2014-09-01 19:16:07,0 0 0 0 0 0 0 0 1 0
4010,Video Title 4010,physics,51000,,2014-02-09 11:51:43,0 0 0 0 0 0 0 0 1 0
4011,Video Title 4011,physics,33000,,2021-10-28 15:40:59,0 0 0 0 0 0 0 0 1 0
4012,Video Title 4012,physics,59000,,2020-01-08 12:58:36,0 0 0 0 0 0 0 0 1 0
4013,Video Title 4013,physics,48000,,2023-01-05 06:55:06,0 0 0 0 0 0 0 0 1 0
4014,Video Title 4014,physics,35000,,2020-09-15 16:37:00,0 0 0 0 0 0 0 0 1 0
4015,Video Title 4015,physics,30000,,2014-11-30 08:16:04,0 0 0 0 0 0 0 0 1 0
4016,Video Title 4016,physics,57000,,2021-06-18 14:56:45,0 0 0 0 0 0 0 0 1 0
4017,Video Title 4017,physics,38000,,2023-06-28 02:08:40,0 0 0 0 0 0 0 0 1 0
4018,Video Title 4018,physics,41000,,2017-07-11 13:00:24,0 0 0 0 0 0 0 0 1 0
4019,Video Title 4019,physics,57000,,2019-01-04 07:34:29,0 0 0 0 0 0 0 0 1 0
4020,Video Title 4020,physics,53000,,2020-02-18 06:58:59,0 0 0 0 0 0 0 0 1 0
4021,Video Title 4021,physics,46000,,2019-09-15 08:37:02,0 0 0 0 0 0 0 0 1 0
4022,Video Title 4022,physics,33000,,2022-03-13 11:46:40,0 0 0 0 0 0 0 0 1 0
4023,Video Title 4023,physics,54000,,2014-02-23 01:01:32,0 0 0 0 0 0 0 0 1 0
4024,Video Title 4024,physics,36000,,2021-02-27 17:05:56,0 0 0 0 0 0 0 0 1 0
4025,Video Title 4025,physics,60000,,2016-10-27 18:39:17,0 0 0 0 0 0 0 0 1 0
4026,Video Title 4026,physics,58000,,2021-07-17 03:57:55,0 0 0 0 0 0 0 0 1 0
4027,Video Title 4027,physics,30000,,2023-09-26 13:35:58,0 0 0 0 0 0 0 0 1 0
4028,Video Title 4028,physics,33000,,2023-03-30 10:43:54,0 0 0 0 0 0 0 0 1 0
4029,Video Title 4029,physics,59000,,2019-01-17 07:30:20,0 0 0 0 0 0 0 0 1 0
4030,Video Title 4030,physics,52000,,2018-10-01 17:04:41,0 0 0 0 0 0 0 0 1 0
4031,Video Title 4031,physics,52000,,2019-11-24 05:44:16,0 0 0 0 0 0 0 0 1 0
4032,Video Title 4032,physics,44000,,2020-09-26 08:51:04,0 0 0 0 0 0 0 0 1 0
4033,Video Title 4033,physics,33000,,2015-10-25 02:19:54,0 0 0 0 0 0 0 0 1 0
4034,Video Title 4034,physics,41000,,2023-10-24 17:58:42,0 0 0 0 0 0 0 0 1 0
4035,Video Title 4035,physics,43000,,2016-02-24 02:24:08,0 0 0 0 0 0 0 0 1 0
4036,Video Title 4036,physics,37000,,2018-01-29 15:49:48,0 0 0 0 0 0 0 0 1 0
4037,Video Title 4037,physics,54000,,2023-11-05 20:04:36,0 0 0 0 0 0 0 0 1 0
4038,Video Title 4038,physics,33000,,2018-08-30 12:59:18,0 0 0 0 0 0 0 0 1 0
4039,Video Title 4039,physics,46000,,2015-05-14 01:55:24,0 0 0 0 0 0 0 0 1 0
4040,Video Title 4040,physics,54000,,2017-08-13 13:32:24,0 0 0 0 0 0 0 0 1 0
4041,Video Title 4041,physics,39000,,2019-07-29 12:46:26,0 0 0 0 0 0 0 0 1 0
4042,Video Title 4042,physics,31000,,2014-10-30 04:55:11,0 0 0 0 0 0 0 0 1 0
4043,Video Title 4043,physics,45000,,2015-03-01 09:18:01,0 0 0 0 0 0 0 0 1 0
4044,Video Title 4044,physics,39000,,2018-07-28 20:26:56,0 0 0 0 0 0 0 0 1 0
4045,Video Title 4045,physics,53000,,2017-02-14 19:48:19,0 0 0 0 0 0 0 0 1 0
4046,Video Title 4046,physics,56000,,2018-06-11 10:32:03,0 0 0 0 0 0 0 0 1 0
4047,Video Title 4047,physics,47000,,2018-01-28 13:55:21,0 0 0 0 0 0 0 0 1 0
4048,Video Title 4048,physics,57000,,2018-04-14 01:26:30,0 0 0 0 0 0 0 0 1 0
4049,Video Title 4049,physics,57000,,2014-09-14 01:45:43,0 0 0 0 0 0 0 0 1 0
4050,Video Title 4050,physics,56000,,2022-01-09 21:25:43,0 0 0 0 0 0 0 0 1 0
4051,Video Title 4051,physics,60000,,2020-10-16 19:53:06,0 0 0 0 0 0 0 0 1 0
4052,Video Title 4052,physics,35000,,2014-02-18 16:02:23,0 0 0 0 0 0 0 0 1 0
4053,Video Title 4053,physics,51000,,2018-12-02 12:23:51,0 0 0 0 0 0 0 0 1 0
4054,Video Title 4054,physics,33000,,2017-12-19 17:59:27,0 0 0 0 0 0 0 0 1 0
4055,Video Title 4055,physics,46000,,2020-08-02 16:49:40,0 0 0 0 0 0 0 0 1 0
4056,Video Title 4056,physics,32000,,2015-03-14 03:28:59,0 0 0 0 0 0 0 0 1 0
4057,Video Title 4057,physics,42000,,2018-01-04 06:41:15,0 0 0 0 0 0 0 0 1 0
4058,Video Title 4058,physics,48000,,2023-10-11 03:12:24,0 0 0 0 0 0 0 0 1 0
4059,Video Title 4059,physics,53000,,2023-04-03 07:25:53,0 0 0 0 0 0 0 0 1 0
4060,Video Title 4060,physics,35000,,2014-08-27 04:37:55,0 0 0 0 0 0 0 0 1 0
4061,Video Title 4061,physics,36000,,2017-05-23 00:07:55,0 0 0 0 0 0 0 0 1 0
4062,Video Title 4062,physics,49000,,2022-06-10 16:59:03,0 0 0 0 0 0 0 0 1 0
4063,Video Title 4063,physics,42000,,2015-03-27 01:57:57,0 0 0 0 0 0 0 0 1 0
4064,Video Title 4064,physics,56000,,2018-04-02 04:05:18,0 0 0 0 0 0 0 0 1 0
4065,Video Title 4065,physics,45000,,2016-10-15 14:12:21,0 0 0 0 0 0 0 0 1 0
4066,Video Title 4066,physics,52000,,2021-08-29 19:09:41,0 0 0 0 0 0 0 0 1 0
4067,Video Title 4067,physics,48000,,2016-09-25 08:24:59,0 0 0 0 0 0 0 0 1 0
4068,Video Title 4068,physics,55000,,2022-01-04 14:13:07,0 0 0 0 0 0 0 0 1 0
4069,Video Title 4069,physics,60000,,2018-01-02 20:37:56,0 0 0 0 0 0 0 0 1 0
4070,Video Title 4070,physics,45000,,2020-09-01 08:54:21,0 0 0 0 0 0 0 0 1 0
4071,Video Title 4071,physics,60000,,2018-01-18 05:15:33,0 0 0 0 0 0 0 0 1 0
4072,Video Title 4072,physics,45000,,2019-02-12 15:54:41,0 0 0 0 0 0 0 0 1 0
4073,Video Title 4073,physics,34000,,2021-09-06 04:45:39,0 0 0 0 0 0 0 0 1 0
4074,Video Title 4074,physics,33000,,2015-03-24 23:50:57,0 0 0 0 0 0 0 0 1 0
4075,Video Title 4075,physics,45000,,2018-12-23 01:10:59,0 0 0 0 0 0 0 0 1 0
4076,Video Title 4076,physics,50000,,2023-06-04 18:30:11,0 0 0 0 0 0 0 0 1 0
4077,Video Title 4077,physics,30000,,2015-01-01 13:15:25,0 0 0 0 0 0 0 0 1 0
4078,Video Title 4078,physics,31000,,2022-04-21 15:22:20,0 0 0 0 0 0 0 0 1 0
4079,Video Title 4079,physics,45000,,2020-10-13 02:12:42,0 0 0 0 0 0 0 0 1 0
4080,Video Title 4080,physics,35000,,2017-10-30 14:38:57,0 0 0 0 0 0 0 0 1 0
4081,Video Title 4081,physics,51000,,2017-04-10 09:20:08,0 0 0 0 0 0 0 0 1 0
4082,Video Title 4082,physics,39000,,2020-03-22 04:17:17,0 0 0 0 0 0 0 0 1 0
4083,Video Title 4083,physics,33000,,2021-08-08 15:01:06,0 0 0 0 0 0 0 0 1 0
4084,Video Title 4084,physics,51000,,2021-07-08 09:00:49,0 0 0 0 0 0 0 0 1 0
4085,Video Title 4085,physics,54000,,2018-12-04 11:37:34,0 0 0 0 0 0 0 0 1 0
4086,Video Title 4086,physics,44000,,2016-01-10 01:13:18,0 0 0 0 0 0 0 0 1 0
4087,Video Title 4087,physics,51000,,2018-12-25 07:57:22,0 0 0 0 0 0 0 0 1 0
4088,Video Title 4088,physics,46000,,2016-08-15 01:52:40,0 0 0 0 0 0 0 0 1 0
4089,Video Title 4089,physics,40000,,2022-02-04 14:35:16,0 0 0 0 0 0 0 0 1 0
4090,Video Title 4090,physics,47000,,2019-06-21 03:54:53,0 0 0 0 0 0 0 0 1 0
4091,Video Title 4091,physics,60000,,2021-08-22 11:19:32,0 0 0 0 0 0 0 0 1 0
4092,Video Title 4092,physics,43000,,2022-10-20 11:00:31,0 0 0 0 0 0 0 0 1 0
4093,Video Title 4093,physics,33000,,2017-11-03 05:58:37,0 0 0 0 0 0 0 0 1 0
4094,Video Title 4094,physics,40000,,2022-07-12 23:47:15,0 0 0 0 0 0 0 0 1 0
4095,Video Title 4095,physics,44000,,2018-08-07 17:53:11,0 0 0 0 0 0 0 0 1 0
4096,Video Title 4096,physics,31000,,2015-10-10 13:44:22,0 0 0 0 0 0 0 0 1 0
4097,Video Title 4097,physics,51000,,2022-08-09 07:35:51,0 0 0 0 0 0 0 0 1 0
4098,Video Title 4098,physics,39000,,2022-11-06 03:44:24,0 0 0 0 0 0 0 0 1 0
4099,Video Title 4099,physics,35000,,2018-12-01 21:36:49,0 0 0 0 0 0 0 0 1 0
4100,Video Title 4100,physics,34000,,2017-02-16 11:28:03,0 0 0 0 0 0 0 0 1 0
4101,Video Title 4101,physics,42000,,2018-11-17 05:03:05,0 0 0 0 0 0 0 0 1 0
4102,Video Title 4102,physics,33000,,2019-09-10 07:43:03,0 0 0 0 0 0 0 0 1 0
4103,Video Title 4103,physics,45000,,2020-08-08 06:53:03,0 0 0 0 0 0 0 0 1 0
4104,Video Title 4104,physics,51000,,2019-05-25 18:46:22,0 0 0 0 0 0 0 0 1 0
4105,Video Title 4105,physics,45000,,2018-10-06 01:48:30,0 0 0 0 0 0 0 0 1 0
4106,Video Title 4106,physics,57000,,2015-07-27 12:50:23,0 0 0 0 0 0 0 0 1 0
4107,Video Title 4107,physics,31000,,2017-12-01 13:18:36,0 0 0 0 0 0 0 0 1 0
4108,Video Title 4108,physics,45000,,2019-11-30 07:33:08,0 0 0 0 0 0 0 0 1 0
4109,Video Title 4109,physics,42000,,2020-03-03 19:54:56,0 0 0 0 0 0 0 0 1 0
4110,Video Title 4110,physics,41000,,2021-08-31 14:50:21,0 0 0 0 0 0 0 0 1 0
4111,Video Title 4111,physics,39000,,2017-03-17 18:17:30,0 0 0 0 0 0 0 0 1 0
4112,Video Title 4112,physics,30000,,2019-11-28 04:35:42,0 0 0 0 0 0 0 0 1 0
4113,Video Title 4113,physics,34000,,2022-05-15 19:25:54,0 0 0 0 0 0 0 0 1 0
4114,Video Title 4114,physics,41000,,2022-02-04 20:52:48,0 0 0 0 0 0 0 0 1 0
4115,Video Title 4115,physics,48000,,2014-04-11 04:25:34,0 0 0 0 0 0 0 0 1 0
4116,Video Title 4116,physics,58000,,2020-04-02 19:24:10,0 0 0 0 0 0 0 0 1 0
4117,Video Title 4117,physics,42000,,2014-12-24 07:51:51,0 0 0 0 0 0 0 0 1 0
4118,Video Title 4118,physics,41000,,2023-12-02 14:25:40,0 0 0 0 0 0 0 0 1 0
4119,Video Title 4119,physics,43000,,2017-07-08 03:11:13,0 0 0 0 0 0 0 0 1 0
4120,Video Title 4120,physics,51000,,2016-06-12 10:27:01,0 0 0 0 0 0 0 0 1 0
4121,Video Title 4121,physics,37000,,2020-06-25 12:03:19,0 0 0 0 0 0 0 0 1 0
4122,Video Title 4122,physics,48000,,2014-11-09 00:53:46,0 0 0 0 0 0 0 0 1 0
4123,Video Title 4123,physics,52000,,2014-08-30 01:49:14,0 0 0 0 0 0 0 0 1 0
4124,Video Title 4124,physics,39000,,2015-02-24 19:41:08,0 0 0 0 0 0 0 0 1 0
4125,Video Title 4125,physics,35000,,2014-03-15 22:46:13,0 0 0 0 0 0 0 0 1 0
4126,Video Title 4126,physics,40000,,2014-05-19 10:16:46,0 0 0 0 0 0 0 0 1 0
4127,Video Title 4127,physics,51000,,2022-08-20 07:04:57,0 0 0 0 0 0 0 0 1 0
4128,Video Title 4128,physics,48000,,2019-02-24 20:57:37,0 0 0 0 0 0 0 0 1 0
4129,Video Title 4129,physics,43000,,2016-09-02 03:48:51,0 0 0 0 0 0 0 0 1 0
4130,Video Title 4130,physics,52000,,2018-09-13 09:42:40,0 0 0 0 0 0 0 0 1 0
4131,Video Title 4131,physics,30000,,2023-11-10 00:59:41,0 0 0 0 0 0 0 0 1 0
4132,Video Title 4132,physics,42000,,2019-09-15 18:58:12,0 0 0 0 0 0 0 0 1 0
4133,Video Title 4133,physics,40000,,2019-09-23 18:23:07,0 0 0 0 0 0 0 0 1 0
4134,Video Title 4134,physics,55000,,2018-11-20 12:12:53,0 0 0 0 0 0 0 0 1 0
4135,Video Title 4135,physics,52000,,2020-10-02 03:44:58,0 0 0 0 0 0 0 0 1 0
4136,Video Title 4136,physics,40000,,2018-12-21 01:40:13,0 0 0 0 0 0 0 0 1 0
4137,Video Title 4137,physics,55000,,2021-08-25 21:34:54,0 0 0 0 0 0 0 0 1 0
4138,Video Title 4138,physics,40000,,2015-09-03 04:32:39,0 0 0 0 0 0 0 0 1 0
4139,Video Title 4139,physics,39000,,2017-08-21 04:05:06,0 0 0 0 0 0 0 0 1 0
4140,Video Title 4140,physics,43000,,2016-01-09 10:03:20,0 0 0 0 0 0 0 0 1 0
4141,Video Title 4141,physics,50000,,2022-06-22 18:27:59,0 0 0 0 0 0 0 0 1 0
4142,Video Title 4142,physics,55000,,2014-10-04 22:08:07,0 0 0 0 0 0 0 0 1 0
4143,Video Title 4143,physics,57000,,2019-05-12 19:03:37,0 0 0 0 0 0 0 0 1 0
4144,Video Title 4144,physics,39000,,2016-08-27 19:35:12,0 0 0 0 0 0 0 0 1 0
4145,Video Title 4145,physics,39000,,2023-12-18 05:32:45,0 0 0 0 0 0 0 0 1 0
4146,Video Title 4146,physics,42000,,2022-01-17 19:13:28,0 0 0 0 0 0 0 0 1 0
4147,Video Title 4147,physics,49000,,2021-06-06 12:59:27,0 0 0 0 0 0 0 0 1 0
4148,Video Title 4148,physics,32000,,2021-03-06 15:07:10,0 0 0 0 0 0 0 0 1 0
4149,Video Title 4149,physics,48000,,2014-12-14 18:39:52,0 0 0 0 0 0 0 0 1 0
4150,Video Title 4150,physics,40000,,2016-09-26 18:46:04,0 0 0 0 0 0 0 0 1 0
4151,Video Title 4151,physics,48000,,2022-01-05 07:51:53,0 0 0 0 0 0 0 0 1 0
4152,Video Title 4152,physics,45000,,2018-04-10 22:28:33,0 0 0 0 0 0 0 0 1 0
4153,Video Title 4153,physics,41000,,2021-12-16 03:05:35,0 0 0 0 0 0 0 0 1 0
4154,Video Title 4154,physics,50000,,2022-03-28 15:31:55,0 0 0 0 0 0 0 0 1 0
4155,Video Title 4155,physics,46000,,2022-01-16 01:29:59,0 0 0 0 0 0 0 0 1 0
4156,Video Title 4156,physics,43000,,2020-08-20 14:48:24,0 0 0 0 0 0 0 0 1 0
4157,Video Title 4157,physics,40000,,2016-01-03 06:44:38,0 0 0 0 0 0 0 0 1 0
4158,Video Title 4158,physics,42000,,2016-07-08 02:47:45,0 0 0 0 0 0 0 0 1 0
4159,Video Title 4159,physics,46000,,2018-07-15 06:49:32,0 0 0 0 0 0 0 0 1 0
4160,Video Title 4160,physics,54000,,2019-06-24 14:28:26,0 0 0 0 0 0 0 0 1 0
4161,Video Title 4161,physics,58000,,2014-03-11 21:39:03,0 0 0 0 0 0 0 0 1 0
4162,Video Title 4162,physics,52000,,2019-03-02 05:13:56,0 0 0 0 0 0 0 0 1 0
4163,Video Title 4163,physics,35000,,2019-10-09 11:28:21,0 0 0 0 0 0 0 0 1 0
4164,Video Title 4164,physics,36000,,2020-08-10 22:37:28,0 0 0 0 0 0 0 0 1 0
4165,Video Title 4165,physics,56000,,2021-06-04 01:25:18,0 0 0 0 0 0 0 0 1 0
4166,Video Title 4166,physics,44000,,2016-09-06 23:11:22,0 0 0 0 0 0 0 0 1 0
4167,Video Title 4167,physics,50000,,2019-05-01 10:12:49,0 0 0 0 0 0 0 0 1 0
4168,Video Title 4168,physics,49000,,2022-07-12 15:03:33,0 0 0 0 0 0 0 0 1 0
4169,Video Title 4169,physics,59000,,2018-05-05 02:15:53,0 0 0 0 0 0 0 0 1 0
4170,Video Title 4170,physics,48000,,2021-04-08 03:28:48,0 0 0 0 0 0 0 0 1 0
4171,Video Title 4171,physics,31000,,2019-03-24 06:48:56,0 0 0 0 0 0 0 0 1 0
4172,Video Title 4172,physics,41000,,2018-08-18 01:50:01,0 0 0 0 0 0 0 0 1 0
4173,Video Title 4173,physics,37000,,2015-07-06 05:24:16,0 0 0 0 0 0 0 0 1 0
4174,Video Title 4174,physics,51000,,2021-08-28 04:26:06,0 0 0 0 0 0 0 0 1 0
4175,Video Title 4175,physics,57000,,2018-05-11 04:03:26,0 0 0 0 0 0 0 0 1 0
4176,Video Title 4176,physics,40000,,2022-08-08 16:17:21,0 0 0 0 0 0 0 0 1 0
4177,Video Title 4177,physics,59000,,2014-08-26 03:51:05,0 0 0 0 0 0 0 0 1 0
4178,Video Title 4178,physics,36000,,2022-06-17 18:42:27,0 0 0 0 0 0 0 0 1 0
4179,Video Title 4179,physics,38000,,2022-03-28 13:03:27,0 0 0 0 0 0 0 0 1 0
4180,Video Title 4180,physics,50000,,2015-08-12 03:11:08,0 0 0 0 0 0 0 0 1 0
4181,Video Title 4181,physics,51000,,2020-01-06 11:56:48,0 0 0 0 0 0 0 0 1 0
4182,Video Title 4182,physics,42000,,2016-05-22 11:08:52,0 0 0 0 0 0 0 0 1 0
4183,Video Title 4183,physics,34000,,2015-12-04 11:50:33,0 0 0 0 0 0 0 0 1 0
4184,Video Title 4184,physics,37000,,2021-12-21 05:07:15,0 0 0 0 0 0 0 0 1 0
4185,Video Title 4185,physics,39000,,2018-08-24 04:23:23,0 0 0 0 0 0 0 0 1 0
4186,Video Title 4186,physics,47000,,2023-11-30 05:16:33,0 0 0 0 0 0 0 0 1 0
4187,Video Title 4187,physics,43000,,2020-06-21 06:22:18,0 0 0 0 0 0 0 0 1 0
4188,Video Title 4188,physics,31000,,2016-01-10 06:22:06,0 0 0 0 0 0 0 0 1 0
4189,Video Title 4189,physics,38000,,2015-05-15 23:19:23,0 0 0 0 0 0 0 0 1 0
4190,Video Title 4190,physics,38000,,2021-11-24 07:04:40,0 0 0 0 0 0 0 0 1 0
4191,Video Title 4191,physics,38000,,2020-08-03 03:33:15,0 0 0 0 0 0 0 0 1 0
4192,Video Title 4192,physics,35000,,2020-06-11 16:08:19,0 0 0 0 0 0 0 0 1 0
4193,Video Title 4193,physics,31000,,2023-08-21 19:43:53,0 0 0 0 0 0 0 0 1 0
4194,Video Title 4194,physics,45000,,2021-10-28 03:40:33,0 0 0 0 0 0 0 0 1 0
4195,Video Title 4195,physics,31000,,2022-08-06 11:33:31,0 0 0 0 0 0 0 0 1 0
4196,Video Title 4196,physics,32000,,2017-02-21 18:03:29,0 0 0 0 0 0 0 0 1 0
4197,Video Title 4197,physics,39000,,2022-09-03 04:14:52,0 0 0 0 0 0 0 0 1 0
4198,Video Title 4198,physics,58000,,2023-07-21 01:45:02,0 0 0 0 0 0 0 0 1 0
4199,Video Title 4199,physics,58000,,2017-08-21 12:50:23,0 0 0 0 0 0 0 0 1 0
4200,Video Title 4200,physics,51000,,2022-11-09 21:00:54,0 0 0 0 0 0 0 0 1 0
4201,Video Title 4201,physics,42000,,2023-06-07 13:00:13,0 0 0 0 0 0 0 0 1 0
4202,Video Title 4202,physics,53000,,2022-06-06 00:55:24,0 0 0 0 0 0 0 0 1 0
4203,Video Title 4203,physics,37000,,2015-02-15 13:16:30,0 0 0 0 0 0 0 0 1 0
4204,Video Title 4204,physics,53000,,2019-01-02 21:46:15,0 0 0 0 0 0 0 0 1 0
4205,Video Title 4205,physics,33000,,2019-03-23 03:28:55,0 0 0 0 0 0 0 0 1 0
4206,Video Title 4206,physics,56000,,2019-10-22 12:46:09,0 0 0 0 0 0 0 0 1 0
4207,Video Title 4207,physics,54000,,2023-04-26 04:16:21,0 0 0 0 0 0 0 0 1 0
4208,Video Title 4208,physics,38000,,2018-12-20 01:06:59,0 0 0 0 0 0 0 0 1 0
4209,Video Title 4209,physics,32000,,2016-05-20 23:31:57,0 0 0 0 0 0 0 0 1 0
4210,Video Title 4210,physics,33000,,2021-09-25 03:31:17,0 0 0 0 0 0 0 0 1 0
4211,Video Title 4211,physics,40000,,2017-04-18 21:26:44,0 0 0 0 0 0 0 0 1 0
4212,Video Title 4212,physics,48000,,2021-05-16 21:54:16,0 0 0 0 0 0 0 0 1 0
4213,Video Title 4213,physics,55000,,2021-06-26 13:34:56,0 0 0 0 0 0 0 0 1 0
4214,Video Title 4214,physics,37000,,2023-05-10 13:48:30,0 0 0 0 0 0 0 0 1 0
4215,Video Title 4215,physics,36000,,2015-06-13 14:44:41,0 0 0 0 0 0 0 0 1 0
4216,Video Title 4216,physics,35000,,2016-02-23 11:55:00,0 0 0 0 0 0 0 0 1 0
4217,Video Title 4217,physics,38000,,2018-05-26 02:02:46,0 0 0 0 0 0 0 0 1 0
4218,Video Title 4218,physics,38000,,2022-08-18 14:02:03,0 0 0 0 0 0 0 0 1 0
4219,Video Title 4219,physics,31000,,2018-11-27 19:24:41,0 0 0 0 0 0 0 0 1 0
4220,Video Title 4220,physics,41000,,2020-12-30 14:30:46,0 0 0 0 0 0 0 0 1 0
4221,Video Title 4221,physics,33000,,2017-03-03 04:31:09,0 0 0 0 0 0 0 0 1 0
4222,Video Title 4222,physics,43000,,2018-10-02 05:13:16,0 0 0 0 0 0 0 0 1 0
4223,Video Title 4223,physics,37000,,2023-08-20 02:25:25,0 0 0 0 0 0 0 0 1 0
4224,Video Title 4224,physics,58000,,2021-11-04 14:20:12,0 0 0 0 0 0 0 0 1 0
4225,Video Title 4225,physics,34000,,2017-08-19 22:37:33,0 0 0 0 0 0 0 0 1 0
4226,Video Title 4226,physics,52000,,2017-09-06 05:57:42,0 0 0 0 0 0 0 0 1 0
4227,Video Title 4227,physics,39000,,2014-03-20 22:06:03,0 0 0 0 0 0 0 0 1 0
4228,Video Title 4228,physics,60000,,2023-01-20 02:05:53,0 0 0 0 0 0 0 0 1 0
4229,Video Title 4229,physics,31000,,2022-06-01 09:01:54,0 0 0 0 0 0 0 0 1 0
4230,Video Title 4230,physics,51000,,2021-12-28 03:15:35,0 0 0 0 0 0 0 0 1 0
4231,Video Title 4231,physics,31000,,2020-11-27 23:46:59,0 0 0 0 0 0 0 0 1 0
4232,Video Title 4232,physics,55000,,2020-09-19 08:02:12,0 0 0 0 0 0 0 0 1 0
4233,Video Title 4233,physics,38000,,2019-07-13 10:57:51,0 0 0 0 0 0 0 0 1 0
4234,Video Title 4234,physics,39000,,2020-05-23 03:56:15,0 0 0 0 0 0 0 0 1 0
4235,Video Title 4235,physics,52000,,2017-08-19 10:06:23,0 0 0 0 0 0 0 0 1 0
4236,Video Title 4236,physics,55000,,2020-11-08 03:45:16,0 0 0 0 0 0 0 0 1 0
4237,Video Title 4237,physics,47000,,2022-09-02 09:04:37,0 0 0 0 0 0 0 0 1 0
4238,Video Title 4238,physics,57000,,2018-06-05 18:29:06,0 0 0 0 0 0 0 0 1 0
4239,Video Title 4239,physics,30000,,2023-02-05 17:31:30,0 0 0 0 0 0 0 0 1 0
4240,Video Title 4240,physics,42000,,2023-04-11 09:38:53,0 0 0 0 0 0 0 0 1 0
4241,Video Title 4241,physics,59000,,2016-07-23 16:45:04,0 0 0 0 0 0 0 0 1 0
4242,Video Title 4242,physics,32000,,2023-05-13 13:50:33,0 0 0 0 0 0 0 0 1 0
4243,Video Title 4243,physics,54000,,2016-05-11 10:20:09,0 0 0 0 0 0 0 0 1 0
4244,Video Title 4244,physics,36000,,2022-08-05 20:54:22,0 0 0 0 0 0 0 0 1 0
4245,Video Title 4245,physics,35000,,2023-02-28 00:02:03,0 0 0 0 0 0 0 0 1 0
4246,Video Title 4246,physics,50000,,2017-03-05 17:20:59,0 0 0 0 0 0 0 0 1 0
4247,Video Title 4247,physics,55000,,2021-09-01 14:30:10,0 0 0 0 0 0 0 0 1 0
4248,Video Title 4248,physics,43000,,2021-11-23 00:12:15,0 0 0 0 0 0 0 0 1 0
4249,Video Title 4249,physics,38000,,2022-08-31 12:32:45,0 0 0 0 0 0 0 0 1 0
4250,Video Title 4250,physics,56000,,2021-10-18 00:24:19,0 0 0 0 0 0 0 0 1 0
4251,Video Title 4251,physics,45000,,2018-09-18 11:35:47,0 0 0 0 0 0 0 0 1 0
4252,Video Title 4252,physics,43000,,2023-04-07 17:09:23,0 0 0 0 0 0 0 0 1 0
4253,Video Title 4253,physics,40000,,2021-03-05 11:00:54,0 0 0 0 0 0 0 0 1 0
4254,Video Title 4254,physics,58000,,2023-03-09 16:38:49,0 0 0 0 0 0 0 0 1 0
4255,Video Title 4255,physics,33000,,2022-03-31 01:30:57,0 0 0 0 0 0 0 0 1 0
4256,Video Title 4256,physics,52000,,2016-08-12 12:58:42,0 0 0 0 0 0 0 0 1 0
4257,Video Title 4257,physics,32000,,2017-07-10 06:36:57,0 0 0 0 0 0 0 0 1 0
4258,Video Title 4258,physics,49000,,2021-04-17 16:41:15,0 0 0 0 0 0 0 0 1 0
4259,Video Title 4259,physics,47000,,2021-05-18 22:00:41,0 0 0 0 0 0 0 0 1 0
4260,Video Title 4260,physics,44000,,2020-12-14 12:24:16,0 0 0 0 0 0 0 0 1 0
4261,Video Title 4261,physics,54000,,2014-07-12 03:51:24,0 0 0 0 0 0 0 0 1 0
4262,Video Title 4262,physics,50000,,2015-11-04 15:35:27,0 0 0 0 0 0 0 0 1 0
4263,Video Title 4263,physics,44000,,2021-11-29 05:17:32,0 0 0 0 0 0 0 0 1 0
4264,Video Title 4264,physics,34000,,2014-01-14 05:26:25,0 0 0 0 0 0 0 0 1 0
4265,Video Title 4265,physics,36000,,2020-04-14 06:45:12,0 0 0 0 0 0 0 0 1 0
4266,Video Title 4266,physics,40000,,2019-10-05 16:53:55,0 0 0 0 0 0 0 0 1 0
4267,Video Title 4267,physics,33000,,2015-08-02 01:14:44,0 0 0 0 0 0 0 0 1 0
4268,Video Title 4268,physics,46000,,2021-02-19 12:12:04,0 0 0 0 0 0 0 0 1 0
4269,Video Title 4269,physics,54000,,2022-04-22 18:25:58,0 0 0 0 0 0 0 0 1 0
4270,Video Title 4270,physics,54000,,2015-04-22 20:08:34,0 0 0 0 0 0 0 0 1 0
4271,Video Title 4271,physics,49000,,2020-11-09 23:59:45,0 0 0 0 0 0 0 0 1 0
4272,Video Title 4272,physics,55000,,2023-05-24 21:02:10,0 0 0 0 0 0 0 0 1 0
4273,Video Title 4273,physics,44000,,2018-10-15 00:48:57,0 0 0 0 0 0 0 0 1 0
4274,Video Title 4274,physics,53000,,2015-05-05 07:27:31,0 0 0 0 0 0 0 0 1 0
4275,Video Title 4275,physics,35000,,2020-11-16 06:05:52,0 0 0 0 0 0 0 0 1 0
4276,Video Title 4276,physics,56000,,2017-04-12 16:02:46,0 0 0 0 0 0 0 0 1 0
4277,Video Title 4277,physics,39000,,2015-12-29 02:56:30,0 0 0 0 0 0 0 0 1 0
4278,Video Title 4278,physics,43000,,2017-09-05 17:43:18,0 0 0 0 0 0 0 0 1 0
4279,Video Title 4279,physics,42000,,2022-10-06 19:45:54,0 0 0 0 0 0 0 0 1 0
4280,Video Title 4280,physics,60000,,2022-05-07 13:53:05,0 0 0 0 0 0 0 0 1 0
4281,Video Title 4281,physics,48000,,2016-04-01 09:04:22,0 0 0 0 0 0 0 0 1 0
4282,Video Title 4282,physics,60000,,2014-03-27 20:10:49,0 0 0 0 0 0 0 0 1 0
4283,Video Title 4283,physics,47000,,2020-06-21 22:32:45,0 0 0 0 0 0 0 0 1 0
4284,Video Title 4284,physics,50000,,2016-04-16 18:45:17,0 0 0 0 0 0 0 0 1 0
4285,Video Title 4285,physics,32000,,2023-09-28 13:34:31,0 0 0 0 0 0 0 0 1 0
4286,Video Title 4286,physics,36000,,2016-08-15 12:12:19,0 0 0 0 0 0 0 0 1 0
4287,Video Title 4287,physics,57000,,2015-09-10 23:01:18,0 0 0 0 0 0 0 0 1 0
4288,Video Title 4288,physics,42000,,2020-03-07 17:09:17,0 0 0 0 0 0 0 0 1 0
4289,Video Title 4289,physics,49000,,2016-08-09 13:49:17,0 0 0 0 0 0 0 0 1 0
4290,Video Title 4290,physics,32000,,2023-07-31 19:40:44,0 0 0 0 0 0 0 0 1 0
4291,Video Title 4291,physics,35000,,2023-06-22 10:31:52,0 0 0 0 0 0 0 0 1 0
4292,Video Title 4292,physics,33000,,2014-02-23 12:27:57,0 0 0 0 0 0 0 0 1 0
4293,Video Title 4293,physics,46000,,2018-05-10 07:54:18,0 0 0 0 0 0 0 0 1 0
4294,Video Title 4294,physics,59000,,2023-04-14 05:45:17,0 0 0 0 0 0 0 0 1 0
4295,Video Title 4295,physics,56000,,2020-09-26 16:14:23,0 0 0 0 0 0 0 0 1 0
4296,Video Title 4296,physics,33000,,2016-04-01 08:47:38,0 0 0 0 0 0 0 0 1 0
4297,Video Title 4297,physics,36000,,2015-11-29 11:40:07,0 0 0 0 0 0 0 0 1 0
4298,Video Title 4298,physics,57000,,2022-02-18 22:55:42,0 0 0 0 0 0 0 0 1 0
4299,Video Title 4299,physics,38000,,2016-11-19 01:28:07,0 0 0 0 0 0 0 0 1 0
4300,Video Title 4300,physics,45000,,2017-10-28 13:38:23,0 0 0 0 0 0 0 0 1 0
4301,Video Title 4301,physics,43000,,2022-07-25 15:11:05,0 0 0 0 0 0 0 0 1 0
4302,Video Title 4302,physics,49000,,2016-02-28 19:38:02,0 0 0 0 0 0 0 0 1 0
4303,Video Title 4303,physics,56000,,2016-10-31 19:55:50,0 0 0 0 0 0 0 0 1 0
4304,Video Title 4304,physics,51000,,2015-11-25 04:12:49,0 0 0 0 0 0 0 0 1 0
4305,Video Title 4305,physics,35000,,2018-02-02 02:42:40,0 0 0 0 0 0 0 0 1 0
4306,Video Title 4306,physics,34000,,2014-04-18 00:31:29,0 0 0 0 0 0 0 0 1 0
4307,Video Title 4307,physics,38000,,2016-05-11 12:32:26,0 0 0 0 0 0 0 0 1 0
4308,Video Title 4308,physics,44000,,2023-01-27 17:57:12,0 0 0 0 0 0 0 0 1 0
4309,Video Title 4309,physics,41000,,2019-10-31 14:18:34,0 0 0 0 0 0 0 0 1 0
4310,Video Title 4310,physics,50000,,2018-08-02 07:10:34,0 0 0 0 0 0 0 0 1 0
4311,Video Title 4311,physics,30000,,2018-09-10 10:01:43,0 0 0 0 0 0 0 0 1 0
4312,Video Title 4312,physics,57000,,2017-03-27 20:20:52,0 0 0 0 0 0 0 0 1 0
4313,Video Title 4313,physics,52000,,2017-12-24 01:47:35,0 0 0 0 0 0 0 0 1 0
4314,Video Title 4314,physics,36000,,2021-02-18 16:13:44,0 0 0 0 0 0 0 0 1 0
4315,Video Title 4315,physics,52000,,2018-03-28 00:17:14,0 0 0 0 0 0 0 0 1 0
4316,Video Title 4316,physics,49000,,2016-07-26 05:21:43,0 0 0 0 0 0 0 0 1 0
4317,Video Title 4317,physics,33000,,2019-07-29 01:11:51,0 0 0 0 0 0 0 0 1 0
4318,Video Title 4318,physics,31000,,2017-05-01 22:45:30,0 0 0 0 0 0 0 0 1 0
4319,Video Title 4319,physics,37000,,2018-09-17 21:40:49,0 0 0 0 0 0 0 0 1 0
4320,Video Title 4320,physics,41000,,2023-12-20 02:22:28,0 0 0 0 0 0 0 0 1 0
4321,Video Title 4321,physics,60000,,2020-09-16 09:20:21,0 0 0 0 0 0 0 0 1 0
4322,Video Title 4322,physics,55000,,2019-12-26 13:07:44,0 0 0 0 0 0 0 0 1 0
4323,Video Title 4323,physics,53000,,2022-02-05 23:07:06,0 0 0 0 0 0 0 0 1 0
4324,Video Title 4324,physics,30000,,2016-07-16 20:20:34,0 0 0 0 0 0 0 0 1 0
4325,Video Title 4325,physics,49000,,2017-10-24 10:08:25,0 0 0 0 0 0 0 0 1 0
4326,Video Title 4326,physics,42000,,2020-09-18 02:33:10,0 0 0 0 0 0 0 0 1 0
4327,Video Title 4327,physics,34000,,2023-09-06 09:51:51,0 0 0 0 0 0 0 0 1 0
4328,Video Title 4328,physics,47000,,2014-06-02 02:32:56,0 0 0 0 0 0 0 0 1 0
4329,Video Title 4329,physics,35000,,2016-08-10 01:32:55,0 0 0 0 0 0 0 0 1 0
4330,Video Title 4330,physics,46000,,2018-12-06 20:46:08,0 0 0 0 0 0 0 0 1 0
4331,Video Title 4331,physics,40000,,2022-10-12 07:45:19,0 0 0 0 0 0 0 0 1 0
4332,Video Title 4332,physics,34000,,2014-11-26 05:09:47,0 0 0 0 0 0 0 0 1 0
4333,Video Title 4333,physics,52000,,2019-04-23 01:07:29,0 0 0 0 0 0 0 0 1 0
4334,Video Title 4334,physics,34000,,2016-08-10 11:33:59,0 0 0 0 0 0 0 0 1 0
4335,Video Title 4335,physics,40000,,2014-06-13 04:36:19,0 0 0 0 0 0 0 0 1 0
4336,Video Title 4336,physics,34000,,2018-12-30 02:51:00,0 0 0 0 0 0 0 0 1 0
4337,Video Title 4337,physics,56000,,2016-10-24 15:39:24,0 0 0 0 0 0 0 0 1 0
4338,Video Title 4338,physics,41000,,2023-04-06 18:21:53,0 0 0 0 0 0 0 0 1 0
4339,Video Title 4339,physics,39000,,2023-01-11 04:38:18,0 0 0 0 0 0 0 0 1 0
4340,Video Title 4340,physics,38000,,2020-02-18 04:48:20,0 0 0 0 0 0 0 0 1 0
4341,Video Title 4341,physics,54000,,2023-04-08 12:23:55,0 0 0 0 0 0 0 0 1 0
4342,Video Title 4342,physics,46000,,2017-02-18 11:42:13,0 0 0 0 0 0 0 0 1 0
4343,Video Title 4343,physics,58000,,2015-08-28 04:34:57,0 0 0 0 0 0 0 0 1 0
4344,Video Title 4344,physics,53000,,2023-12-12 03:53:59,0 0 0 0 0 0 0 0 1 0
4345,Video Title 4345,physics,54000,,2023-07-02 16:26:28,0 0 0 0 0 0 0 0 1 0
4346,Video Title 4346,physics,47000,,2022-07-13 13:44:55,0 0 0 0 0 0 0 0 1 0
4347,Video Title 4347,physics,51000,,2020-05-14 18:43:55,0 0 0 0 0 0 0 0 1 0
4348,Video Title 4348,physics,44000,,2014-07-16 06:15:49,0 0 0 0 0 0 0 0 1 0
4349,Video Title 4349,physics,34000,,2014-07-21 04:05:01,0 0 0 0 0 0 0 0 1 0
4350,Video Title 4350,physics,35000,,2014-05-13 21:31:58,0 0 0 0 0 0 0 0 1 0
4351,Video Title 4351,physics,38000,,2015-08-22 23:24:51,0 0 0 0 0 0 0 0 1 0
4352,Video Title 4352,physics,44000,,2018-05-14 23:15:22,0 0 0 0 0 0 0 0 1 0
4353,Video Title 4353,physics,58000,,2023-04-10 07:16:31,0 0 0 0 0 0 0 0 1 0
4354,Video Title 4354,physics,31000,,2018-06-02 13:07:28,0 0 0 0 0 0 0 0 1 0
4355,Video Title 4355,physics,52000,,2019-08-12 02:51:21,0 0 0 0 0 0 0 0 1 0
4356,Video Title 4356,physics,44000,,2018-12-07 09:47:49,0 0 0 0 0 0 0 0 1 0
4357,Video Title 4357,physics,57000,,2021-03-14 03:19:23,0 0 0 0 0 0 0 0 1 0
4358,Video Title 4358,physics,34000,,2015-03-30 08:06:39,0 0 0 0 0 0 0 0 1 0
4359,Video Title 4359,physics,32000,,2016-01-16 15:04:23,0 0 0 0 0 0 0 0 1 0
4360,Video Title 4360,physics,39000,,2015-10-24 09:22:29,0 0 0 0 0 0 0 0 1 0
4361,Video Title 4361,physics,35000,,2021-07-02 06:27:02,0 0 0 0 0 0 0 0 1 0
4362,Video Title 4362,physics,56000,,2016-09-24 16:32:24,0 0 0 0 0 0 0 0 1 0
4363,Video Title 4363,physics,58000,,2020-08-19 10:51:38,0 0 0 0 0 0 0 0 1 0
4364,Video Title 4364,physics,36000,,2019-11-02 22:45:05,0 0 0 0 0 0 0 0 1 0
4365,Video Title 4365,physics,30000,,2019-04-06 22:56:58,0 0 0 0 0 0 0 0 1 0
4366,Video Title 4366,physics,48000,,2015-10-24 01:49:51,0 0 0 0 0 0 0 0 1 0
4367,Video Title 4367,physics,59000,,2014-10-10 10:47:11,0 0 0 0 0 0 0 0 1 0
4368,Video Title 4368,physics,54000,,2018-12-26 02:30:14,0 0 0 0 0 0 0 0 1 0
4369,Video Title 4369,physics,33000,,2022-11-15 21:24:37,0 0 0 0 0 0 0 0 1 0
4370,Video Title 4370,physics,30000,,2016-11-05 15:02:15,0 0 0 0 0 0 0 0 1 0
4371,Video Title 4371,physics,51000,,2015-03-24 06:24:24,0 0 0 0 0 0 0 0 1 0
4372,Video Title 4372,physics,41000,,2019-11-27 17:39:08,0 0 0 0 0 0 0 0 1 0
4373,Video Title 4373,physics,60000,,2015-01-25 03:43:30,0 0 0 0 0 0 0 0 1 0
4374,Video Title 4374,physics,40000,,2015-07-18 06:43:51,0 0 0 0 0 0 0 0 1 0
4375,Video Title 4375,physics,32000,,2018-08-09 20:25:35,0 0 0 0 0 0 0 0 1 0
4376,Video Title 4376,physics,52000,,2020-08-06 07:38:40,0 0 0 0 0 0 0 0 1 0
4377,Video Title 4377,physics,44000,,2020-04-14 12:03:01,0 0 0 0 0 0 0 0 1 0
4378,Video Title 4378,physics,38000,,2019-12-11 20:17:35,0 0 0 0 0 0 0 0 1 0
4379,Video Title 4379,physics,30000,,2017-04-19 09:47:54,0 0 0 0 0 0 0 0 1 0
4380,Video Title 4380,physics,31000,,2020-07-25 00:44:00,0 0 0 0 0 0 0 0 1 0
4381,Video Title 4381,physics,60000,,2018-07-14 19:44:05,0 0 0 0 0 0 0 0 1 0
4382,Video Title 4382,physics,60000,,2021-04-26 03:21:39,0 0 0 0 0 0 0 0 1 0
4383,Video Title 4383,physics,53000,,2023-01-26 02:32:41,0 0 0 0 0 0 0 0 1 0
4384,Video Title 4384,physics,55000,,2019-09-11 10:16:44,0 0 0 0 0 0 0 0 1 0
4385,Video Title 4385,physics,36000,,2022-08-19 23:13:36,0 0 0 0 0 0 0 0 1 0
4386,Video Title 4386,physics,55000,,2020-06-09 07:13:01,0 0 0 0 0 0 0 0 1 0
4387,Video Title 4387,physics,40000,,2021-12-25 05:40:28,0 0 0 0 0 0 0 0 1 0
4388,Video Title 4388,physics,53000,,2014-09-18 03:25:48,0 0 0 0 0 0 0 0 1 0
4389,Video Title 4389,physics,60000,,2020-01-10 08:44:16,0 0 0 0 0 0 0 0 1 0
4390,Video Title 4390,physics,32000,,2017-12-28 20:00:15,0 0 0 0 0 0 0 0 1 0
4391,Video Title 4391,physics,35000,,2016-05-28 07:01:10,0 0 0 0 0 0 0 0 1 0
4392,Video Title 4392,physics,54000,,2022-08-28 03:09:31,0 0 0 0 0 0 0 0 1 0
4393,Video Title 4393,physics,32000,,2014-03-18 20:51:15,0 0 0 0 0 0 0 0 1 0
4394,Video Title 4394,physics,36000,,2015-08-20 17:36:14,0 0 0 0 0 0 0 0 1 0
4395,Video Title 4395,physics,54000,,2018-01-10 17:54:36,0 0 0 0 0 0 0 0 1 0
4396,Video Title 4396,physics,50000,,2021-07-11 20:07:49,0 0 0 0 0 0 0 0 1 0
4397,Video Title 4397,physics,50000,,2015-07-19 14:11:46,0 0 0 0 0 0 0 0 1 0
4398,Video Title 4398,physics,39000,,2018-11-29 14:01:49,0 0 0 0 0 0 0 0 1 0
4399,Video Title 4399,physics,43000,,2021-05-11 23:54:04,0 0 0 0 0 0 0 0 1 0
4400,Video Title 4400,physics,59000,,2017-02-07 20:52:28,0 0 0 0 0 0 0 0 1 0
4401,Video Title 4401,physics,51000,,2020-01-14 19:47:31,0 0 0 0 0 0 0 0 1 0
4402,Video Title 4402,physics,41000,,2020-08-28 03:34:40,0 0 0 0 0 0 0 0 1 0
4403,Video Title 4403,physics,56000,,2017-09-05 05:13:05,0 0 0 0 0 0 0 0 1 0
4404,Video Title 4404,physics,36000,,2018-11-25 02:58:40,0 0 0 0 0 0 0 0 1 0
4405,Video Title 4405,physics,58000,,2017-11-19 12:38:33,0 0 0 0 0 0 0 0 1 0
4406,Video Title 4406,physics,38000,,2019-08-20 03:47:59,0 0 0 0 0 0 0 0 1 0
4407,Video Title 4407,physics,43000,,2014-11-28 07:28:40,0 0 0 0 0 0 0 0 1 0
4408,Video Title 4408,physics,43000,,2022-02-10 03:06:21,0 0 0 0 0 0 0 0 1 0
4409,Video Title 4409,physics,49000,,2015-11-14 04:46:15,0 0 0 0 0 0 0 0 1 0
4410,Video Title 4410,physics,50000,,2018-04-06 23:05:52,0 0 0 0 0 0 0 0 1 0
4411,Video Title 4411,physics,31000,,2019-02-19 16:42:42,0 0 0 0 0 0 0 0 1 0
4412,Video Title 4412,physics,44000,,2020-10-07 00:08:48,0 0 0 0 0 0 0 0 1 0
4413,Video Title 4413,physics,50000,,2020-11-11 18:19:13,0 0 0 0 0 0 0 0 1 0
4414,Video Title 4414,physics,34000,,2023-04-22 22:28:58,0 0 0 0 0 0 0 0 1 0
4415,Video Title 4415,physics,46000,,2020-04-18 21:25:09,0 0 0 0 0 0 0 0 1 0
4416,Video Title 4416,physics,46000,,2014-11-05 11:46:51,0 0 0 0 0 0 0 0 1 0
4417,Video Title 4417,physics,44000,,2018-05-18 08:20:36,0 0 0 0 0 0 0 0 1 0
4418,Video Title 4418,physics,59000,,2022-01-06 15:18:54,0 0 0 0 0 0 0 0 1 0
4419,Video Title 4419,physics,39000,,2015-06-29 09:55:58,0 0 0 0 0 0 0 0 1 0
4420,Video Title 4420,physics,34000,,2020-11-04 17:54:03,0 0 0 0 0 0 0 0 1 0
4421,Video Title 4421,physics,39000,,2022-06-01 14:43:29,0 0 0 0 0 0 0 0 1 0
4422,Video Title 4422,physics,46000,,2018-04-13 05:18:22,0 0 0 0 0 0 0 0 1 0
4423,Video Title 4423,physics,48000,,2014-06-26 04:59:48,0 0 0 0 0 0 0 0 1 0
4424,Video Title 4424,physics,32000,,2023-03-05 03:39:22,0 0 0 0 0 0 0 0 1 0
4425,Video Title 4425,physics,46000,,2015-01-30 20:34:41,0 0 0 0 0 0 0 0 1 0
4426,Video Title 4426,physics,43000,,2018-02-18 12:29:59,0 0 0 0 0 0 0 0 1 0
4427,Video Title 4427,physics,44000,,2020-08-11 02:55:12,0 0 0 0 0 0 0 0 1 0
4428,Video Title 4428,physics,48000,,2022-02-16 19:26:55,0 0 0 0 0 0 0 0 1 0
4429,Video Title 4429,physics,41000,,2016-07-21 05:45:14,0 0 0 0 0 0 0 0 1 0
4430,Video Title 4430,physics,32000,,2021-09-08 13:27:26,0 0 0 0 0 0 0 0 1 0
4431,Video Title 4431,physics,30000,,2015-02-22 20:44:56,0 0 0 0 0 0 0 0 1 0
4432,Video Title 4432,physics,51000,,2018-08-19 12:11:43,0 0 0 0 0 0 0 0 1 0
4433,Video Title 4433,physics,55000,,2015-10-30 01:25:57,0 0 0 0 0 0 0 0 1 0
4434,Video Title 4434,physics,42000,,2014-06-17 04:39:48,0 0 0 0 0 0 0 0 1 0
4435,Video Title 4435,physics,43000,,2022-10-08 03:46:06,0 0 0 0 0 0 0 0 1 0
4436,Video Title 4436,physics,39000,,2017-02-21 21:42:02,0 0 0 0 0 0 0 0 1 0
4437,Video Title 4437,physics,53000,,2018-07-21 17:50:16,0 0 0 0 0 0 0 0 1 0
4438,Video Title 4438,physics,51000,,2018-07-03 07:26:11,0 0 0 0 0 0 0 0 1 0
4439,Video Title 4439,physics,55000,,2016-08-27 12:30:59,0 0 0 0 0 0 0 0 1 0
4440,Video Title 4440,physics,60000,,2023-03-08 02:36:17,0 0 0 0 0 0 0 0 1 0
4441,Video Title 4441,physics,55000,,2015-11-17 05:59:45,0 0 0 0 0 0 0 0 1 0
4442,Video Title 4442,physics,35000,,2014-10-15 12:07:06,0 0 0 0 0 0 0 0 1 0
4443,Video Title 4443,physics,49000,,2016-08-06 12:13:41,0 0 0 0 0 0 0 0 1 0
4444,Video Title 4444,physics,51000,,2015-01-26 02:33:56,0 0 0 0 0 0 0 0 1 0
4445,Video Title 4445,physics,47000,,2014-03-09 09:22:23,0 0 0 0 0 0 0 0 1 0
4446,Video Title 4446,physics,42000,,2015-03-04 21:00:56,0 0 0 0 0 0 0 0 1 0
4447,Video Title 4447,physics,35000,,2020-07-23 16:09:54,0 0 0 0 0 0 0 0 1 0
4448,Video Title 4448,physics,44000,,2020-12-02 02:13:32,0 0 0 0 0 0 0 0 1 0
4449,Video Title 4449,physics,57000,,2020-07-30 16:01:02,0 0 0 0 0 0 0 0 1 0
4450,Video Title 4450,physics,53000,,2020-01-08 21:20:23,0 0 0 0 0 0 0 0 1 0
4451,Video Title 4451,physics,45000,,2017-01-12 05:16:42,0 0 0 0 0 0 0 0 1 0
4452,Video Title 4452,physics,56000,,2023-09-27 19:33:27,0 0 0 0 0 0 0 0 1 0
4453,Video Title 4453,physics,41000,,2020-11-27 22:01:00,0 0 0 0 0 0 0 0 1 0
4454,Video Title 4454,physics,60000,,2020-11-26 13:41:52,0 0 0 0 0 0 0 0 1 0
4455,Video Title 4455,physics,42000,,2022-01-17 22:31:42,0 0 0 0 0 0 0 0 1 0
4456,Video Title 4456,physics,32000,,2015-04-04 13:50:21,0 0 0 0 0 0 0 0 1 0
4457,Video Title 4457,physics,30000,,2015-11-30 10:15:44,0 0 0 0 0 0 0 0 1 0
4458,Video Title 4458,physics,56000,,2014-03-01 23:32:51,0 0 0 0 0 0 0 0 1 0
4459,Video Title 4459,physics,36000,,2022-08-04 09:27:13,0 0 0 0 0 0 0 0 1 0
4460,Video Title 4460,physics,36000,,2018-10-25 01:51:58,0 0 0 0 0 0 0 0 1 0
4461,Video Title 4461,physics,34000,,2020-07-01 13:12:31,0 0 0 0 0 0 0 0 1 0
4462,Video Title 4462,physics,43000,,2022-06-03 15:03:30,0 0 0 0 0 0 0 0 1 0
4463,Video Title 4463,physics,57000,,2021-11-25 13:00:38,0 0 0 0 0 0 0 0 1 0
4464,Video Title 4464,physics,36000,,2014-11-13 05:47:41,0 0 0 0 0 0 0 0 1 0
4465,Video Title 4465,physics,54000,,2018-08-21 12:04:43,0 0 0 0 0 0 0 0 1 0
4466,Video Title 4466,physics,45000,,2018-03-22 20:37:12,0 0 0 0 0 0 0 0 1 0
4467,Video Title 4467,physics,33000,,2015-09-01 06:50:28,0 0 0 0 0 0 0 0 1 0
4468,Video Title 4468,physics,34000,,2021-05-22 13:13:53,0 0 0 0 0 0 0 0 1 0
4469,Video Title 4469,physics,44000,,2023-08-22 02:44:16,0 0 0 0 0 0 0 0 1 0
4470,Video Title 4470,physics,45000,,2014-03-15 15:23:36,0 0 0 0 0 0 0 0 1 0
4471,Video Title 4471,physics,44000,,2019-11-09 01:49:16,0 0 0 0 0 0 0 0 1 0
4472,Video Title 4472,physics,36000,,2016-12-14 03:13:52,0 0 0 0 0 0 0 0 1 0
4473,Video Title 4473,physics,56000,,2022-05-04 12:15:19,0 0 0 0 0 0 0 0 1 0
4474,Video Title 4474,physics,31000,,2017-05-05 13:15:53,0 0 0 0 0 0 0 0 1 0
4475,Video Title 4475,physics,33000,,2020-04-21 23:54:19,0 0 0 0 0 0 0 0 1 0
4476,Video Title 4476,physics,52000,,2018-04-28 00:37:28,0 0 0 0 0 0 0 0 1 0
4477,Video Title 4477,physics,43000,,2022-06-27 10:47:04,0 0 0 0 0 0 0 0 1 0
4478,Video Title 4478,physics,53000,,2019-10-16 02:43:37,0 0 0 0 0 0 0 0 1 0
4479,Video Title 4479,physics,53000,,2019-07-19 05:04:35,0 0 0 0 0 0 0 0 1 0
4480,Video Title 4480,physics,39000,,2014-05-18 02:42:28,0 0 0 0 0 0 0 0 1 0
4481,Video Title 4481,physics,42000,,2018-11-12 06:26:38,0 0 0 0 0 0 0 0 1 0
4482,Video Title 4482,physics,48000,,2021-03-31 20:12:09,0 0 0 0 0 0 0 0 1 0
4483,Video Title 4483,physics,59000,,2020-10-15 03:18:34,0 0 0 0 0 0 0 0 1 0
4484,Video Title 4484,physics,56000,,2022-09-04 20:45:19,0 0 0 0 0 0 0 0 1 0
4485,Video Title 4485,physics,37000,,2021-02-22 03:49:58,0 0 0 0 0 0 0 0 1 0
4486,Video Title 4486,physics,46000,,2014-03-13 10:07:19,0 0 0 0 0 0 0 0 1 0
4487,Video Title 4487,physics,48000,,2017-02-28 20:28:23,0 0 0 0 0 0 0 0 1 0
4488,Video Title 4488,physics,32000,,2016-09-06 15:33:39,0 0 0 0 0 0 0 0 1 0
4489,Video Title 4489,physics,50000,,2018-03-05 13:14:28,0 0 0 0 0 0 0 0 1 0
4490,Video Title 4490,physics,45000,,2015-03-05 20:00:31,0 0 0 0 0 0 0 0 1 0
4491,Video Title 4491,physics,49000,,2023-05-23 05:17:17,0 0 0 0 0 0 0 0 1 0
4492,Video Title 4492,physics,41000,,2018-06-27 09:18:16,0 0 0 0 0 0 0 0 1 0
4493,Video Title 4493,physics,43000,,2014-03-19 22:41:11,0 0 0 0 0 0 0 0 1 0
4494,Video Title 4494,physics,39000,,2021-04-06 15:55:12,0 0 0 0 0 0 0 0 1 0
4495,Video Title 4495,physics,45000,,2017-06-11 01:01:52,0 0 0 0 0 0 0 0 1 0
4496,Video Title 4496,physics,37000,,2019-01-29 20:54:31,0 0 0 0 0 0 0 0 1 0
4497,Video Title 4497,physics,48000,,2023-02-03 02:32:43,0 0 0 0 0 0 0 0 1 0
4498,Video Title 4498,physics,40000,,2023-03-21 08:02:17,0 0 0 0 0 0 0 0 1 0
4499,Video Title 4499,physics,57000,,2022-06-05 00:07:15,0 0 0 0 0 0 0 0 1 0
4500,Video Title 4500,physics,51000,,2018-09-08 21:44:01,0 0 0 0 0 0 0 0 1 0
4501,Video Title 4501,psychology,58000,,2016-12-08 21:19:05,0 0 0 0 0 0 0 0 0 1
4502,Video Title 4502,psychology,52000,,2017-11-27 20:31:12,0 0 0 0 0 0 0 0 0 1
4503,Video Title 4503,psychology,43000,,2022-05-01 17:52:23,0 0 0 0 0 0 0 0 0 1
4504,Video Title 4504,psychology,51000,,2020-07-11 15:00:59,0 0 0 0 0 0 0 0 0 1
4505,Video Title 4505,psychology,41000,,2021-12-17 07:12:19,0 0 0 0 0 0 0 0 0 1
4506,Video Title 4506,psychology,55000,,2023-09-16 22:29:15,0 0 0 0 0 0 0 0 0 1
4507,Video Title 4507,psychology,35000,,2020-03-21 17:23:32,0 0 0 0 0 0 0 0 0 1
4508,Video Title 4508,psychology,39000,,2020-11-28 01:06:19,0 0 0 0 0 0 0 0 0 1
4509,Video Title 4509,psychology,32000,,2020-09-02 18:08:42,0 0 0 0 0 0 0 0 0 1
4510,Video Title 4510,psychology,34000,,2015-09-27 12:18:02,0 0 0 0 0 0 0 0 0 1
4511,Video Title 4511,psychology,35000,,2020-01-22 23:36:46,0 0 0 0 0 0 0 0 0 1
4512,Video Title 4512,psychology,33000,,2021-12-08 05:03:47,0 0 0 0 0 0 0 0 0 1
4513,Video Title 4513,psychology,60000,,2023-12-09 06:00:35,0 0 0 0 0 0 0 0 0 1
4514,Video Title 4514,psychology,39000,,2016-05-08 17:22:34,0 0 0 0 0 0 0 0 0 1
4515,Video Title 4515,psychology,47000,,2014-06-23 17:31:18,0 0 0 0 0 0 0 0 0 1
4516,Video Title 4516,psychology,30000,,2017-08-04 13:43:10,0 0 0 0 0 0 0 0 0 1
4517,Video Title 4517,psychology,38000,,2017-07-29 05:02:36,0 0 0 0 0 0 0 0 0 1
4518,Video Title 4518,psychology,35000,,2015-10-02 17:00:57,0 0 0 0 0 0 0 0 0 1
4519,Video Title 4519,psychology,57000,,2022-12-11 18:28:27,0 0 0 0 0 0 0 0 0 1
4520,Video Title 4520,psychology,31000,,2022-01-25 21:02:29,0 0 0 0 0 0 0 0 0 1
4521,Video Title 4521,psychology,40000,,2018-04-23 18:21:09,0 0 0 0 0 0 0 0 0 1
4522,Video Title 4522,psychology,49000,,2016-04-09 10:03:59,0 0 0 0 0 0 0 0 0 1
4523,Video Title 4523,psychology,47000,,2016-03-30 22:46:40,0 0 0 0 0 0 0 0 0 1
4524,Video Title 4524,psychology,38000,,2023-12-08 20:51:47,0 0 0 0 0 0 0 0 0 1
4525,Video Title 4525,psychology,55000,,2017-07-22 15:06:34,0 0 0 0 0 0 0 0 0 1
4526,Video Title 4526,psychology,31000,,2021-09-13 20:18:45,0 0 0 0 0 0 0 0 0 1
4527,Video Title 4527,psychology,47000,,2016-09-05 08:13:56,0 0 0 0 0 0 0 0 0 1
4528,Video Title 4528,psychology,34000,,2022-07-14 22:33:13,0 0 0 0 0 0 0 0 0 1
4529,Video Title 4529,psychology,57000,,2019-02-27 03:56:23,0 0 0 0 0 0 0 0 0 1
4530,Video Title 4530,psychology,51000,,2015-01-18 02:50:28,0 0 0 0 0 0 0 0 0 1
4531,Video Title 4531,psychology,31000,,2023-04-08 04:58:18,0 0 0 0 0 0 0 0 0 1
4532,Video Title 4532,psychology,44000,,2021-12-28 07:15:04,0 0 0 0 0 0 0 0 0 1
4533,Video Title 4533,psychology,60000,,2022-06-01 19:53:41,0 0 0 0 0 0 0 0 0 1
4534,Video Title 4534,psychology,33000,,2023-09-30 12:11:40,0 0 0 0 0 0 0 0 0 1
4535,Video Title 4535,psychology,55000,,2020-02-09 14:09:17,0 0 0 0 0 0 0 0 0 1
4536,Video Title 4536,psychology,55000,,2022-08-02 02:44:13,0 0 0 0 0 0 0 0 0 1
4537,Video Title 4537,psychology,33000,,2022-03-28 04:15:21,0 0 0 0 0 0 0 0 0 1
4538,Video Title 4538,psychology,31000,,2019-01-28 15:58:54,0 0 0 0 0 0 0 0 0 1
4539,Video Title 4539,psychology,35000,,2020-04-20 05:31:39,0 0 0 0 0 0 0 0 0 1
4540,Video Title 4540,psychology,57000,,2016-01-22 15:50:00,0 0 0 0 0 0 0 0 0 1
4541,Video Title 4541,psychology,41000,,2015-07-30 04:03:04,0 0 0 0 0 0 0 0 0 1
4542,Video Title 4542,psychology,39000,,2021-01-30 19:06:37,0 0 0 0 0 0 0 0 0 1
4543,Video Title 4543,psychology,54000,,2019-01-23 12:32:37,0 0 0 0 0 0 0 0 0 1
4544,Video Title 4544,psychology,53000,,2022-09-15 07:09:41,0 0 0 0 0 0 0 0 0 1
4545,Video Title 4545,psychology,34000,,2020-06-21 21:20:39,0 0 0 0 0 0 0 0 0 1
4546,Video Title 4546,psychology,40000,,2022-03-11 22:29:04,0 0 0 0 0 0 0 0 0 1
4547,Video Title 4547,psychology,33000,,2022-06-27 08:55:48,0 0 0 0 0 0 0 0 0 1
4548,Video Title 4548,psychology,44000,,2023-09-12 04:10:19,0 0 0 0 0 0 0 0 0 1
4549,Video Title 4549,psychology,54000,,2021-09-09 23:18:18,0 0 0 0 0 0 0 0 0 1
4550,Video Title 4550,psychology,37000,,2022-05-08 01:39:04,0 0 0 0 0 0 0 0 0 1
4551,Video Title 4551,psychology,45000,,2017-06-01 19:38:17,0 0 0 0 0 0 0 0 0 1
4552,Video Title 4552,psychology,46000,,2015-09-20 02:31:59,0 0 0 0 0 0 0 0 0 1
4553,Video Title 4553,psychology,38000,,2017-09-23 09:25:29,0 0 0 0 0 0 0 0 0 1
4554,Video Title 4554,psychology,54000,,2018-02-25 18:45:14,0 0 0 0 0 0 0 0 0 1
4555,Video Title 4555,psychology,50000,,2020-08-26 05:35:03,0 0 0 0 0 0 0 0 0 1
4556,Video Title 4556,psychology,34000,,2021-07-14 04:52:05,0 0 0 0 0 0 0 0 0 1
4557,Video Title 4557,psychology,46000,,2018-03-22 06:51:55,0 0 0 0 0 0 0 0 0 1
4558,Video Title 4558,psychology,37000,,2015-05-21 16:18:12,0 0 0 0 0 0 0 0 0 1
4559,Video Title 4559,psychology,43000,,2018-02-19 22:39:54,0 0 0 0 0 0 0 0 0 1
4560,Video Title 4560,psychology,43000,,2022-12-24 22:30:59,0 0 0 0 0 0 0 0 0 1
4561,Video Title 4561,psychology,60000,,2022-07-11 05:24:21,0 0 0 0 0 0 0 0 0 1
4562,Video Title 4562,psychology,55000,,2020-10-28 00:36:02,0 0 0 0 0 0 0 0 0 1
4563,Video Title 4563,psychology,60000,,2014-04-21 15:13:56,0 0 0 0 0 0 0 0 0 1
4564,Video Title 4564,psychology,34000,,2021-09-14 01:18:10,0 0 0 0 0 0 0 0 0 1
4565,Video Title 4565,psychology,52000,,2022-01-23 19:13:31,0 0 0 0 0 0 0 0 0 1
4566,Video Title 4566,psychology,60000,,2014-09-13 23:18:43,0 0 0 0 0 0 0 0 0 1
4567,Video Title 4567,psychology,40000,,2017-02-25 00:52:49,0 0 0 0 0 0 0 0 0 1
4568,Video Title 4568,psychology,54000,,2015-08-25 18:50:31,0 0 0 0 0 0 0 0 0 1
4569,Video Title 4569,psychology,31000,,2017-12-08 10:07:29,0 0 0 0 0 0 0 0 0 1
4570,Video Title 4570,psychology,31000,,2020-08-08 15:25:57,0 0 0 0 0 0 0 0 0 1
4571,Video Title 4571,psychology,50000,,2015-07-07 23:24:14,0 0 0 0 0 0 0 0 0 1
4572,Video Title 4572,psychology,48000,,2014-08-02 00:08:27,0 0 0 0 0 0 0 0 0 1
4573,Video Title 4573,psychology,50000,,2023-10-20 04:07:25,0 0 0 0 0 0 0 0 0 1
4574,Video Title 4574,psychology,55000,,2020-08-09 07:40:44,0 0 0 0 0 0 0 0 0 1
4575,Video Title 4575,psychology,46000,,2023-09-23 05:06:59,0 0 0 0 0 0 0 0 0 1
4576,Video Title 4576,psychology,43000,,2018-01-09 07:26:48,0 0 0 0 0 0 0 0 0 1
4577,Video Title 4577,psychology,51000,,2021-01-03 21:14:18,0 0 0 0 0 0 0 0 0 1
4578,Video Title 4578,psychology,57000,,2017-01-17 18:41:48,0 0 0 0 0 0 0 0 0 1
4579,Video Title 4579,psychology,53000,,2017-02-20 23:42:09,0 0 0 0 0 0 0 0 0 1
4580,Video Title 4580,psychology,41000,,2014-01-31 20:14:08,0 0 0 0 0 0 0 0 0 1
4581,Video Title 4581,psychology,38000,,2023-01-01 18:15:59,0 0 0 0 0 0 0 0 0 1
4582,Video Title 4582,psychology,49000,,2023-03-16 15:28:18,0 0 0 0 0 0 0 0 0 1
4583,Video Title 4583,psychology,52000,,2018-01-16 08:58:30,0 0 0 0 0 0 0 0 0 1
4584,Video Title 4584,psychology,50000,,2016-01-21 17:42:03,0 0 0 0 0 0 0 0 0 1
4585,Video Title 4585,psychology,47000,,2020-03-30 21:54:28,0 0 0 0 0 0 0 0 0 1
4586,Video Title 4586,psychology,49000,,2020-07-09 22:26:55,0 0 0 0 0 0 0 0 0 1
4587,Video Title 4587,psychology,52000,,2017-06-16 03:57:13,0 0 0 0 0 0 0 0 0 1
4588,Video Title 4588,psychology,55000,,2021-10-25 16:55:37,0 0 0 0 0 0 0 0 0 1
4589,Video Title 4589,psychology,42000,,2021-10-03 05:04:09,0 0 0 0 0 0 0 0 0 1
4590,Video Title 4590,psychology,58000,,2017-01-07 14:09:06,0 0 0 0 0 0 0 0 0 1
4591,Video Title 4591,psychology,31000,,2019-05-18 15:10:26,0 0 0 0 0 0 0 0 0 1
4592,Video Title 4592,psychology,42000,,2021-04-02 14:38:40,0 0 0 0 0 0 0 0 0 1
4593,Video Title 4593,psychology,53000,,2022-10-19 13:06:14,0 0 0 0 0 0 0 0 0 1
4594,Video Title 4594,psychology,46000,,2023-12-02 12:32:23,0 0 0 0 0 0 0 0 0 1
4595,Video Title 4595,psychology,39000,,2016-02-22 03:08:36,0 0 0 0 0 0 0 0 0 1
4596,Video Title 4596,psychology,46000,,2019-07-10 00:26:26,0 0 0 0 0 0 0 0 0 1
4597,Video Title 4597,psychology,46000,,2017-05-30 14:05:52,0 0 0 0 0 0 0 0 0 1
4598,Video Title 4598,psychology,50000,,2015-08-10 02:23:42,0 0 0 0 0 0 0 0 0 1
4599,Video Title 4599,psychology,30000,,2022-11-26 15:58:26,0 0 0 0 0 0 0 0 0 1
4600,Video Title 4600,psychology,47000,,2019-12-05 15:18:55,0 0 0 0 0 0 0 0 0 1
4601,Video Title 4601,psychology,37000,,2022-04-28 15:15:33,0 0 0 0 0 0 0 0 0 1
4602,Video Title 4602,psychology,39000,,2021-04-07 18:12:35,0 0 0 0 0 0 0 0 0 1
4603,Video Title 4603,psychology,46000,,2015-02-10 02:42:39,0 0 0 0 0 0 0 0 0 1
4604,Video Title 4604,psychology,31000,,2022-06-01 18:42:33,0 0 0 0 0 0 0 0 0 1
4605,Video Title 4605,psychology,38000,,2020-04-09 12:16:58,0 0 0 0 0 0 0 0 0 1
4606,Video Title 4606,psychology,41000,,2015-03-30 22:01:13,0 0 0 0 0 0 0 0 0 1
4607,Video Title 4607,psychology,54000,,2020-07-06 00:18:28,0 0 0 0 0 0 0 0 0 1
4608,Video Title 4608,psychology,33000,,2018-06-28 21:21:04,0 0 0 0 0 0 0 0 0 1
4609,Video Title 4609,psychology,48000,,2021-05-15 12:49:18,0 0 0 0 0 0 0 0 0 1
4610,Video Title 4610,psychology,44000,,2017-05-24 06:40:25,0 0 0 0 0 0 0 0 0 1
4611,Video Title 4611,psychology,37000,,2022-01-20 15:57:01,0 0 0 0 0 0 0 0 0 1
4612,Video Title 4612,psychology,48000,,2019-08-29 10:19:01,0 0 0 0 0 0 0 0 0 1
4613,Video Title 4613,psychology,58000,,2023-05-18 00:27:13,0 0 0 0 0 0 0 0 0 1
4614,Video Title 4614,psychology,51000,,2019-05-03 12:05:10,0 0 0 0 0 0 0 0 0 1
4615,Video Title 4615,psychology,49000,,2016-05-05 12:11:59,0 0 0 0 0 0 0 0 0 1
4616,Video Title 4616,psychology,39000,,2016-11-06 13:18:33,0 0 0 0 0 0 0 0 0 1
4617,Video Title 4617,psychology,55000,,2022-02-25 00:56:26,0 0 0 0 0 0 0 0 0 1
4618,Video Title 4618,psychology,48000,,2020-09-22 09:12:03,0 0 0 0 0 0 0 0 0 1
4619,Video Title 4619,psychology,52000,,2017-10-12 11:31:02,0 0 0 0 0 0 0 0 0 1
4620,Video Title 4620,psychology,53000,,2016-06-24 20:40:47,0 0 0 0 0 0 0 0 0 1
4621,Video Title 4621,psychology,40000,,2019-03-03 01:10:47,0 0 0 0 0 0 0 0 0 1
4622,Video Title 4622,psychology,36000,,2022-03-25 09:01:21,0 0 0 0 0 0 0 0 0 1
4623,Video Title 4623,psychology,41000,,2018-07-19 05:31:12,0 0 0 0 0 0 0 0 0 1
4624,Video Title 4624,psychology,34000,,2021-02-12 11:42:03,0 0 0 0 0 0 0 0 0 1
4625,Video Title 4625,psychology,56000,,2018-02-14 23:50:19,0 0 0 0 0 0 0 0 0 1
4626,Video Title 4626,psychology,32000,,2014-08-18 00:09:56,0 0 0 0 0 0 0 0 0 1
4627,Video Title 4627,psychology,58000,,2015-04-22 17:32:48,0 0 0 0 0 0 0 0 0 1
4628,Video Title 4628,psychology,36000,,2018-06-19 11:58:26,0 0 0 0 0 0 0 0 0 1
4629,Video Title 4629,psychology,41000,,2020-10-08 09:38:45,0 0 0 0 0 0 0 0 0 1
4630,Video Title 4630,psychology,42000,,2019-11-20 01:46:35,0 0 0 0 0 0 0 0 0 1
4631,Video Title 4631,psychology,46000,,2021-10-15 17:02:43,0 0 0 0 0 0 0 0 0 1
4632,Video Title 4632,psychology,57000,,2016-08-22 11:34:08,0 0 0 0 0 0 0 0 0 1
4633,Video Title 4633,psychology,45000,,2020-05-14 01:59:48,0 0 0 0 0 0 0 0 0 1
4634,Video Title 4634,psychology,44000,,2020-11-21 21:57:52,0 0 0 0 0 0 0 0 0 1
4635,Video Title 4635,psychology,60000,,2018-11-24 19:47:50,0 0 0 0 0 0 0 0 0 1
4636,Video Title 4636,psychology,43000,,2022-03-28 21:54:58,0 0 0 0 0 0 0 0 0 1
4637,Video Title 4637,psychology,34000,,2019-01-23 02:50:38,0 0 0 0 0 0 0 0 0 1
4638,Video Title 4638,psychology,45000,,2021-02-10 16:47:23,0 0 0 0 0 0 0 0 0 1
4639,Video Title 4639,psychology,34000,,2023-09-06 07:35:10,0 0 0 0 0 0 0 0 0 1
4640,Video Title 4640,psychology,46000,,2022-08-19 22:35:49,0 0 0 0 0 0 0 0 0 1
4641,Video Title 4641,psychology,33000,,2020-12-11 19:38:01,0 0 0 0 0 0 0 0 0 1
4642,Video Title 4642,psychology,44000,,2018-09-26 17:56:49,0 0 0 0 0 0 0 0 0 1
4643,Video Title 4643,psychology,53000,,2015-07-29 11:09:27,0 0 0 0 0 0 0 0 0 1
4644,Video Title 4644,psychology,47000,,2017-09-12 01:29:18,0 0 0 0 0 0 0 0 0 1
4645,Video Title 4645,psychology,60000,,2015-03-12 11:54:24,0 0 0 0 0 0 0 0 0 1
4646,Video Title 4646,psychology,57000,,2018-02-02 11:05:58,0 0 0 0 0 0 0 0 0 1
4647,Video Title 4647,psychology,33000,,2017-09-12 23:43:50,0 0 0 0 0 0 0 0 0 1
4648,Video Title 4648,psychology,39000,,2014-05-30 00:42:56,0 0 0 0 0 0 0 0 0 1
4649,Video Title 4649,psychology,34000,,2015-03-08 18:13:04,0 0 0 0 0 0 0 0 0 1
4650,Video Title 4650,psychology,39000,,2023-11-29 05:21:39,0 0 0 0 0 0 0 0 0 1
4651,Video Title 4651,psychology,39000,,2016-12-11 00:45:41,0 0 0 0 0 0 0 0 0 1
4652,Video Title 4652,psychology,30000,,2021-11-29 21:26:39,0 0 0 0 0 0 0 0 0 1
4653,Video Title 4653,psychology,34000,,2021-11-02 20:13:22,0 0 0 0 0 0 0 0 0 1
4654,Video Title 4654,psychology,43000,,2014-06-29 13:49:54,0 0 0 0 0 0 0 0 0 1
4655,Video Title 4655,psychology,58000,,2017-01-20 20:21:47,0 0 0 0 0 0 0 0 0 1
4656,Video Title 4656,psychology,39000,,2016-02-28 20:56:07,0 0 0 0 0 0 0 0 0 1
4657,Video Title 4657,psychology,56000,,2021-05-25 18:14:40,0 0 0 0 0 0 0 0 0 1
4658,Video Title 4658,psychology,30000,,2015-03-25 11:55:28,0 0 0 0 0 0 0 0 0 1
4659,Video Title 4659,psychology,41000,,2014-09-06 14:39:12,0 0 0 0 0 0 0 0 0 1
4660,Video Title 4660,psychology,31000,,2018-03-07 03:35:00,0 0 0 0 0 0 0 0 0 1
4661,Video Title 4661,psychology,48000,,2017-02-06 09:53:04,0 0 0 0 0 0 0 0 0 1
4662,Video Title 4662,psychology,44000,,2023-01-02 01:09:59,0 0 0 0 0 0 0 0 0 1
4663,Video Title 4663,psychology,55000,,2017-10-11 03:58:23,0 0 0 0 0 0 0 0 0 1
4664,Video Title 4664,psychology,56000,,2021-03-15 02:56:03,0 0 0 0 0 0 0 0 0 1
4665,Video Title 4665,psychology,49000,,2015-05-02 18:07:17,0 0 0 0 0 0 0 0 0 1
4666,Video Title 4666,psychology,34000,,2019-01-19 09:18:51,0 0 0 0 0 0 0 0 0 1
4667,Video Title 4667,psychology,44000,,2021-08-14 03:03:40,0 0 0 0 0 0 0 0 0 1
4668,Video Title 4668,psychology,51000,,2018-06-30 02:56:49,0 0 0 0 0 0 0 0 0 1
4669,Video Title 4669,psychology,57000,,2021-04-12 16:54:00,0 0 0 0 0 0 0 0 0 1
4670,Video Title 4670,psychology,32000,,2021-12-31 07:29:52,0 0 0 0 0 0 0 0 0 1
4671,Video Title 4671,psychology,51000,,2020-03-28 02:26:16,0 0 0 0 0 0 0 0 0 1
4672,Video Title 4672,psychology,42000,,2016-05-01 19:13:55,0 0 0 0 0 0 0 0 0 1
4673,Video Title 4673,psychology,42000,,2017-05-24 08:12:52,0 0 0 0 0 0 0 0 0 1
4674,Video Title 4674,psychology,31000,,2023-07-31 23:45:48,0 0 0 0 0 0 0 0 0 1
4675,Video Title 4675,psychology,58000,,2018-06-08 07:13:38,0 0 0 0 0 0 0 0 0 1
4676,Video Title 4676,psychology,38000,,2020-06-17 14:17:16,0 0 0 0 0 0 0 0 0 1
4677,Video Title 4677,psychology,57000,,2015-08-30 11:51:17,0 0 0 0 0 0 0 0 0 1
4678,Video Title 4678,psychology,30000,,2019-09-21 18:44:38,0 0 0 0 0 0 0 0 0 1
4679,Video Title 4679,psychology,55000,,2021-09-19 07:44:03,0 0 0 0 0 0 0 0 0 1
4680,Video Title 4680,psychology,39000,,2019-08-12 19:29:07,0 0 0 0 0 0 0 0 0 1
4681,Video Title 4681,psychology,33000,,2020-06-10 06:52:58,0 0 0 0 0 0 0 0 0 1
4682,Video Title 4682,psychology,32000,,2015-12-06 08:34:54,0 0 0 0 0 0 0 0 0 1
4683,Video Title 4683,psychology,49000,,2019-06-03 16:41:13,0 0 0 0 0 0 0 0 0 1
4684,Video Title 4684,psychology,54000,,2014-07-14 23:47:46,0 0 0 0 0 0 0 0 0 1
4685,Video Title 4685,psychology,48000,,2019-03-22 09:37:55,0 0 0 0 0 0 0 0 0 1
4686,Video Title 4686,psychology,54000,,2018-10-05 19:12:23,0 0 0 0 0 0 0 0 0 1
4687,Video Title 4687,psychology,58000,,2014-03-12 02:58:21,0 0 0 0 0 0 0 0 0 1
4688,Video Title 4688,psychology,51000,,2023-05-13 01:31:35,0 0 0 0 0 0 0 0 0 1
4689,Video Title 4689,psychology,35000,,2023-08-16 16:12:16,0 0 0 0 0 0 0 0 0 1
4690,Video Title 4690,psychology,38000,,2021-11-13 15:55:02,0 0 0 0 0 0 0 0 0 1
4691,Video Title 4691,psychology,37000,,2022-04-19 08:53:32,0 0 0 0 0 0 0 0 0 1
4692,Video Title 4692,psychology,56000,,2022-11-16 22:39:02,0 0 0 0 0 0 0 0 0 1
4693,Video Title 4693,psychology,44000,,2014-11-07 23:09:35,0 0 0 0 0 0 0 0 0 1
4694,Video Title 4694,psychology,47000,,2020-01-27 00:28:56,0 0 0 0 0 0 0 0 0 1
4695,Video Title 4695,psychology,42000,,2019-11-22 11:01:44,0 0 0 0 0 0 0 0 0 1
4696,Video Title 4696,psychology,45000,,2022-08-15 04:57:06,0 0 0 0 0 0 0 0 0 1
4697,Video Title 4697,psychology,30000,,2017-05-27 20:11:39,0 0 0 0 0 0 0 0 0 1
4698,Video Title 4698,psychology,35000,,2018-02-25 12:25:50,0 0 0 0 0 0 0 0 0 1
4699,Video Title 4699,psychology,57000,,2019-04-13 20:11:37,0 0 0 0 0 0 0 0 0 1
4700,Video Title 4700,psychology,42000,,2016-07-29 16:46:28,0 0 0 0 0 0 0 0 0 1
4701,Video Title 4701,psychology,33000,,2023-10-19 05:15:48,0 0 0 0 0 0 0 0 0 1
4702,Video Title 4702,psychology,47000,,2015-09-08 18:27:53,0 0 0 0 0 0 0 0 0 1
4703,Video Title 4703,psychology,34000,,2015-10-31 17:47:52,0 0 0 0 0 0 0 0 0 1
4704,Video Title 4704,psychology,54000,,2014-11-26 03:27:43,0 0 0 0 0 0 0 0 0 1
4705,Video Title 4705,psychology,39000,,2023-07-10 09:37:48,0 0 0 0 0 0 0 0 0 1
4706,Video Title 4706,psychology,51000,,2015-09-12 13:08:08,0 0 0 0 0 0 0 0 0 1
4707,Video Title 4707,psychology,49000,,2023-08-12 02:24:14,0 0 0 0 0 0 0 0 0 1
4708,Video Title 4708,psychology,35000,,2014-04-12 04:11:47,0 0 0 0 0 0 0 0 0 1
4709,Video Title 4709,psychology,31000,,2016-12-25 18:55:54,0 0 0 0 0 0 0 0 0 1
4710,Video Title 4710,psychology,33000,,2017-03-16 03:37:56,0 0 0 0 0 0 0 0 0 1
4711,Video Title 4711,psychology,43000,,2022-12-06 11:45:55,0 0 0 0 0 0 0 0 0 1
4712,Video Title 4712,psychology,38000,,2017-10-04 14:57:09,0 0 0 0 0 0 0 0 0 1
4713,Video Title 4713,psychology,56000,,2022-12-30 04:19:54,0 0 0 0 0 0 0 0 0 1
4714,Video Title 4714,psychology,31000,,2016-01-12 08:12:30,0 0 0 0 0 0 0 0 0 1
4715,Video Title 4715,psychology,54000,,2019-12-22 01:36:16,0 0 0 0 0 0 0 0 0 1
4716,Video Title 4716,psychology,37000,,2018-12-07 08:59:56,0 0 0 0 0 0 0 0 0 1
4717,Video Title 4717,psychology,54000,,2019-01-18 03:18:05,0 0 0 0 0 0 0 0 0 1
4718,Video Title 4718,psychology,60000,,2015-02-27 01:07:41,0 0 0 0 0 0 0 0 0 1
4719,Video Title 4719,psychology,31000,,2017-03-09 22:16:21,0 0 0 0 0 0 0 0 0 1
4720,Video Title 4720,psychology,47000,,2018-01-27 19:53:53,0 0 0 0 0 0 0 0 0 1
4721,Video Title 4721,psychology,45000,,2014-04-18 12:12:14,0 0 0 0 0 0 0 0 0 1
4722,Video Title 4722,psychology,50000,,2016-05-05 03:39:50,0 0 0 0 0 0 0 0 0 1
4723,Video Title 4723,psychology,58000,,2014-03-11 23:21:36,0 0 0 0 0 0 0 0 0 1
4724,Video Title 4724,psychology,47000,,2023-08-20 16:22:57,0 0 0 0 0 0 0 0 0 1
4725,Video Title 4725,psychology,51000,,2015-01-08 12:13:29,0 0 0 0 0 0 0 0 0 1
4726,Video Title 4726,psychology,54000,,2019-07-20 16:22:21,0 0 0 0 0 0 0 0 0 1
4727,Video Title 4727,psychology,55000,,2015-04-06 08:02:58,0 0 0 0 0 0 0 0 0 1
4728,Video Title 4728,psychology,48000,,2018-01-26 14:56:33,0 0 0 0 0 0 0 0 0 1
4729,Video Title 4729,psychology,32000,,2022-06-18 21:56:23,0 0 0 0 0 0 0 0 0 1
4730,Video Title 4730,psychology,46000,,2016-01-15 14:49:30,0 0 0 0 0 0 0 0 0 1
4731,Video Title 4731,psychology,60000,,2015-06-06 15:21:06,0 0 0 0 0 0 0 0 0 1
4732,Video Title 4732,psychology,47000,,2023-11-08 09:02:36,0 0 0 0 0 0 0 0 0 1
4733,Video Title 4733,psychology,55000,,2016-06-15 20:08:45,0 0 0 0 0 0 0 0 0 1
4734,Video Title 4734,psychology,60000,,2018-03-29 16:42:54,0 0 0 0 0 0 0 0 0 1
4735,Video Title 4735,psychology,59000,,2019-07-22 07:20:13,0 0 0 0 0 0 0 0 0 1
4736,Video Title 4736,psychology,31000,,2014-01-06 15:41:33,0 0 0 0 0 0 0 0 0 1
4737,Video Title 4737,psychology,44000,,2023-08-12 01:37:30,0 0 0 0 0 0 0 0 0 1
4738,Video Title 4738,psychology,49000,,2016-11-23 18:15:08,0 0 0 0 0 0 0 0 0 1
4739,Video Title 4739,psychology,35000,,2014-01-04 23:33:38,0 0 0 0 0 0 0 0 0 1
4740,Video Title 4740,psychology,59000,,2023-03-21 14:37:06,0 0 0 0 0 0 0 0 0 1
4741,Video Title 4741,psychology,38000,,2019-12-25 05:12:54,0 0 0 0 0 0 0 0 0 1
4742,Video Title 4742,psychology,56000,,2020-10-19 23:48:25,0 0 0 0 0 0 0 0 0 1
4743,Video Title 4743,psychology,41000,,2022-06-04 21:37:39,0 0 0 0 0 0 0 0 0 1
4744,Video Title 4744,psychology,36000,,2019-11-08 19:56:34,0 0 0 0 0 0 0 0 0 1
4745,Video Title 4745,psychology,46000,,2016-10-25 18:52:08,0 0 0 0 0 0 0 0 0 1
4746,Video Title 4746,psychology,35000,,2021-05-24 00:25:33,0 0 0 0 0 0 0 0 0 1
4747,Video Title 4747,psychology,48000,,2014-09-15 06:19:30,0 0 0 0 0 0 0 0 0 1
4748,Video Title 4748,psychology,32000,,2017-12-15 20:42:33,0 0 0 0 0 0 0 0 0 1
4749,Video Title 4749,psychology,33000,,2022-04-22 07:38:03,0 0 0 0 0 0 0 0 0 1
4750,Video Title 4750,psychology,53000,,2019-07-27 03:34:03,0 0 0 0 0 0 0 0 0 1
4751,Video Title 4751,psychology,38000,,2022-10-13 17:15:58,0 0 0 0 0 0 0 0 0 1
4752,Video Title 4752,psychology,36000,,2020-02-09 03:00:32,0 0 0 0 0 0 0 0 0 1
4753,Video Title 4753,psychology,60000,,2022-01-08 12:09:14,0 0 0 0 0 0 0 0 0 1
4754,Video Title 4754,psychology,58000,,2020-10-27 16:02:50,0 0 0 0 0 0 0 0 0 1
4755,Video Title 4755,psychology,40000,,2020-05-09 08:52:53,0 0 0 0 0 0 0 0 0 1
4756,Video Title 4756,psychology,54000,,2021-01-29 07:15:31,0 0 0 0 0 0 0 0 0 1
4757,Video Title 4757,psychology,38000,,2016-06-18 15:19:03,0 0 0 0 0 0 0 0 0 1
4758,Video Title 4758,psychology,40000,,2017-06-02 22:46:15,0 0 0 0 0 0 0 0 0 1
4759,Video Title 4759,psychology,44000,,2023-08-04 07:45:31,0 0 0 0 0 0 0 0 0 1
4760,Video Title 4760,psychology,40000,,2014-03-01 22:36:58,0 0 0 0 0 0 0 0 0 1
4761,Video Title 4761,psychology,52000,,2015-05-06 02:22:30,0 0 0 0 0 0 0 0 0 1
4762,Video Title 4762,psychology,59000,,2014-01-10 11:21:43,0 0 0 0 0 0 0 0 0 1
4763,Video Title 4763,psychology,45000,,2014-01-18 14:51:43,0 0 0 0 0 0 0 0 0 1
4764,Video Title 4764,psychology,30000,,2020-09-23 09:04:51,0 0 0 0 0 0 0 0 0 1
4765,Video Title 4765,psychology,43000,,2019-07-24 15:15:40,0 0 0 0 0 0 0 0 0 1
4766,Video Title 4766,psychology,52000,,2021-01-13 01:03:05,0 0 0 0 0 0 0 0 0 1
4767,Video Title 4767,psychology,54000,,2017-12-06 16:29:55,0 0 0 0 0 0 0 0 0 1
4768,Video Title 4768,psychology,32000,,2021-11-15 15:56:18,0 0 0 0 0 0 0 0 0 1
4769,Video Title 4769,psychology,50000,,2020-07-07 02:56:34,0 0 0 0 0 0 0 0 0 1
4770,Video Title 4770,psychology,47000,,2014-04-25 23:00:10,0 0 0 0 0 0 0 0 0 1
4771,Video Title 4771,psychology,56000,,2022-02-28 14:33:29,0 0 0 0 0 0 0 0 0 1
4772,Video Title 4772,psychology,44000,,2020-09-21 16:44:31,0 0 0 0 0 0 0 0 0 1
4773,Video Title 4773,psychology,41000,,2023-09-20 22:37:07,0 0 0 0 0 0 0 0 0 1
4774,Video Title 4774,psychology,42000,,2022-04-11 06:05:41,0 0 0 0 0 0 0 0 0 1
4775,Video Title 4775,psychology,41000,,2017-11-14 15:23:26,0 0 0 0 0 0 0 0 0 1
4776,Video Title 4776,psychology,56000,,2021-09-06 01:48:28,0 0 0 0 0 0 0 0 0 1
4777,Video Title 4777,psychology,52000,,2023-11-02 20:29:09,0 0 0 0 0 0 0 0 0 1
4778,Video Title 4778,psychology,33000,,2018-08-18 19:51:56,0 0 0 0 0 0 0 0 0 1
4779,Video Title 4779,psychology,59000,,2015-12-08 09:59:56,0 0 0 0 0 0 0 0 0 1
4780,Video Title 4780,psychology,30000,,2016-03-21 13:13:08,0 0 0 0 0 0 0 0 0 1
4781,Video Title 4781,psychology,30000,,2021-08-02 05:40:46,0 0 0 0 0 0 0 0 0 1
4782,Video Title 4782,psychology,51000,,2023-03-20 02:31:30,0 0 0 0 0 0 0 0 0 1
4783,Video Title 4783,psychology,41000,,2015-12-03 00:25:22,0 0 0 0 0 0 0 0 0 1
4784,Video Title 4784,psychology,56000,,2020-02-20 01:34:52,0 0 0 0 0 0 0 0 0 1
4785,Video Title 4785,psychology,39000,,2022-01-31 17:06:34,0 0 0 0 0 0 0 0 0 1
4786,Video Title 4786,psychology,37000,,2016-05-07 00:59:45,0 0 0 0 0 0 0 0 0 1
4787,Video Title 4787,psychology,45000,,2023-09-03 15:10:26,0 0 0 0 0 0 0 0 0 1
4788,Video Title 4788,psychology,31000,,2016-10-23 18:15:25,0 0 0 0 0 0 0 0 0 1
4789,Video Title 4789,psychology,58000,,2021-01-15 18:34:42,0 0 0 0 0 0 0 0 0 1
4790,Video Title 4790,psychology,49000,,2016-02-05 03:57:42,0 0 0 0 0 0 0 0 0 1
4791,Video Title 4791,psychology,36000,,2023-11-04 13:29:09,0 0 0 0 0 0 0 0 0 1
4792,Video Title 4792,psychology,50000,,2017-12-18 17:08:57,0 0 0 0 0 0 0 0 0 1
4793,Video Title 4793,psychology,57000,,2016-10-11 07:38:44,0 0 0 0 0 0 0 0 0 1
4794,Video Title 4794,psychology,46000,,2018-12-11 03:23:30,0 0 0 0 0 0 0 0 0 1
4795,Video Title 4795,psychology,47000,,2015-12-11 06:16:28,0 0 0 0 0 0 0 0 0 1
4796,Video Title 4796,psychology,53000,,2019-08-29 19:56:14,0 0 0 0 0 0 0 0 0 1
4797,Video Title 4797,psychology,51000,,2020-01-12 20:23:43,0 0 0 0 0 0 0 0 0 1
4798,Video Title 4798,psychology,35000,,2014-08-29 13:35:26,0 0 0 0 0 0 0 0 0 1
4799,Video Title 4799,psychology,34000,,2021-06-17 19:16:23,0 0 0 0 0 0 0 0 0 1
4800,Video Title 4800,psychology,34000,,2016-08-07 15:06:16,0 0 0 0 0 0 0 0 0 1
4801,Video Title 4801,psychology,48000,,2022-07-22 11:57:24,0 0 0 0 0 0 0 0 0 1
4802,Video Title 4802,psychology,58000,,2019-03-27 05:48:16,0 0 0 0 0 0 0 0 0 1
4803,Video Title 4803,psychology,55000,,2016-09-30 07:07:49,0 0 0 0 0 0 0 0 0 1
4804,Video Title 4804,psychology,57000,,2020-10-12 14:56:08,0 0 0 0 0 0 0 0 0 1
4805,Video Title 4805,psychology,52000,,2020-10-11 17:32:19,0 0 0 0 0 0 0 0 0 1
4806,Video Title 4806,psychology,49000,,2016-07-14 03:53:09,0 0 0 0 0 0 0 0 0 1
4807,Video Title 4807,psychology,47000,,2022-10-31 07:43:46,0 0 0 0 0 0 0 0 0 1
4808,Video Title 4808,psychology,30000,,2023-05-19 07:11:46,0 0 0 0 0 0 0 0 0 1
4809,Video Title 4809,psychology,50000,,2020-09-24 19:32:28,0 0 0 0 0 0 0 0 0 1
4810,Video Title 4810,psychology,50000,,2014-07-11 07:10:51,0 0 0 0 0 0 0 0 0 1
4811,Video Title 4811,psychology,60000,,2017-03-26 22:44:08,0 0 0 0 0 0 0 0 0 1
4812,Video Title 4812,psychology,57000,,2023-12-14 03:19:38,0 0 0 0 0 0 0 0 0 1
4813,Video Title 4813,psychology,38000,,2015-03-23 06:28:12,0 0 0 0 0 0 0 0 0 1
4814,Video Title 4814,psychology,46000,,2018-09-02 00:59:50,0 0 0 0 0 0 0 0 0 1
4815,Video Title 4815,psychology,41000,,2019-03-05 23:42:20,0 0 0 0 0 0 0 0 0 1
4816,Video Title 4816,psychology,31000,,2022-11-02 21:05:38,0 0 0 0 0 0 0 0 0 1
4817,Video Title 4817,psychology,37000,,2014-06-23 10:06:11,0 0 0 0 0 0 0 0 0 1
4818,Video Title 4818,psychology,59000,,2018-03-16 05:26:14,0 0 0 0 0 0 0 0 0 1
4819,Video Title 4819,psychology,44000,,2017-03-02 06:47:45,0 0 0 0 0 0 0 0 0 1
4820,Video Title 4820,psychology,42000,,2015-12-14 07:40:22,0 0 0 0 0 0 0 0 0 1
4821,Video Title 4821,psychology,32000,,2022-10-20 08:37:30,0 0 0 0 0 0 0 0 0 1
4822,Video Title 4822,psychology,55000,,2014-04-05 14:34:54,0 0 0 0 0 0 0 0 0 1
4823,Video Title 4823,psychology,53000,,2016-04-05 13:00:47,0 0 0 0 0 0 0 0 0 1
4824,Video Title 4824,psychology,52000,,2018-03-29 22:39:16,0 0 0 0 0 0 0 0 0 1
4825,Video Title 4825,psychology,32000,,2023-03-04 00:46:53,0 0 0 0 0 0 0 0 0 1
4826,Video Title 4826,psychology,36000,,2015-08-26 08:35:09,0 0 0 0 0 0 0 0 0 1
4827,Video Title 4827,psychology,39000,,2014-08-20 09:08:43,0 0 0 0 0 0 0 0 0 1
4828,Video Title 4828,psychology,50000,,2014-12-22 01:12:22,0 0 0 0 0 0 0 0 0 1
4829,Video Title 4829,psychology,45000,,2018-04-28 14:43:38,0 0 0 0 0 0 0 0 0 1
4830,Video Title 4830,psychology,30000,,2019-12-05 17:41:43,0 0 0 0 0 0 0 0 0 1
4831,Video Title 4831,psychology,50000,,2023-05-08 23:19:34,0 0 0 0 0 0 0 0 0 1
4832,Video Title 4832,psychology,56000,,2016-07-04 23:52:10,0 0 0 0 0 0 0 0 0 1
4833,Video Title 4833,psychology,33000,,2018-09-27 13:18:12,0 0 0 0 0 0 0 0 0 1
4834,Video Title 4834,psychology,60000,,2017-05-30 22:15:08,0 0 0 0 0 0 0 0 0 1
4835,Video Title 4835,psychology,31000,,2022-03-20 23:07:13,0 0 0 0 0 0 0 0 0 1
4836,Video Title 4836,psychology,46000,,2021-12-10 12:08:02,0 0 0 0 0 0 0 0 0 1
4837,Video Title 4837,psychology,60000,,2014-09-26 02:59:21,0 0 0 0 0 0 0 0 0 1
4838,Video Title 4838,psychology,49000,,2020-03-13 10:01:48,0 0 0 0 0 0 0 0 0 1
4839,Video Title 4839,psychology,54000,,2014-12-18 04:45:27,0 0 0 0 0 0 0 0 0 1
4840,Video Title 4840,psychology,44000,,2019-10-17 02:39:34,0 0 0 0 0 0 0 0 0 1
4841,Video Title 4841,psychology,32000,,2023-09-30 00:26:26,0 0 0 0 0 0 0 0 0 1
4842,Video Title 4842,psychology,59000,,2014-05-04 16:54:21,0 0 0 0 0 0 0 0 0 1
4843,Video Title 4843,psychology,40000,,2022-11-25 19:20:07,0 0 0 0 0 0 0 0 0 1
4844,Video Title 4844,psychology,52000,,2014-08-28 08:28:19,0 0 0 0 0 0 0 0 0 1
4845,Video Title 4845,psychology,34000,,2014-08-17 07:23:44,0 0 0 0 0 0 0 0 0 1
4846,Video Title 4846,psychology,55000,,2018-06-04 00:03:07,0 0 0 0 0 0 0 0 0 1
4847,Video Title 4847,psychology,39000,,2020-02-10 04:42:17,0 0 0 0 0 0 0 0 0 1
4848,Video Title 4848,psychology,43000,,2014-08-31 03:13:36,0 0 0 0 0 0 0 0 0 1
4849,Video Title 4849,psychology,51000,,2014-07-25 15:12:01,0 0 0 0 0 0 0 0 0 1
4850,Video Title 4850,psychology,31000,,2016-12-14 10:42:32,0 0 0 0 0 0 0 0 0 1
4851,Video Title 4851,psychology,42000,,2018-01-08 03:26:10,0 0 0 0 0 0 0 0 0 1
4852,Video Title 4852,psychology,49000,,2021-07-09 15:59:24,0 0 0 0 0 0 0 0 0 1
4853,Video Title 4853,psychology,37000,,2022-08-24 17:26:54,0 0 0 0 0 0 0 0 0 1
4854,Video Title 4854,psychology,55000,,2020-08-06 23:49:30,0 0 0 0 0 0 0 0 0 1
4855,Video Title 4855,psychology,30000,,2018-07-15 22:49:30,0 0 0 0 0 0 0 0 0 1
4856,Video Title 4856,psychology,44000,,2021-12-14 08:25:32,0 0 0 0 0 0 0 0 0 1
4857,Video Title 4857,psychology,58000,,2020-03-15 18:27:27,0 0 0 0 0 0 0 0 0 1
4858,Video Title 4858,psychology,33000,,2017-05-26 14:24:11,0 0 0 0 0 0 0 0 0 1
4859,Video Title 4859,psychology,60000,,2020-10-04 13:59:10,0 0 0 0 0 0 0 0 0 1
4860,Video Title 4860,psychology,30000,,2018-07-18 09:07:28,0 0 0 0 0 0 0 0 0 1
4861,Video Title 4861,psychology,40000,,2019-11-18 12:27:00,0 0 0 0 0 0 0 0 0 1
4862,Video Title 4862,psychology,33000,,2015-01-12 19:36:49,0 0 0 0 0 0 0 0 0 1
4863,Video Title 4863,psychology,49000,,2021-02-18 13:01:36,0 0 0 0 0 0 0 0 0 1
4864,Video Title 4864,psychology,48000,,2021-11-23 08:52:43,0 0 0 0 0 0 0 0 0 1
4865,Video Title 4865,psychology,36000,,2023-01-16 22:48:40,0 0 0 0 0 0 0 0 0 1
4866,Video Title 4866,psychology,34000,,2020-05-17 09:03:47,0 0 0 0 0 0 0 0 0 1
4867,Video Title 4867,psychology,38000,,2017-07-23 04:16:13,0 0 0 0 0 0 0 0 0 1
4868,Video Title 4868,psychology,45000,,2021-03-31 20:58:40,0 0 0 0 0 0 0 0 0 1
4869,Video Title 4869,psychology,44000,,2015-11-12 14:53:25,0 0 0 0 0 0 0 0 0 1
4870,Video Title 4870,psychology,34000,,2021-12-21 03:26:28,0 0 0 0 0 0 0 0 0 1
4871,Video Title 4871,psychology,31000,,2015-04-14 00:50:01,0 0 0 0 0 0 0 0 0 1
4872,Video Title 4872,psychology,48000,,2018-05-12 20:17:45,0 0 0 0 0 0 0 0 0 1
4873,Video Title 4873,psychology,60000,,2020-07-08 17:21:22,0 0 0 0 0 0 0 0 0 1
4874,Video Title 4874,psychology,41000,,2017-02-11 20:05:23,0 0 0 0 0 0 0 0 0 1
4875,Video Title 4875,psychology,58000,,2019-06-01 04:11:19,0 0 0 0 0 0 0 0 0 1
4876,Video Title 4876,psychology,34000,,2015-06-25 01:02:01,0 0 0 0 0 0 0 0 0 1
4877,Video Title 4877,psychology,39000,,2020-01-14 03:39:47,0 0 0 0 0 0 0 0 0 1
4878,Video Title 4878,psychology,39000,,2017-09-10 05:30:27,0 0 0 0 0 0 0 0 0 1
4879,Video Title 4879,psychology,30000,,2019-03-07 12:49:10,0 0 0 0 0 0 0 0 0 1
4880,Video Title 4880,psychology,51000,,2020-10-13 19:06:46,0 0 0 0 0 0 0 0 0 1
4881,Video Title 4881,psychology,31000,,2016-05-18 11:07:56,0 0 0 0 0 0 0 0 0 1
4882,Video Title 4882,psychology,56000,,2022-05-09 09:19:25,0 0 0 0 0 0 0 0 0 1
4883,Video Title 4883,psychology,57000,,2014-07-21 07:35:55,0 0 0 0 0 0 0 0 0 1
4884,Video Title 4884,psychology,41000,,2015-12-17 05:39:52,0 0 0 0 0 0 0 0 0 1
4885,Video Title 4885,psychology,36000,,2020-05-29 00:35:59,0 0 0 0 0 0 0 0 0 1
4886,Video Title 4886,psychology,36000,,2021-11-08 05:06:34,0 0 0 0 0 0 0 0 0 1
4887,Video Title 4887,psychology,40000,,2015-11-25 03:32:53,0 0 0 0 0 0 0 0 0 1
4888,Video Title 4888,psychology,45000,,2020-12-12 22:51:58,0 0 0 0 0 0 0 0 0 1
4889,Video Title 4889,psychology,44000,,2020-01-01 03:10:39,0 0 0 0 0 0 0 0 0 1
4890,Video Title 4890,psychology,40000,,2022-07-09 19:57:38,0 0 0 0 0 0 0 0 0 1
4891,Video Title 4891,psychology,48000,,2023-08-19 04:29:03,0 0 0 0 0 0 0 0 0 1
4892,Video Title 4892,psychology,49000,,2016-12-31 15:43:38,0 0 0 0 0 0 0 0 0 1
4893,Video Title 4893,psychology,40000,,2015-08-18 07:43:36,0 0 0 0 0 0 0 0 0 1
4894,Video Title 4894,psychology,44000,,2022-10-05 18:50:23,0 0 0 0 0 0 0 0 0 1
4895,Video Title 4895,psychology,59000,,2014-06-06 00:01:56,0 0 0 0 0 0 0 0 0 1
4896,Video Title 4896,psychology,37000,,2023-03-14 19:56:04,0 0 0 0 0 0 0 0 0 1
4897,Video Title 4897,psychology,50000,,2016-03-27 00:59:51,0 0 0 0 0 0 0 0 0 1
4898,Video Title 4898,psychology,37000,,2018-09-01 20:37:11,0 0 0 0 0 0 0 0 0 1
4899,Video Title 4899,psychology,36000,,2016-05-24 10:04:04,0 0 0 0 0 0 0 0 0 1
4900,Video Title 4900,psychology,53000,,2021-09-07 11:19:14,0 0 0 0 0 0 0 0 0 1
4901,Video Title 4901,psychology,56000,,2017-04-27 00:43:24,0 0 0 0 0 0 0 0 0 1
4902,Video Title 4902,psychology,53000,,2017-10-06 01:52:26,0 0 0 0 0 0 0 0 0 1
4903,Video Title 4903,psychology,42000,,2015-11-06 11:49:09,0 0 0 0 0 0 0 0 0 1
4904,Video Title 4904,psychology,30000,,2017-08-19 06:46:55,0 0 0 0 0 0 0 0 0 1
4905,Video Title 4905,psychology,32000,,2017-08-01 06:52:18,0 0 0 0 0 0 0 0 0 1
4906,Video Title 4906,psychology,47000,,2015-02-27 10:34:55,0 0 0 0 0 0 0 0 0 1
4907,Video Title 4907,psychology,39000,,2018-05-29 11:45:04,0 0 0 0 0 0 0 0 0 1
4908,Video Title 4908,psychology,50000,,2019-11-10 18:07:40,0 0 0 0 0 0 0 0 0 1
4909,Video Title 4909,psychology,54000,,2017-08-08 16:02:56,0 0 0 0 0 0 0 0 0 1
4910,Video Title 4910,psychology,30000,,2015-12-30 19:09:48,0 0 0 0 0 0 0 0 0 1
4911,Video Title 4911,psychology,39000,,2015-09-30 15:14:34,0 0 0 0 0 0 0 0 0 1
4912,Video Title 4912,psychology,58000,,2016-08-16 07:05:58,0 0 0 0 0 0 0 0 0 1
4913,Video Title 4913,psychology,35000,,2017-05-27 08:00:44,0 0 0 0 0 0 0 0 0 1
4914,Video Title 4914,psychology,47000,,2016-06-18 18:28:09,0 0 0 0 0 0 0 0 0 1
4915,Video Title 4915,psychology,36000,,2014-03-22 10:42:05,0 0 0 0 0 0 0 0 0 1
4916,Video Title 4916,psychology,56000,,2016-08-15 12:40:54,0 0 0 0 0 0 0 0 0 1
4917,Video Title 4917,psychology,33000,,2014-03-20 15:03:12,0 0 0 0 0 0 0 0 0 1
4918,Video Title 4918,psychology,51000,,2015-05-18 22:32:01,0 0 0 0 0 0 0 0 0 1
4919,Video Title 4919,psychology,50000,,2021-11-16 01:28:24,0 0 0 0 0 0 0 0 0 1
4920,Video Title 4920,psychology,33000,,2017-05-22 02:22:30,0 0 0 0 0 0 0 0 0 1
4921,Video Title 4921,psychology,36000,,2017-01-20 12:20:25,0 0 0 0 0 0 0 0 0 1
4922,Video Title 4922,psychology,37000,,2017-09-13 04:31:16,0 0 0 0 0 0 0 0 0 1
4923,Video Title 4923,psychology,41000,,2020-08-11 07:36:12,0 0 0 0 0 0 0 0 0 1
4924,Video Title 4924,psychology,60000,,2019-04-10 06:46:56,0 0 0 0 0 0 0 0 0 1
4925,Video Title 4925,psychology,55000,,2023-12-23 14:04:28,0 0 0 0 0 0 0 0 0 1
4926,Video Title 4926,psychology,58000,,2018-05-05 01:42:08,0 0 0 0 0 0 0 0 0 1
4927,Video Title 4927,psychology,52000,,2014-08-29 15:04:14,0 0 0 0 0 0 0 0 0 1
4928,Video Title 4928,psychology,34000,,2022-10-29 22:32:43,0 0 0 0 0 0 0 0 0 1
4929,Video Title 4929,psychology,34000,,2021-12-13 09:04:30,0 0 0 0 0 0 0 0 0 1
4930,Video Title 4930,psychology,36000,,2019-04-30 19:47:33,0 0 0 0 0 0 0 0 0 1
4931,Video Title 4931,psychology,52000,,2017-09-30 00:45:52,0 0 0 0 0 0 0 0 0 1
4932,Video Title 4932,psychology,49000,,2018-04-19 19:43:06,0 0 0 0 0 0 0 0 0 1
4933,Video Title 4933,psychology,50000,,2016-06-13 14:32:54,0 0 0 0 0 0 0 0 0 1
4934,Video Title 4934,psychology,31000,,2021-08-19 06:00:57,0 0 0 0 0 0 0 0 0 1
4935,Video Title 4935,psychology,48000,,2015-11-24 05:20:58,0 0 0 0 0 0 0 0 0 1
4936,Video Title 4936,psychology,47000,,2016-12-11 18:24:30,0 0 0 0 0 0 0 0 0 1
4937,Video Title 4937,psychology,34000,,2017-04-13 00:49:15,0 0 0 0 0 0 0 0 0 1
4938,Video Title 4938,psychology,31000,,2020-04-18 12:37:14,0 0 0 0 0 0 0 0 0 1
4939,Video Title 4939,psychology,38000,,2022-09-23 21:47:26,0 0 0 0 0 0 0 0 0 1
4940,Video Title 4940,psychology,57000,,2019-02-01 04:24:23,0 0 0 0 0 0 0 0 0 1
4941,Video Title 4941,psychology,48000,,2022-11-10 07:05:00,0 0 0 0 0 0 0 0 0 1
4942,Video Title 4942,psychology,36000,,2021-04-10 15:21:08,0 0 0 0 0 0 0 0 0 1
4943,Video Title 4943,psychology,55000,,2018-09-16 22:27:17,0 0 0 0 0 0 0 0 0 1
4944,Video Title 4944,psychology,51000,,2020-02-25 08:03:10,0 0 0 0 0 0 0 0 0 1
4945,Video Title 4945,psychology,35000,,2019-02-02 10:34:09,0 0 0 0 0 0 0 0 0 1
4946,Video Title 4946,psychology,54000,,2022-10-28 20:10:29,0 0 0 0 0 0 0 0 0 1
4947,Video Title 4947,psychology,54000,,2019-02-04 10:17:09,0 0 0 0 0 0 0 0 0 1
4948,Video Title 4948,psychology,45000,,2019-03-11 22:58:16,0 0 0 0 0 0 0 0 0 1
4949,Video Title 4949,psychology,35000,,2017-03-22 15:42:23,0 0 0 0 0 0 0 0 0 1
4950,Video Title 4950,psychology,41000,,2019-04-04 23:40:07,0 0 0 0 0 0 0 0 0 1
4951,Video Title 4951,psychology,45000,,2021-02-27 02:55:43,0 0 0 0 0 0 0 0 0 1
4952,Video Title 4952,psychology,45000,,2018-09-28 05:12:51,0 0 0 0 0 0 0 0 0 1
4953,Video Title 4953,psychology,48000,,2018-01-05 10:52:32,0 0 0 0 0 0 0 0 0 1
4954,Video Title 4954,psychology,59000,,2021-11-27 18:42:16,0 0 0 0 0 0 0 0 0 1
4955,Video Title 4955,psychology,50000,,2014-05-16 14:33:11,0 0 0 0 0 0 0 0 0 1
4956,Video Title 4956,psychology,37000,,2022-12-13 07:53:35,0 0 0 0 0 0 0 0 0 1
4957,Video Title 4957,psychology,44000,,2022-08-19 13:32:23,0 0 0 0 0 0 0 0 0 1
4958,Video Title 4958,psychology,42000,,2016-03-10 20:48:37,0 0 0 0 0 0 0 0 0 1
4959,Video Title 4959,psychology,43000,,2022-11-20 18:54:08,0 0 0 0 0 0 0 0 0 1
4960,Video Title 4960,psychology,48000,,2015-07-30 19:32:16,0 0 0 0 0 0 0 0 0 1
4961,Video Title 4961,psychology,56000,,2017-09-29 11:48:15,0 0 0 0 0 0 0 0 0 1
4962,Video Title 4962,psychology,47000,,2014-11-08 08:52:51,0 0 0 0 0 0 0 0 0 1
4963,Video Title 4963,psychology,54000,,2014-11-05 16:51:57,0 0 0 0 0 0 0 0 0 1
4964,Video Title 4964,psychology,44000,,2019-03-11 16:41:42,0 0 0 0 0 0 0 0 0 1
4965,Video Title 4965,psychology,37000,,2019-11-04 11:05:27,0 0 0 0 0 0 0 0 0 1
4966,Video Title 4966,psychology,44000,,2019-02-15 18:09:32,0 0 0 0 0 0 0 0 0 1
4967,Video Title 4967,psychology,40000,,2018-04-07 06:33:55,0 0 0 0 0 0 0 0 0 1
4968,Video Title 4968,psychology,44000,,2018-04-30 15:29:45,0 0 0 0 0 0 0 0 0 1
4969,Video Title 4969,psychology,41000,,2022-01-17 10:35:28,0 0 0 0 0 0 0 0 0 1
4970,Video Title 4970,psychology,40000,,2016-09-25 12:30:18,0 0 0 0 0 0 0 0 0 1
4971,Video Title 4971,psychology,30000,,2015-10-20 09:57:28,0 0 0 0 0 0 0 0 0 1
4972,Video Title 4972,psychology,37000,,2016-08-29 12:44:21,0 0 0 0 0 0 0 0 0 1
4973,Video Title 4973,psychology,32000,,2017-08-05 16:32:28,0 0 0 0 0 0 0 0 0 1
4974,Video Title 4974,psychology,32000,,2016-12-12 23:45:40,0 0 0 0 0 0 0 0 0 1
4975,Video Title 4975,psychology,46000,,2019-02-17 16:29:26,0 0 0 0 0 0 0 0 0 1
4976,Video Title 4976,psychology,50000,,2014-10-15 06:43:45,0 0 0 0 0 0 0 0 0 1
4977,Video Title 4977,psychology,38000,,2023-04-08 02:40:42,0 0 0 0 0 0 0 0 0 1
4978,Video Title 4978,psychology,33000,,2015-03-11 20:17:54,0 0 0 0 0 0 0 0 0 1
4979,Video Title 4979,psychology,41000,,2014-05-22 17:26:57,0 0 0 0 0 0 0 0 0 1
4980,Video Title 4980,psychology,36000,,2017-05-05 05:11:12,0 0 0 0 0 0 0 0 0 1
4981,Video Title 4981,psychology,51000,,2017-04-18 17:32:14,0 0 0 0 0 0 0 0 0 1
4982,Video Title 4982,psychology,39000,,2021-06-15 00:30:50,0 0 0 0 0 0 0 0 0 1
4983,Video Title 4983,psychology,54000,,2020-11-01 22:02:43,0 0 0 0 0 0 0 0 0 1
4984,Video Title 4984,psychology,38000,,2015-11-29 20:16:38,0 0 0 0 0 0 0 0 0 1
4985,Video Title 4985,psychology,49000,,2023-12-24 16:25:25,0 0 0 0 0 0 0 0 0 1
4986,Video Title 4986,psychology,57000,,2021-07-11 04:46:55,0 0 0 0 0 0 0 0 0 1
4987,Video Title 4987,psychology,53000,,2019-06-08 09:48:20,0 0 0 0 0 0 0 0 0 1
4988,Video Title 4988,psychology,38000,,2014-02-03 03:34:03,0 0 0 0 0 0 0 0 0 1
4989,Video Title 4989,psychology,39000,,2016-10-27 17:38:44,0 0 0 0 0 0 0 0 0 1
4990,Video Title 4990,psychology,41000,,2021-10-31 10:02:06,0 0 0 0 0 0 0 0 0 1
4991,Video Title 4991,psychology,42000,,2023-06-17 05:23:40,0 0 0 0 0 0 0 0 0 1
4992,Video Title 4992,psychology,56000,,2019-10-20 19:57:04,0 0 0 0 0 0 0 0 0 1
4993,Video Title 4993,psychology,50000,,2014-02-15 09:37:37,0 0 0 0 0 0 0 0 0 1
4994,Video Title 4994,psychology,50000,,2019-02-17 03:52:29,0 0 0 0 0 0 0 0 0 1
4995,Video Title 4995,psychology,54000,,2023-07-07 22:25:24,0 0 0 0 0 0 0 0 0 1
4996,Video Title 4996,psychology,57000,,2017-12-23 21:27:46,0 0 0 0 0 0 0 0 0 1
4997,Video Title 4997,psychology,37000,,2021-03-27 04:13:26,0 0 0 0 0 0 0 0 0 1
4998,Video Title 4998,psychology,36000,,2018-09-30 16:47:27,0 0 0 0 0 0 0 0 0 1
4999,Video Title 4999,psychology,46000,,2019-11-15 13:31:07,0 0 0 0 0 0 0 0 0 1
5000,Video Title 5000,psychology,47000,,2021-07-30 07:37:32,0 0 0 0 0 0 0 0 0 1
