video_id,title,categories,duration,tags,publish_date,vector
1,Video Title 1,biology,50000,,2015-02-13 08:36:05,0 1 0 0 0 0 0 0 0 0
2,Video Title 2,biology,53000,,2016-10-02 20:34:05,0 1 0 0 0 0 0 0 0 0
3,Video Title 3,biology,37000,,2015-05-27 07:31:21,0 1 0 0 0 0 0 0 0 0
4,Video Title 4,biology,33000,,2020-10-07 22:52:30,0 1 0 0 0 0 0 0 0 0
5,Video Title 5,biology,58000,,2019-06-16 14:06:30,0 1 0 0 0 0 0 0 0 0
6,Video Title 6,biology,48000,,2018-03-23 00:21:05,0 1 0 0 0 0 0 0 0 0
7,Video Title 7,biology,30000,,2014-12-10 23:42:10,0 1 0 0 0 0 0 0 0 0
8,Video Title 8,biology,37000,,2019-01-21 13:07:23,0 1 0 0 0 0 0 0 0 0
9,Video Title 9,biology,30000,,2019-08-13 13:04:03,0 1 0 0 0 0 0 0 0 0
10,Video Title 10,biology,52000,,2020-07-02 01:52:36,0 1 0 0 0 0 0 0 0 0
11,Video Title 11,biology,47000,,2018-03-14 05:56:10,0 1 0 0 0 0 0 0 0 0
12,Video Title 12,biology,44000,,2019-11-23 19:40:26,0 1 0 0 0 0 0 0 0 0
13,Video Title 13,biology,55000,,2022-09-10 22:42:29,0 1 0 0 0 0 0 0 0 0
14,Video Title 14,biology,54000,,2022-01-22 05:45:59,0 1 0 0 0 0 0 0 0 0
15,Video Title 15,biology,52000,,2018-03-25 13:01:16,0 1 0 0 0 0 0 0 0 0
16,Video Title 16,biology,38000,,2015-07-24 12:00:15,0 1 0 0 0 0 0 0 0 0
17,Video Title 17,biology,60000,,2021-08-20 18:05:08,0 1 0 0 0 0 0 0 0 0
18,Video Title 18,biology,33000,,2014-12-07 12:32:09,0 1 0 0 0 0 0 0 0 0
19,Video Title 19,biology,33000,,2017-08-05 06:35:37,0 1 0 0 0 0 0 0 0 0
20,Video Title 20,biology,41000,,2020-01-15 14:24:01,0 1 0 0 0 0 0 0 0 0
21,Video Title 21,biology,55000,,2014-06-10 14:15:31,0 1 0 0 0 0 0 0 0 0
22,Video Title 22,biology,44000,,2019-05-14 05:34:50,0 1 0 0 0 0 0 0 0 0
23,Video Title 23,biology,59000,,2017-10-15 15:36:41,0 1 0 0 0 0 0 0 0 0
24,Video Title 24,biology,47000,,2016-12-08 02:25:02,0 1 0 0 0 0 0 0 0 0
25,Video Title 25,biology,50000,,2020-03-09 14:19:49,0 1 0 0 0 0 0 0 0 0
26,Video Title 26,biology,57000,,2017-08-14 23:13:41,0 1 0 0 0 0 0 0 0 0
27,Video Title 27,biology,36000,,2021-01-17 16:29:34,0 1 0 0 0 0 0 0 0 0
28,Video Title 28,biology,31000,,2020-08-12 14:40:00,0 1 0 0 0 0 0 0 0 0
29,Video Title 29,biology,54000,,2016-11-24 06:23:08,0 1 0 0 0 0 0 0 0 0
30,Video Title 30,biology,32000,,2022-07-21 21:49:56,0 1 0 0 0 0 0 0 0 0
31,Video Title 31,biology,57000,,2015-01-06 15:43:30,0 1 0 0 0 0 0 0 0 0
32,Video Title 32,biology,38000,,2018-07-15 22:44:32,0 1 0 0 0 0 0 0 0 0
33,Video Title 33,biology,56000,,2017-08-26 15:17:55,0 1 0 0 0 0 0 0 0 0
34,Video Title 34,biology,41000,,2017-07-22 17:42:48,0 1 0 0 0 0 0 0 0 0
35,Video Title 35,biology,51000,,2016-09-03 11:15:25,0 1 0 0 0 0 0 0 0 0
36,Video Title 36,biology,59000,,2020-11-01 22:46:31,0 1 0 0 0 0 0 0 0 0
37,Video Title 37,biology,32000,,2020-02-04 07:52:33,0 1 0 0 0 0 0 0 0 0
38,Video Title 38,biology,35000,,2019-05-06 14:39:11,0 1 0 0 0 0 0 0 0 0
39,Video Title 39,biology,37000,,2015-08-22 10:03:30,0 1 0 0 0 0 0 0 0 0
40,Video Title 40,biology,42000,,2016-09-14 07:25:46,0 1 0 0 0 0 0 0 0 0
41,Video Title 41,biology,59000,,2020-05-26 23:58:44,0 1 0 0 0 0 0 0 0 0
42,Video Title 42,biology,47000,,2016-03-14 14:17:21,0 1 0 0 0 0 0 0 0 0
43,Video Title 43,biology,40000,,2022-06-06 09:49:41,0 1 0 0 0 0 0 0 0 0
44,Video Title 44,biology,54000,,2014-07-26 04:09:51,0 1 0 0 0 0 0 0 0 0
45,Video Title 45,biology,56000,,2014-04-30 03:58:52,0 1 0 0 0 0 0 0 0 0
46,Video Title 46,biology,40000,,2018-01-06 06:02:07,0 1 0 0 0 0 0 0 0 0
47,Video Title 47,biology,32000,,2016-02-12 02:05:49,0 1 0 0 0 0 0 0 0 0
48,Video Title 48,biology,60000,,2019-09-04 04:58:21,0 1 0 0 0 0 0 0 0 0
49,Video Title 49,biology,52000,,2017-02-24 13:46:56,0 1 0 0 0 0 0 0 0 0
50,Video Title 50,biology,50000,,2018-12-30 04:39:29,0 1 0 0 0 0 0 0 0 0
51,Video Title 51,biology,58000,,2023-02-23 02:22:07,0 1 0 0 0 0 0 0 0 0
52,Video Title 52,biology,44000,,2015-06-08 11:33:04,0 1 0 0 0 0 0 0 0 0
53,Video Title 53,biology,34000,,2016-06-21 04:34:10,0 1 0 0 0 0 0 0 0 0
54,Video Title 54,biology,47000,,2019-05-24 06:24:38,0 1 0 0 0 0 0 0 0 0
55,Video Title 55,biology,53000,,2019-11-06 17:43:57,0 1 0 0 0 0 0 0 0 0
56,Video Title 56,biology,58000,,2019-11-02 21:29:03,0 1 0 0 0 0 0 0 0 0
57,Video Title 57,biology,41000,,2016-03-13 12:29:54,0 1 0 0 0 0 0 0 0 0
58,Video Title 58,biology,34000,,2019-02-05 18:30:11,0 1 0 0 0 0 0 0 0 0
59,Video Title 59,biology,32000,,2021-07-23 14:31:01,0 1 0 0 0 0 0 0 0 0
60,Video Title 60,biology,57000,,2015-02-07 05:15:49,0 1 0 0 0 0 0 0 0 0
61,Video Title 61,biology,50000,,2015-08-09 22:25:24,0 1 0 0 0 0 0 0 0 0
62,Video Title 62,biology,51000,,2018-03-23 21:12:47,0 1 0 0 0 0 0 0 0 0
63,Video Title 63,biology,32000,,2017-11-07 09:36:59,0 1 0 0 0 0 0 0 0 0
64,Video Title 64,biology,49000,,2023-12-17 20:13:58,0 1 0 0 0 0 0 0 0 0
65,Video Title 65,biology,46000,,2016-07-08 15:52:36,0 1 0 0 0 0 0 0 0 0
66,Video Title 66,biology,47000,,2022-08-10 20:18:06,0 1 0 0 0 0 0 0 0 0
67,Video Title 67,biology,30000,,2020-10-21 00:49:36,0 1 0 0 0 0 0 0 0 0
68,Video Title 68,biology,33000,,2020-10-26 05:49:41,0 1 0 0 0 0 0 0 0 0
69,Video Title 69,biology,47000,,2021-07-05 16:53:42,0 1 0 0 0 0 0 0 0 0
70,Video Title 70,biology,54000,,2020-05-30 12:15:12,0 1 0 0 0 0 0 0 0 0
71,Video Title 71,biology,33000,,2016-12-09 06:36:40,0 1 0 0 0 0 0 0 0 0
72,Video Title 72,biology,35000,,2018-07-17 02:11:48,0 1 0 0 0 0 0 0 0 0
73,Video Title 73,biology,60000,,2021-03-22 15:15:52,0 1 0 0 0 0 0 0 0 0
74,Video Title 74,biology,53000,,2016-08-21 08:52:51,0 1 0 0 0 0 0 0 0 0
75,Video Title 75,biology,46000,,2021-08-15 03:53:19,0 1 0 0 0 0 0 0 0 0
76,Video Title 76,biology,46000,,2023-02-16 02:11:55,0 1 0 0 0 0 0 0 0 0
77,Video Title 77,biology,57000,,2020-04-03 08:17:49,0 1 0 0 0 0 0 0 0 0
78,Video Title 78,biology,56000,,2020-05-23 03:58:32,0 1 0 0 0 0 0 0 0 0
79,Video Title 79,biology,49000,,2015-12-30 00:36:45,0 1 0 0 0 0 0 0 0 0
80,Video Title 80,biology,41000,,2021-08-17 03:56:45,0 1 0 0 0 0 0 0 0 0
81,Video Title 81,biology,47000,,2023-07-15 06:34:40,0 1 0 0 0 0 0 0 0 0
82,Video Title 82,biology,59000,,2019-04-22 18:58:54,0 1 0 0 0 0 0 0 0 0
83,Video Title 83,biology,30000,,2019-12-29 03:32:44,0 1 0 0 0 0 0 0 0 0
84,Video Title 84,biology,45000,,2014-03-15 02:09:45,0 1 0 0 0 0 0 0 0 0
85,Video Title 85,biology,59000,,2017-08-19 21:06:54,0 1 0 0 0 0 0 0 0 0
86,Video Title 86,biology,56000,,2022-01-25 17:28:22,0 1 0 0 0 0 0 0 0 0
87,Video Title 87,biology,37000,,2014-08-02 10:14:40,0 1 0 0 0 0 0 0 0 0
88,Video Title 88,biology,58000,,2019-09-04 20:28:05,0 1 0 0 0 0 0 0 0 0
89,Video Title 89,biology,32000,,2014-11-11 15:14:32,0 1 0 0 0 0 0 0 0 0
90,Video Title 90,biology,45000,,2022-02-28 11:38:13,0 1 0 0 0 0 0 0 0 0
91,Video Title 91,biology,54000,,2019-05-01 09:03:37,0 1 0 0 0 0 0 0 0 0
92,Video Title 92,biology,34000,,2015-04-16 15:05:32,0 1 0 0 0 0 0 0 0 0
93,Video Title 93,biology,45000,,2023-06-20 23:56:39,0 1 0 0 0 0 0 0 0 0
94,Video Title 94,biology,35000,,2016-08-27 10:57:38,0 1 0 0 0 0 0 0 0 0
95,Video Title 95,biology,57000,,2020-01-26 01:37:37,0 1 0 0 0 0 0 0 0 0
96,Video Title 96,biology,60000,,2016-02-15 01:31:22,0 1 0 0 0 0 0 0 0 0
97,Video Title 97,biology,47000,,2021-07-21 17:13:52,0 1 0 0 0 0 0 0 0 0
98,Video Title 98,biology,52000,,2016-01-07 04:49:59,0 1 0 0 0 0 0 0 0 0
99,Video Title 99,biology,39000,,2017-12-29 07:43:31,0 1 0 0 0 0 0 0 0 0
100,Video Title 100,biology,51000,,2020-07-02 01:19:04,0 1 0 0 0 0 0 0 0 0
101,Video Title 101,chemistry,44000,,2022-12-30 14:11:37,0 0 0 1 0 0 0 0 0 0
102,Video Title 102,chemistry,44000,,2015-03-20 15:58:03,0 0 0 1 0 0 0 0 0 0
103,Video Title 103,chemistry,37000,,2014-08-24 16:40:06,0 0 0 1 0 0 0 0 0 0
104,Video Title 104,chemistry,30000,,2019-11-20 07:50:37,0 0 0 1 0 0 0 0 0 0
105,Video Title 105,chemistry,37000,,2019-11-20 19:21:14,0 0 0 1 0 0 0 0 0 0
106,Video Title 106,chemistry,30000,,2014-09-19 02:59:39,0 0 0 1 0 0 0 0 0 0
107,Video Title 107,chemistry,50000,,2014-08-05 21:20:31,0 0 0 1 0 0 0 0 0 0
108,Video Title 108,chemistry,32000,,2023-01-20 18:47:35,0 0 0 1 0 0 0 0 0 0
109,Video Title 109,chemistry,57000,,2017-04-23 01:32:08,0 0 0 1 0 0 0 0 0 0
110,Video Title 110,chemistry,46000,,2016-05-20 17:12:21,0 0 0 1 0 0 0 0 0 0
111,Video Title 111,chemistry,51000,,2018-11-09 18:18:36,0 0 0 1 0 0 0 0 0 0
112,Video Title 112,chemistry,47000,,2015-04-30 22:31:04,0 0 0 1 0 0 0 0 0 0
113,Video Title 113,chemistry,59000,,2022-10-28 16:45:26,0 0 0 1 0 0 0 0 0 0
114,Video Title 114,chemistry,48000,,2018-09-24 05:58:54,0 0 0 1 0 0 0 0 0 0
115,Video Title 115,chemistry,55000,,2018-09-25 08:25:47,0 0 0 1 0 0 0 0 0 0
116,Video Title 116,chemistry,43000,,2015-11-28 23:54:30,0 0 0 1 0 0 0 0 0 0
117,Video Title 117,chemistry,33000,,2020-08-04 06:53:19,0 0 0 1 0 0 0 0 0 0
118,Video Title 118,chemistry,41000,,2018-03-29 01:29:14,0 0 0 1 0 0 0 0 0 0
119,Video Title 119,chemistry,44000,,2022-08-22 00:05:56,0 0 0 1 0 0 0 0 0 0
120,Video Title 120,chemistry,31000,,2020-09-25 18:44:03,0 0 0 1 0 0 0 0 0 0
121,Video Title 121,chemistry,50000,,2014-12-28 05:24:19,0 0 0 1 0 0 0 0 0 0
122,Video Title 122,chemistry,42000,,2021-04-13 23:30:37,0 0 0 1 0 0 0 0 0 0
123,Video Title 123,chemistry,55000,,2022-08-14 02:30:51,0 0 0 1 0 0 0 0 0 0
124,Video Title 124,chemistry,37000,,2015-12-03 07:17:25,0 0 0 1 0 0 0 0 0 0
125,Video Title 125,chemistry,47000,,2018-06-28 10:32:48,0 0 0 1 0 0 0 0 0 0
126,Video Title 126,chemistry,43000,,2015-11-03 17:33:06,0 0 0 1 0 0 0 0 0 0
127,Video Title 127,chemistry,44000,,2016-07-02 19:02:41,0 0 0 1 0 0 0 0 0 0
128,Video Title 128,chemistry,59000,,2014-10-05 03:42:58,0 0 0 1 0 0 0 0 0 0
129,Video Title 129,chemistry,55000,,2022-08-12 22:10:53,0 0 0 1 0 0 0 0 0 0
130,Video Title 130,chemistry,47000,,2014-12-26 08:48:16,0 0 0 1 0 0 0 0 0 0
131,Video Title 131,chemistry,50000,,2023-12-29 09:08:39,0 0 0 1 0 0 0 0 0 0
132,Video Title 132,chemistry,56000,,2014-02-25 20:47:17,0 0 0 1 0 0 0 0 0 0
133,Video Title 133,chemistry,32000,,2023-04-07 05:44:51,0 0 0 1 0 0 0 0 0 0
134,Video Title 134,chemistry,57000,,2016-05-14 18:50:36,0 0 0 1 0 0 0 0 0 0
135,Video Title 135,chemistry,43000,,2018-11-10 14:09:45,0 0 0 1 0 0 0 0 0 0
136,Video Title 136,chemistry,36000,,2022-08-24 23:22:28,0 0 0 1 0 0 0 0 0 0
137,Video Title 137,chemistry,58000,,2014-08-05 00:27:39,0 0 0 1 0 0 0 0 0 0
138,Video Title 138,chemistry,42000,,2014-01-10 20:48:40,0 0 0 1 0 0 0 0 0 0
139,Video Title 139,chemistry,42000,,2016-08-27 23:47:16,0 0 0 1 0 0 0 0 0 0
140,Video Title 140,chemistry,55000,,2021-11-07 17:19:53,0 0 0 1 0 0 0 0 0 0
141,Video Title 141,chemistry,39000,,2018-03-26 23:27:20,0 0 0 1 0 0 0 0 0 0
142,Video Title 142,chemistry,60000,,2021-04-22 08:15:56,0 0 0 1 0 0 0 0 0 0
143,Video Title 143,chemistry,55000,,2019-07-24 13:18:18,0 0 0 1 0 0 0 0 0 0
144,Video Title 144,chemistry,52000,,2018-11-14 08:24:56,0 0 0 1 0 0 0 0 0 0
145,Video Title 145,chemistry,36000,,2016-12-20 23:36:19,0 0 0 1 0 0 0 0 0 0
146,Video Title 146,chemistry,60000,,2014-08-04 11:08:10,0 0 0 1 0 0 0 0 0 0
147,Video Title 147,chemistry,53000,,2019-06-05 00:17:58,0 0 0 1 0 0 0 0 0 0
148,Video Title 148,chemistry,53000,,2017-02-20 15:46:52,0 0 0 1 0 0 0 0 0 0
149,Video Title 149,chemistry,31000,,2019-11-05 05:57:26,0 0 0 1 0 0 0 0 0 0
150,Video Title 150,chemistry,46000,,2023-03-12 18:18:45,0 0 0 1 0 0 0 0 0 0
151,Video Title 151,chemistry,46000,,2015-07-31 15:06:25,0 0 0 1 0 0 0 0 0 0
152,Video Title 152,chemistry,60000,,2019-01-30 13:46:34,0 0 0 1 0 0 0 0 0 0
153,Video Title 153,chemistry,57000,,2015-11-12 06:15:59,0 0 0 1 0 0 0 0 0 0
154,Video Title 154,chemistry,49000,,2014-09-08 01:22:17,0 0 0 1 0 0 0 0 0 0
155,Video Title 155,chemistry,57000,,2016-05-10 11:51:40,0 0 0 1 0 0 0 0 0 0
156,Video Title 156,chemistry,33000,,2023-06-01 19:49:14,0 0 0 1 0 0 0 0 0 0
157,Video Title 157,chemistry,48000,,2016-06-19 16:27:52,0 0 0 1 0 0 0 0 0 0
158,Video Title 158,chemistry,49000,,2014-05-28 01:22:10,0 0 0 1 0 0 0 0 0 0
159,Video Title 159,chemistry,32000,,2018-03-13 04:06:09,0 0 0 1 0 0 0 0 0 0
160,Video Title 160,chemistry,48000,,2019-08-28 01:52:42,0 0 0 1 0 0 0 0 0 0
161,Video Title 161,chemistry,40000,,2023-05-07 16:16:05,0 0 0 1 0 0 0 0 0 0
162,Video Title 162,chemistry,36000,,2020-09-12 11:59:43,0 0 0 1 0 0 0 0 0 0
163,Video Title 163,chemistry,40000,,2016-05-23 04:53:22,0 0 0 1 0 0 0 0 0 0
164,Video Title 164,chemistry,42000,,2015-04-25 16:56:15,0 0 0 1 0 0 0 0 0 0
165,Video Title 165,chemistry,50000,,2017-01-01 23:44:39,0 0 0 1 0 0 0 0 0 0
166,Video Title 166,chemistry,40000,,2023-04-16 22:00:21,0 0 0 1 0 0 0 0 0 0
167,Video Title 167,chemistry,59000,,2014-09-24 18:46:36,0 0 0 1 0 0 0 0 0 0
168,Video Title 168,chemistry,44000,,2020-03-19 05:33:02,0 0 0 1 0 0 0 0 0 0
169,Video Title 169,chemistry,48000,,2023-12-17 18:02:55,0 0 0 1 0 0 0 0 0 0
170,Video Title 170,chemistry,32000,,2019-05-19 08:46:25,0 0 0 1 0 0 0 0 0 0
171,Video Title 171,chemistry,46000,,2016-08-27 23:33:22,0 0 0 1 0 0 0 0 0 0
172,Video Title 172,chemistry,59000,,2017-06-29 21:10:26,0 0 0 1 0 0 0 0 0 0
173,Video Title 173,chemistry,32000,,2022-10-17 08:04:23,0 0 0 1 0 0 0 0 0 0
174,Video Title 174,chemistry,41000,,2016-11-08 04:53:43,0 0 0 1 0 0 0 0 0 0
175,Video Title 175,chemistry,44000,,2022-05-04 04:03:28,0 0 0 1 0 0 0 0 0 0
176,Video Title 176,chemistry,52000,,2017-01-11 04:30:06,0 0 0 1 0 0 0 0 0 0
177,Video Title 177,chemistry,55000,,2020-07-17 00:19:31,0 0 0 1 0 0 0 0 0 0
178,Video Title 178,chemistry,30000,,2020-09-05 16:48:59,0 0 0 1 0 0 0 0 0 0
179,Video Title 179,chemistry,47000,,2016-12-30 17:34:43,0 0 0 1 0 0 0 0 0 0
180,Video Title 180,chemistry,51000,,2015-01-16 02:10:39,0 0 0 1 0 0 0 0 0 0
181,Video Title 181,chemistry,58000,,2015-05-08 03:54:05,0 0 0 1 0 0 0 0 0 0
182,Video Title 182,chemistry,33000,,2022-11-24 10:49:59,0 0 0 1 0 0 0 0 0 0
183,Video Title 183,chemistry,53000,,2019-07-15 06:23:27,0 0 0 1 0 0 0 0 0 0
184,Video Title 184,chemistry,38000,,2016-10-27 09:50:57,0 0 0 1 0 0 0 0 0 0
185,Video Title 185,chemistry,36000,,2021-03-06 06:49:39,0 0 0 1 0 0 0 0 0 0
186,Video Title 186,chemistry,36000,,2020-11-16 08:44:54,0 0 0 1 0 0 0 0 0 0
187,Video Title 187,chemistry,57000,,2016-08-23 12:59:23,0 0 0 1 0 0 0 0 0 0
188,Video Title 188,chemistry,45000,,2016-07-07 14:13:18,0 0 0 1 0 0 0 0 0 0
189,Video Title 189,chemistry,59000,,2022-06-18 06:41:07,0 0 0 1 0 0 0 0 0 0
190,Video Title 190,chemistry,32000,,2020-05-06 03:19:03,0 0 0 1 0 0 0 0 0 0
191,Video Title 191,chemistry,56000,,2016-10-08 21:11:15,0 0 0 1 0 0 0 0 0 0
192,Video Title 192,chemistry,30000,,2017-05-04 11:33:10,0 0 0 1 0 0 0 0 0 0
193,Video Title 193,chemistry,34000,,2020-05-16 11:07:54,0 0 0 1 0 0 0 0 0 0
194,Video Title 194,chemistry,38000,,2015-08-15 18:34:52,0 0 0 1 0 0 0 0 0 0
195,Video Title 195,chemistry,44000,,2019-07-09 15:12:17,0 0 0 1 0 0 0 0 0 0
196,Video Title 196,chemistry,43000,,2019-08-12 07:26:28,0 0 0 1 0 0 0 0 0 0
197,Video Title 197,chemistry,33000,,2014-10-04 15:21:43,0 0 0 1 0 0 0 0 0 0
198,Video Title 198,chemistry,58000,,2020-11-29 05:19:08,0 0 0 1 0 0 0 0 0 0
199,Video Title 199,chemistry,34000,,2019-06-17 09:42:33,0 0 0 1 0 0 0 0 0 0
200,Video Title 200,chemistry,56000,,2017-09-11 15:19:12,0 0 0 1 0 0 0 0 0 0
201,Video Title 201,biology chemistry,47000,,2015-06-27 13:00:56,0 1 0 1 0 0 0 0 0 0
202,Video Title 202,biology chemistry,34000,,2014-06-04 16:12:28,0 1 0 1 0 0 0 0 0 0
203,Video Title 203,biology chemistry,41000,,2022-12-28 06:46:42,0 1 0 1 0 0 0 0 0 0
204,Video Title 204,biology chemistry,55000,,2023-09-21 12:23:34,0 1 0 1 0 0 0 0 0 0
205,Video Title 205,biology chemistry,31000,,2022-12-28 01:47:53,0 1 0 1 0 0 0 0 0 0
206,Video Title 206,biology chemistry,36000,,2020-10-27 13:02:30,0 1 0 1 0 0 0 0 0 0
207,Video Title 207,biology chemistry,51000,,2015-01-13 04:43:16,0 1 0 1 0 0 0 0 0 0
208,Video Title 208,biology chemistry,54000,,2019-08-08 13:47:46,0 1 0 1 0 0 0 0 0 0
209,Video Title 209,biology chemistry,57000,,2018-01-25 06:39:33,0 1 0 1 0 0 0 0 0 0
210,Video Title 210,biology chemistry,49000,,2021-06-30 14:14:19,0 1 0 1 0 0 0 0 0 0
211,Video Title 211,biology chemistry,59000,,2023-04-20 01:34:37,0 1 0 1 0 0 0 0 0 0
212,Video Title 212,biology chemistry,57000,,2015-08-19 03:09:17,0 1 0 1 0 0 0 0 0 0
213,Video Title 213,biology chemistry,55000,,2022-02-09 07:36:09,0 1 0 1 0 0 0 0 0 0
214,Video Title 214,biology chemistry,58000,,2018-02-15 20:59:25,0 1 0 1 0 0 0 0 0 0
215,Video Title 215,biology chemistry,35000,,2021-05-14 11:02:51,0 1 0 1 0 0 0 0 0 0
216,Video Title 216,biology chemistry,40000,,2021-10-28 17:03:25,0 1 0 1 0 0 0 0 0 0
217,Video Title 217,biology chemistry,43000,,2022-01-09 03:47:53,0 1 0 1 0 0 0 0 0 0
218,Video Title 218,biology chemistry,57000,,2021-05-08 23:02:25,0 1 0 1 0 0 0 0 0 0
219,Video Title 219,biology chemistry,37000,,2016-09-02 20:10:48,0 1 0 1 0 0 0 0 0 0
220,Video Title 220,biology chemistry,55000,,2021-01-05 15:58:09,0 1 0 1 0 0 0 0 0 0
221,Video Title 221,biology chemistry,42000,,2022-09-21 09:48:36,0 1 0 1 0 0 0 0 0 0
222,Video Title 222,biology chemistry,57000,,2018-09-17 00:26:45,0 1 0 1 0 0 0 0 0 0
223,Video Title 223,biology chemistry,36000,,2022-03-02 12:59:11,0 1 0 1 0 0 0 0 0 0
224,Video Title 224,biology chemistry,44000,,2017-07-02 06:04:40,0 1 0 1 0 0 0 0 0 0
225,Video Title 225,biology chemistry,56000,,2021-12-15 00:15:56,0 1 0 1 0 0 0 0 0 0
226,Video Title 226,biology chemistry,37000,,2016-03-26 16:06:09,0 1 0 1 0 0 0 0 0 0
227,Video Title 227,biology chemistry,51000,,2015-12-08 22:10:10,0 1 0 1 0 0 0 0 0 0
228,Video Title 228,biology chemistry,40000,,2016-10-15 21:37:41,0 1 0 1 0 0 0 0 0 0
229,Video Title 229,biology chemistry,32000,,2023-09-02 03:29:07,0 1 0 1 0 0 0 0 0 0
230,Video Title 230,biology chemistry,38000,,2017-07-07 16:24:03,0 1 0 1 0 0 0 0 0 0
231,Video Title 231,biology chemistry,46000,,2017-12-31 19:49:35,0 1 0 1 0 0 0 0 0 0
232,Video Title 232,biology chemistry,56000,,2019-05-14 04:29:53,0 1 0 1 0 0 0 0 0 0
233,Video Title 233,biology chemistry,60000,,2014-04-13 17:48:24,0 1 0 1 0 0 0 0 0 0
234,Video Title 234,biology chemistry,58000,,2023-09-14 23:05:36,0 1 0 1 0 0 0 0 0 0
235,Video Title 235,biology chemistry,35000,,2019-10-23 03:39:38,0 1 0 1 0 0 0 0 0 0
236,Video Title 236,biology chemistry,38000,,2014-05-22 15:19:49,0 1 0 1 0 0 0 0 0 0
237,Video Title 237,biology chemistry,49000,,2018-05-08 03:47:06,0 1 0 1 0 0 0 0 0 0
238,Video Title 238,biology chemistry,53000,,2021-11-12 11:06:30,0 1 0 1 0 0 0 0 0 0
239,Video Title 239,biology chemistry,43000,,2020-01-24 15:53:43,0 1 0 1 0 0 0 0 0 0
240,Video Title 240,biology chemistry,46000,,2015-03-01 02:34:14,0 1 0 1 0 0 0 0 0 0
241,Video Title 241,biology chemistry,58000,,2019-10-08 13:06:45,0 1 0 1 0 0 0 0 0 0
242,Video Title 242,biology chemistry,38000,,2014-06-14 00:15:37,0 1 0 1 0 0 0 0 0 0
243,Video Title 243,biology chemistry,43000,,2014-01-09 04:09:21,0 1 0 1 0 0 0 0 0 0
244,Video Title 244,biology chemistry,59000,,2022-01-24 18:21:07,0 1 0 1 0 0 0 0 0 0
245,Video Title 245,biology chemistry,51000,,2021-03-12 22:04:04,0 1 0 1 0 0 0 0 0 0
246,Video Title 246,biology chemistry,53000,,2021-05-16 04:30:07,0 1 0 1 0 0 0 0 0 0
247,Video Title 247,biology chemistry,36000,,2017-08-24 09:48:03,0 1 0 1 0 0 0 0 0 0
248,Video Title 248,biology chemistry,32000,,2023-06-28 09:24:17,0 1 0 1 0 0 0 0 0 0
249,Video Title 249,biology chemistry,59000,,2017-04-22 05:31:23,0 1 0 1 0 0 0 0 0 0
250,Video Title 250,biology chemistry,40000,,2020-08-20 08:44:34,0 1 0 1 0 0 0 0 0 0
251,Video Title 251,biology chemistry,33000,,2021-03-14 02:28:24,0 1 0 1 0 0 0 0 0 0
252,Video Title 252,biology chemistry,39000,,2019-01-27 23:55:52,0 1 0 1 0 0 0 0 0 0
253,Video Title 253,biology chemistry,51000,,2018-02-01 15:13:07,0 1 0 1 0 0 0 0 0 0
254,Video Title 254,biology chemistry,42000,,2020-12-21 19:27:25,0 1 0 1 0 0 0 0 0 0
255,Video Title 255,biology chemistry,47000,,2015-04-12 14:24:40,0 1 0 1 0 0 0 0 0 0
256,Video Title 256,biology chemistry,43000,,2020-08-25 23:49:06,0 1 0 1 0 0 0 0 0 0
257,Video Title 257,biology chemistry,42000,,2020-10-10 05:03:07,0 1 0 1 0 0 0 0 0 0
258,Video Title 258,biology chemistry,58000,,2015-09-30 04:47:42,0 1 0 1 0 0 0 0 0 0
259,Video Title 259,biology chemistry,48000,,2017-01-05 11:12:32,0 1 0 1 0 0 0 0 0 0
260,Video Title 260,biology chemistry,47000,,2022-05-04 02:19:29,0 1 0 1 0 0 0 0 0 0
261,Video Title 261,biology chemistry,39000,,2016-11-15 05:38:29,0 1 0 1 0 0 0 0 0 0
262,Video Title 262,biology chemistry,43000,,2021-11-10 00:28:23,0 1 0 1 0 0 0 0 0 0
263,Video Title 263,biology chemistry,49000,,2020-07-19 16:12:45,0 1 0 1 0 0 0 0 0 0
264,Video Title 264,biology chemistry,44000,,2018-06-03 12:27:18,0 1 0 1 0 0 0 0 0 0
265,Video Title 265,biology chemistry,51000,,2016-02-22 00:14:33,0 1 0 1 0 0 0 0 0 0
266,Video Title 266,biology chemistry,45000,,2021-12-09 03:13:15,0 1 0 1 0 0 0 0 0 0
267,Video Title 267,biology chemistry,60000,,2021-12-17 11:46:08,0 1 0 1 0 0 0 0 0 0
268,Video Title 268,biology chemistry,35000,,2020-08-03 19:19:30,0 1 0 1 0 0 0 0 0 0
269,Video Title 269,biology chemistry,39000,,2019-02-27 09:35:45,0 1 0 1 0 0 0 0 0 0
270,Video Title 270,biology chemistry,50000,,2020-03-12 07:14:47,0 1 0 1 0 0 0 0 0 0
271,Video Title 271,biology chemistry,32000,,2022-03-09 05:53:43,0 1 0 1 0 0 0 0 0 0
272,Video Title 272,biology chemistry,54000,,2016-05-09 06:29:21,0 1 0 1 0 0 0 0 0 0
273,Video Title 273,biology chemistry,39000,,2016-04-01 22:31:20,0 1 0 1 0 0 0 0 0 0
274,Video Title 274,biology chemistry,36000,,2015-06-24 20:12:25,0 1 0 1 0 0 0 0 0 0
275,Video Title 275,biology chemistry,31000,,2016-06-14 16:12:24,0 1 0 1 0 0 0 0 0 0
276,Video Title 276,biology chemistry,45000,,2020-02-12 03:36:00,0 1 0 1 0 0 0 0 0 0
277,Video Title 277,biology chemistry,54000,,2014-09-25 19:45:10,0 1 0 1 0 0 0 0 0 0
278,Video Title 278,biology chemistry,43000,,2022-11-11 09:35:35,0 1 0 1 0 0 0 0 0 0
279,Video Title 279,biology chemistry,48000,,2015-12-13 16:31:36,0 1 0 1 0 0 0 0 0 0
280,Video Title 280,biology chemistry,52000,,2017-11-04 12:30:49,0 1 0 1 0 0 0 0 0 0
281,Video Title 281,biology chemistry,42000,,2016-06-11 13:02:12,0 1 0 1 0 0 0 0 0 0
282,Video Title 282,biology chemistry,50000,,2020-11-16 19:43:24,0 1 0 1 0 0 0 0 0 0
283,Video Title 283,biology chemistry,58000,,2021-07-06 00:29:17,0 1 0 1 0 0 0 0 0 0
284,Video Title 284,biology chemistry,54000,,2022-11-08 22:45:07,0 1 0 1 0 0 0 0 0 0
285,Video Title 285,biology chemistry,54000,,2018-04-03 18:48:23,0 1 0 1 0 0 0 0 0 0
286,Video Title 286,biology chemistry,35000,,2022-01-16 00:01:24,0 1 0 1 0 0 0 0 0 0
287,Video Title 287,biology chemistry,52000,,2019-03-08 13:05:56,0 1 0 1 0 0 0 0 0 0
288,Video Title 288,biology chemistry,31000,,2019-07-30 12:44:51,0 1 0 1 0 0 0 0 0 0
289,Video Title 289,biology chemistry,59000,,2022-06-26 10:15:50,0 1 0 1 0 0 0 0 0 0
290,Video Title 290,biology chemistry,44000,,2015-05-04 16:30:20,0 1 0 1 0 0 0 0 0 0
291,Video Title 291,biology chemistry,44000,,2020-09-04 15:48:33,0 1 0 1 0 0 0 0 0 0
292,Video Title 292,biology chemistry,47000,,2019-12-16 09:37:23,0 1 0 1 0 0 0 0 0 0
293,Video Title 293,biology chemistry,60000,,2021-07-21 15:54:04,0 1 0 1 0 0 0 0 0 0
294,Video Title 294,biology chemistry,44000,,2020-02-17 04:20:36,0 1 0 1 0 0 0 0 0 0
295,Video Title 295,biology chemistry,53000,,2022-12-02 20:58:40,0 1 0 1 0 0 0 0 0 0
296,Video Title 296,biology chemistry,43000,,2022-04-22 13:51:33,0 1 0 1 0 0 0 0 0 0
297,Video Title 297,biology chemistry,47000,,2018-06-18 14:01:56,0 1 0 1 0 0 0 0 0 0
298,Video Title 298,biology chemistry,35000,,2021-06-09 08:13:00,0 1 0 1 0 0 0 0 0 0
299,Video Title 299,biology chemistry,45000,,2018-07-03 18:06:38,0 1 0 1 0 0 0 0 0 0
300,Video Title 300,biology chemistry,54000,,2016-06-23 10:12:03,0 1 0 1 0 0 0 0 0 0
301,Video Title 301,arts,50000,,2016-10-11 04:28:28,1 0 0 0 0 0 0 0 0 0
302,Video Title 302,arts,54000,,2019-03-20 17:51:48,1 0 0 0 0 0 0 0 0 0
303,Video Title 303,arts,50000,,2016-05-25 05:56:15,1 0 0 0 0 0 0 0 0 0
304,Video Title 304,arts,44000,,2014-10-12 19:32:30,1 0 0 0 0 0 0 0 0 0
305,Video Title 305,arts,39000,,2016-05-07 21:38:14,1 0 0 0 0 0 0 0 0 0
306,Video Title 306,arts,40000,,2017-03-14 22:33:29,1 0 0 0 0 0 0 0 0 0
307,Video Title 307,arts,47000,,2014-10-24 02:36:10,1 0 0 0 0 0 0 0 0 0
308,Video Title 308,arts,34000,,2016-04-26 02:30:20,1 0 0 0 0 0 0 0 0 0
309,Video Title 309,arts,52000,,2015-07-14 17:44:28,1 0 0 0 0 0 0 0 0 0
310,Video Title 310,arts,36000,,2014-08-25 10:26:50,1 0 0 0 0 0 0 0 0 0
311,Video Title 311,arts,43000,,2017-04-24 17:12:35,1 0 0 0 0 0 0 0 0 0
312,Video Title 312,arts,44000,,2018-02-28 13:49:22,1 0 0 0 0 0 0 0 0 0
313,Video Title 313,arts,36000,,2022-05-01 01:15:59,1 0 0 0 0 0 0 0 0 0
314,Video Title 314,arts,42000,,2023-01-18 15:51:02,1 0 0 0 0 0 0 0 0 0
315,Video Title 315,arts,48000,,2023-06-18 03:02:02,1 0 0 0 0 0 0 0 0 0
316,Video Title 316,arts,30000,,2022-07-27 01:43:33,1 0 0 0 0 0 0 0 0 0
317,Video Title 317,arts,54000,,2019-10-05 06:28:27,1 0 0 0 0 0 0 0 0 0
318,Video Title 318,arts,45000,,2014-01-24 12:29:48,1 0 0 0 0 0 0 0 0 0
319,Video Title 319,arts,41000,,2016-12-27 22:28:06,1 0 0 0 0 0 0 0 0 0
320,Video Title 320,arts,42000,,2022-07-15 02:02:25,1 0 0 0 0 0 0 0 0 0
321,Video Title 321,arts,60000,,2022-05-11 09:49:53,1 0 0 0 0 0 0 0 0 0
322,Video Title 322,arts,47000,,2021-06-23 10:22:21,1 0 0 0 0 0 0 0 0 0
323,Video Title 323,arts,47000,,2021-12-31 12:27:06,1 0 0 0 0 0 0 0 0 0
324,Video Title 324,arts,58000,,2016-03-17 23:11:22,1 0 0 0 0 0 0 0 0 0
325,Video Title 325,arts,37000,,2016-09-25 05:07:59,1 0 0 0 0 0 0 0 0 0
326,Video Title 326,arts,45000,,2014-04-18 22:34:27,1 0 0 0 0 0 0 0 0 0
327,Video Title 327,arts,40000,,2020-09-09 09:19:44,1 0 0 0 0 0 0 0 0 0
328,Video Title 328,arts,55000,,2018-01-17 18:08:24,1 0 0 0 0 0 0 0 0 0
329,Video Title 329,arts,35000,,2022-05-28 20:17:45,1 0 0 0 0 0 0 0 0 0
330,Video Title 330,arts,59000,,2015-04-13 20:11:42,1 0 0 0 0 0 0 0 0 0
331,Video Title 331,arts,49000,,2019-05-06 13:13:47,1 0 0 0 0 0 0 0 0 0
332,Video Title 332,arts,59000,,2017-12-11 04:10:28,1 0 0 0 0 0 0 0 0 0
333,Video Title 333,arts,48000,,2020-08-18 22:46:43,1 0 0 0 0 0 0 0 0 0
334,Video Title 334,arts,32000,,2020-06-06 00:52:08,1 0 0 0 0 0 0 0 0 0
335,Video Title 335,arts,34000,,2022-09-02 00:10:43,1 0 0 0 0 0 0 0 0 0
336,Video Title 336,arts,35000,,2014-07-05 12:56:02,1 0 0 0 0 0 0 0 0 0
337,Video Title 337,arts,42000,,2017-04-11 20:05:37,1 0 0 0 0 0 0 0 0 0
338,Video Title 338,arts,44000,,2017-04-09 23:41:33,1 0 0 0 0 0 0 0 0 0
339,Video Title 339,arts,54000,,2022-10-18 16:27:45,1 0 0 0 0 0 0 0 0 0
340,Video Title 340,arts,38000,,2021-07-09 20:03:37,1 0 0 0 0 0 0 0 0 0
341,Video Title 341,arts,56000,,2018-03-21 17:04:43,1 0 0 0 0 0 0 0 0 0
342,Video Title 342,arts,56000,,2014-10-28 22:59:09,1 0 0 0 0 0 0 0 0 0
343,Video Title 343,arts,30000,,2021-06-28 22:31:30,1 0 0 0 0 0 0 0 0 0
344,Video Title 344,arts,31000,,2023-12-31 15:55:32,1 0 0 0 0 0 0 0 0 0
345,Video Title 345,arts,41000,,2016-03-31 09:51:42,1 0 0 0 0 0 0 0 0 0
346,Video Title 346,arts,32000,,2021-10-24 12:00:54,1 0 0 0 0 0 0 0 0 0
347,Video Title 347,arts,50000,,2014-05-29 22:36:46,1 0 0 0 0 0 0 0 0 0
348,Video Title 348,arts,30000,,2023-07-01 01:59:16,1 0 0 0 0 0 0 0 0 0
349,Video Title 349,arts,36000,,2022-05-24 04:26:48,1 0 0 0 0 0 0 0 0 0
350,Video Title 350,arts,49000,,2015-07-13 04:41:36,1 0 0 0 0 0 0 0 0 0
351,Video Title 351,arts,34000,,2018-09-27 11:56:56,1 0 0 0 0 0 0 0 0 0
352,Video Title 352,arts,33000,,2019-08-23 11:44:07,1 0 0 0 0 0 0 0 0 0
353,Video Title 353,arts,36000,,2018-08-27 08:58:37,1 0 0 0 0 0 0 0 0 0
354,Video Title 354,arts,38000,,2021-09-02 04:16:24,1 0 0 0 0 0 0 0 0 0
355,Video Title 355,arts,35000,,2020-01-23 12:11:59,1 0 0 0 0 0 0 0 0 0
356,Video Title 356,arts,60000,,2021-06-24 22:17:13,1 0 0 0 0 0 0 0 0 0
357,Video Title 357,arts,33000,,2021-10-11 22:34:09,1 0 0 0 0 0 0 0 0 0
358,Video Title 358,arts,35000,,2023-08-25 05:32:22,1 0 0 0 0 0 0 0 0 0
359,Video Title 359,arts,33000,,2019-10-16 04:46:57,1 0 0 0 0 0 0 0 0 0
360,Video Title 360,arts,59000,,2017-02-14 15:27:16,1 0 0 0 0 0 0 0 0 0
361,Video Title 361,arts,51000,,2023-01-30 07:05:26,1 0 0 0 0 0 0 0 0 0
362,Video Title 362,arts,42000,,2017-12-20 18:55:44,1 0 0 0 0 0 0 0 0 0
363,Video Title 363,arts,52000,,2015-12-27 21:41:18,1 0 0 0 0 0 0 0 0 0
364,Video Title 364,arts,48000,,2020-11-27 17:49:22,1 0 0 0 0 0 0 0 0 0
365,Video Title 365,arts,50000,,2016-06-07 09:36:20,1 0 0 0 0 0 0 0 0 0
366,Video Title 366,arts,52000,,2021-09-22 13:19:31,1 0 0 0 0 0 0 0 0 0
367,Video Title 367,arts,57000,,2020-11-04 13:05:30,1 0 0 0 0 0 0 0 0 0
368,Video Title 368,arts,55000,,2015-03-20 20:25:25,1 0 0 0 0 0 0 0 0 0
369,Video Title 369,arts,48000,,2021-10-29 14:51:22,1 0 0 0 0 0 0 0 0 0
370,Video Title 370,arts,41000,,2019-05-01 12:29:00,1 0 0 0 0 0 0 0 0 0
371,Video Title 371,arts,51000,,2017-09-16 14:00:31,1 0 0 0 0 0 0 0 0 0
372,Video Title 372,arts,46000,,2020-06-23 12:47:20,1 0 0 0 0 0 0 0 0 0
373,Video Title 373,arts,30000,,2022-06-30 22:49:29,1 0 0 0 0 0 0 0 0 0
374,Video Title 374,arts,56000,,2018-11-27 05:40:09,1 0 0 0 0 0 0 0 0 0
375,Video Title 375,arts,43000,,2023-08-10 20:59:27,1 0 0 0 0 0 0 0 0 0
376,Video Title 376,arts,50000,,2022-12-01 05:58:16,1 0 0 0 0 0 0 0 0 0
377,Video Title 377,arts,44000,,2021-01-27 16:14:13,1 0 0 0 0 0 0 0 0 0
378,Video Title 378,arts,43000,,2015-10-07 21:35:52,1 0 0 0 0 0 0 0 0 0
379,Video Title 379,arts,46000,,2023-08-27 23:29:55,1 0 0 0 0 0 0 0 0 0
380,Video Title 380,arts,38000,,2020-02-29 01:55:19,1 0 0 0 0 0 0 0 0 0
381,Video Title 381,arts,59000,,2019-05-21 07:56:47,1 0 0 0 0 0 0 0 0 0
382,Video Title 382,arts,45000,,2018-08-26 18:56:32,1 0 0 0 0 0 0 0 0 0
383,Video Title 383,arts,56000,,2021-04-24 05:53:46,1 0 0 0 0 0 0 0 0 0
384,Video Title 384,arts,38000,,2017-03-24 09:52:53,1 0 0 0 0 0 0 0 0 0
385,Video Title 385,arts,37000,,2022-04-23 04:02:14,1 0 0 0 0 0 0 0 0 0
386,Video Title 386,arts,32000,,2016-10-17 02:06:52,1 0 0 0 0 0 0 0 0 0
387,Video Title 387,arts,44000,,2016-06-11 02:26:14,1 0 0 0 0 0 0 0 0 0
388,Video Title 388,arts,44000,,2019-09-13 22:49:43,1 0 0 0 0 0 0 0 0 0
389,Video Title 389,arts,51000,,2017-10-17 07:27:46,1 0 0 0 0 0 0 0 0 0
390,Video Title 390,arts,30000,,2018-12-12 05:14:58,1 0 0 0 0 0 0 0 0 0
391,Video Title 391,arts,40000,,2015-10-28 17:10:17,1 0 0 0 0 0 0 0 0 0
392,Video Title 392,arts,36000,,2017-07-21 02:40:01,1 0 0 0 0 0 0 0 0 0
393,Video Title 393,arts,38000,,2017-05-29 05:40:57,1 0 0 0 0 0 0 0 0 0
394,Video Title 394,arts,58000,,2019-12-18 23:10:43,1 0 0 0 0 0 0 0 0 0
395,Video Title 395,arts,58000,,2016-10-07 09:07:38,1 0 0 0 0 0 0 0 0 0
396,Video Title 396,arts,30000,,2019-03-03 16:32:50,1 0 0 0 0 0 0 0 0 0
397,Video Title 397,arts,36000,,2014-11-11 11:41:43,1 0 0 0 0 0 0 0 0 0
398,Video Title 398,arts,53000,,2018-01-25 11:06:13,1 0 0 0 0 0 0 0 0 0
399,Video Title 399,arts,47000,,2021-08-01 07:13:25,1 0 0 0 0 0 0 0 0 0
400,Video Title 400,arts,52000,,2018-10-06 17:45:23,1 0 0 0 0 0 0 0 0 0
401,Video Title 401,literature,52000,,2018-11-29 11:56:56,0 0 0 0 0 1 0 0 0 0
402,Video Title 402,literature,55000,,2014-03-06 22:30:34,0 0 0 0 0 1 0 0 0 0
403,Video Title 403,literature,39000,,2016-03-21 19:50:40,0 0 0 0 0 1 0 0 0 0
404,Video Title 404,literature,52000,,2016-06-09 01:31:56,0 0 0 0 0 1 0 0 0 0
405,Video Title 405,literature,51000,,2019-10-26 16:16:09,0 0 0 0 0 1 0 0 0 0
406,Video Title 406,literature,45000,,2019-07-16 04:13:51,0 0 0 0 0 1 0 0 0 0
407,Video Title 407,literature,41000,,2018-04-05 02:08:02,0 0 0 0 0 1 0 0 0 0
408,Video Title 408,literature,53000,,2019-07-04 22:01:48,0 0 0 0 0 1 0 0 0 0
409,Video Title 409,literature,41000,,2021-01-11 10:05:34,0 0 0 0 0 1 0 0 0 0
410,Video Title 410,literature,38000,,2017-01-26 04:10:26,0 0 0 0 0 1 0 0 0 0
411,Video Title 411,literature,37000,,2015-03-19 09:27:19,0 0 0 0 0 1 0 0 0 0
412,Video Title 412,literature,36000,,2017-02-27 17:59:59,0 0 0 0 0 1 0 0 0 0
413,Video Title 413,literature,53000,,2019-05-12 21:41:00,0 0 0 0 0 1 0 0 0 0
414,Video Title 414,literature,54000,,2020-11-26 02:19:38,0 0 0 0 0 1 0 0 0 0
415,Video Title 415,literature,36000,,2016-03-02 19:17:40,0 0 0 0 0 1 0 0 0 0
416,Video Title 416,literature,45000,,2016-10-08 05:22:02,0 0 0 0 0 1 0 0 0 0
417,Video Title 417,literature,48000,,2023-10-07 14:46:30,0 0 0 0 0 1 0 0 0 0
418,Video Title 418,literature,46000,,2019-12-21 06:52:07,0 0 0 0 0 1 0 0 0 0
419,Video Title 419,literature,33000,,2022-04-30 02:14:40,0 0 0 0 0 1 0 0 0 0
420,Video Title 420,literature,39000,,2016-04-12 07:31:30,0 0 0 0 0 1 0 0 0 0
421,Video Title 421,literature,35000,,2017-01-10 06:38:26,0 0 0 0 0 1 0 0 0 0
422,Video Title 422,literature,52000,,2019-05-06 14:14:01,0 0 0 0 0 1 0 0 0 0
423,Video Title 423,literature,38000,,2014-06-18 03:10:31,0 0 0 0 0 1 0 0 0 0
424,Video Title 424,literature,31000,,2019-07-15 18:14:43,0 0 0 0 0 1 0 0 0 0
425,Video Title 425,literature,52000,,2023-06-10 22:15:00,0 0 0 0 0 1 0 0 0 0
426,Video Title 426,literature,50000,,2022-09-07 21:12:03,0 0 0 0 0 1 0 0 0 0
427,Video Title 427,literature,45000,,2015-01-12 10:40:40,0 0 0 0 0 1 0 0 0 0
428,Video Title 428,literature,30000,,2019-09-29 08:01:32,0 0 0 0 0 1 0 0 0 0
429,Video Title 429,literature,45000,,2018-10-16 07:21:52,0 0 0 0 0 1 0 0 0 0
430,Video Title 430,literature,40000,,2015-11-06 22:15:27,0 0 0 0 0 1 0 0 0 0
431,Video Title 431,literature,31000,,2016-07-12 13:06:25,0 0 0 0 0 1 0 0 0 0
432,Video Title 432,literature,57000,,2018-10-12 17:04:36,0 0 0 0 0 1 0 0 0 0
433,Video Title 433,literature,56000,,2014-08-29 12:05:05,0 0 0 0 0 1 0 0 0 0
434,Video Title 434,literature,45000,,2014-09-30 09:35:53,0 0 0 0 0 1 0 0 0 0
435,Video Title 435,literature,50000,,2020-11-12 13:06:33,0 0 0 0 0 1 0 0 0 0
436,Video Title 436,literature,34000,,2015-07-01 13:42:30,0 0 0 0 0 1 0 0 0 0
437,Video Title 437,literature,48000,,2023-06-29 07:24:22,0 0 0 0 0 1 0 0 0 0
438,Video Title 438,literature,32000,,2023-12-09 19:13:39,0 0 0 0 0 1 0 0 0 0
439,Video Title 439,literature,33000,,2019-08-01 23:11:52,0 0 0 0 0 1 0 0 0 0
440,Video Title 440,literature,43000,,2020-01-25 01:25:34,0 0 0 0 0 1 0 0 0 0
441,Video Title 441,literature,55000,,2020-03-09 05:26:51,0 0 0 0 0 1 0 0 0 0
442,Video Title 442,literature,54000,,2019-03-25 09:21:14,0 0 0 0 0 1 0 0 0 0
443,Video Title 443,literature,44000,,2023-02-01 00:59:00,0 0 0 0 0 1 0 0 0 0
444,Video Title 444,literature,39000,,2022-08-08 14:35:59,0 0 0 0 0 1 0 0 0 0
445,Video Title 445,literature,43000,,2017-01-21 15:18:33,0 0 0 0 0 1 0 0 0 0
446,Video Title 446,literature,49000,,2014-08-10 20:10:28,0 0 0 0 0 1 0 0 0 0
447,Video Title 447,literature,60000,,2021-05-27 07:49:23,0 0 0 0 0 1 0 0 0 0
448,Video Title 448,literature,60000,,2021-08-17 23:46:13,0 0 0 0 0 1 0 0 0 0
449,Video Title 449,literature,50000,,2016-02-12 05:48:25,0 0 0 0 0 1 0 0 0 0
450,Video Title 450,literature,51000,,2014-10-26 08:01:19,0 0 0 0 0 1 0 0 0 0
451,Video Title 451,literature,37000,,2015-09-29 10:04:00,0 0 0 0 0 1 0 0 0 0
452,Video Title 452,literature,32000,,2015-07-28 08:15:25,0 0 0 0 0 1 0 0 0 0
453,Video Title 453,literature,43000,,2018-07-05 08:07:28,0 0 0 0 0 1 0 0 0 0
454,Video Title 454,literature,49000,,2018-09-14 04:19:59,0 0 0 0 0 1 0 0 0 0
455,Video Title 455,literature,31000,,2016-04-26 21:19:05,0 0 0 0 0 1 0 0 0 0
456,Video Title 456,literature,52000,,2016-10-30 22:07:46,0 0 0 0 0 1 0 0 0 0
457,Video Title 457,literature,57000,,2018-07-18 05:08:39,0 0 0 0 0 1 0 0 0 0
458,Video Title 458,literature,51000,,2016-05-03 23:55:31,0 0 0 0 0 1 0 0 0 0
459,Video Title 459,literature,38000,,2021-11-17 13:44:06,0 0 0 0 0 1 0 0 0 0
460,Video Title 460,literature,50000,,2019-11-25 17:34:04,0 0 0 0 0 1 0 0 0 0
461,Video Title 461,literature,55000,,2023-05-03 21:21:25,0 0 0 0 0 1 0 0 0 0
462,Video Title 462,literature,43000,,2015-02-25 22:24:14,0 0 0 0 0 1 0 0 0 0
463,Video Title 463,literature,37000,,2020-06-23 20:48:06,0 0 0 0 0 1 0 0 0 0
464,Video Title 464,literature,59000,,2016-08-29 13:24:16,0 0 0 0 0 1 0 0 0 0
465,Video Title 465,literature,34000,,2014-09-20 15:30:06,0 0 0 0 0 1 0 0 0 0
466,Video Title 466,literature,35000,,2021-12-05 02:15:44,0 0 0 0 0 1 0 0 0 0
467,Video Title 467,literature,49000,,2021-06-28 16:41:47,0 0 0 0 0 1 0 0 0 0
468,Video Title 468,literature,48000,,2023-03-19 08:27:55,0 0 0 0 0 1 0 0 0 0
469,Video Title 469,literature,44000,,2015-04-01 21:22:49,0 0 0 0 0 1 0 0 0 0
470,Video Title 470,literature,52000,,2017-01-16 22:23:17,0 0 0 0 0 1 0 0 0 0
471,Video Title 471,literature,42000,,2023-06-05 18:26:19,0 0 0 0 0 1 0 0 0 0
472,Video Title 472,literature,46000,,2019-05-27 22:23:05,0 0 0 0 0 1 0 0 0 0
473,Video Title 473,literature,44000,,2014-10-23 14:42:22,0 0 0 0 0 1 0 0 0 0
474,Video Title 474,literature,31000,,2022-11-23 09:26:42,0 0 0 0 0 1 0 0 0 0
475,Video Title 475,literature,53000,,2017-03-24 11:22:14,0 0 0 0 0 1 0 0 0 0
476,Video Title 476,literature,38000,,2014-04-07 09:45:52,0 0 0 0 0 1 0 0 0 0
477,Video Title 477,literature,37000,,2023-08-14 23:24:45,0 0 0 0 0 1 0 0 0 0
478,Video Title 478,literature,56000,,2022-08-09 21:16:41,0 0 0 0 0 1 0 0 0 0
479,Video Title 479,literature,48000,,2023-07-05 08:52:40,0 0 0 0 0 1 0 0 0 0
480,Video Title 480,literature,54000,,2020-09-21 19:52:00,0 0 0 0 0 1 0 0 0 0
481,Video Title 481,literature,38000,,2019-10-07 07:14:09,0 0 0 0 0 1 0 0 0 0
482,Video Title 482,literature,54000,,2021-07-25 09:08:58,0 0 0 0 0 1 0 0 0 0
483,Video Title 483,literature,45000,,2019-03-12 05:13:56,0 0 0 0 0 1 0 0 0 0
484,Video Title 484,literature,44000,,2023-02-28 15:58:34,0 0 0 0 0 1 0 0 0 0
485,Video Title 485,literature,35000,,2023-12-20 20:25:24,0 0 0 0 0 1 0 0 0 0
486,Video Title 486,literature,43000,,2020-05-07 23:08:29,0 0 0 0 0 1 0 0 0 0
487,Video Title 487,literature,45000,,2023-09-10 01:14:19,0 0 0 0 0 1 0 0 0 0
488,Video Title 488,literature,45000,,2017-06-26 01:23:18,0 0 0 0 0 1 0 0 0 0
489,Video Title 489,literature,40000,,2017-03-19 20:42:11,0 0 0 0 0 1 0 0 0 0
490,Video Title 490,literature,33000,,2022-07-30 17:25:08,0 0 0 0 0 1 0 0 0 0
491,Video Title 491,literature,40000,,2018-02-13 12:06:35,0 0 0 0 0 1 0 0 0 0
492,Video Title 492,literature,45000,,2016-11-19 23:52:43,0 0 0 0 0 1 0 0 0 0
493,Video Title 493,literature,60000,,2018-01-03 15:37:03,0 0 0 0 0 1 0 0 0 0
494,Video Title 494,literature,54000,,2019-07-03 20:27:46,0 0 0 0 0 1 0 0 0 0
495,Video Title 495,literature,44000,,2014-11-20 10:02:16,0 0 0 0 0 1 0 0 0 0
496,Video Title 496,literature,38000,,2017-03-27 22:47:01,0 0 0 0 0 1 0 0 0 0
497,Video Title 497,literature,54000,,2018-01-17 05:44:05,0 0 0 0 0 1 0 0 0 0
498,Video Title 498,literature,46000,,2022-04-01 23:37:22,0 0 0 0 0 1 0 0 0 0
499,Video Title 499,literature,30000,,2020-07-30 11:02:59,0 0 0 0 0 1 0 0 0 0
500,Video Title 500,literature,47000,,2018-08-16 05:07:40,0 0 0 0 0 1 0 0 0 0
501,Video Title 501,music,31000,,2015-11-18 16:13:50,0 0 0 0 0 0 0 1 0 0
502,Video Title 502,music,41000,,2020-03-24 14:43:38,0 0 0 0 0 0 0 1 0 0
503,Video Title 503,music,45000,,2020-04-03 17:48:20,0 0 0 0 0 0 0 1 0 0
504,Video Title 504,music,54000,,2014-07-10 09:11:29,0 0 0 0 0 0 0 1 0 0
505,Video Title 505,music,38000,,2019-06-30 15:38:25,0 0 0 0 0 0 0 1 0 0
506,Video Title 506,music,59000,,2016-11-19 07:21:11,0 0 0 0 0 0 0 1 0 0
507,Video Title 507,music,58000,,2020-12-25 14:42:09,0 0 0 0 0 0 0 1 0 0
508,Video Title 508,music,33000,,2014-04-18 08:57:47,0 0 0 0 0 0 0 1 0 0
509,Video Title 509,music,50000,,2020-02-03 09:09:28,0 0 0 0 0 0 0 1 0 0
510,Video Title 510,music,37000,,2021-02-05 16:58:31,0 0 0 0 0 0 0 1 0 0
511,Video Title 511,music,39000,,2019-07-06 13:29:49,0 0 0 0 0 0 0 1 0 0
512,Video Title 512,music,47000,,2018-01-31 03:59:03,0 0 0 0 0 0 0 1 0 0
513,Video Title 513,music,37000,,2023-12-03 17:43:31,0 0 0 0 0 0 0 1 0 0
514,Video Title 514,music,59000,,2015-02-21 03:11:38,0 0 0 0 0 0 0 1 0 0
515,Video Title 515,music,60000,,2015-03-07 18:02:04,0 0 0 0 0 0 0 1 0 0
516,Video Title 516,music,56000,,2015-07-18 23:52:13,0 0 0 0 0 0 0 1 0 0
517,Video Title 517,music,59000,,2021-03-02 14:27:04,0 0 0 0 0 0 0 1 0 0
518,Video Title 518,music,46000,,2021-01-20 18:03:31,0 0 0 0 0 0 0 1 0 0
519,Video Title 519,music,43000,,2022-05-07 17:49:03,0 0 0 0 0 0 0 1 0 0
520,Video Title 520,music,45000,,2016-06-10 14:49:38,0 0 0 0 0 0 0 1 0 0
521,Video Title 521,music,47000,,2015-06-14 22:38:11,0 0 0 0 0 0 0 1 0 0
522,Video Title 522,music,36000,,2023-03-21 19:38:59,0 0 0 0 0 0 0 1 0 0
523,Video Title 523,music,46000,,2021-06-18 23:13:37,0 0 0 0 0 0 0 1 0 0
524,Video Title 524,music,34000,,2022-08-22 16:45:34,0 0 0 0 0 0 0 1 0 0
525,Video Title 525,music,38000,,2021-09-23 06:20:29,0 0 0 0 0 0 0 1 0 0
526,Video Title 526,music,57000,,2018-02-25 12:57:22,0 0 0 0 0 0 0 1 0 0
527,Video Title 527,music,59000,,2021-11-17 04:02:41,0 0 0 0 0 0 0 1 0 0
528,Video Title 528,music,38000,,2022-03-17 00:08:01,0 0 0 0 0 0 0 1 0 0
529,Video Title 529,music,39000,,2021-04-06 02:03:57,0 0 0 0 0 0 0 1 0 0
530,Video Title 530,music,56000,,2019-11-15 07:44:40,0 0 0 0 0 0 0 1 0 0
531,Video Title 531,music,51000,,2018-11-25 04:29:39,0 0 0 0 0 0 0 1 0 0
532,Video Title 532,music,34000,,2018-06-20 21:33:05,0 0 0 0 0 0 0 1 0 0
533,Video Title 533,music,45000,,2017-06-15 16:51:26,0 0 0 0 0 0 0 1 0 0
534,Video Title 534,music,47000,,2021-08-18 11:38:47,0 0 0 0 0 0 0 1 0 0
535,Video Title 535,music,42000,,2018-07-23 00:11:18,0 0 0 0 0 0 0 1 0 0
536,Video Title 536,music,40000,,2022-09-12 01:06:26,0 0 0 0 0 0 0 1 0 0
537,Video Title 537,music,52000,,2016-05-23 15:21:56,0 0 0 0 0 0 0 1 0 0
538,Video Title 538,music,42000,,2016-05-04 12:04:12,0 0 0 0 0 0 0 1 0 0
539,Video Title 539,music,54000,,2018-02-10 07:53:54,0 0 0 0 0 0 0 1 0 0
540,Video Title 540,music,40000,,2021-06-13 04:10:16,0 0 0 0 0 0 0 1 0 0
541,Video Title 541,music,52000,,2023-02-19 00:28:57,0 0 0 0 0 0 0 1 0 0
542,Video Title 542,music,42000,,2017-11-12 04:29:55,0 0 0 0 0 0 0 1 0 0
543,Video Title 543,music,51000,,2021-12-04 05:41:04,0 0 0 0 0 0 0 1 0 0
544,Video Title 544,music,50000,,2023-10-22 23:40:08,0 0 0 0 0 0 0 1 0 0
545,Video Title 545,music,45000,,2023-08-25 14:37:14,0 0 0 0 0 0 0 1 0 0
546,Video Title 546,music,34000,,2019-01-10 08:42:17,0 0 0 0 0 0 0 1 0 0
547,Video Title 547,music,48000,,2017-04-28 18:44:09,0 0 0 0 0 0 0 1 0 0
548,Video Title 548,music,33000,,2022-09-28 19:04:36,0 0 0 0 0 0 0 1 0 0
549,Video Title 549,music,44000,,2015-01-01 22:44:40,0 0 0 0 0 0 0 1 0 0
550,Video Title 550,music,59000,,2018-07-28 18:53:57,0 0 0 0 0 0 0 1 0 0
551,Video Title 551,music,53000,,2015-06-13 04:00:51,0 0 0 0 0 0 0 1 0 0
552,Video Title 552,music,57000,,2020-07-19 22:50:39,0 0 0 0 0 0 0 1 0 0
553,Video Title 553,music,34000,,2014-10-03 02:57:16,0 0 0 0 0 0 0 1 0 0
554,Video Title 554,music,55000,,2023-09-10 14:14:16,0 0 0 0 0 0 0 1 0 0
555,Video Title 555,music,40000,,2020-03-26 21:31:24,0 0 0 0 0 0 0 1 0 0
556,Video Title 556,music,42000,,2020-07-01 21:41:26,0 0 0 0 0 0 0 1 0 0
557,Video Title 557,music,57000,,2017-04-16 06:20:44,0 0 0 0 0 0 0 1 0 0
558,Video Title 558,music,51000,,2022-08-05 14:22:31,0 0 0 0 0 0 0 1 0 0
559,Video Title 559,music,42000,,2023-07-17 14:37:41,0 0 0 0 0 0 0 1 0 0
560,Video Title 560,music,50000,,2021-03-10 07:38:47,0 0 0 0 0 0 0 1 0 0
561,Video Title 561,music,54000,,2018-11-19 00:11:58,0 0 0 0 0 0 0 1 0 0
562,Video Title 562,music,47000,,2014-05-14 00:45:40,0 0 0 0 0 0 0 1 0 0
563,Video Title 563,music,32000,,2016-05-08 21:52:23,0 0 0 0 0 0 0 1 0 0
564,Video Title 564,music,51000,,2023-03-18 09:23:20,0 0 0 0 0 0 0 1 0 0
565,Video Title 565,music,37000,,2021-06-20 16:44:01,0 0 0 0 0 0 0 1 0 0
566,Video Title 566,music,43000,,2023-10-13 22:23:05,0 0 0 0 0 0 0 1 0 0
567,Video Title 567,music,54000,,2020-05-04 04:18:35,0 0 0 0 0 0 0 1 0 0
568,Video Title 568,music,57000,,2015-01-04 20:26:03,0 0 0 0 0 0 0 1 0 0
569,Video Title 569,music,35000,,2020-12-10 02:30:06,0 0 0 0 0 0 0 1 0 0
570,Video Title 570,music,58000,,2014-04-18 15:46:44,0 0 0 0 0 0 0 1 0 0
571,Video Title 571,music,40000,,2021-12-17 22:10:03,0 0 0 0 0 0 0 1 0 0
572,Video Title 572,music,39000,,2017-08-03 09:23:19,0 0 0 0 0 0 0 1 0 0
573,Video Title 573,music,43000,,2015-06-18 07:54:50,0 0 0 0 0 0 0 1 0 0
574,Video Title 574,music,46000,,2018-02-14 23:43:59,0 0 0 0 0 0 0 1 0 0
575,Video Title 575,music,51000,,2021-12-04 16:42:21,0 0 0 0 0 0 0 1 0 0
576,Video Title 576,music,35000,,2015-10-04 00:04:31,0 0 0 0 0 0 0 1 0 0
577,Video Title 577,music,49000,,2022-09-16 13:32:55,0 0 0 0 0 0 0 1 0 0
578,Video Title 578,music,49000,,2020-10-31 10:35:21,0 0 0 0 0 0 0 1 0 0
579,Video Title 579,music,45000,,2023-02-16 19:49:18,0 0 0 0 0 0 0 1 0 0
580,Video Title 580,music,34000,,2016-04-29 11:42:27,0 0 0 0 0 0 0 1 0 0
581,Video Title 581,music,50000,,2016-07-18 00:24:53,0 0 0 0 0 0 0 1 0 0
582,Video Title 582,music,38000,,2020-09-01 23:14:48,0 0 0 0 0 0 0 1 0 0
583,Video Title 583,music,58000,,2022-01-17 21:51:27,0 0 0 0 0 0 0 1 0 0
584,Video Title 584,music,58000,,2016-11-17 20:32:02,0 0 0 0 0 0 0 1 0 0
585,Video Title 585,music,47000,,2015-08-02 14:39:52,0 0 0 0 0 0 0 1 0 0
586,Video Title 586,music,44000,,2023-06-15 02:38:29,0 0 0 0 0 0 0 1 0 0
587,Video Title 587,music,48000,,2016-12-29 21:54:44,0 0 0 0 0 0 0 1 0 0
588,Video Title 588,music,60000,,2018-03-31 17:27:46,0 0 0 0 0 0 0 1 0 0
589,Video Title 589,music,38000,,2018-07-28 10:49:01,0 0 0 0 0 0 0 1 0 0
590,Video Title 590,music,39000,,2015-12-31 03:24:32,0 0 0 0 0 0 0 1 0 0
591,Video Title 591,music,42000,,2022-07-14 16:11:10,0 0 0 0 0 0 0 1 0 0
592,Video Title 592,music,33000,,2016-05-17 19:13:10,0 0 0 0 0 0 0 1 0 0
593,Video Title 593,music,48000,,2017-08-05 04:49:19,0 0 0 0 0 0 0 1 0 0
594,Video Title 594,music,39000,,2023-12-05 07:49:22,0 0 0 0 0 0 0 1 0 0
595,Video Title 595,music,39000,,2014-03-24 01:54:31,0 0 0 0 0 0 0 1 0 0
596,Video Title 596,music,56000,,2020-08-01 12:55:54,0 0 0 0 0 0 0 1 0 0
597,Video Title 597,music,38000,,2014-02-01 13:22:54,0 0 0 0 0 0 0 1 0 0
598,Video Title 598,music,57000,,2020-11-10 04:02:08,0 0 0 0 0 0 0 1 0 0
599,Video Title 599,music,53000,,2023-09-26 15:36:24,0 0 0 0 0 0 0 1 0 0
600,Video Title 600,music,59000,,2020-01-25 09:12:31,0 0 0 0 0 0 0 1 0 0
601,Video Title 601,psychology,45000,,2022-04-30 20:41:15,0 0 0 0 0 0 0 0 0 1
602,Video Title 602,psychology,58000,,2016-11-12 14:36:27,0 0 0 0 0 0 0 0 0 1
603,Video Title 603,psychology,55000,,2016-04-21 22:22:15,0 0 0 0 0 0 0 0 0 1
604,Video Title 604,psychology,55000,,2017-07-11 23:18:56,0 0 0 0 0 0 0 0 0 1
605,Video Title 605,psychology,50000,,2015-11-27 23:33:44,0 0 0 0 0 0 0 0 0 1
606,Video Title 606,psychology,38000,,2020-10-11 20:09:59,0 0 0 0 0 0 0 0 0 1
607,Video Title 607,psychology,53000,,2021-09-04 06:26:23,0 0 0 0 0 0 0 0 0 1
608,Video Title 608,psychology,51000,,2022-05-20 22:19:53,0 0 0 0 0 0 0 0 0 1
609,Video Title 609,psychology,50000,,2014-12-23 15:33:36,0 0 0 0 0 0 0 0 0 1
610,Video Title 610,psychology,50000,,2020-06-19 03:26:14,0 0 0 0 0 0 0 0 0 1
611,Video Title 611,psychology,39000,,2021-11-20 10:16:42,0 0 0 0 0 0 0 0 0 1
612,Video Title 612,psychology,31000,,2019-10-19 10:39:55,0 0 0 0 0 0 0 0 0 1
613,Video Title 613,psychology,53000,,2015-04-27 15:40:27,0 0 0 0 0 0 0 0 0 1
614,Video Title 614,psychology,59000,,2016-12-15 03:40:32,0 0 0 0 0 0 0 0 0 1
615,Video Title 615,psychology,53000,,2018-02-27 14:04:15,0 0 0 0 0 0 0 0 0 1
616,Video Title 616,psychology,36000,,2015-04-30 09:11:53,0 0 0 0 0 0 0 0 0 1
617,Video Title 617,psychology,47000,,2022-10-07 01:56:53,0 0 0 0 0 0 0 0 0 1
618,Video Title 618,psychology,41000,,2019-04-24 14:40:04,0 0 0 0 0 0 0 0 0 1
619,Video Title 619,psychology,59000,,2016-09-23 17:23:45,0 0 0 0 0 0 0 0 0 1
620,Video Title 620,psychology,35000,,2016-07-28 22:34:45,0 0 0 0 0 0 0 0 0 1
621,Video Title 621,psychology,56000,,2023-06-11 06:51:09,0 0 0 0 0 0 0 0 0 1
622,Video Title 622,psychology,60000,,2022-01-24 16:23:31,0 0 0 0 0 0 0 0 0 1
623,Video Title 623,psychology,53000,,2022-09-14 22:46:25,0 0 0 0 0 0 0 0 0 1
624,Video Title 624,psychology,55000,,2015-02-27 08:51:58,0 0 0 0 0 0 0 0 0 1
625,Video Title 625,psychology,60000,,2014-10-04 20:13:26,0 0 0 0 0 0 0 0 0 1
626,Video Title 626,psychology,54000,,2023-08-31 17:25:06,0 0 0 0 0 0 0 0 0 1
627,Video Title 627,psychology,57000,,2020-10-06 13:57:29,0 0 0 0 0 0 0 0 0 1
628,Video Title 628,psychology,51000,,2023-10-19 18:56:25,0 0 0 0 0 0 0 0 0 1
629,Video Title 629,psychology,60000,,2022-06-16 23:12:59,0 0 0 0 0 0 0 0 0 1
630,Video Title 630,psychology,47000,,2017-08-30 01:53:39,0 0 0 0 0 0 0 0 0 1
631,Video Title 631,psychology,55000,,2017-12-13 04:43:53,0 0 0 0 0 0 0 0 0 1
632,Video Title 632,psychology,38000,,2019-05-15 11:44:03,0 0 0 0 0 0 0 0 0 1
633,Video Title 633,psychology,44000,,2017-09-09 08:06:13,0 0 0 0 0 0 0 0 0 1
634,Video Title 634,psychology,53000,,2020-09-22 01:03:13,0 0 0 0 0 0 0 0 0 1
635,Video Title 635,psychology,48000,,2017-10-24 17:50:01,0 0 0 0 0 0 0 0 0 1
636,Video Title 636,psychology,50000,,2023-05-28 01:34:10,0 0 0 0 0 0 0 0 0 1
637,Video Title 637,psychology,33000,,2020-10-01 03:40:56,0 0 0 0 0 0 0 0 0 1
638,Video Title 638,psychology,45000,,2014-04-04 08:09:33,0 0 0 0 0 0 0 0 0 1
639,Video Title 639,psychology,58000,,2023-06-07 13:36:58,0 0 0 0 0 0 0 0 0 1
640,Video Title 640,psychology,40000,,2023-02-25 16:25:03,0 0 0 0 0 0 0 0 0 1
641,Video Title 641,psychology,37000,,2020-06-23 22:20:54,0 0 0 0 0 0 0 0 0 1
642,Video Title 642,psychology,50000,,2022-03-29 01:43:43,0 0 0 0 0 0 0 0 0 1
643,Video Title 643,psychology,59000,,2021-01-04 22:21:34,0 0 0 0 0 0 0 0 0 1
644,Video Title 644,psychology,50000,,2018-02-01 06:43:01,0 0 0 0 0 0 0 0 0 1
645,Video Title 645,psychology,34000,,2014-06-17 12:22:50,0 0 0 0 0 0 0 0 0 1
646,Video Title 646,psychology,31000,,2017-01-17 22:20:15,0 0 0 0 0 0 0 0 0 1
647,Video Title 647,psychology,45000,,2015-03-02 20:09:14,0 0 0 0 0 0 0 0 0 1
648,Video Title 648,psychology,37000,,2022-11-15 11:54:55,0 0 0 0 0 0 0 0 0 1
649,Video Title 649,psychology,34000,,2017-11-21 13:22:29,0 0 0 0 0 0 0 0 0 1
650,Video Title 650,psychology,41000,,2020-09-15 06:35:33,0 0 0 0 0 0 0 0 0 1
651,Video Title 651,psychology,53000,,2020-12-19 03:59:51,0 0 0 0 0 0 0 0 0 1
652,Video Title 652,psychology,47000,,2018-03-12 19:30:12,0 0 0 0 0 0 0 0 0 1
653,Video Title 653,psychology,53000,,2021-04-08 02:05:08,0 0 0 0 0 0 0 0 0 1
654,Video Title 654,psychology,58000,,2018-02-25 07:53:04,0 0 0 0 0 0 0 0 0 1
655,Video Title 655,psychology,33000,,2022-05-03 23:30:50,0 0 0 0 0 0 0 0 0 1
656,Video Title 656,psychology,49000,,2018-01-31 14:57:05,0 0 0 0 0 0 0 0 0 1
657,Video Title 657,psychology,60000,,2016-10-20 01:14:10,0 0 0 0 0 0 0 0 0 1
658,Video Title 658,psychology,52000,,2017-09-16 10:25:27,0 0 0 0 0 0 0 0 0 1
659,Video Title 659,psychology,44000,,2018-06-14 03:21:26,0 0 0 0 0 0 0 0 0 1
660,Video Title 660,psychology,37000,,2022-07-22 09:26:12,0 0 0 0 0 0 0 0 0 1
661,Video Title 661,psychology,33000,,2023-10-23 09:16:05,0 0 0 0 0 0 0 0 0 1
662,Video Title 662,psychology,41000,,2019-06-13 07:12:34,0 0 0 0 0 0 0 0 0 1
663,Video Title 663,psychology,50000,,2017-08-04 03:49:42,0 0 0 0 0 0 0 0 0 1
664,Video Title 664,psychology,42000,,2016-10-05 23:12:51,0 0 0 0 0 0 0 0 0 1
665,Video Title 665,psychology,60000,,2015-03-24 21:11:29,0 0 0 0 0 0 0 0 0 1
666,Video Title 666,psychology,57000,,2022-03-30 07:08:19,0 0 0 0 0 0 0 0 0 1
667,Video Title 667,psychology,32000,,2020-08-18 02:32:29,0 0 0 0 0 0 0 0 0 1
668,Video Title 668,psychology,50000,,2020-05-25 03:34:46,0 0 0 0 0 0 0 0 0 1
669,Video Title 669,psychology,30000,,2014-07-06 14:40:39,0 0 0 0 0 0 0 0 0 1
670,Video Title 670,psychology,40000,,2016-06-10 00:38:07,0 0 0 0 0 0 0 0 0 1
671,Video Title 671,psychology,34000,,2021-11-14 11:16:53,0 0 0 0 0 0 0 0 0 1
672,Video Title 672,psychology,36000,,2014-09-10 10:14:57,0 0 0 0 0 0 0 0 0 1
673,Video Title 673,psychology,54000,,2019-07-18 20:36:08,0 0 0 0 0 0 0 0 0 1
674,Video Title 674,psychology,48000,,2016-03-01 05:20:18,0 0 0 0 0 0 0 0 0 1
675,Video Title 675,psychology,57000,,2016-05-02 10:41:03,0 0 0 0 0 0 0 0 0 1
676,Video Title 676,psychology,54000,,2015-06-25 13:44:46,0 0 0 0 0 0 0 0 0 1
677,Video Title 677,psychology,58000,,2019-12-18 07:59:28,0 0 0 0 0 0 0 0 0 1
678,Video Title 678,psychology,38000,,2022-08-02 04:22:36,0 0 0 0 0 0 0 0 0 1
679,Video Title 679,psychology,34000,,2023-11-16 11:23:30,0 0 0 0 0 0 0 0 0 1
680,Video Title 680,psychology,47000,,2016-07-05 21:18:27,0 0 0 0 0 0 0 0 0 1
681,Video Title 681,psychology,35000,,2015-02-08 05:32:53,0 0 0 0 0 0 0 0 0 1
682,Video Title 682,psychology,57000,,2014-04-07 02:20:28,0 0 0 0 0 0 0 0 0 1
683,Video Title 683,psychology,30000,,2017-08-02 14:01:25,0 0 0 0 0 0 0 0 0 1
684,Video Title 684,psychology,55000,,2016-05-20 10:48:31,0 0 0 0 0 0 0 0 0 1
685,Video Title 685,psychology,40000,,2014-03-01 14:25:22,0 0 0 0 0 0 0 0 0 1
686,Video Title 686,psychology,38000,,2014-07-13 06:09:14,0 0 0 0 0 0 0 0 0 1
687,Video Title 687,psychology,53000,,2018-03-19 12:08:41,0 0 0 0 0 0 0 0 0 1
688,Video Title 688,psychology,33000,,2021-06-16 16:16:41,0 0 0 0 0 0 0 0 0 1
689,Video Title 689,psychology,45000,,2018-06-27 04:54:31,0 0 0 0 0 0 0 0 0 1
690,Video Title 690,psychology,41000,,2019-02-19 07:38:42,0 0 0 0 0 0 0 0 0 1
691,Video Title 691,psychology,33000,,2018-07-10 19:40:29,0 0 0 0 0 0 0 0 0 1
692,Video Title 692,psychology,37000,,2023-06-15 18:24:37,0 0 0 0 0 0 0 0 0 1
693,Video Title 693,psychology,31000,,2021-04-10 10:29:11,0 0 0 0 0 0 0 0 0 1
694,Video Title 694,psychology,59000,,2022-09-02 11:31:39,0 0 0 0 0 0 0 0 0 1
695,Video Title 695,psychology,46000,,2017-01-07 22:49:00,0 0 0 0 0 0 0 0 0 1
696,Video Title 696,psychology,50000,,2023-08-22 16:41:37,0 0 0 0 0 0 0 0 0 1
697,Video Title 697,psychology,31000,,2023-12-26 20:11:59,0 0 0 0 0 0 0 0 0 1
698,Video Title 698,psychology,57000,,2018-01-07 21:40:17,0 0 0 0 0 0 0 0 0 1
699,Video Title 699,psychology,51000,,2015-02-01 01:27:22,0 0 0 0 0 0 0 0 0 1
700,Video Title 700,psychology,52000,,2023-02-05 09:47:33,0 0 0 0 0 0 0 0 0 1
701,Video Title 701,arts literature,32000,,2022-12-29 07:46:07,1 0 0 0 0 1 0 0 0 0
702,Video Title 702,arts literature,40000,,2020-02-01 06:51:15,1 0 0 0 0 1 0 0 0 0
703,Video Title 703,arts literature,32000,,2015-04-08 14:22:59,1 0 0 0 0 1 0 0 0 0
704,Video Title 704,arts literature,49000,,2020-05-01 17:31:15,1 0 0 0 0 1 0 0 0 0
705,Video Title 705,arts literature,47000,,2021-02-14 08:35:05,1 0 0 0 0 1 0 0 0 0
706,Video Title 706,arts literature,42000,,2023-12-12 09:23:29,1 0 0 0 0 1 0 0 0 0
707,Video Title 707,arts literature,46000,,2016-12-14 09:02:33,1 0 0 0 0 1 0 0 0 0
708,Video Title 708,arts literature,46000,,2020-01-21 19:23:12,1 0 0 0 0 1 0 0 0 0
709,Video Title 709,arts literature,33000,,2021-12-06 19:13:03,1 0 0 0 0 1 0 0 0 0
710,Video Title 710,arts literature,33000,,2022-07-12 16:38:37,1 0 0 0 0 1 0 0 0 0
711,Video Title 711,arts literature,50000,,2022-10-11 15:03:51,1 0 0 0 0 1 0 0 0 0
712,Video Title 712,arts literature,47000,,2021-03-18 01:34:36,1 0 0 0 0 1 0 0 0 0
713,Video Title 713,arts literature,36000,,2018-04-21 18:07:36,1 0 0 0 0 1 0 0 0 0
714,Video Title 714,arts literature,58000,,2016-04-16 00:02:13,1 0 0 0 0 1 0 0 0 0
715,Video Title 715,arts literature,40000,,2022-04-11 01:55:26,1 0 0 0 0 1 0 0 0 0
716,Video Title 716,arts literature,42000,,2018-03-01 08:41:36,1 0 0 0 0 1 0 0 0 0
717,Video Title 717,arts literature,33000,,2017-02-16 19:14:07,1 0 0 0 0 1 0 0 0 0
718,Video Title 718,arts literature,40000,,2020-08-26 15:26:55,1 0 0 0 0 1 0 0 0 0
719,Video Title 719,arts literature,41000,,2023-07-15 14:42:16,1 0 0 0 0 1 0 0 0 0
720,Video Title 720,arts literature,51000,,2023-03-25 21:29:20,1 0 0 0 0 1 0 0 0 0
721,Video Title 721,arts literature,32000,,2014-12-01 23:17:29,1 0 0 0 0 1 0 0 0 0
722,Video Title 722,arts literature,32000,,2014-12-09 06:57:24,1 0 0 0 0 1 0 0 0 0
723,Video Title 723,arts literature,33000,,2021-06-12 17:59:37,1 0 0 0 0 1 0 0 0 0
724,Video Title 724,arts literature,41000,,2022-02-12 22:59:21,1 0 0 0 0 1 0 0 0 0
725,Video Title 725,arts literature,47000,,2014-08-09 22:20:01,1 0 0 0 0 1 0 0 0 0
726,Video Title 726,arts literature,60000,,2019-08-14 18:58:11,1 0 0 0 0 1 0 0 0 0
727,Video Title 727,arts literature,40000,,2020-09-13 13:09:43,1 0 0 0 0 1 0 0 0 0
728,Video Title 728,arts literature,43000,,2017-07-16 15:11:30,1 0 0 0 0 1 0 0 0 0
729,Video Title 729,arts literature,51000,,2023-05-31 02:58:35,1 0 0 0 0 1 0 0 0 0
730,Video Title 730,arts literature,43000,,2022-09-06 12:52:20,1 0 0 0 0 1 0 0 0 0
731,Video Title 731,arts literature,53000,,2014-07-09 18:40:35,1 0 0 0 0 1 0 0 0 0
732,Video Title 732,arts literature,39000,,2020-01-03 11:55:26,1 0 0 0 0 1 0 0 0 0
733,Video Title 733,arts literature,41000,,2015-01-16 03:24:34,1 0 0 0 0 1 0 0 0 0
734,Video Title 734,arts literature,46000,,2016-02-18 11:55:09,1 0 0 0 0 1 0 0 0 0
735,Video Title 735,arts literature,51000,,2018-10-28 23:47:27,1 0 0 0 0 1 0 0 0 0
736,Video Title 736,arts literature,57000,,2015-02-01 23:55:48,1 0 0 0 0 1 0 0 0 0
737,Video Title 737,arts literature,57000,,2019-07-26 08:51:20,1 0 0 0 0 1 0 0 0 0
738,Video Title 738,arts literature,33000,,2021-08-17 12:15:12,1 0 0 0 0 1 0 0 0 0
739,Video Title 739,arts literature,48000,,2016-04-07 11:32:11,1 0 0 0 0 1 0 0 0 0
740,Video Title 740,arts literature,43000,,2022-06-14 19:35:31,1 0 0 0 0 1 0 0 0 0
741,Video Title 741,arts literature,54000,,2022-03-09 06:11:34,1 0 0 0 0 1 0 0 0 0
742,Video Title 742,arts literature,49000,,2020-10-01 15:57:35,1 0 0 0 0 1 0 0 0 0
743,Video Title 743,arts literature,47000,,2014-04-08 19:50:08,1 0 0 0 0 1 0 0 0 0
744,Video Title 744,arts literature,59000,,2020-07-31 02:00:56,1 0 0 0 0 1 0 0 0 0
745,Video Title 745,arts literature,52000,,2016-09-05 04:25:14,1 0 0 0 0 1 0 0 0 0
746,Video Title 746,arts literature,35000,,2016-09-26 10:29:09,1 0 0 0 0 1 0 0 0 0
747,Video Title 747,arts literature,54000,,2017-02-03 19:03:31,1 0 0 0 0 1 0 0 0 0
748,Video Title 748,arts literature,40000,,2017-07-07 05:39:05,1 0 0 0 0 1 0 0 0 0
749,Video Title 749,arts literature,35000,,2022-09-12 23:58:23,1 0 0 0 0 1 0 0 0 0
750,Video Title 750,arts literature,48000,,2020-07-29 07:23:24,1 0 0 0 0 1 0 0 0 0
751,Video Title 751,arts literature,32000,,2015-06-04 20:13:10,1 0 0 0 0 1 0 0 0 0
752,Video Title 752,arts literature,50000,,2023-09-20 02:35:02,1 0 0 0 0 1 0 0 0 0
753,Video Title 753,arts literature,32000,,2021-06-18 07:23:25,1 0 0 0 0 1 0 0 0 0
754,Video Title 754,arts literature,36000,,2017-10-07 02:37:47,1 0 0 0 0 1 0 0 0 0
755,Video Title 755,arts literature,44000,,2017-05-31 06:29:16,1 0 0 0 0 1 0 0 0 0
756,Video Title 756,arts literature,41000,,2017-02-13 11:26:00,1 0 0 0 0 1 0 0 0 0
757,Video Title 757,arts literature,40000,,2021-10-08 10:48:01,1 0 0 0 0 1 0 0 0 0
758,Video Title 758,arts literature,48000,,2019-12-19 05:12:08,1 0 0 0 0 1 0 0 0 0
759,Video Title 759,arts literature,58000,,2014-07-14 00:31:59,1 0 0 0 0 1 0 0 0 0
760,Video Title 760,arts literature,35000,,2021-07-18 16:34:58,1 0 0 0 0 1 0 0 0 0
761,Video Title 761,arts literature,31000,,2020-09-27 23:39:32,1 0 0 0 0 1 0 0 0 0
762,Video Title 762,arts literature,38000,,2018-06-08 08:41:47,1 0 0 0 0 1 0 0 0 0
763,Video Title 763,arts literature,43000,,2018-11-10 15:57:55,1 0 0 0 0 1 0 0 0 0
764,Video Title 764,arts literature,44000,,2018-02-22 18:29:43,1 0 0 0 0 1 0 0 0 0
765,Video Title 765,arts literature,36000,,2021-07-20 13:01:09,1 0 0 0 0 1 0 0 0 0
766,Video Title 766,arts literature,33000,,2017-06-15 21:08:31,1 0 0 0 0 1 0 0 0 0
767,Video Title 767,arts literature,33000,,2016-11-01 20:23:26,1 0 0 0 0 1 0 0 0 0
768,Video Title 768,arts literature,51000,,2019-12-07 22:33:37,1 0 0 0 0 1 0 0 0 0
769,Video Title 769,arts literature,46000,,2020-09-03 00:48:43,1 0 0 0 0 1 0 0 0 0
770,Video Title 770,arts literature,31000,,2016-03-17 21:24:53,1 0 0 0 0 1 0 0 0 0
771,Video Title 771,arts literature,49000,,2014-07-21 22:53:58,1 0 0 0 0 1 0 0 0 0
772,Video Title 772,arts literature,36000,,2017-01-07 04:20:10,1 0 0 0 0 1 0 0 0 0
773,Video Title 773,arts literature,36000,,2021-09-03 19:49:06,1 0 0 0 0 1 0 0 0 0
774,Video Title 774,arts literature,54000,,2016-07-23 15:30:30,1 0 0 0 0 1 0 0 0 0
775,Video Title 775,arts literature,40000,,2015-03-16 22:37:42,1 0 0 0 0 1 0 0 0 0
776,Video Title 776,arts literature,45000,,2021-06-21 14:26:13,1 0 0 0 0 1 0 0 0 0
777,Video Title 777,arts literature,35000,,2015-04-19 12:40:02,1 0 0 0 0 1 0 0 0 0
778,Video Title 778,arts literature,47000,,2021-01-14 09:36:09,1 0 0 0 0 1 0 0 0 0
779,Video Title 779,arts literature,46000,,2019-08-04 08:11:04,1 0 0 0 0 1 0 0 0 0
780,Video Title 780,arts literature,51000,,2022-01-23 15:08:10,1 0 0 0 0 1 0 0 0 0
781,Video Title 781,arts literature,32000,,2017-12-22 07:26:05,1 0 0 0 0 1 0 0 0 0
782,Video Title 782,arts literature,53000,,2014-06-06 09:40:41,1 0 0 0 0 1 0 0 0 0
783,Video Title 783,arts literature,30000,,2018-08-08 02:28:20,1 0 0 0 0 1 0 0 0 0
784,Video Title 784,arts literature,32000,,2022-08-15 16:50:13,1 0 0 0 0 1 0 0 0 0
785,Video Title 785,arts literature,48000,,2018-04-18 21:18:12,1 0 0 0 0 1 0 0 0 0
786,Video Title 786,arts literature,42000,,2021-02-04 16:06:32,1 0 0 0 0 1 0 0 0 0
787,Video Title 787,arts literature,43000,,2016-11-24 17:31:55,1 0 0 0 0 1 0 0 0 0
788,Video Title 788,arts literature,42000,,2014-03-20 03:02:04,1 0 0 0 0 1 0 0 0 0
789,Video Title 789,arts literature,40000,,2015-09-22 08:05:26,1 0 0 0 0 1 0 0 0 0
790,Video Title 790,arts literature,60000,,2020-03-08 03:46:23,1 0 0 0 0 1 0 0 0 0
791,Video Title 791,arts literature,56000,,2020-11-24 01:50:22,1 0 0 0 0 1 0 0 0 0
792,Video Title 792,arts literature,41000,,2014-11-20 16:10:39,1 0 0 0 0 1 0 0 0 0
793,Video Title 793,arts literature,57000,,2015-01-24 09:36:37,1 0 0 0 0 1 0 0 0 0
794,Video Title 794,arts literature,43000,,2019-11-22 09:07:29,1 0 0 0 0 1 0 0 0 0
795,Video Title 795,arts literature,46000,,2014-10-17 01:29:05,1 0 0 0 0 1 0 0 0 0
796,Video Title 796,arts literature,57000,,2017-02-08 12:03:05,1 0 0 0 0 1 0 0 0 0
797,Video Title 797,arts literature,40000,,2016-03-21 17:42:44,1 0 0 0 0 1 0 0 0 0
798,Video Title 798,arts literature,54000,,2015-09-08 16:25:30,1 0 0 0 0 1 0 0 0 0
799,Video Title 799,arts literature,46000,,2020-05-02 06:28:50,1 0 0 0 0 1 0 0 0 0
800,Video Title 800,arts literature,46000,,2019-02-07 07:48:02,1 0 0 0 0 1 0 0 0 0
801,Video Title 801,arts music,58000,,2021-10-06 05:35:34,1 0 0 0 0 0 0 1 0 0
802,Video Title 802,arts music,41000,,2021-04-10 22:24:34,1 0 0 0 0 0 0 1 0 0
803,Video Title 803,arts music,56000,,2020-06-15 20:48:16,1 0 0 0 0 0 0 1 0 0
804,Video Title 804,arts music,34000,,2016-05-14 09:09:04,1 0 0 0 0 0 0 1 0 0
805,Video Title 805,arts music,34000,,2016-07-25 06:48:58,1 0 0 0 0 0 0 1 0 0
806,Video Title 806,arts music,35000,,2020-01-10 18:09:03,1 0 0 0 0 0 0 1 0 0
807,Video Title 807,arts music,54000,,2021-08-04 21:44:54,1 0 0 0 0 0 0 1 0 0
808,Video Title 808,arts music,32000,,2015-10-11 14:00:03,1 0 0 0 0 0 0 1 0 0
809,Video Title 809,arts music,54000,,2020-04-13 00:18:44,1 0 0 0 0 0 0 1 0 0
810,Video Title 810,arts music,44000,,2021-07-18 17:27:15,1 0 0 0 0 0 0 1 0 0
811,Video Title 811,arts music,54000,,2019-10-19 01:24:16,1 0 0 0 0 0 0 1 0 0
812,Video Title 812,arts music,51000,,2023-03-30 03:54:46,1 0 0 0 0 0 0 1 0 0
813,Video Title 813,arts music,48000,,2020-06-06 22:05:03,1 0 0 0 0 0 0 1 0 0
814,Video Title 814,arts music,49000,,2017-03-27 17:02:31,1 0 0 0 0 0 0 1 0 0
815,Video Title 815,arts music,50000,,2017-03-01 21:46:01,1 0 0 0 0 0 0 1 0 0
816,Video Title 816,arts music,44000,,2014-09-09 05:52:34,1 0 0 0 0 0 0 1 0 0
817,Video Title 817,arts music,44000,,2020-04-25 13:20:11,1 0 0 0 0 0 0 1 0 0
818,Video Title 818,arts music,55000,,2016-10-01 13:24:47,1 0 0 0 0 0 0 1 0 0
819,Video Title 819,arts music,31000,,2017-07-10 14:08:19,1 0 0 0 0 0 0 1 0 0
820,Video Title 820,arts music,32000,,2017-02-08 23:43:39,1 0 0 0 0 0 0 1 0 0
821,Video Title 821,arts music,44000,,2014-05-20 06:23:40,1 0 0 0 0 0 0 1 0 0
822,Video Title 822,arts music,41000,,2022-04-26 16:37:29,1 0 0 0 0 0 0 1 0 0
823,Video Title 823,arts music,32000,,2020-06-13 00:46:57,1 0 0 0 0 0 0 1 0 0
824,Video Title 824,arts music,57000,,2014-11-28 13:58:25,1 0 0 0 0 0 0 1 0 0
825,Video Title 825,arts music,49000,,2019-01-27 19:08:26,1 0 0 0 0 0 0 1 0 0
826,Video Title 826,arts music,44000,,2019-10-22 04:51:21,1 0 0 0 0 0 0 1 0 0
827,Video Title 827,arts music,60000,,2021-12-02 03:14:20,1 0 0 0 0 0 0 1 0 0
828,Video Title 828,arts music,58000,,2014-06-01 17:35:23,1 0 0 0 0 0 0 1 0 0
829,Video Title 829,arts music,59000,,2022-02-05 19:52:27,1 0 0 0 0 0 0 1 0 0
830,Video Title 830,arts music,50000,,2015-11-21 01:46:37,1 0 0 0 0 0 0 1 0 0
831,Video Title 831,arts music,49000,,2018-10-05 01:06:10,1 0 0 0 0 0 0 1 0 0
832,Video Title 832,arts music,34000,,2023-07-30 16:28:43,1 0 0 0 0 0 0 1 0 0
833,Video Title 833,arts music,44000,,2015-01-15 18:45:52,1 0 0 0 0 0 0 1 0 0
834,Video Title 834,arts music,58000,,2022-05-17 10:14:26,1 0 0 0 0 0 0 1 0 0
835,Video Title 835,arts music,52000,,2014-11-06 19:13:55,1 0 0 0 0 0 0 1 0 0
836,Video Title 836,arts music,50000,,2015-09-24 20:09:38,1 0 0 0 0 0 0 1 0 0
837,Video Title 837,arts music,37000,,2021-01-28 19:39:40,1 0 0 0 0 0 0 1 0 0
838,Video Title 838,arts music,44000,,2019-03-30 20:24:18,1 0 0 0 0 0 0 1 0 0
839,Video Title 839,arts music,49000,,2015-08-05 10:10:04,1 0 0 0 0 0 0 1 0 0
840,Video Title 840,arts music,41000,,2023-03-07 11:15:45,1 0 0 0 0 0 0 1 0 0
841,Video Title 841,arts music,42000,,2018-02-03 00:11:57,1 0 0 0 0 0 0 1 0 0
842,Video Title 842,arts music,40000,,2020-10-15 23:26:25,1 0 0 0 0 0 0 1 0 0
843,Video Title 843,arts music,31000,,2021-11-22 16:16:45,1 0 0 0 0 0 0 1 0 0
844,Video Title 844,arts music,50000,,2017-05-08 11:16:58,1 0 0 0 0 0 0 1 0 0
845,Video Title 845,arts music,40000,,2014-12-13 22:43:15,1 0 0 0 0 0 0 1 0 0
846,Video Title 846,arts music,51000,,2017-11-13 23:01:27,1 0 0 0 0 0 0 1 0 0
847,Video Title 847,arts music,38000,,2021-03-28 15:04:05,1 0 0 0 0 0 0 1 0 0
848,Video Title 848,arts music,51000,,2023-08-24 02:19:06,1 0 0 0 0 0 0 1 0 0
849,Video Title 849,arts music,49000,,2022-09-25 11:17:54,1 0 0 0 0 0 0 1 0 0
850,Video Title 850,arts music,40000,,2014-10-27 11:34:26,1 0 0 0 0 0 0 1 0 0
851,Video Title 851,arts music,51000,,2015-06-03 05:07:34,1 0 0 0 0 0 0 1 0 0
852,Video Title 852,arts music,41000,,2017-02-08 08:18:00,1 0 0 0 0 0 0 1 0 0
853,Video Title 853,arts music,50000,,2020-12-26 10:50:41,1 0 0 0 0 0 0 1 0 0
854,Video Title 854,arts music,42000,,2015-04-18 16:09:54,1 0 0 0 0 0 0 1 0 0
855,Video Title 855,arts music,52000,,2023-05-19 16:59:33,1 0 0 0 0 0 0 1 0 0
856,Video Title 856,arts music,39000,,2019-08-05 01:34:24,1 0 0 0 0 0 0 1 0 0
857,Video Title 857,arts music,50000,,2021-12-01 13:35:15,1 0 0 0 0 0 0 1 0 0
858,Video Title 858,arts music,56000,,2015-04-14 10:44:01,1 0 0 0 0 0 0 1 0 0
859,Video Title 859,arts music,52000,,2022-04-16 16:48:21,1 0 0 0 0 0 0 1 0 0
860,Video Title 860,arts music,53000,,2023-12-21 15:34:34,1 0 0 0 0 0 0 1 0 0
861,Video Title 861,arts music,59000,,2019-04-08 08:03:23,1 0 0 0 0 0 0 1 0 0
862,Video Title 862,arts music,50000,,2020-09-15 03:56:56,1 0 0 0 0 0 0 1 0 0
863,Video Title 863,arts music,46000,,2017-08-15 16:08:28,1 0 0 0 0 0 0 1 0 0
864,Video Title 864,arts music,41000,,2017-02-03 08:40:03,1 0 0 0 0 0 0 1 0 0
865,Video Title 865,arts music,60000,,2016-02-23 19:16:37,1 0 0 0 0 0 0 1 0 0
866,Video Title 866,arts music,60000,,2021-08-30 11:17:01,1 0 0 0 0 0 0 1 0 0
867,Video Title 867,arts music,36000,,2016-04-08 21:10:15,1 0 0 0 0 0 0 1 0 0
868,Video Title 868,arts music,34000,,2015-07-22 13:11:49,1 0 0 0 0 0 0 1 0 0
869,Video Title 869,arts music,39000,,2022-06-12 03:55:36,1 0 0 0 0 0 0 1 0 0
870,Video Title 870,arts music,33000,,2019-01-30 01:37:07,1 0 0 0 0 0 0 1 0 0
871,Video Title 871,arts music,47000,,2022-05-09 04:29:48,1 0 0 0 0 0 0 1 0 0
872,Video Title 872,arts music,58000,,2019-04-08 20:10:14,1 0 0 0 0 0 0 1 0 0
873,Video Title 873,arts music,51000,,2017-05-16 04:33:32,1 0 0 0 0 0 0 1 0 0
874,Video Title 874,arts music,54000,,2020-03-07 19:33:22,1 0 0 0 0 0 0 1 0 0
875,Video Title 875,arts music,49000,,2017-10-09 00:39:38,1 0 0 0 0 0 0 1 0 0
876,Video Title 876,arts music,35000,,2015-10-25 02:06:24,1 0 0 0 0 0 0 1 0 0
877,Video Title 877,arts music,52000,,2021-09-17 12:10:06,1 0 0 0 0 0 0 1 0 0
878,Video Title 878,arts music,55000,,2023-01-10 16:39:50,1 0 0 0 0 0 0 1 0 0
879,Video Title 879,arts music,53000,,2018-05-19 12:11:25,1 0 0 0 0 0 0 1 0 0
880,Video Title 880,arts music,43000,,2017-08-24 16:37:43,1 0 0 0 0 0 0 1 0 0
881,Video Title 881,arts music,53000,,2016-05-18 23:38:44,1 0 0 0 0 0 0 1 0 0
882,Video Title 882,arts music,44000,,2020-02-09 16:09:32,1 0 0 0 0 0 0 1 0 0
883,Video Title 883,arts music,54000,,2021-06-27 03:47:56,1 0 0 0 0 0 0 1 0 0
884,Video Title 884,arts music,44000,,2016-05-06 02:39:28,1 0 0 0 0 0 0 1 0 0
885,Video Title 885,arts music,37000,,2017-02-05 13:23:15,1 0 0 0 0 0 0 1 0 0
886,Video Title 886,arts music,55000,,2021-11-04 22:49:58,1 0 0 0 0 0 0 1 0 0
887,Video Title 887,arts music,58000,,2022-05-09 03:55:59,1 0 0 0 0 0 0 1 0 0
888,Video Title 888,arts music,41000,,2020-10-13 19:40:40,1 0 0 0 0 0 0 1 0 0
889,Video Title 889,arts music,48000,,2023-11-05 04:55:33,1 0 0 0 0 0 0 1 0 0
890,Video Title 890,arts music,44000,,2021-09-11 10:49:01,1 0 0 0 0 0 0 1 0 0
891,Video Title 891,arts music,54000,,2017-10-27 20:01:30,1 0 0 0 0 0 0 1 0 0
892,Video Title 892,arts music,46000,,2018-03-11 02:41:18,1 0 0 0 0 0 0 1 0 0
893,Video Title 893,arts music,35000,,2022-03-03 15:40:21,1 0 0 0 0 0 0 1 0 0
894,Video Title 894,arts music,55000,,2020-01-19 00:31:04,1 0 0 0 0 0 0 1 0 0
895,Video Title 895,arts music,57000,,2016-07-03 12:16:52,1 0 0 0 0 0 0 1 0 0
896,Video Title 896,arts music,50000,,2018-10-23 03:44:29,1 0 0 0 0 0 0 1 0 0
897,Video Title 897,arts music,41000,,2019-07-20 01:46:09,1 0 0 0 0 0 0 1 0 0
898,Video Title 898,arts music,33000,,2021-02-11 14:43:32,1 0 0 0 0 0 0 1 0 0
899,Video Title 899,arts music,46000,,2022-07-06 18:08:44,1 0 0 0 0 0 0 1 0 0
900,Video Title 900,arts music,39000,,2014-11-05 03:27:39,1 0 0 0 0 0 0 1 0 0
901,Video Title 901,arts psychology,35000,,2016-09-24 16:31:04,1 0 0 0 0 0 0 0 0 1
902,Video Title 902,arts psychology,58000,,2019-02-19 17:41:59,1 0 0 0 0 0 0 0 0 1
903,Video Title 903,arts psychology,56000,,2018-05-18 18:35:46,1 0 0 0 0 0 0 0 0 1
904,Video Title 904,arts psychology,60000,,2023-02-08 08:14:02,1 0 0 0 0 0 0 0 0 1
905,Video Title 905,arts psychology,56000,,2018-07-07 14:48:42,1 0 0 0 0 0 0 0 0 1
906,Video Title 906,arts psychology,41000,,2023-04-22 05:20:26,1 0 0 0 0 0 0 0 0 1
907,Video Title 907,arts psychology,43000,,2014-07-16 09:18:11,1 0 0 0 0 0 0 0 0 1
908,Video Title 908,arts psychology,46000,,2017-09-28 23:01:34,1 0 0 0 0 0 0 0 0 1
909,Video Title 909,arts psychology,42000,,2023-12-12 00:25:14,1 0 0 0 0 0 0 0 0 1
910,Video Title 910,arts psychology,41000,,2016-04-01 13:35:42,1 0 0 0 0 0 0 0 0 1
911,Video Title 911,arts psychology,40000,,2023-04-23 12:20:57,1 0 0 0 0 0 0 0 0 1
912,Video Title 912,arts psychology,56000,,2021-02-23 16:05:39,1 0 0 0 0 0 0 0 0 1
913,Video Title 913,arts psychology,40000,,2021-11-30 12:56:37,1 0 0 0 0 0 0 0 0 1
914,Video Title 914,arts psychology,34000,,2014-05-22 19:21:34,1 0 0 0 0 0 0 0 0 1
915,Video Title 915,arts psychology,59000,,2022-04-19 15:06:52,1 0 0 0 0 0 0 0 0 1
916,Video Title 916,arts psychology,52000,,2022-04-24 13:16:42,1 0 0 0 0 0 0 0 0 1
917,Video Title 917,arts psychology,54000,,2021-01-21 04:58:08,1 0 0 0 0 0 0 0 0 1
918,Video Title 918,arts psychology,44000,,2020-02-27 00:30:26,1 0 0 0 0 0 0 0 0 1
919,Video Title 919,arts psychology,58000,,2014-10-19 04:10:39,1 0 0 0 0 0 0 0 0 1
920,Video Title 920,arts psychology,38000,,2016-02-29 03:21:20,1 0 0 0 0 0 0 0 0 1
921,Video Title 921,arts psychology,34000,,2019-06-29 03:15:06,1 0 0 0 0 0 0 0 0 1
922,Video Title 922,arts psychology,53000,,2020-02-03 09:53:48,1 0 0 0 0 0 0 0 0 1
923,Video Title 923,arts psychology,43000,,2015-02-12 19:58:08,1 0 0 0 0 0 0 0 0 1
924,Video Title 924,arts psychology,39000,,2016-05-19 09:17:01,1 0 0 0 0 0 0 0 0 1
925,Video Title 925,arts psychology,33000,,2014-06-26 06:51:05,1 0 0 0 0 0 0 0 0 1
926,Video Title 926,arts psychology,43000,,2020-05-23 04:10:18,1 0 0 0 0 0 0 0 0 1
927,Video Title 927,arts psychology,49000,,2018-07-29 11:09:10,1 0 0 0 0 0 0 0 0 1
928,Video Title 928,arts psychology,33000,,2022-05-14 21:50:39,1 0 0 0 0 0 0 0 0 1
929,Video Title 929,arts psychology,45000,,2019-12-21 02:20:24,1 0 0 0 0 0 0 0 0 1
930,Video Title 930,arts psychology,30000,,2020-04-27 15:15:10,1 0 0 0 0 0 0 0 0 1
931,Video Title 931,arts psychology,48000,,2016-06-04 01:46:50,1 0 0 0 0 0 0 0 0 1
932,Video Title 932,arts psychology,34000,,2016-12-01 03:25:34,1 0 0 0 0 0 0 0 0 1
933,Video Title 933,arts psychology,30000,,2020-02-25 01:19:10,1 0 0 0 0 0 0 0 0 1
934,Video Title 934,arts psychology,37000,,2019-09-16 22:08:29,1 0 0 0 0 0 0 0 0 1
935,Video Title 935,arts psychology,35000,,2020-08-23 22:55:33,1 0 0 0 0 0 0 0 0 1
936,Video Title 936,arts psychology,32000,,2019-03-28 17:14:50,1 0 0 0 0 0 0 0 0 1
937,Video Title 937,arts psychology,41000,,2014-09-07 00:42:31,1 0 0 0 0 0 0 0 0 1
938,Video Title 938,arts psychology,46000,,2019-06-11 21:34:46,1 0 0 0 0 0 0 0 0 1
939,Video Title 939,arts psychology,55000,,2023-11-19 09:50:17,1 0 0 0 0 0 0 0 0 1
940,Video Title 940,arts psychology,47000,,2014-03-18 05:17:06,1 0 0 0 0 0 0 0 0 1
941,Video Title 941,arts psychology,57000,,2018-09-14 23:49:58,1 0 0 0 0 0 0 0 0 1
942,Video Title 942,arts psychology,50000,,2017-11-15 02:48:13,1 0 0 0 0 0 0 0 0 1
943,Video Title 943,arts psychology,41000,,2016-07-16 19:45:46,1 0 0 0 0 0 0 0 0 1
944,Video Title 944,arts psychology,30000,,2017-07-29 09:25:24,1 0 0 0 0 0 0 0 0 1
945,Video Title 945,arts psychology,32000,,2017-06-14 12:41:54,1 0 0 0 0 0 0 0 0 1
946,Video Title 946,arts psychology,53000,,2020-07-28 10:20:43,1 0 0 0 0 0 0 0 0 1
947,Video Title 947,arts psychology,33000,,2021-09-18 23:31:13,1 0 0 0 0 0 0 0 0 1
948,Video Title 948,arts psychology,53000,,2021-07-26 21:04:26,1 0 0 0 0 0 0 0 0 1
949,Video Title 949,arts psychology,34000,,2014-06-13 19:48:22,1 0 0 0 0 0 0 0 0 1
950,Video Title 950,arts psychology,47000,,2017-05-22 16:44:23,1 0 0 0 0 0 0 0 0 1
951,Video Title 951,arts psychology,50000,,2015-10-04 01:48:27,1 0 0 0 0 0 0 0 0 1
952,Video Title 952,arts psychology,54000,,2020-11-06 02:11:34,1 0 0 0 0 0 0 0 0 1
953,Video Title 953,arts psychology,52000,,2018-10-15 15:19:50,1 0 0 0 0 0 0 0 0 1
954,Video Title 954,arts psychology,35000,,2022-02-11 23:11:48,1 0 0 0 0 0 0 0 0 1
955,Video Title 955,arts psychology,32000,,2021-02-28 13:32:49,1 0 0 0 0 0 0 0 0 1
956,Video Title 956,arts psychology,60000,,2018-07-31 12:43:51,1 0 0 0 0 0 0 0 0 1
957,Video Title 957,arts psychology,39000,,2016-01-08 19:22:15,1 0 0 0 0 0 0 0 0 1
958,Video Title 958,arts psychology,55000,,2016-01-01 01:33:26,1 0 0 0 0 0 0 0 0 1
959,Video Title 959,arts psychology,31000,,2017-02-27 22:11:37,1 0 0 0 0 0 0 0 0 1
960,Video Title 960,arts psychology,39000,,2019-02-27 03:36:08,1 0 0 0 0 0 0 0 0 1
961,Video Title 961,arts psychology,56000,,2019-06-08 01:29:20,1 0 0 0 0 0 0 0 0 1
962,Video Title 962,arts psychology,38000,,2014-05-16 15:58:46,1 0 0 0 0 0 0 0 0 1
963,Video Title 963,arts psychology,50000,,2015-12-01 12:39:37,1 0 0 0 0 0 0 0 0 1
964,Video Title 964,arts psychology,41000,,2022-08-15 19:20:06,1 0 0 0 0 0 0 0 0 1
965,Video Title 965,arts psychology,31000,,2022-08-29 03:55:44,1 0 0 0 0 0 0 0 0 1
966,Video Title 966,arts psychology,40000,,2016-09-26 05:46:28,1 0 0 0 0 0 0 0 0 1
967,Video Title 967,arts psychology,55000,,2017-09-07 06:28:46,1 0 0 0 0 0 0 0 0 1
968,Video Title 968,arts psychology,58000,,2018-01-02 01:54:26,1 0 0 0 0 0 0 0 0 1
969,Video Title 969,arts psychology,44000,,2022-12-12 10:14:40,1 0 0 0 0 0 0 0 0 1
970,Video Title 970,arts psychology,42000,,2017-05-24 11:36:31,1 0 0 0 0 0 0 0 0 1
971,Video Title 971,arts psychology,35000,,2018-12-19 03:24:09,1 0 0 0 0 0 0 0 0 1
972,Video Title 972,arts psychology,45000,,2017-09-04 19:35:26,1 0 0 0 0 0 0 0 0 1
973,Video Title 973,arts psychology,55000,,2019-03-13 08:33:53,1 0 0 0 0 0 0 0 0 1
974,Video Title 974,arts psychology,55000,,2014-10-31 12:46:04,1 0 0 0 0 0 0 0 0 1
975,Video Title 975,arts psychology,43000,,2014-10-18 02:00:20,1 0 0 0 0 0 0 0 0 1
976,Video Title 976,arts psychology,49000,,2023-12-14 02:35:57,1 0 0 0 0 0 0 0 0 1
977,Video Title 977,arts psychology,35000,,2019-06-16 23:33:25,1 0 0 0 0 0 0 0 0 1
978,Video Title 978,arts psychology,40000,,2015-01-12 11:34:36,1 0 0 0 0 0 0 0 0 1
979,Video Title 979,arts psychology,40000,,2020-08-11 08:31:25,1 0 0 0 0 0 0 0 0 1
980,Video Title 980,arts psychology,39000,,2018-06-18 14:13:15,1 0 0 0 0 0 0 0 0 1
981,Video Title 981,arts psychology,52000,,2018-04-07 07:46:04,1 0 0 0 0 0 0 0 0 1
982,Video Title 982,arts psychology,52000,,2018-06-11 06:22:27,1 0 0 0 0 0 0 0 0 1
983,Video Title 983,arts psychology,44000,,2014-06-06 14:18:44,1 0 0 0 0 0 0 0 0 1
984,Video Title 984,arts psychology,57000,,2023-02-12 08:47:36,1 0 0 0 0 0 0 0 0 1
985,Video Title 985,arts psychology,49000,,2023-12-25 05:59:32,1 0 0 0 0 0 0 0 0 1
986,Video Title 986,arts psychology,38000,,2020-05-25 01:30:41,1 0 0 0 0 0 0 0 0 1
987,Video Title 987,arts psychology,55000,,2023-06-24 20:25:24,1 0 0 0 0 0 0 0 0 1
988,Video Title 988,arts psychology,32000,,2020-09-17 19:42:31,1 0 0 0 0 0 0 0 0 1
989,Video Title 989,arts psychology,42000,,2017-08-21 02:03:18,1 0 0 0 0 0 0 0 0 1
990,Video Title 990,arts psychology,55000,,2021-07-02 03:03:48,1 0 0 0 0 0 0 0 0 1
991,Video Title 991,arts psychology,35000,,2023-07-12 16:21:04,1 0 0 0 0 0 0 0 0 1
992,Video Title 992,arts psychology,34000,,2022-06-27 15:25:53,1 0 0 0 0 0 0 0 0 1
993,Video Title 993,arts psychology,51000,,2021-10-24 18:55:42,1 0 0 0 0 0 0 0 0 1
994,Video Title 994,arts psychology,31000,,2015-04-08 17:45:00,1 0 0 0 0 0 0 0 0 1
995,Video Title 995,arts psychology,37000,,2021-10-14 13:56:48,1 0 0 0 0 0 0 0 0 1
996,Video Title 996,arts psychology,41000,,2017-08-16 20:23:27,1 0 0 0 0 0 0 0 0 1
997,Video Title 997,arts psychology,60000,,2019-09-04 10:37:50,1 0 0 0 0 0 0 0 0 1
998,Video Title 998,arts psychology,49000,,2015-07-17 01:10:59,1 0 0 0 0 0 0 0 0 1
999,Video Title 999,arts psychology,44000,,2023-06-28 04:56:28,1 0 0 0 0 0 0 0 0 1
1000,Video Title 1000,arts psychology,41000,,2018-06-11 09:04:54,1 0 0 0 0 0 0 0 0 1
1001,Video Title 1001,literature music,32000,,2019-09-28 19:32:52,0 0 0 0 0 1 0 1 0 0
1002,Video Title 1002,literature music,46000,,2017-09-03 08:48:55,0 0 0 0 0 1 0 1 0 0
1003,Video Title 1003,literature music,40000,,2020-06-30 21:31:13,0 0 0 0 0 1 0 1 0 0
1004,Video Title 1004,literature music,37000,,2023-08-09 21:33:23,0 0 0 0 0 1 0 1 0 0
1005,Video Title 1005,literature music,30000,,2021-05-11 05:07:03,0 0 0 0 0 1 0 1 0 0
1006,Video Title 1006,literature music,45000,,2019-03-07 18:29:09,0 0 0 0 0 1 0 1 0 0
1007,Video Title 1007,literature music,59000,,2019-08-15 02:31:46,0 0 0 0 0 1 0 1 0 0
1008,Video Title 1008,literature music,38000,,2021-10-01 14:53:19,0 0 0 0 0 1 0 1 0 0
1009,Video Title 1009,literature music,52000,,2018-06-19 21:31:28,0 0 0 0 0 1 0 1 0 0
1010,Video Title 1010,literature music,49000,,2016-11-10 08:32:04,0 0 0 0 0 1 0 1 0 0
1011,Video Title 1011,literature music,59000,,2023-12-26 23:53:12,0 0 0 0 0 1 0 1 0 0
1012,Video Title 1012,literature music,36000,,2015-03-26 15:02:17,0 0 0 0 0 1 0 1 0 0
1013,Video Title 1013,literature music,57000,,2014-09-30 06:57:31,0 0 0 0 0 1 0 1 0 0
1014,Video Title 1014,literature music,35000,,2022-12-27 04:16:59,0 0 0 0 0 1 0 1 0 0
1015,Video Title 1015,literature music,44000,,2023-12-22 00:11:11,0 0 0 0 0 1 0 1 0 0
1016,Video Title 1016,literature music,55000,,2020-10-27 01:00:11,0 0 0 0 0 1 0 1 0 0
1017,Video Title 1017,literature music,57000,,2023-11-12 23:56:24,0 0 0 0 0 1 0 1 0 0
1018,Video Title 1018,literature music,51000,,2017-06-24 02:27:20,0 0 0 0 0 1 0 1 0 0
1019,Video Title 1019,literature music,32000,,2019-07-03 11:45:00,0 0 0 0 0 1 0 1 0 0
1020,Video Title 1020,literature music,39000,,2022-11-30 08:39:19,0 0 0 0 0 1 0 1 0 0
1021,Video Title 1021,literature music,57000,,2015-07-31 21:27:35,0 0 0 0 0 1 0 1 0 0
1022,Video Title 1022,literature music,52000,,2023-04-10 17:37:20,0 0 0 0 0 1 0 1 0 0
1023,Video Title 1023,literature music,50000,,2015-09-30 10:22:20,0 0 0 0 0 1 0 1 0 0
1024,Video Title 1024,literature music,41000,,2019-02-02 23:00:11,0 0 0 0 0 1 0 1 0 0
1025,Video Title 1025,literature music,33000,,2023-11-07 17:36:39,0 0 0 0 0 1 0 1 0 0
1026,Video Title 1026,literature music,55000,,2015-05-24 21:36:50,0 0 0 0 0 1 0 1 0 0
1027,Video Title 1027,literature music,55000,,2018-12-11 04:19:18,0 0 0 0 0 1 0 1 0 0
1028,Video Title 1028,literature music,41000,,2019-07-18 04:16:40,0 0 0 0 0 1 0 1 0 0
1029,Video Title 1029,literature music,41000,,2018-09-05 00:45:05,0 0 0 0 0 1 0 1 0 0
1030,Video Title 1030,literature music,47000,,2015-04-21 15:57:35,0 0 0 0 0 1 0 1 0 0
1031,Video Title 1031,literature music,58000,,2014-11-13 16:28:34,0 0 0 0 0 1 0 1 0 0
1032,Video Title 1032,literature music,39000,,2017-12-26 06:48:51,0 0 0 0 0 1 0 1 0 0
1033,Video Title 1033,literature music,52000,,2021-03-10 20:58:55,0 0 0 0 0 1 0 1 0 0
1034,Video Title 1034,literature music,46000,,2018-02-10 09:39:09,0 0 0 0 0 1 0 1 0 0
1035,Video Title 1035,literature music,43000,,2022-03-27 04:31:53,0 0 0 0 0 1 0 1 0 0
1036,Video Title 1036,literature music,32000,,2015-04-05 10:37:34,0 0 0 0 0 1 0 1 0 0
1037,Video Title 1037,literature music,40000,,2020-06-04 12:51:37,0 0 0 0 0 1 0 1 0 0
1038,Video Title 1038,literature music,44000,,2018-08-30 06:59:17,0 0 0 0 0 1 0 1 0 0
1039,Video Title 1039,literature music,46000,,2017-06-13 11:29:41,0 0 0 0 0 1 0 1 0 0
1040,Video Title 1040,literature music,58000,,2022-04-17 01:06:23,0 0 0 0 0 1 0 1 0 0
1041,Video Title 1041,literature music,47000,,2020-05-26 05:56:53,0 0 0 0 0 1 0 1 0 0
1042,Video Title 1042,literature music,35000,,2021-09-05 09:40:17,0 0 0 0 0 1 0 1 0 0
1043,Video Title 1043,literature music,34000,,2018-05-01 01:21:42,0 0 0 0 0 1 0 1 0 0
1044,Video Title 1044,literature music,59000,,2022-09-06 23:20:18,0 0 0 0 0 1 0 1 0 0
1045,Video Title 1045,literature music,56000,,2015-04-01 04:30:51,0 0 0 0 0 1 0 1 0 0
1046,Video Title 1046,literature music,34000,,2017-01-17 01:18:35,0 0 0 0 0 1 0 1 0 0
1047,Video Title 1047,literature music,35000,,2017-03-25 17:04:54,0 0 0 0 0 1 0 1 0 0
1048,Video Title 1048,literature music,52000,,2016-04-04 23:11:48,0 0 0 0 0 1 0 1 0 0
1049,Video Title 1049,literature music,60000,,2023-05-30 07:11:42,0 0 0 0 0 1 0 1 0 0
1050,Video Title 1050,literature music,58000,,2016-11-04 18:37:55,0 0 0 0 0 1 0 1 0 0
1051,Video Title 1051,literature music,32000,,2016-07-05 17:01:30,0 0 0 0 0 1 0 1 0 0
1052,Video Title 1052,literature music,50000,,2023-07-25 16:24:09,0 0 0 0 0 1 0 1 0 0
1053,Video Title 1053,literature music,38000,,2015-04-04 20:55:04,0 0 0 0 0 1 0 1 0 0
1054,Video Title 1054,literature music,39000,,2020-02-23 15:55:01,0 0 0 0 0 1 0 1 0 0
1055,Video Title 1055,literature music,32000,,2019-01-11 09:24:26,0 0 0 0 0 1 0 1 0 0
1056,Video Title 1056,literature music,35000,,2019-12-03 02:25:11,0 0 0 0 0 1 0 1 0 0
1057,Video Title 1057,literature music,48000,,2015-07-19 19:25:04,0 0 0 0 0 1 0 1 0 0
1058,Video Title 1058,literature music,51000,,2020-03-31 08:22:36,0 0 0 0 0 1 0 1 0 0
1059,Video Title 1059,literature music,58000,,2020-01-20 18:10:05,0 0 0 0 0 1 0 1 0 0
1060,Video Title 1060,literature music,56000,,2023-03-29 08:14:38,0 0 0 0 0 1 0 1 0 0
1061,Video Title 1061,literature music,31000,,2022-04-03 02:41:49,0 0 0 0 0 1 0 1 0 0
1062,Video Title 1062,literature music,30000,,2014-10-26 11:07:19,0 0 0 0 0 1 0 1 0 0
1063,Video Title 1063,literature music,60000,,2020-06-01 07:20:49,0 0 0 0 0 1 0 1 0 0
1064,Video Title 1064,literature music,48000,,2016-08-25 23:51:27,0 0 0 0 0 1 0 1 0 0
1065,Video Title 1065,literature music,36000,,2021-09-02 09:36:30,0 0 0 0 0 1 0 1 0 0
1066,Video Title 1066,literature music,43000,,2020-03-08 02:17:53,0 0 0 0 0 1 0 1 0 0
1067,Video Title 1067,literature music,30000,,2018-12-25 20:08:02,0 0 0 0 0 1 0 1 0 0
1068,Video Title 1068,literature music,50000,,2019-06-17 08:35:15,0 0 0 0 0 1 0 1 0 0
1069,Video Title 1069,literature music,50000,,2023-07-26 18:33:17,0 0 0 0 0 1 0 1 0 0
1070,Video Title 1070,literature music,45000,,2016-06-14 19:18:17,0 0 0 0 0 1 0 1 0 0
1071,Video Title 1071,literature music,55000,,2020-11-07 05:11:51,0 0 0 0 0 1 0 1 0 0
1072,Video Title 1072,literature music,39000,,2018-07-16 10:27:57,0 0 0 0 0 1 0 1 0 0
1073,Video Title 1073,literature music,52000,,2014-08-09 16:22:54,0 0 0 0 0 1 0 1 0 0
1074,Video Title 1074,literature music,44000,,2018-02-28 00:27:53,0 0 0 0 0 1 0 1 0 0
1075,Video Title 1075,literature music,44000,,2016-01-17 16:24:57,0 0 0 0 0 1 0 1 0 0
1076,Video Title 1076,literature music,49000,,2015-06-11 09:22:38,0 0 0 0 0 1 0 1 0 0
1077,Video Title 1077,literature music,57000,,2021-03-09 00:35:19,0 0 0 0 0 1 0 1 0 0
1078,Video Title 1078,literature music,53000,,2023-11-18 06:50:49,0 0 0 0 0 1 0 1 0 0
1079,Video Title 1079,literature music,41000,,2023-10-03 02:46:24,0 0 0 0 0 1 0 1 0 0
1080,Video Title 1080,literature music,34000,,2021-08-10 10:15:12,0 0 0 0 0 1 0 1 0 0
1081,Video Title 1081,literature music,46000,,2019-08-15 00:38:47,0 0 0 0 0 1 0 1 0 0
1082,Video Title 1082,literature music,40000,,2016-06-03 08:14:11,0 0 0 0 0 1 0 1 0 0
1083,Video Title 1083,literature music,33000,,2016-09-05 06:31:07,0 0 0 0 0 1 0 1 0 0
1084,Video Title 1084,literature music,37000,,2015-06-01 04:52:50,0 0 0 0 0 1 0 1 0 0
1085,Video Title 1085,literature music,31000,,2016-11-27 06:34:17,0 0 0 0 0 1 0 1 0 0
1086,Video Title 1086,literature music,42000,,2022-08-23 04:45:11,0 0 0 0 0 1 0 1 0 0
1087,Video Title 1087,literature music,43000,,2016-06-27 04:28:35,0 0 0 0 0 1 0 1 0 0
1088,Video Title 1088,literature music,57000,,2023-01-09 10:25:42,0 0 0 0 0 1 0 1 0 0
1089,Video Title 1089,literature music,56000,,2017-04-12 03:22:40,0 0 0 0 0 1 0 1 0 0
1090,Video Title 1090,literature music,48000,,2021-03-19 02:51:01,0 0 0 0 0 1 0 1 0 0
1091,Video Title 1091,literature music,36000,,2021-08-19 09:25:56,0 0 0 0 0 1 0 1 0 0
1092,Video Title 1092,literature music,45000,,2023-12-17 06:55:13,0 0 0 0 0 1 0 1 0 0
1093,Video Title 1093,literature music,44000,,2018-12-28 11:21:01,0 0 0 0 0 1 0 1 0 0
1094,Video Title 1094,literature music,39000,,2018-12-23 09:38:09,0 0 0 0 0 1 0 1 0 0
1095,Video Title 1095,literature music,32000,,2023-06-15 02:23:37,0 0 0 0 0 1 0 1 0 0
1096,Video Title 1096,literature music,46000,,2018-07-29 21:24:15,0 0 0 0 0 1 0 1 0 0
1097,Video Title 1097,literature music,37000,,2016-02-27 06:39:05,0 0 0 0 0 1 0 1 0 0
1098,Video Title 1098,literature music,41000,,2014-06-29 14:27:08,0 0 0 0 0 1 0 1 0 0
1099,Video Title 1099,literature music,39000,,2018-12-14 08:43:56,0 0 0 0 0 1 0 1 0 0
1100,Video Title 1100,literature music,58000,,2022-06-06 09:37:44,0 0 0 0 0 1 0 1 0 0
1101,Video Title 1101,literature psychology,51000,,2018-09-16 15:24:30,0 0 0 0 0 1 0 0 0 1
1102,Video Title 1102,literature psychology,47000,,2014-02-01 20:20:26,0 0 0 0 0 1 0 0 0 1
1103,Video Title 1103,literature psychology,33000,,2018-04-24 21:16:21,0 0 0 0 0 1 0 0 0 1
1104,Video Title 1104,literature psychology,58000,,2016-08-25 07:49:33,0 0 0 0 0 1 0 0 0 1
1105,Video Title 1105,literature psychology,41000,,2021-08-22 01:51:09,0 0 0 0 0 1 0 0 0 1
1106,Video Title 1106,literature psychology,41000,,2014-06-17 03:14:01,0 0 0 0 0 1 0 0 0 1
1107,Video Title 1107,literature psychology,31000,,2019-09-15 12:40:19,0 0 0 0 0 1 0 0 0 1
1108,Video Title 1108,literature psychology,36000,,2017-08-18 05:04:57,0 0 0 0 0 1 0 0 0 1
1109,Video Title 1109,literature psychology,39000,,2014-09-28 09:22:52,0 0 0 0 0 1 0 0 0 1
1110,Video Title 1110,literature psychology,46000,,2018-07-04 19:02:37,0 0 0 0 0 1 0 0 0 1
1111,Video Title 1111,literature psychology,47000,,2016-10-19 23:31:52,0 0 0 0 0 1 0 0 0 1
1112,Video Title 1112,literature psychology,49000,,2020-10-21 10:55:15,0 0 0 0 0 1 0 0 0 1
1113,Video Title 1113,literature psychology,33000,,2015-04-17 14:54:46,0 0 0 0 0 1 0 0 0 1
1114,Video Title 1114,literature psychology,33000,,2017-12-10 17:57:54,0 0 0 0 0 1 0 0 0 1
1115,Video Title 1115,literature psychology,55000,,2023-11-13 18:35:57,0 0 0 0 0 1 0 0 0 1
1116,Video Title 1116,literature psychology,47000,,2023-05-23 03:53:40,0 0 0 0 0 1 0 0 0 1
1117,Video Title 1117,literature psychology,54000,,2015-06-13 13:49:14,0 0 0 0 0 1 0 0 0 1
1118,Video Title 1118,literature psychology,49000,,2019-02-04 07:07:56,0 0 0 0 0 1 0 0 0 1
1119,Video Title 1119,literature psychology,46000,,2014-05-29 22:19:47,0 0 0 0 0 1 0 0 0 1
1120,Video Title 1120,literature psychology,31000,,2015-05-18 04:23:10,0 0 0 0 0 1 0 0 0 1
1121,Video Title 1121,literature psychology,40000,,2022-01-15 11:24:32,0 0 0 0 0 1 0 0 0 1
1122,Video Title 1122,literature psychology,46000,,2018-07-29 00:11:52,0 0 0 0 0 1 0 0 0 1
1123,Video Title 1123,literature psychology,49000,,2022-12-06 22:20:10,0 0 0 0 0 1 0 0 0 1
1124,Video Title 1124,literature psychology,34000,,2017-04-14 01:48:29,0 0 0 0 0 1 0 0 0 1
1125,Video Title 1125,literature psychology,49000,,2017-03-10 15:13:50,0 0 0 0 0 1 0 0 0 1
1126,Video Title 1126,literature psychology,42000,,2023-11-27 17:56:18,0 0 0 0 0 1 0 0 0 1
1127,Video Title 1127,literature psychology,53000,,2022-06-05 11:55:43,0 0 0 0 0 1 0 0 0 1
1128,Video Title 1128,literature psychology,48000,,2017-05-14 18:18:51,0 0 0 0 0 1 0 0 0 1
1129,Video Title 1129,literature psychology,56000,,2019-02-06 10:57:18,0 0 0 0 0 1 0 0 0 1
1130,Video Title 1130,literature psychology,45000,,2021-02-01 21:36:25,0 0 0 0 0 1 0 0 0 1
1131,Video Title 1131,literature psychology,39000,,2018-10-02 08:35:30,0 0 0 0 0 1 0 0 0 1
1132,Video Title 1132,literature psychology,30000,,2017-09-08 12:08:38,0 0 0 0 0 1 0 0 0 1
1133,Video Title 1133,literature psychology,51000,,2015-02-07 01:21:43,0 0 0 0 0 1 0 0 0 1
1134,Video Title 1134,literature psychology,43000,,2019-11-03 12:18:27,0 0 0 0 0 1 0 0 0 1
1135,Video Title 1135,literature psychology,55000,,2022-12-27 11:59:53,0 0 0 0 0 1 0 0 0 1
1136,Video Title 1136,literature psychology,57000,,2020-11-18 08:37:25,0 0 0 0 0 1 0 0 0 1
1137,Video Title 1137,literature psychology,30000,,2019-12-21 17:16:56,0 0 0 0 0 1 0 0 0 1
1138,Video Title 1138,literature psychology,38000,,2023-09-02 19:23:34,0 0 0 0 0 1 0 0 0 1
1139,Video Title 1139,literature psychology,55000,,2023-09-21 00:10:52,0 0 0 0 0 1 0 0 0 1
1140,Video Title 1140,literature psychology,48000,,2019-10-12 08:46:23,0 0 0 0 0 1 0 0 0 1
1141,Video Title 1141,literature psychology,53000,,2014-07-09 10:42:44,0 0 0 0 0 1 0 0 0 1
1142,Video Title 1142,literature psychology,45000,,2015-09-17 08:51:23,0 0 0 0 0 1 0 0 0 1
1143,Video Title 1143,literature psychology,50000,,2021-03-19 07:36:58,0 0 0 0 0 1 0 0 0 1
1144,Video Title 1144,literature psychology,54000,,2022-05-31 06:14:24,0 0 0 0 0 1 0 0 0 1
1145,Video Title 1145,literature psychology,34000,,2022-03-21 01:31:44,0 0 0 0 0 1 0 0 0 1
1146,Video Title 1146,literature psychology,37000,,2014-04-28 05:34:37,0 0 0 0 0 1 0 0 0 1
1147,Video Title 1147,literature psychology,60000,,2021-01-02 21:37:54,0 0 0 0 0 1 0 0 0 1
1148,Video Title 1148,literature psychology,36000,,2014-03-13 02:54:48,0 0 0 0 0 1 0 0 0 1
1149,Video Title 1149,literature psychology,40000,,2018-03-11 13:09:14,0 0 0 0 0 1 0 0 0 1
1150,Video Title 1150,literature psychology,43000,,2020-11-27 07:49:22,0 0 0 0 0 1 0 0 0 1
1151,Video Title 1151,literature psychology,43000,,2019-01-08 15:23:18,0 0 0 0 0 1 0 0 0 1
1152,Video Title 1152,literature psychology,49000,,2023-03-16 21:38:06,0 0 0 0 0 1 0 0 0 1
1153,Video Title 1153,literature psychology,57000,,2022-06-26 13:49:29,0 0 0 0 0 1 0 0 0 1
1154,Video Title 1154,literature psychology,53000,,2014-08-18 07:50:26,0 0 0 0 0 1 0 0 0 1
1155,Video Title 1155,literature psychology,34000,,2019-03-11 04:38:57,0 0 0 0 0 1 0 0 0 1
1156,Video Title 1156,literature psychology,47000,,2017-04-03 10:20:21,0 0 0 0 0 1 0 0 0 1
1157,Video Title 1157,literature psychology,51000,,2018-10-15 01:17:53,0 0 0 0 0 1 0 0 0 1
1158,Video Title 1158,literature psychology,42000,,2017-02-21 04:43:39,0 0 0 0 0 1 0 0 0 1
1159,Video Title 1159,literature psychology,35000,,2018-08-07 18:31:31,0 0 0 0 0 1 0 0 0 1
1160,Video Title 1160,literature psychology,47000,,2017-06-05 11:50:48,0 0 0 0 0 1 0 0 0 1
1161,Video Title 1161,literature psychology,41000,,2020-10-04 22:05:14,0 0 0 0 0 1 0 0 0 1
1162,Video Title 1162,literature psychology,57000,,2021-03-18 08:59:29,0 0 0 0 0 1 0 0 0 1
1163,Video Title 1163,literature psychology,50000,,2022-01-14 07:57:41,0 0 0 0 0 1 0 0 0 1
1164,Video Title 1164,literature psychology,38000,,2020-02-07 18:42:30,0 0 0 0 0 1 0 0 0 1
1165,Video Title 1165,literature psychology,36000,,2023-07-29 06:45:21,0 0 0 0 0 1 0 0 0 1
1166,Video Title 1166,literature psychology,38000,,2019-08-02 00:23:26,0 0 0 0 0 1 0 0 0 1
1167,Video Title 1167,literature psychology,37000,,2023-06-01 10:08:01,0 0 0 0 0 1 0 0 0 1
1168,Video Title 1168,literature psychology,39000,,2021-09-17 18:51:57,0 0 0 0 0 1 0 0 0 1
1169,Video Title 1169,literature psychology,52000,,2016-01-29 13:32:05,0 0 0 0 0 1 0 0 0 1
1170,Video Title 1170,literature psychology,52000,,2018-11-22 20:40:11,0 0 0 0 0 1 0 0 0 1
1171,Video Title 1171,literature psychology,45000,,2017-06-29 03:09:29,0 0 0 0 0 1 0 0 0 1
1172,Video Title 1172,literature psychology,59000,,2023-05-06 20:55:12,0 0 0 0 0 1 0 0 0 1
1173,Video Title 1173,literature psychology,53000,,2016-09-27 02:52:48,0 0 0 0 0 1 0 0 0 1
1174,Video Title 1174,literature psychology,33000,,2019-09-27 04:34:04,0 0 0 0 0 1 0 0 0 1
1175,Video Title 1175,literature psychology,47000,,2017-10-19 21:12:38,0 0 0 0 0 1 0 0 0 1
1176,Video Title 1176,literature psychology,42000,,2022-03-09 01:51:55,0 0 0 0 0 1 0 0 0 1
1177,Video Title 1177,literature psychology,60000,,2021-09-24 16:26:06,0 0 0 0 0 1 0 0 0 1
1178,Video Title 1178,literature psychology,34000,,2016-11-28 03:39:08,0 0 0 0 0 1 0 0 0 1
1179,Video Title 1179,literature psychology,39000,,2023-07-21 21:28:54,0 0 0 0 0 1 0 0 0 1
1180,Video Title 1180,literature psychology,32000,,2017-06-20 05:26:37,0 0 0 0 0 1 0 0 0 1
1181,Video Title 1181,literature psychology,44000,,2020-07-24 07:09:05,0 0 0 0 0 1 0 0 0 1
1182,Video Title 1182,literature psychology,53000,,2018-10-17 15:20:36,0 0 0 0 0 1 0 0 0 1
1183,Video Title 1183,literature psychology,36000,,2022-04-13 00:34:09,0 0 0 0 0 1 0 0 0 1
1184,Video Title 1184,literature psychology,38000,,2023-05-01 12:53:47,0 0 0 0 0 1 0 0 0 1
1185,Video Title 1185,literature psychology,52000,,2016-09-20 10:02:25,0 0 0 0 0 1 0 0 0 1
1186,Video Title 1186,literature psychology,33000,,2020-02-28 05:18:29,0 0 0 0 0 1 0 0 0 1
1187,Video Title 1187,literature psychology,48000,,2016-05-25 09:06:32,0 0 0 0 0 1 0 0 0 1
1188,Video Title 1188,literature psychology,31000,,2020-09-12 21:27:19,0 0 0 0 0 1 0 0 0 1
1189,Video Title 1189,literature psychology,46000,,2016-04-05 16:50:10,0 0 0 0 0 1 0 0 0 1
1190,Video Title 1190,literature psychology,37000,,2014-07-13 14:13:15,0 0 0 0 0 1 0 0 0 1
1191,Video Title 1191,literature psychology,43000,,2017-04-22 13:43:17,0 0 0 0 0 1 0 0 0 1
1192,Video Title 1192,literature psychology,45000,,2015-01-04 23:44:01,0 0 0 0 0 1 0 0 0 1
1193,Video Title 1193,literature psychology,54000,,2015-05-19 18:06:43,0 0 0 0 0 1 0 0 0 1
1194,Video Title 1194,literature psychology,60000,,2019-07-04 18:53:05,0 0 0 0 0 1 0 0 0 1
1195,Video Title 1195,literature psychology,59000,,2015-08-02 11:38:17,0 0 0 0 0 1 0 0 0 1
1196,Video Title 1196,literature psychology,50000,,2023-05-08 20:48:42,0 0 0 0 0 1 0 0 0 1
1197,Video Title 1197,literature psychology,58000,,2018-10-05 07:17:19,0 0 0 0 0 1 0 0 0 1
1198,Video Title 1198,literature psychology,50000,,2016-01-01 00:20:36,0 0 0 0 0 1 0 0 0 1
1199,Video Title 1199,literature psychology,60000,,2016-11-16 10:39:55,0 0 0 0 0 1 0 0 0 1
1200,Video Title 1200,literature psychology,39000,,2020-06-17 12:39:27,0 0 0 0 0 1 0 0 0 1
1201,Video Title 1201,music psychology,59000,,2021-09-08 20:18:33,0 0 0 0 0 0 0 1 0 1
1202,Video Title 1202,music psychology,50000,,2019-09-29 14:04:54,0 0 0 0 0 0 0 1 0 1
1203,Video Title 1203,music psychology,47000,,2021-05-22 04:56:21,0 0 0 0 0 0 0 1 0 1
1204,Video Title 1204,music psychology,57000,,2023-05-14 20:14:15,0 0 0 0 0 0 0 1 0 1
1205,Video Title 1205,music psychology,59000,,2023-03-20 08:50:57,0 0 0 0 0 0 0 1 0 1
1206,Video Title 1206,music psychology,43000,,2022-10-28 04:39:34,0 0 0 0 0 0 0 1 0 1
1207,Video Title 1207,music psychology,35000,,2023-05-04 19:37:14,0 0 0 0 0 0 0 1 0 1
1208,Video Title 1208,music psychology,31000,,2023-12-21 16:14:59,0 0 0 0 0 0 0 1 0 1
1209,Video Title 1209,music psychology,42000,,2021-11-18 01:21:04,0 0 0 0 0 0 0 1 0 1
1210,Video Title 1210,music psychology,35000,,2023-05-14 14:55:33,0 0 0 0 0 0 0 1 0 1
1211,Video Title 1211,music psychology,60000,,2022-09-21 20:39:50,0 0 0 0 0 0 0 1 0 1
1212,Video Title 1212,music psychology,39000,,2022-10-08 02:42:05,0 0 0 0 0 0 0 1 0 1
1213,Video Title 1213,music psychology,30000,,2016-12-27 03:09:27,0 0 0 0 0 0 0 1 0 1
1214,Video Title 1214,music psychology,49000,,2015-01-29 15:32:25,0 0 0 0 0 0 0 1 0 1
1215,Video Title 1215,music psychology,40000,,2016-11-06 15:36:02,0 0 0 0 0 0 0 1 0 1
1216,Video Title 1216,music psychology,50000,,2019-06-09 01:07:20,0 0 0 0 0 0 0 1 0 1
1217,Video Title 1217,music psychology,45000,,2022-11-22 19:10:22,0 0 0 0 0 0 0 1 0 1
1218,Video Title 1218,music psychology,34000,,2022-07-06 08:49:59,0 0 0 0 0 0 0 1 0 1
1219,Video Title 1219,music psychology,44000,,2016-09-24 20:31:42,0 0 0 0 0 0 0 1 0 1
1220,Video Title 1220,music psychology,55000,,2015-02-18 03:51:22,0 0 0 0 0 0 0 1 0 1
1221,Video Title 1221,music psychology,35000,,2021-04-24 14:02:41,0 0 0 0 0 0 0 1 0 1
1222,Video Title 1222,music psychology,50000,,2016-07-30 00:24:12,0 0 0 0 0 0 0 1 0 1
1223,Video Title 1223,music psychology,35000,,2014-02-23 09:46:31,0 0 0 0 0 0 0 1 0 1
1224,Video Title 1224,music psychology,40000,,2021-11-28 07:14:50,0 0 0 0 0 0 0 1 0 1
1225,Video Title 1225,music psychology,48000,,2020-09-29 13:32:23,0 0 0 0 0 0 0 1 0 1
1226,Video Title 1226,music psychology,36000,,2015-10-05 13:21:16,0 0 0 0 0 0 0 1 0 1
1227,Video Title 1227,music psychology,57000,,2020-05-22 08:22:46,0 0 0 0 0 0 0 1 0 1
1228,Video Title 1228,music psychology,42000,,2022-04-09 12:18:31,0 0 0 0 0 0 0 1 0 1
1229,Video Title 1229,music psychology,46000,,2017-04-13 22:22:31,0 0 0 0 0 0 0 1 0 1
1230,Video Title 1230,music psychology,42000,,2020-09-10 18:48:45,0 0 0 0 0 0 0 1 0 1
1231,Video Title 1231,music psychology,35000,,2023-10-26 03:37:22,0 0 0 0 0 0 0 1 0 1
1232,Video Title 1232,music psychology,45000,,2017-03-29 03:30:22,0 0 0 0 0 0 0 1 0 1
1233,Video Title 1233,music psychology,37000,,2014-01-27 22:19:06,0 0 0 0 0 0 0 1 0 1
1234,Video Title 1234,music psychology,42000,,2016-05-11 15:39:42,0 0 0 0 0 0 0 1 0 1
1235,Video Title 1235,music psychology,54000,,2016-09-03 12:42:10,0 0 0 0 0 0 0 1 0 1
1236,Video Title 1236,music psychology,40000,,2017-01-09 02:27:20,0 0 0 0 0 0 0 1 0 1
1237,Video Title 1237,music psychology,53000,,2019-09-25 00:03:20,0 0 0 0 0 0 0 1 0 1
1238,Video Title 1238,music psychology,38000,,2020-07-15 22:39:46,0 0 0 0 0 0 0 1 0 1
1239,Video Title 1239,music psychology,52000,,2016-05-14 12:06:20,0 0 0 0 0 0 0 1 0 1
1240,Video Title 1240,music psychology,51000,,2015-03-10 12:29:48,0 0 0 0 0 0 0 1 0 1
1241,Video Title 1241,music psychology,39000,,2015-08-08 23:11:38,0 0 0 0 0 0 0 1 0 1
1242,Video Title 1242,music psychology,51000,,2019-01-11 04:47:35,0 0 0 0 0 0 0 1 0 1
1243,Video Title 1243,music psychology,58000,,2022-11-17 11:24:13,0 0 0 0 0 0 0 1 0 1
1244,Video Title 1244,music psychology,54000,,2017-02-11 01:40:05,0 0 0 0 0 0 0 1 0 1
1245,Video Title 1245,music psychology,33000,,2020-05-22 07:06:43,0 0 0 0 0 0 0 1 0 1
1246,Video Title 1246,music psychology,60000,,2016-12-14 21:17:37,0 0 0 0 0 0 0 1 0 1
1247,Video Title 1247,music psychology,49000,,2016-03-19 02:23:36,0 0 0 0 0 0 0 1 0 1
1248,Video Title 1248,music psychology,60000,,2015-05-05 12:37:31,0 0 0 0 0 0 0 1 0 1
1249,Video Title 1249,music psychology,34000,,2018-07-21 16:07:54,0 0 0 0 0 0 0 1 0 1
1250,Video Title 1250,music psychology,49000,,2017-09-27 17:32:10,0 0 0 0 0 0 0 1 0 1
1251,Video Title 1251,music psychology,52000,,2019-06-30 16:56:34,0 0 0 0 0 0 0 1 0 1
1252,Video Title 1252,music psychology,45000,,2021-07-29 07:54:21,0 0 0 0 0 0 0 1 0 1
1253,Video Title 1253,music psychology,55000,,2020-08-22 22:40:22,0 0 0 0 0 0 0 1 0 1
1254,Video Title 1254,music psychology,36000,,2021-08-14 18:54:09,0 0 0 0 0 0 0 1 0 1
1255,Video Title 1255,music psychology,51000,,2021-07-19 19:11:04,0 0 0 0 0 0 0 1 0 1
1256,Video Title 1256,music psychology,57000,,2021-11-15 21:40:20,0 0 0 0 0 0 0 1 0 1
1257,Video Title 1257,music psychology,46000,,2018-06-21 15:07:22,0 0 0 0 0 0 0 1 0 1
1258,Video Title 1258,music psychology,52000,,2017-08-15 12:21:16,0 0 0 0 0 0 0 1 0 1
1259,Video Title 1259,music psychology,59000,,2019-08-24 05:10:48,0 0 0 0 0 0 0 1 0 1
1260,Video Title 1260,music psychology,31000,,2022-04-16 00:36:25,0 0 0 0 0 0 0 1 0 1
1261,Video Title 1261,music psychology,58000,,2019-01-22 00:39:58,0 0 0 0 0 0 0 1 0 1
1262,Video Title 1262,music psychology,48000,,2019-05-15 19:25:47,0 0 0 0 0 0 0 1 0 1
1263,Video Title 1263,music psychology,35000,,2017-04-14 15:06:18,0 0 0 0 0 0 0 1 0 1
1264,Video Title 1264,music psychology,46000,,2018-06-03 17:13:56,0 0 0 0 0 0 0 1 0 1
1265,Video Title 1265,music psychology,51000,,2016-01-22 17:10:12,0 0 0 0 0 0 0 1 0 1
1266,Video Title 1266,music psychology,48000,,2018-11-22 05:19:47,0 0 0 0 0 0 0 1 0 1
1267,Video Title 1267,music psychology,58000,,2019-02-08 20:52:51,0 0 0 0 0 0 0 1 0 1
1268,Video Title 1268,music psychology,55000,,2014-07-25 01:41:47,0 0 0 0 0 0 0 1 0 1
1269,Video Title 1269,music psychology,34000,,2019-02-19 08:30:39,0 0 0 0 0 0 0 1 0 1
1270,Video Title 1270,music psychology,44000,,2019-08-23 06:37:11,0 0 0 0 0 0 0 1 0 1
1271,Video Title 1271,music psychology,47000,,2018-08-17 16:20:22,0 0 0 0 0 0 0 1 0 1
1272,Video Title 1272,music psychology,55000,,2017-01-31 19:39:13,0 0 0 0 0 0 0 1 0 1
1273,Video Title 1273,music psychology,30000,,2017-12-18 05:06:25,0 0 0 0 0 0 0 1 0 1
1274,Video Title 1274,music psychology,56000,,2014-01-14 00:09:19,0 0 0 0 0 0 0 1 0 1
1275,Video Title 1275,music psychology,36000,,2019-10-14 20:04:00,0 0 0 0 0 0 0 1 0 1
1276,Video Title 1276,music psychology,31000,,2018-03-29 11:53:27,0 0 0 0 0 0 0 1 0 1
1277,Video Title 1277,music psychology,52000,,2014-08-23 17:22:05,0 0 0 0 0 0 0 1 0 1
1278,Video Title 1278,music psychology,31000,,2023-05-07 05:27:11,0 0 0 0 0 0 0 1 0 1
1279,Video Title 1279,music psychology,32000,,2023-11-11 09:37:22,0 0 0 0 0 0 0 1 0 1
1280,Video Title 1280,music psychology,45000,,2014-04-28 19:58:28,0 0 0 0 0 0 0 1 0 1
1281,Video Title 1281,music psychology,43000,,2015-10-21 22:21:51,0 0 0 0 0 0 0 1 0 1
1282,Video Title 1282,music psychology,34000,,2021-08-29 06:30:18,0 0 0 0 0 0 0 1 0 1
1283,Video Title 1283,music psychology,53000,,2020-06-17 11:09:34,0 0 0 0 0 0 0 1 0 1
1284,Video Title 1284,music psychology,43000,,2017-09-30 18:46:35,0 0 0 0 0 0 0 1 0 1
1285,Video Title 1285,music psychology,58000,,2017-10-30 01:12:52,0 0 0 0 0 0 0 1 0 1
1286,Video Title 1286,music psychology,57000,,2023-03-04 11:16:50,0 0 0 0 0 0 0 1 0 1
1287,Video Title 1287,music psychology,42000,,2017-10-05 02:32:55,0 0 0 0 0 0 0 1 0 1
1288,Video Title 1288,music psychology,51000,,2023-08-23 03:02:50,0 0 0 0 0 0 0 1 0 1
1289,Video Title 1289,music psychology,57000,,2019-05-25 10:42:11,0 0 0 0 0 0 0 1 0 1
1290,Video Title 1290,music psychology,50000,,2022-08-09 01:06:16,0 0 0 0 0 0 0 1 0 1
1291,Video Title 1291,music psychology,33000,,2015-10-16 10:17:23,0 0 0 0 0 0 0 1 0 1
1292,Video Title 1292,music psychology,47000,,2017-12-07 15:56:10,0 0 0 0 0 0 0 1 0 1
1293,Video Title 1293,music psychology,34000,,2021-04-12 16:22:23,0 0 0 0 0 0 0 1 0 1
1294,Video Title 1294,music psychology,37000,,2022-05-08 02:22:23,0 0 0 0 0 0 0 1 0 1
1295,Video Title 1295,music psychology,54000,,2014-03-26 23:36:52,0 0 0 0 0 0 0 1 0 1
1296,Video Title 1296,music psychology,39000,,2018-08-19 23:08:30,0 0 0 0 0 0 0 1 0 1
1297,Video Title 1297,music psychology,53000,,2019-06-13 05:24:42,0 0 0 0 0 0 0 1 0 1
1298,Video Title 1298,music psychology,47000,,2017-10-18 08:37:06,0 0 0 0 0 0 0 1 0 1
1299,Video Title 1299,music psychology,37000,,2016-06-24 10:03:16,0 0 0 0 0 0 0 1 0 1
1300,Video Title 1300,music psychology,41000,,2015-07-23 04:37:56,0 0 0 0 0 0 0 1 0 1
1301,Video Title 1301,arts literature music,36000,,2023-05-17 13:08:51,1 0 0 0 0 1 0 1 0 0
1302,Video Title 1302,arts literature music,53000,,2021-08-28 00:55:04,1 0 0 0 0 1 0 1 0 0
1303,Video Title 1303,arts literature music,31000,,2022-02-04 14:17:19,1 0 0 0 0 1 0 1 0 0
1304,Video Title 1304,arts literature music,43000,,2020-02-25 11:16:22,1 0 0 0 0 1 0 1 0 0
1305,Video Title 1305,arts literature music,59000,,2022-11-02 17:04:48,1 0 0 0 0 1 0 1 0 0
1306,Video Title 1306,arts literature music,30000,,2016-05-30 10:22:02,1 0 0 0 0 1 0 1 0 0
1307,Video Title 1307,arts literature music,32000,,2015-01-06 06:33:07,1 0 0 0 0 1 0 1 0 0
1308,Video Title 1308,arts literature music,31000,,2018-06-20 12:14:14,1 0 0 0 0 1 0 1 0 0
1309,Video Title 1309,arts literature music,51000,,2021-01-12 23:52:37,1 0 0 0 0 1 0 1 0 0
1310,Video Title 1310,arts literature music,31000,,2016-06-14 06:42:41,1 0 0 0 0 1 0 1 0 0
1311,Video Title 1311,arts literature music,31000,,2018-01-10 06:26:41,1 0 0 0 0 1 0 1 0 0
1312,Video Title 1312,arts literature music,37000,,2019-05-27 02:57:33,1 0 0 0 0 1 0 1 0 0
1313,Video Title 1313,arts literature music,54000,,2022-08-21 14:46:09,1 0 0 0 0 1 0 1 0 0
1314,Video Title 1314,arts literature music,31000,,2015-05-29 11:52:34,1 0 0 0 0 1 0 1 0 0
1315,Video Title 1315,arts literature music,39000,,2016-05-06 16:32:56,1 0 0 0 0 1 0 1 0 0
1316,Video Title 1316,arts literature music,59000,,2021-04-26 00:55:53,1 0 0 0 0 1 0 1 0 0
1317,Video Title 1317,arts literature music,40000,,2019-10-11 18:47:37,1 0 0 0 0 1 0 1 0 0
1318,Video Title 1318,arts literature music,54000,,2020-09-22 17:47:40,1 0 0 0 0 1 0 1 0 0
1319,Video Title 1319,arts literature music,40000,,2016-05-16 16:47:36,1 0 0 0 0 1 0 1 0 0
1320,Video Title 1320,arts literature music,58000,,2015-06-09 21:36:50,1 0 0 0 0 1 0 1 0 0
1321,Video Title 1321,arts literature music,51000,,2019-03-20 13:35:32,1 0 0 0 0 1 0 1 0 0
1322,Video Title 1322,arts literature music,43000,,2017-01-03 19:53:00,1 0 0 0 0 1 0 1 0 0
1323,Video Title 1323,arts literature music,31000,,2019-07-28 00:30:25,1 0 0 0 0 1 0 1 0 0
1324,Video Title 1324,arts literature music,48000,,2022-10-18 22:56:12,1 0 0 0 0 1 0 1 0 0
1325,Video Title 1325,arts literature music,59000,,2015-10-04 05:40:02,1 0 0 0 0 1 0 1 0 0
1326,Video Title 1326,arts literature music,51000,,2018-04-11 06:46:15,1 0 0 0 0 1 0 1 0 0
1327,Video Title 1327,arts literature music,45000,,2014-06-23 03:02:48,1 0 0 0 0 1 0 1 0 0
1328,Video Title 1328,arts literature music,41000,,2023-06-01 18:58:10,1 0 0 0 0 1 0 1 0 0
1329,Video Title 1329,arts literature music,51000,,2017-10-25 05:08:44,1 0 0 0 0 1 0 1 0 0
1330,Video Title 1330,arts literature music,46000,,2017-03-11 09:08:18,1 0 0 0 0 1 0 1 0 0
1331,Video Title 1331,arts literature music,43000,,2018-02-01 03:30:14,1 0 0 0 0 1 0 1 0 0
1332,Video Title 1332,arts literature music,39000,,2017-10-08 01:54:45,1 0 0 0 0 1 0 1 0 0
1333,Video Title 1333,arts literature music,54000,,2019-05-20 10:30:57,1 0 0 0 0 1 0 1 0 0
1334,Video Title 1334,arts literature music,37000,,2022-06-30 02:15:56,1 0 0 0 0 1 0 1 0 0
1335,Video Title 1335,arts literature music,39000,,2022-07-30 00:36:44,1 0 0 0 0 1 0 1 0 0
1336,Video Title 1336,arts literature music,34000,,2022-01-22 01:59:29,1 0 0 0 0 1 0 1 0 0
1337,Video Title 1337,arts literature music,59000,,2014-08-01 07:51:23,1 0 0 0 0 1 0 1 0 0
1338,Video Title 1338,arts literature music,43000,,2023-09-05 10:04:12,1 0 0 0 0 1 0 1 0 0
1339,Video Title 1339,arts literature music,47000,,2019-04-21 11:16:58,1 0 0 0 0 1 0 1 0 0
1340,Video Title 1340,arts literature music,42000,,2016-06-07 10:24:21,1 0 0 0 0 1 0 1 0 0
1341,Video Title 1341,arts literature music,36000,,2017-04-22 11:02:17,1 0 0 0 0 1 0 1 0 0
1342,Video Title 1342,arts literature music,32000,,2023-03-23 03:00:24,1 0 0 0 0 1 0 1 0 0
1343,Video Title 1343,arts literature music,57000,,2017-09-18 10:23:18,1 0 0 0 0 1 0 1 0 0
1344,Video Title 1344,arts literature music,47000,,2021-03-31 17:37:14,1 0 0 0 0 1 0 1 0 0
1345,Video Title 1345,arts literature music,36000,,2014-07-10 02:36:31,1 0 0 0 0 1 0 1 0 0
1346,Video Title 1346,arts literature music,42000,,2020-09-26 21:39:36,1 0 0 0 0 1 0 1 0 0
1347,Video Title 1347,arts literature music,49000,,2014-05-27 08:21:56,1 0 0 0 0 1 0 1 0 0
1348,Video Title 1348,arts literature music,32000,,2015-11-20 19:06:16,1 0 0 0 0 1 0 1 0 0
1349,Video Title 1349,arts literature music,54000,,2019-11-17 16:19:52,1 0 0 0 0 1 0 1 0 0
1350,Video Title 1350,arts literature music,51000,,2019-08-04 19:18:06,1 0 0 0 0 1 0 1 0 0
1351,Video Title 1351,arts literature music,45000,,2016-02-04 10:41:02,1 0 0 0 0 1 0 1 0 0
1352,Video Title 1352,arts literature music,59000,,2017-05-02 07:40:25,1 0 0 0 0 1 0 1 0 0
1353,Video Title 1353,arts literature music,60000,,2023-02-02 19:53:18,1 0 0 0 0 1 0 1 0 0
1354,Video Title 1354,arts literature music,36000,,2023-05-16 15:11:42,1 0 0 0 0 1 0 1 0 0
1355,Video Title 1355,arts literature music,60000,,2021-06-01 09:13:40,1 0 0 0 0 1 0 1 0 0
1356,Video Title 1356,arts literature music,53000,,2023-12-30 10:30:28,1 0 0 0 0 1 0 1 0 0
1357,Video Title 1357,arts literature music,45000,,2023-02-22 17:03:27,1 0 0 0 0 1 0 1 0 0
1358,Video Title 1358,arts literature music,52000,,2020-01-18 01:34:27,1 0 0 0 0 1 0 1 0 0
1359,Video Title 1359,arts literature music,36000,,2017-12-20 16:58:06,1 0 0 0 0 1 0 1 0 0
1360,Video Title 1360,arts literature music,37000,,2019-07-11 02:08:45,1 0 0 0 0 1 0 1 0 0
1361,Video Title 1361,arts literature music,54000,,2016-11-01 03:59:08,1 0 0 0 0 1 0 1 0 0
1362,Video Title 1362,arts literature music,44000,,2019-05-04 19:45:04,1 0 0 0 0 1 0 1 0 0
1363,Video Title 1363,arts literature music,41000,,2017-02-01 17:47:31,1 0 0 0 0 1 0 1 0 0
1364,Video Title 1364,arts literature music,41000,,2019-02-17 18:43:44,1 0 0 0 0 1 0 1 0 0
1365,Video Title 1365,arts literature music,45000,,2018-08-30 21:57:22,1 0 0 0 0 1 0 1 0 0
1366,Video Title 1366,arts literature music,55000,,2023-10-24 19:29:48,1 0 0 0 0 1 0 1 0 0
1367,Video Title 1367,arts literature music,45000,,2021-08-13 22:41:51,1 0 0 0 0 1 0 1 0 0
1368,Video Title 1368,arts literature music,40000,,2023-02-22 07:21:06,1 0 0 0 0 1 0 1 0 0
1369,Video Title 1369,arts literature music,41000,,2017-02-18 03:58:07,1 0 0 0 0 1 0 1 0 0
1370,Video Title 1370,arts literature music,31000,,2019-08-18 05:09:58,1 0 0 0 0 1 0 1 0 0
1371,Video Title 1371,arts literature music,37000,,2021-05-31 13:42:30,1 0 0 0 0 1 0 1 0 0
1372,Video Title 1372,arts literature music,30000,,2016-08-11 19:48:43,1 0 0 0 0 1 0 1 0 0
1373,Video Title 1373,arts literature music,59000,,2019-11-04 17:11:39,1 0 0 0 0 1 0 1 0 0
1374,Video Title 1374,arts literature music,53000,,2018-03-07 03:50:21,1 0 0 0 0 1 0 1 0 0
1375,Video Title 1375,arts literature music,34000,,2015-12-20 02:24:00,1 0 0 0 0 1 0 1 0 0
1376,Video Title 1376,arts literature music,37000,,2017-10-20 09:57:51,1 0 0 0 0 1 0 1 0 0
1377,Video Title 1377,arts literature music,56000,,2016-06-17 21:56:57,1 0 0 0 0 1 0 1 0 0
1378,Video Title 1378,arts literature music,47000,,2020-07-19 07:39:28,1 0 0 0 0 1 0 1 0 0
1379,Video Title 1379,arts literature music,51000,,2017-05-19 02:37:52,1 0 0 0 0 1 0 1 0 0
1380,Video Title 1380,arts literature music,54000,,2022-03-20 19:27:14,1 0 0 0 0 1 0 1 0 0
1381,Video Title 1381,arts literature music,60000,,2021-03-27 23:40:33,1 0 0 0 0 1 0 1 0 0
1382,Video Title 1382,arts literature music,53000,,2018-11-28 16:10:22,1 0 0 0 0 1 0 1 0 0
1383,Video Title 1383,arts literature music,35000,,2021-04-30 14:50:52,1 0 0 0 0 1 0 1 0 0
1384,Video Title 1384,arts literature music,41000,,2015-09-12 19:40:34,1 0 0 0 0 1 0 1 0 0
1385,Video Title 1385,arts literature music,53000,,2019-06-20 21:27:30,1 0 0 0 0 1 0 1 0 0
1386,Video Title 1386,arts literature music,35000,,2023-03-03 16:23:11,1 0 0 0 0 1 0 1 0 0
1387,Video Title 1387,arts literature music,47000,,2023-11-26 16:20:31,1 0 0 0 0 1 0 1 0 0
1388,Video Title 1388,arts literature music,60000,,2014-08-05 08:55:39,1 0 0 0 0 1 0 1 0 0
1389,Video Title 1389,arts literature music,31000,,2022-05-23 14:24:00,1 0 0 0 0 1 0 1 0 0
1390,Video Title 1390,arts literature music,32000,,2023-06-14 22:28:42,1 0 0 0 0 1 0 1 0 0
1391,Video Title 1391,arts literature music,51000,,2014-06-29 01:51:39,1 0 0 0 0 1 0 1 0 0
1392,Video Title 1392,arts literature music,30000,,2018-02-16 05:33:31,1 0 0 0 0 1 0 1 0 0
1393,Video Title 1393,arts literature music,56000,,2020-04-23 01:27:51,1 0 0 0 0 1 0 1 0 0
1394,Video Title 1394,arts literature music,32000,,2021-01-27 04:03:13,1 0 0 0 0 1 0 1 0 0
1395,Video Title 1395,arts literature music,30000,,2016-03-11 07:50:35,1 0 0 0 0 1 0 1 0 0
1396,Video Title 1396,arts literature music,44000,,2017-09-26 04:22:50,1 0 0 0 0 1 0 1 0 0
1397,Video Title 1397,arts literature music,49000,,2020-05-18 17:01:28,1 0 0 0 0 1 0 1 0 0
1398,Video Title 1398,arts literature music,59000,,2020-03-02 07:05:45,1 0 0 0 0 1 0 1 0 0
1399,Video Title 1399,arts literature music,45000,,2020-08-05 09:18:30,1 0 0 0 0 1 0 1 0 0
1400,Video Title 1400,arts literature music,30000,,2014-01-27 03:14:32,1 0 0 0 0 1 0 1 0 0
1401,Video Title 1401,arts literature psychology,47000,,2018-02-12 09:15:11,1 0 0 0 0 1 0 0 0 1
1402,Video Title 1402,arts literature psychology,30000,,2019-04-19 08:59:09,1 0 0 0 0 1 0 0 0 1
1403,Video Title 1403,arts literature psychology,38000,,2019-05-12 10:39:28,1 0 0 0 0 1 0 0 0 1
1404,Video Title 1404,arts literature psychology,39000,,2014-03-06 13:41:29,1 0 0 0 0 1 0 0 0 1
1405,Video Title 1405,arts literature psychology,56000,,2020-12-24 04:27:18,1 0 0 0 0 1 0 0 0 1
1406,Video Title 1406,arts literature psychology,43000,,2022-01-23 12:17:25,1 0 0 0 0 1 0 0 0 1
1407,Video Title 1407,arts literature psychology,59000,,2015-10-19 07:46:30,1 0 0 0 0 1 0 0 0 1
1408,Video Title 1408,arts literature psychology,59000,,2014-12-20 13:05:48,1 0 0 0 0 1 0 0 0 1
1409,Video Title 1409,arts literature psychology,34000,,2016-05-31 12:52:10,1 0 0 0 0 1 0 0 0 1
1410,Video Title 1410,arts literature psychology,49000,,2019-04-08 13:32:39,1 0 0 0 0 1 0 0 0 1
1411,Video Title 1411,arts literature psychology,56000,,2017-07-19 17:02:25,1 0 0 0 0 1 0 0 0 1
1412,Video Title 1412,arts literature psychology,55000,,2017-12-21 16:07:35,1 0 0 0 0 1 0 0 0 1
1413,Video Title 1413,arts literature psychology,41000,,2023-08-05 10:29:12,1 0 0 0 0 1 0 0 0 1
1414,Video Title 1414,arts literature psychology,44000,,2019-08-27 06:11:28,1 0 0 0 0 1 0 0 0 1
1415,Video Title 1415,arts literature psychology,52000,,2016-04-06 09:05:43,1 0 0 0 0 1 0 0 0 1
1416,Video Title 1416,arts literature psychology,51000,,2022-04-13 10:14:17,1 0 0 0 0 1 0 0 0 1
1417,Video Title 1417,arts literature psychology,32000,,2020-07-16 03:14:56,1 0 0 0 0 1 0 0 0 1
1418,Video Title 1418,arts literature psychology,57000,,2020-07-02 02:45:14,1 0 0 0 0 1 0 0 0 1
1419,Video Title 1419,arts literature psychology,31000,,2014-12-10 06:38:39,1 0 0 0 0 1 0 0 0 1
1420,Video Title 1420,arts literature psychology,42000,,2017-10-10 16:03:15,1 0 0 0 0 1 0 0 0 1
1421,Video Title 1421,arts literature psychology,45000,,2014-07-26 19:40:07,1 0 0 0 0 1 0 0 0 1
1422,Video Title 1422,arts literature psychology,30000,,2021-01-11 09:14:06,1 0 0 0 0 1 0 0 0 1
1423,Video Title 1423,arts literature psychology,32000,,2019-01-01 11:35:42,1 0 0 0 0 1 0 0 0 1
1424,Video Title 1424,arts literature psychology,43000,,2020-06-13 21:52:27,1 0 0 0 0 1 0 0 0 1
1425,Video Title 1425,arts literature psychology,40000,,2019-08-30 09:02:26,1 0 0 0 0 1 0 0 0 1
1426,Video Title 1426,arts literature psychology,57000,,2023-09-27 12:21:42,1 0 0 0 0 1 0 0 0 1
1427,Video Title 1427,arts literature psychology,58000,,2019-04-14 18:44:40,1 0 0 0 0 1 0 0 0 1
1428,Video Title 1428,arts literature psychology,31000,,2016-04-20 15:32:42,1 0 0 0 0 1 0 0 0 1
1429,Video Title 1429,arts literature psychology,58000,,2022-09-06 15:02:22,1 0 0 0 0 1 0 0 0 1
1430,Video Title 1430,arts literature psychology,58000,,2019-09-02 18:17:28,1 0 0 0 0 1 0 0 0 1
1431,Video Title 1431,arts literature psychology,38000,,2014-06-21 22:49:43,1 0 0 0 0 1 0 0 0 1
1432,Video Title 1432,arts literature psychology,32000,,2020-11-05 03:57:28,1 0 0 0 0 1 0 0 0 1
1433,Video Title 1433,arts literature psychology,38000,,2022-12-29 11:42:02,1 0 0 0 0 1 0 0 0 1
1434,Video Title 1434,arts literature psychology,48000,,2020-08-01 02:22:10,1 0 0 0 0 1 0 0 0 1
1435,Video Title 1435,arts literature psychology,35000,,2023-04-15 23:55:59,1 0 0 0 0 1 0 0 0 1
1436,Video Title 1436,arts literature psychology,40000,,2014-03-01 03:38:56,1 0 0 0 0 1 0 0 0 1
1437,Video Title 1437,arts literature psychology,36000,,2019-11-15 16:21:45,1 0 0 0 0 1 0 0 0 1
1438,Video Title 1438,arts literature psychology,54000,,2022-03-17 12:30:32,1 0 0 0 0 1 0 0 0 1
1439,Video Title 1439,arts literature psychology,56000,,2017-12-26 18:43:52,1 0 0 0 0 1 0 0 0 1
1440,Video Title 1440,arts literature psychology,32000,,2016-12-30 08:39:19,1 0 0 0 0 1 0 0 0 1
1441,Video Title 1441,arts literature psychology,48000,,2016-05-29 17:21:51,1 0 0 0 0 1 0 0 0 1
1442,Video Title 1442,arts literature psychology,56000,,2022-06-30 11:09:23,1 0 0 0 0 1 0 0 0 1
1443,Video Title 1443,arts literature psychology,51000,,2022-12-19 07:39:25,1 0 0 0 0 1 0 0 0 1
1444,Video Title 1444,arts literature psychology,40000,,2017-11-04 00:55:42,1 0 0 0 0 1 0 0 0 1
1445,Video Title 1445,arts literature psychology,53000,,2015-05-28 19:40:19,1 0 0 0 0 1 0 0 0 1
1446,Video Title 1446,arts literature psychology,52000,,2021-03-30 04:43:43,1 0 0 0 0 1 0 0 0 1
1447,Video Title 1447,arts literature psychology,46000,,2021-06-15 21:59:41,1 0 0 0 0 1 0 0 0 1
1448,Video Title 1448,arts literature psychology,41000,,2014-07-17 23:48:26,1 0 0 0 0 1 0 0 0 1
1449,Video Title 1449,arts literature psychology,43000,,2016-04-29 07:48:53,1 0 0 0 0 1 0 0 0 1
1450,Video Title 1450,arts literature psychology,32000,,2017-05-30 03:55:28,1 0 0 0 0 1 0 0 0 1
1451,Video Title 1451,arts literature psychology,54000,,2020-02-21 14:35:40,1 0 0 0 0 1 0 0 0 1
1452,Video Title 1452,arts literature psychology,49000,,2017-12-20 23:11:13,1 0 0 0 0 1 0 0 0 1
1453,Video Title 1453,arts literature psychology,54000,,2017-04-08 06:35:39,1 0 0 0 0 1 0 0 0 1
1454,Video Title 1454,arts literature psychology,50000,,2016-09-26 15:26:51,1 0 0 0 0 1 0 0 0 1
1455,Video Title 1455,arts literature psychology,44000,,2018-11-28 16:51:45,1 0 0 0 0 1 0 0 0 1
1456,Video Title 1456,arts literature psychology,41000,,2019-07-14 14:06:16,1 0 0 0 0 1 0 0 0 1
1457,Video Title 1457,arts literature psychology,42000,,2018-04-28 05:52:48,1 0 0 0 0 1 0 0 0 1
1458,Video Title 1458,arts literature psychology,51000,,2019-11-11 10:39:38,1 0 0 0 0 1 0 0 0 1
1459,Video Title 1459,arts literature psychology,42000,,2014-11-11 18:48:16,1 0 0 0 0 1 0 0 0 1
1460,Video Title 1460,arts literature psychology,49000,,2016-12-16 03:14:33,1 0 0 0 0 1 0 0 0 1
1461,Video Title 1461,arts literature psychology,37000,,2021-02-17 20:18:26,1 0 0 0 0 1 0 0 0 1
1462,Video Title 1462,arts literature psychology,32000,,2016-09-07 02:20:59,1 0 0 0 0 1 0 0 0 1
1463,Video Title 1463,arts literature psychology,42000,,2021-02-12 14:55:07,1 0 0 0 0 1 0 0 0 1
1464,Video Title 1464,arts literature psychology,50000,,2015-07-20 02:39:20,1 0 0 0 0 1 0 0 0 1
1465,Video Title 1465,arts literature psychology,42000,,2017-03-03 21:00:46,1 0 0 0 0 1 0 0 0 1
1466,Video Title 1466,arts literature psychology,33000,,2014-12-03 01:11:22,1 0 0 0 0 1 0 0 0 1
1467,Video Title 1467,arts literature psychology,60000,,2017-02-01 04:13:44,1 0 0 0 0 1 0 0 0 1
1468,Video Title 1468,arts literature psychology,41000,,2021-08-12 21:57:09,1 0 0 0 0 1 0 0 0 1
1469,Video Title 1469,arts literature psychology,33000,,2015-05-01 15:36:48,1 0 0 0 0 1 0 0 0 1
1470,Video Title 1470,arts literature psychology,35000,,2018-04-25 01:48:20,1 0 0 0 0 1 0 0 0 1
1471,Video Title 1471,arts literature psychology,47000,,2019-07-20 19:13:26,1 0 0 0 0 1 0 0 0 1
1472,Video Title 1472,arts literature psychology,43000,,2015-01-15 00:27:37,1 0 0 0 0 1 0 0 0 1
1473,Video Title 1473,arts literature psychology,32000,,2017-07-17 18:53:29,1 0 0 0 0 1 0 0 0 1
1474,Video Title 1474,arts literature psychology,32000,,2019-12-21 18:35:27,1 0 0 0 0 1 0 0 0 1
1475,Video Title 1475,arts literature psychology,55000,,2017-04-01 04:05:49,1 0 0 0 0 1 0 0 0 1
1476,Video Title 1476,arts literature psychology,42000,,2014-02-17 01:02:16,1 0 0 0 0 1 0 0 0 1
1477,Video Title 1477,arts literature psychology,43000,,2017-11-18 11:14:29,1 0 0 0 0 1 0 0 0 1
1478,Video Title 1478,arts literature psychology,32000,,2021-04-01 16:19:14,1 0 0 0 0 1 0 0 0 1
1479,Video Title 1479,arts literature psychology,47000,,2023-01-20 00:11:00,1 0 0 0 0 1 0 0 0 1
1480,Video Title 1480,arts literature psychology,37000,,2019-09-21 15:44:01,1 0 0 0 0 1 0 0 0 1
1481,Video Title 1481,arts literature psychology,35000,,2020-11-08 09:40:51,1 0 0 0 0 1 0 0 0 1
1482,Video Title 1482,arts literature psychology,35000,,2015-05-24 18:23:20,1 0 0 0 0 1 0 0 0 1
1483,Video Title 1483,arts literature psychology,39000,,2016-09-08 16:26:07,1 0 0 0 0 1 0 0 0 1
1484,Video Title 1484,arts literature psychology,34000,,2014-08-21 22:12:08,1 0 0 0 0 1 0 0 0 1
1485,Video Title 1485,arts literature psychology,43000,,2016-10-06 06:15:35,1 0 0 0 0 1 0 0 0 1
1486,Video Title 1486,arts literature psychology,39000,,2018-11-05 10:39:47,1 0 0 0 0 1 0 0 0 1
1487,Video Title 1487,arts literature psychology,32000,,2017-08-13 02:32:32,1 0 0 0 0 1 0 0 0 1
1488,Video Title 1488,arts literature psychology,60000,,2016-06-21 01:17:23,1 0 0 0 0 1 0 0 0 1
1489,Video Title 1489,arts literature psychology,50000,,2018-12-17 16:17:36,1 0 0 0 0 1 0 0 0 1
1490,Video Title 1490,arts literature psychology,49000,,2015-12-17 18:01:28,1 0 0 0 0 1 0 0 0 1
1491,Video Title 1491,arts literature psychology,33000,,2015-05-12 12:52:56,1 0 0 0 0 1 0 0 0 1
1492,Video Title 1492,arts literature psychology,30000,,2023-06-28 04:56:07,1 0 0 0 0 1 0 0 0 1
1493,Video Title 1493,arts literature psychology,40000,,2022-06-01 21:19:57,1 0 0 0 0 1 0 0 0 1
1494,Video Title 1494,arts literature psychology,42000,,2022-01-15 21:05:53,1 0 0 0 0 1 0 0 0 1
1495,Video Title 1495,arts literature psychology,40000,,2018-05-28 19:31:40,1 0 0 0 0 1 0 0 0 1
1496,Video Title 1496,arts literature psychology,43000,,2022-02-26 11:39:04,1 0 0 0 0 1 0 0 0 1
1497,Video Title 1497,arts literature psychology,57000,,2020-07-06 06:49:43,1 0 0 0 0 1 0 0 0 1
1498,Video Title 1498,arts literature psychology,49000,,2015-05-14 20:30:13,1 0 0 0 0 1 0 0 0 1
1499,Video Title 1499,arts literature psychology,40000,,2020-01-13 17:18:25,1 0 0 0 0 1 0 0 0 1
1500,Video Title 1500,arts literature psychology,52000,,2016-01-06 02:35:25,1 0 0 0 0 1 0 0 0 1
1501,Video Title 1501,arts music psychology,40000,,2015-10-13 09:01:29,1 0 0 0 0 0 0 1 0 1
1502,Video Title 1502,arts music psychology,42000,,2023-09-08 20:19:45,1 0 0 0 0 0 0 1 0 1
1503,Video Title 1503,arts music psychology,39000,,2021-05-08 06:59:39,1 0 0 0 0 0 0 1 0 1
1504,Video Title 1504,arts music psychology,50000,,2018-11-30 04:14:26,1 0 0 0 0 0 0 1 0 1
1505,Video Title 1505,arts music psychology,48000,,2021-10-27 04:57:17,1 0 0 0 0 0 0 1 0 1
1506,Video Title 1506,arts music psychology,40000,,2017-10-06 14:26:40,1 0 0 0 0 0 0 1 0 1
1507,Video Title 1507,arts music psychology,56000,,2021-11-10 09:54:29,1 0 0 0 0 0 0 1 0 1
1508,Video Title 1508,arts music psychology,41000,,2015-02-22 16:34:24,1 0 0 0 0 0 0 1 0 1
1509,Video Title 1509,arts music psychology,48000,,2016-01-02 06:29:03,1 0 0 0 0 0 0 1 0 1
1510,Video Title 1510,arts music psychology,47000,,2015-10-21 17:37:25,1 0 0 0 0 0 0 1 0 1
1511,Video Title 1511,arts music psychology,54000,,2019-07-03 20:41:10,1 0 0 0 0 0 0 1 0 1
1512,Video Title 1512,arts music psychology,60000,,2021-04-10 07:53:26,1 0 0 0 0 0 0 1 0 1
1513,Video Title 1513,arts music psychology,60000,,2021-01-31 12:57:13,1 0 0 0 0 0 0 1 0 1
1514,Video Title 1514,arts music psychology,44000,,2021-12-23 13:15:05,1 0 0 0 0 0 0 1 0 1
1515,Video Title 1515,arts music psychology,56000,,2020-12-05 20:22:13,1 0 0 0 0 0 0 1 0 1
1516,Video Title 1516,arts music psychology,56000,,2022-06-24 10:13:21,1 0 0 0 0 0 0 1 0 1
1517,Video Title 1517,arts music psychology,55000,,2018-02-04 08:48:11,1 0 0 0 0 0 0 1 0 1
1518,Video Title 1518,arts music psychology,45000,,2015-05-26 00:05:28,1 0 0 0 0 0 0 1 0 1
1519,Video Title 1519,arts music psychology,39000,,2016-06-04 09:03:15,1 0 0 0 0 0 0 1 0 1
1520,Video Title 1520,arts music psychology,51000,,2015-07-19 14:56:50,1 0 0 0 0 0 0 1 0 1
1521,Video Title 1521,arts music psychology,43000,,2021-11-22 03:07:28,1 0 0 0 0 0 0 1 0 1
1522,Video Title 1522,arts music psychology,32000,,2018-06-30 02:14:41,1 0 0 0 0 0 0 1 0 1
1523,Video Title 1523,arts music psychology,49000,,2018-10-18 04:57:34,1 0 0 0 0 0 0 1 0 1
1524,Video Title 1524,arts music psychology,42000,,2019-05-07 10:35:03,1 0 0 0 0 0 0 1 0 1
1525,Video Title 1525,arts music psychology,59000,,2023-03-16 10:21:19,1 0 0 0 0 0 0 1 0 1
1526,Video Title 1526,arts music psychology,52000,,2018-03-09 19:08:26,1 0 0 0 0 0 0 1 0 1
1527,Video Title 1527,arts music psychology,31000,,2021-11-28 03:09:08,1 0 0 0 0 0 0 1 0 1
1528,Video Title 1528,arts music psychology,41000,,2021-01-06 23:09:48,1 0 0 0 0 0 0 1 0 1
1529,Video Title 1529,arts music psychology,55000,,2019-05-16 16:57:51,1 0 0 0 0 0 0 1 0 1
1530,Video Title 1530,arts music psychology,50000,,2023-02-22 13:32:57,1 0 0 0 0 0 0 1 0 1
1531,Video Title 1531,arts music psychology,33000,,2021-09-09 16:22:28,1 0 0 0 0 0 0 1 0 1
1532,Video Title 1532,arts music psychology,51000,,2020-08-25 03:11:04,1 0 0 0 0 0 0 1 0 1
1533,Video Title 1533,arts music psychology,35000,,2020-06-21 13:11:12,1 0 0 0 0 0 0 1 0 1
1534,Video Title 1534,arts music psychology,31000,,2019-08-20 18:05:51,1 0 0 0 0 0 0 1 0 1
1535,Video Title 1535,arts music psychology,50000,,2020-10-10 18:32:17,1 0 0 0 0 0 0 1 0 1
1536,Video Title 1536,arts music psychology,42000,,2023-09-01 20:39:19,1 0 0 0 0 0 0 1 0 1
1537,Video Title 1537,arts music psychology,40000,,2023-08-28 20:47:23,1 0 0 0 0 0 0 1 0 1
1538,Video Title 1538,arts music psychology,43000,,2015-01-24 16:44:33,1 0 0 0 0 0 0 1 0 1
1539,Video Title 1539,arts music psychology,33000,,2016-08-04 09:28:52,1 0 0 0 0 0 0 1 0 1
1540,Video Title 1540,arts music psychology,46000,,2021-06-21 00:19:30,1 0 0 0 0 0 0 1 0 1
1541,Video Title 1541,arts music psychology,47000,,2019-10-22 21:24:09,1 0 0 0 0 0 0 1 0 1
1542,Video Title 1542,arts music psychology,48000,,2016-03-19 18:22:48,1 0 0 0 0 0 0 1 0 1
1543,Video Title 1543,arts music psychology,41000,,2017-11-30 15:21:11,1 0 0 0 0 0 0 1 0 1
1544,Video Title 1544,arts music psychology,54000,,2020-10-18 09:03:38,1 0 0 0 0 0 0 1 0 1
1545,Video Title 1545,arts music psychology,52000,,2019-01-03 16:48:08,1 0 0 0 0 0 0 1 0 1
1546,Video Title 1546,arts music psychology,41000,,2023-12-23 14:45:31,1 0 0 0 0 0 0 1 0 1
1547,Video Title 1547,arts music psychology,45000,,2015-01-19 14:31:25,1 0 0 0 0 0 0 1 0 1
1548,Video Title 1548,arts music psychology,43000,,2023-03-16 23:57:53,1 0 0 0 0 0 0 1 0 1
1549,Video Title 1549,arts music psychology,32000,,2015-03-02 15:40:26,1 0 0 0 0 0 0 1 0 1
1550,Video Title 1550,arts music psychology,60000,,2021-04-21 01:12:12,1 0 0 0 0 0 0 1 0 1
1551,Video Title 1551,arts music psychology,41000,,2017-02-14 09:35:38,1 0 0 0 0 0 0 1 0 1
1552,Video Title 1552,arts music psychology,44000,,2021-11-04 14:03:06,1 0 0 0 0 0 0 1 0 1
1553,Video Title 1553,arts music psychology,46000,,2018-10-31 16:19:02,1 0 0 0 0 0 0 1 0 1
1554,Video Title 1554,arts music psychology,45000,,2014-12-25 07:46:39,1 0 0 0 0 0 0 1 0 1
1555,Video Title 1555,arts music psychology,53000,,2020-12-20 04:27:43,1 0 0 0 0 0 0 1 0 1
1556,Video Title 1556,arts music psychology,40000,,2014-09-05 04:28:19,1 0 0 0 0 0 0 1 0 1
1557,Video Title 1557,arts music psychology,31000,,2022-02-07 04:17:17,1 0 0 0 0 0 0 1 0 1
1558,Video Title 1558,arts music psychology,33000,,2014-03-26 10:27:21,1 0 0 0 0 0 0 1 0 1
1559,Video Title 1559,arts music psychology,40000,,2020-06-25 02:09:53,1 0 0 0 0 0 0 1 0 1
1560,Video Title 1560,arts music psychology,51000,,2022-01-01 04:23:27,1 0 0 0 0 0 0 1 0 1
1561,Video Title 1561,arts music psychology,59000,,2023-11-03 05:40:52,1 0 0 0 0 0 0 1 0 1
1562,Video Title 1562,arts music psychology,37000,,2019-03-01 09:03:56,1 0 0 0 0 0 0 1 0 1
1563,Video Title 1563,arts music psychology,47000,,2015-08-10 11:53:17,1 0 0 0 0 0 0 1 0 1
1564,Video Title 1564,arts music psychology,47000,,2018-04-08 05:57:28,1 0 0 0 0 0 0 1 0 1
1565,Video Title 1565,arts music psychology,44000,,2016-04-28 06:32:45,1 0 0 0 0 0 0 1 0 1
1566,Video Title 1566,arts music psychology,42000,,2020-04-19 15:00:14,1 0 0 0 0 0 0 1 0 1
1567,Video Title 1567,arts music psychology,35000,,2020-05-28 17:56:58,1 0 0 0 0 0 0 1 0 1
1568,Video Title 1568,arts music psychology,43000,,2017-12-16 21:00:58,1 0 0 0 0 0 0 1 0 1
1569,Video Title 1569,arts music psychology,53000,,2020-02-22 11:46:03,1 0 0 0 0 0 0 1 0 1
1570,Video Title 1570,arts music psychology,36000,,2018-07-01 22:46:15,1 0 0 0 0 0 0 1 0 1
1571,Video Title 1571,arts music psychology,43000,,2017-11-22 06:00:51,1 0 0 0 0 0 0 1 0 1
1572,Video Title 1572,arts music psychology,52000,,2016-02-26 00:08:19,1 0 0 0 0 0 0 1 0 1
1573,Video Title 1573,arts music psychology,38000,,2021-07-10 23:42:48,1 0 0 0 0 0 0 1 0 1
1574,Video Title 1574,arts music psychology,55000,,2021-12-17 10:18:18,1 0 0 0 0 0 0 1 0 1
1575,Video Title 1575,arts music psychology,48000,,2015-01-09 09:28:46,1 0 0 0 0 0 0 1 0 1
1576,Video Title 1576,arts music psychology,57000,,2019-05-16 15:28:38,1 0 0 0 0 0 0 1 0 1
1577,Video Title 1577,arts music psychology,41000,,2017-04-06 20:16:41,1 0 0 0 0 0 0 1 0 1
1578,Video Title 1578,arts music psychology,44000,,2015-02-22 22:27:19,1 0 0 0 0 0 0 1 0 1
1579,Video Title 1579,arts music psychology,51000,,2022-08-17 14:57:41,1 0 0 0 0 0 0 1 0 1
1580,Video Title 1580,arts music psychology,46000,,2023-08-29 14:16:35,1 0 0 0 0 0 0 1 0 1
1581,Video Title 1581,arts music psychology,40000,,2019-12-21 22:38:40,1 0 0 0 0 0 0 1 0 1
1582,Video Title 1582,arts music psychology,49000,,2017-12-05 18:51:17,1 0 0 0 0 0 0 1 0 1
1583,Video Title 1583,arts music psychology,33000,,2017-06-25 22:11:53,1 0 0 0 0 0 0 1 0 1
1584,Video Title 1584,arts music psychology,57000,,2018-08-01 04:35:14,1 0 0 0 0 0 0 1 0 1
1585,Video Title 1585,arts music psychology,35000,,2022-02-20 03:28:15,1 0 0 0 0 0 0 1 0 1
1586,Video Title 1586,arts music psychology,52000,,2022-01-03 05:43:56,1 0 0 0 0 0 0 1 0 1
1587,Video Title 1587,arts music psychology,59000,,2020-02-23 20:50:36,1 0 0 0 0 0 0 1 0 1
1588,Video Title 1588,arts music psychology,32000,,2020-09-21 04:50:35,1 0 0 0 0 0 0 1 0 1
1589,Video Title 1589,arts music psychology,40000,,2015-03-09 04:40:50,1 0 0 0 0 0 0 1 0 1
1590,Video Title 1590,arts music psychology,39000,,2015-03-05 20:43:26,1 0 0 0 0 0 0 1 0 1
1591,Video Title 1591,arts music psychology,41000,,2020-12-08 01:02:27,1 0 0 0 0 0 0 1 0 1
1592,Video Title 1592,arts music psychology,46000,,2017-11-20 21:22:56,1 0 0 0 0 0 0 1 0 1
1593,Video Title 1593,arts music psychology,49000,,2015-05-21 05:10:31,1 0 0 0 0 0 0 1 0 1
1594,Video Title 1594,arts music psychology,42000,,2018-03-27 02:11:50,1 0 0 0 0 0 0 1 0 1
1595,Video Title 1595,arts music psychology,45000,,2020-05-10 13:56:37,1 0 0 0 0 0 0 1 0 1
1596,Video Title 1596,arts music psychology,52000,,2023-03-11 22:30:11,1 0 0 0 0 0 0 1 0 1
1597,Video Title 1597,arts music psychology,59000,,2023-12-31 15:12:02,1 0 0 0 0 0 0 1 0 1
1598,Video Title 1598,arts music psychology,47000,,2015-09-04 01:25:11,1 0 0 0 0 0 0 1 0 1
1599,Video Title 1599,arts music psychology,39000,,2015-05-30 01:58:35,1 0 0 0 0 0 0 1 0 1
1600,Video Title 1600,arts music psychology,40000,,2022-06-03 05:54:17,1 0 0 0 0 0 0 1 0 1
1601,Video Title 1601,literature music psychology,49000,,2014-07-17 16:20:47,0 0 0 0 0 1 0 1 0 1
1602,Video Title 1602,literature music psychology,41000,,2023-07-09 05:21:17,0 0 0 0 0 1 0 1 0 1
1603,Video Title 1603,literature music psychology,45000,,2015-05-16 08:26:27,0 0 0 0 0 1 0 1 0 1
1604,Video Title 1604,literature music psychology,56000,,2017-11-04 09:30:35,0 0 0 0 0 1 0 1 0 1
1605,Video Title 1605,literature music psychology,47000,,2019-01-21 20:22:13,0 0 0 0 0 1 0 1 0 1
1606,Video Title 1606,literature music psychology,45000,,2018-02-04 08:10:08,0 0 0 0 0 1 0 1 0 1
1607,Video Title 1607,literature music psychology,45000,,2018-02-28 01:13:34,0 0 0 0 0 1 0 1 0 1
1608,Video Title 1608,literature music psychology,56000,,2018-06-11 01:24:45,0 0 0 0 0 1 0 1 0 1
1609,Video Title 1609,literature music psychology,35000,,2014-10-31 17:56:48,0 0 0 0 0 1 0 1 0 1
1610,Video Title 1610,literature music psychology,30000,,2021-12-16 23:09:57,0 0 0 0 0 1 0 1 0 1
1611,Video Title 1611,literature music psychology,37000,,2016-12-04 03:04:33,0 0 0 0 0 1 0 1 0 1
1612,Video Title 1612,literature music psychology,38000,,2016-04-02 16:16:59,0 0 0 0 0 1 0 1 0 1
1613,Video Title 1613,literature music psychology,39000,,2015-09-08 23:06:23,0 0 0 0 0 1 0 1 0 1
1614,Video Title 1614,literature music psychology,44000,,2019-08-29 14:58:49,0 0 0 0 0 1 0 1 0 1
1615,Video Title 1615,literature music psychology,54000,,2021-08-29 14:33:10,0 0 0 0 0 1 0 1 0 1
1616,Video Title 1616,literature music psychology,47000,,2019-02-10 10:36:13,0 0 0 0 0 1 0 1 0 1
1617,Video Title 1617,literature music psychology,48000,,2015-02-23 20:30:09,0 0 0 0 0 1 0 1 0 1
1618,Video Title 1618,literature music psychology,54000,,2019-06-08 08:06:05,0 0 0 0 0 1 0 1 0 1
1619,Video Title 1619,literature music psychology,41000,,2019-06-04 11:00:00,0 0 0 0 0 1 0 1 0 1
1620,Video Title 1620,literature music psychology,54000,,2014-06-03 21:04:54,0 0 0 0 0 1 0 1 0 1
1621,Video Title 1621,literature music psychology,53000,,2018-06-01 23:42:44,0 0 0 0 0 1 0 1 0 1
1622,Video Title 1622,literature music psychology,36000,,2023-11-24 16:21:13,0 0 0 0 0 1 0 1 0 1
1623,Video Title 1623,literature music psychology,33000,,2021-05-12 08:36:35,0 0 0 0 0 1 0 1 0 1
1624,Video Title 1624,literature music psychology,50000,,2021-07-07 09:51:55,0 0 0 0 0 1 0 1 0 1
1625,Video Title 1625,literature music psychology,39000,,2022-10-01 01:20:33,0 0 0 0 0 1 0 1 0 1
1626,Video Title 1626,literature music psychology,31000,,2018-07-02 12:33:11,0 0 0 0 0 1 0 1 0 1
1627,Video Title 1627,literature music psychology,41000,,2022-08-16 00:41:13,0 0 0 0 0 1 0 1 0 1
1628,Video Title 1628,literature music psychology,32000,,2018-05-24 14:31:24,0 0 0 0 0 1 0 1 0 1
1629,Video Title 1629,literature music psychology,33000,,2021-10-04 01:19:57,0 0 0 0 0 1 0 1 0 1
1630,Video Title 1630,literature music psychology,37000,,2016-02-08 01:19:38,0 0 0 0 0 1 0 1 0 1
1631,Video Title 1631,literature music psychology,53000,,2019-11-18 22:08:00,0 0 0 0 0 1 0 1 0 1
1632,Video Title 1632,literature music psychology,41000,,2022-08-11 19:51:56,0 0 0 0 0 1 0 1 0 1
1633,Video Title 1633,literature music psychology,49000,,2020-04-30 14:42:26,0 0 0 0 0 1 0 1 0 1
1634,Video Title 1634,literature music psychology,35000,,2020-02-29 22:50:42,0 0 0 0 0 1 0 1 0 1
1635,Video Title 1635,literature music psychology,55000,,2016-01-27 03:52:54,0 0 0 0 0 1 0 1 0 1
1636,Video Title 1636,literature music psychology,36000,,2022-01-20 20:35:13,0 0 0 0 0 1 0 1 0 1
1637,Video Title 1637,literature music psychology,48000,,2017-07-06 11:26:09,0 0 0 0 0 1 0 1 0 1
1638,Video Title 1638,literature music psychology,38000,,2019-12-21 12:43:59,0 0 0 0 0 1 0 1 0 1
1639,Video Title 1639,literature music psychology,35000,,2017-03-29 08:03:24,0 0 0 0 0 1 0 1 0 1
1640,Video Title 1640,literature music psychology,52000,,2016-12-06 02:47:58,0 0 0 0 0 1 0 1 0 1
1641,Video Title 1641,literature music psychology,48000,,2016-09-04 19:15:09,0 0 0 0 0 1 0 1 0 1
1642,Video Title 1642,literature music psychology,57000,,2019-02-23 14:45:10,0 0 0 0 0 1 0 1 0 1
1643,Video Title 1643,literature music psychology,58000,,2020-10-17 10:37:12,0 0 0 0 0 1 0 1 0 1
1644,Video Title 1644,literature music psychology,33000,,2015-05-12 21:35:17,0 0 0 0 0 1 0 1 0 1
1645,Video Title 1645,literature music psychology,54000,,2021-11-09 18:32:08,0 0 0 0 0 1 0 1 0 1
1646,Video Title 1646,literature music psychology,59000,,2014-08-07 09:26:37,0 0 0 0 0 1 0 1 0 1
1647,Video Title 1647,literature music psychology,38000,,2022-09-02 17:22:08,0 0 0 0 0 1 0 1 0 1
1648,Video Title 1648,literature music psychology,34000,,2021-01-06 04:57:49,0 0 0 0 0 1 0 1 0 1
1649,Video Title 1649,literature music psychology,34000,,2016-07-02 07:43:35,0 0 0 0 0 1 0 1 0 1
1650,Video Title 1650,literature music psychology,52000,,2017-03-23 15:40:18,0 0 0 0 0 1 0 1 0 1
1651,Video Title 1651,literature music psychology,37000,,2021-08-13 09:05:10,0 0 0 0 0 1 0 1 0 1
1652,Video Title 1652,literature music psychology,51000,,2017-12-06 08:35:08,0 0 0 0 0 1 0 1 0 1
1653,Video Title 1653,literature music psychology,34000,,2019-10-11 14:28:34,0 0 0 0 0 1 0 1 0 1
1654,Video Title 1654,literature music psychology,38000,,2020-04-12 12:24:11,0 0 0 0 0 1 0 1 0 1
1655,Video Title 1655,literature music psychology,42000,,2018-07-10 18:28:29,0 0 0 0 0 1 0 1 0 1
1656,Video Title 1656,literature music psychology,50000,,2021-12-12 06:50:24,0 0 0 0 0 1 0 1 0 1
1657,Video Title 1657,literature music psychology,54000,,2014-12-08 19:06:11,0 0 0 0 0 1 0 1 0 1
1658,Video Title 1658,literature music psychology,46000,,2021-07-01 18:41:19,0 0 0 0 0 1 0 1 0 1
1659,Video Title 1659,literature music psychology,52000,,2023-05-13 15:02:36,0 0 0 0 0 1 0 1 0 1
1660,Video Title 1660,literature music psychology,41000,,2018-07-20 15:20:19,0 0 0 0 0 1 0 1 0 1
1661,Video Title 1661,literature music psychology,45000,,2017-04-11 14:32:27,0 0 0 0 0 1 0 1 0 1
1662,Video Title 1662,literature music psychology,30000,,2022-09-09 12:19:12,0 0 0 0 0 1 0 1 0 1
1663,Video Title 1663,literature music psychology,57000,,2021-04-30 10:37:29,0 0 0 0 0 1 0 1 0 1
1664,Video Title 1664,literature music psychology,53000,,2023-09-21 08:21:56,0 0 0 0 0 1 0 1 0 1
1665,Video Title 1665,literature music psychology,50000,,2020-08-23 02:59:55,0 0 0 0 0 1 0 1 0 1
1666,Video Title 1666,literature music psychology,41000,,2022-07-02 21:18:23,0 0 0 0 0 1 0 1 0 1
1667,Video Title 1667,literature music psychology,55000,,2019-05-07 15:34:59,0 0 0 0 0 1 0 1 0 1
1668,Video Title 1668,literature music psychology,36000,,2023-09-06 16:03:49,0 0 0 0 0 1 0 1 0 1
1669,Video Title 1669,literature music psychology,56000,,2016-02-15 06:11:18,0 0 0 0 0 1 0 1 0 1
1670,Video Title 1670,literature music psychology,38000,,2017-03-26 10:59:13,0 0 0 0 0 1 0 1 0 1
1671,Video Title 1671,literature music psychology,39000,,2017-05-19 19:21:05,0 0 0 0 0 1 0 1 0 1
1672,Video Title 1672,literature music psychology,48000,,2015-04-24 16:03:22,0 0 0 0 0 1 0 1 0 1
1673,Video Title 1673,literature music psychology,57000,,2018-11-09 11:36:01,0 0 0 0 0 1 0 1 0 1
1674,Video Title 1674,literature music psychology,40000,,2022-12-10 15:56:52,0 0 0 0 0 1 0 1 0 1
1675,Video Title 1675,literature music psychology,54000,,2014-06-28 16:39:04,0 0 0 0 0 1 0 1 0 1
1676,Video Title 1676,literature music psychology,33000,,2020-04-06 13:19:34,0 0 0 0 0 1 0 1 0 1
1677,Video Title 1677,literature music psychology,56000,,2018-08-07 11:21:44,0 0 0 0 0 1 0 1 0 1
1678,Video Title 1678,literature music psychology,33000,,2023-04-18 10:19:11,0 0 0 0 0 1 0 1 0 1
1679,Video Title 1679,literature music psychology,35000,,2018-06-01 16:38:56,0 0 0 0 0 1 0 1 0 1
1680,Video Title 1680,literature music psychology,30000,,2023-12-02 05:01:46,0 0 0 0 0 1 0 1 0 1
1681,Video Title 1681,literature music psychology,43000,,2016-01-11 11:04:29,0 0 0 0 0 1 0 1 0 1
1682,Video Title 1682,literature music psychology,52000,,2023-02-04 08:04:19,0 0 0 0 0 1 0 1 0 1
1683,Video Title 1683,literature music psychology,58000,,2020-07-02 11:45:16,0 0 0 0 0 1 0 1 0 1
1684,Video Title 1684,literature music psychology,35000,,2022-09-29 15:29:13,0 0 0 0 0 1 0 1 0 1
1685,Video Title 1685,literature music psychology,58000,,2016-09-29 04:06:16,0 0 0 0 0 1 0 1 0 1
1686,Video Title 1686,literature music psychology,50000,,2017-08-10 14:08:22,0 0 0 0 0 1 0 1 0 1
1687,Video Title 1687,literature music psychology,32000,,2017-09-21 05:30:50,0 0 0 0 0 1 0 1 0 1
1688,Video Title 1688,literature music psychology,58000,,2020-06-28 12:37:18,0 0 0 0 0 1 0 1 0 1
1689,Video Title 1689,literature music psychology,31000,,2017-12-19 15:31:16,0 0 0 0 0 1 0 1 0 1
1690,Video Title 1690,literature music psychology,39000,,2021-04-05 20:34:50,0 0 0 0 0 1 0 1 0 1
1691,Video Title 1691,literature music psychology,54000,,2016-05-06 15:00:01,0 0 0 0 0 1 0 1 0 1
1692,Video Title 1692,literature music psychology,50000,,2014-12-01 21:02:55,0 0 0 0 0 1 0 1 0 1
1693,Video Title 1693,literature music psychology,33000,,2014-01-06 23:09:36,0 0 0 0 0 1 0 1 0 1
1694,Video Title 1694,literature music psychology,45000,,2014-10-14 11:25:55,0 0 0 0 0 1 0 1 0 1
1695,Video Title 1695,literature music psychology,48000,,2016-04-07 14:19:10,0 0 0 0 0 1 0 1 0 1
1696,Video Title 1696,literature music psychology,51000,,2018-06-15 11:51:30,0 0 0 0 0 1 0 1 0 1
1697,Video Title 1697,literature music psychology,30000,,2020-12-15 22:18:23,0 0 0 0 0 1 0 1 0 1
1698,Video Title 1698,literature music psychology,56000,,2015-03-19 04:00:56,0 0 0 0 0 1 0 1 0 1
1699,Video Title 1699,literature music psychology,57000,,2018-03-24 10:42:02,0 0 0 0 0 1 0 1 0 1
1700,Video Title 1700,literature music psychology,34000,,2018-10-12 14:32:28,0 0 0 0 0 1 0 1 0 1
1701,Video Title 1701,arts literature music psychology,37000,,2017-11-01 04:55:31,1 0 0 0 0 1 0 1 0 1
1702,Video Title 1702,arts literature music psychology,53000,,2022-01-22 17:49:07,1 0 0 0 0 1 0 1 0 1
1703,Video Title 1703,arts literature music psychology,33000,,2017-02-19 17:35:21,1 0 0 0 0 1 0 1 0 1
1704,Video Title 1704,arts literature music psychology,58000,,2016-12-30 06:46:00,1 0 0 0 0 1 0 1 0 1
1705,Video Title 1705,arts literature music psychology,42000,,2021-09-26 03:08:18,1 0 0 0 0 1 0 1 0 1
1706,Video Title 1706,arts literature music psychology,54000,,2022-09-29 21:57:47,1 0 0 0 0 1 0 1 0 1
1707,Video Title 1707,arts literature music psychology,50000,,2023-12-06 05:33:27,1 0 0 0 0 1 0 1 0 1
1708,Video Title 1708,arts literature music psychology,34000,,2014-09-09 16:51:24,1 0 0 0 0 1 0 1 0 1
1709,Video Title 1709,arts literature music psychology,48000,,2014-02-02 22:23:14,1 0 0 0 0 1 0 1 0 1
1710,Video Title 1710,arts literature music psychology,50000,,2015-08-25 00:36:35,1 0 0 0 0 1 0 1 0 1
1711,Video Title 1711,arts literature music psychology,41000,,2021-03-23 21:02:43,1 0 0 0 0 1 0 1 0 1
1712,Video Title 1712,arts literature music psychology,50000,,2021-06-26 04:21:00,1 0 0 0 0 1 0 1 0 1
1713,Video Title 1713,arts literature music psychology,59000,,2018-02-13 17:47:12,1 0 0 0 0 1 0 1 0 1
1714,Video Title 1714,arts literature music psychology,51000,,2018-06-05 16:49:37,1 0 0 0 0 1 0 1 0 1
1715,Video Title 1715,arts literature music psychology,36000,,2014-11-15 09:52:18,1 0 0 0 0 1 0 1 0 1
1716,Video Title 1716,arts literature music psychology,33000,,2015-05-29 01:09:04,1 0 0 0 0 1 0 1 0 1
1717,Video Title 1717,arts literature music psychology,33000,,2019-11-24 22:40:30,1 0 0 0 0 1 0 1 0 1
1718,Video Title 1718,arts literature music psychology,42000,,2017-07-09 02:31:19,1 0 0 0 0 1 0 1 0 1
1719,Video Title 1719,arts literature music psychology,43000,,2017-02-23 22:31:16,1 0 0 0 0 1 0 1 0 1
1720,Video Title 1720,arts literature music psychology,34000,,2016-06-25 10:05:11,1 0 0 0 0 1 0 1 0 1
1721,Video Title 1721,arts literature music psychology,50000,,2014-11-06 12:11:15,1 0 0 0 0 1 0 1 0 1
1722,Video Title 1722,arts literature music psychology,47000,,2020-01-05 15:31:04,1 0 0 0 0 1 0 1 0 1
1723,Video Title 1723,arts literature music psychology,53000,,2020-01-29 17:09:19,1 0 0 0 0 1 0 1 0 1
1724,Video Title 1724,arts literature music psychology,54000,,2023-05-31 16:03:42,1 0 0 0 0 1 0 1 0 1
1725,Video Title 1725,arts literature music psychology,30000,,2022-06-24 19:20:54,1 0 0 0 0 1 0 1 0 1
1726,Video Title 1726,arts literature music psychology,51000,,2022-10-04 18:27:42,1 0 0 0 0 1 0 1 0 1
1727,Video Title 1727,arts literature music psychology,36000,,2019-03-07 18:49:24,1 0 0 0 0 1 0 1 0 1
1728,Video Title 1728,arts literature music psychology,46000,,2015-11-22 13:26:07,1 0 0 0 0 1 0 1 0 1
1729,Video Title 1729,arts literature music psychology,42000,,2016-12-16 17:29:01,1 0 0 0 0 1 0 1 0 1
1730,Video Title 1730,arts literature music psychology,31000,,2021-11-02 21:01:12,1 0 0 0 0 1 0 1 0 1
1731,Video Title 1731,arts literature music psychology,55000,,2023-07-19 13:13:27,1 0 0 0 0 1 0 1 0 1
1732,Video Title 1732,arts literature music psychology,45000,,2017-11-11 11:34:34,1 0 0 0 0 1 0 1 0 1
1733,Video Title 1733,arts literature music psychology,37000,,2018-12-31 11:25:50,1 0 0 0 0 1 0 1 0 1
1734,Video Title 1734,arts literature music psychology,49000,,2014-09-19 04:39:04,1 0 0 0 0 1 0 1 0 1
1735,Video Title 1735,arts literature music psychology,58000,,2023-10-11 14:15:09,1 0 0 0 0 1 0 1 0 1
1736,Video Title 1736,arts literature music psychology,41000,,2023-05-04 19:46:39,1 0 0 0 0 1 0 1 0 1
1737,Video Title 1737,arts literature music psychology,34000,,2017-11-14 23:01:50,1 0 0 0 0 1 0 1 0 1
1738,Video Title 1738,arts literature music psychology,56000,,2019-09-08 14:07:19,1 0 0 0 0 1 0 1 0 1
1739,Video Title 1739,arts literature music psychology,41000,,2019-06-20 04:48:17,1 0 0 0 0 1 0 1 0 1
1740,Video Title 1740,arts literature music psychology,35000,,2021-08-17 22:47:31,1 0 0 0 0 1 0 1 0 1
1741,Video Title 1741,arts literature music psychology,60000,,2023-11-15 21:17:05,1 0 0 0 0 1 0 1 0 1
1742,Video Title 1742,arts literature music psychology,32000,,2014-03-04 21:59:29,1 0 0 0 0 1 0 1 0 1
1743,Video Title 1743,arts literature music psychology,32000,,2014-02-22 08:18:14,1 0 0 0 0 1 0 1 0 1
1744,Video Title 1744,arts literature music psychology,36000,,2014-05-28 08:49:59,1 0 0 0 0 1 0 1 0 1
1745,Video Title 1745,arts literature music psychology,31000,,2023-06-27 16:22:03,1 0 0 0 0 1 0 1 0 1
1746,Video Title 1746,arts literature music psychology,42000,,2019-01-26 03:05:20,1 0 0 0 0 1 0 1 0 1
1747,Video Title 1747,arts literature music psychology,50000,,2021-02-16 02:18:25,1 0 0 0 0 1 0 1 0 1
1748,Video Title 1748,arts literature music psychology,54000,,2018-02-27 07:50:33,1 0 0 0 0 1 0 1 0 1
1749,Video Title 1749,arts literature music psychology,52000,,2018-01-10 07:30:04,1 0 0 0 0 1 0 1 0 1
1750,Video Title 1750,arts literature music psychology,50000,,2019-05-15 11:04:40,1 0 0 0 0 1 0 1 0 1
1751,Video Title 1751,arts literature music psychology,49000,,2015-07-14 06:48:24,1 0 0 0 0 1 0 1 0 1
1752,Video Title 1752,arts literature music psychology,32000,,2017-02-07 03:50:35,1 0 0 0 0 1 0 1 0 1
1753,Video Title 1753,arts literature music psychology,46000,,2023-03-18 09:01:03,1 0 0 0 0 1 0 1 0 1
1754,Video Title 1754,arts literature music psychology,55000,,2015-07-24 03:02:12,1 0 0 0 0 1 0 1 0 1
1755,Video Title 1755,arts literature music psychology,40000,,2017-11-29 04:04:46,1 0 0 0 0 1 0 1 0 1
1756,Video Title 1756,arts literature music psychology,50000,,2021-08-19 18:26:01,1 0 0 0 0 1 0 1 0 1
1757,Video Title 1757,arts literature music psychology,50000,,2020-10-23 20:28:40,1 0 0 0 0 1 0 1 0 1
1758,Video Title 1758,arts literature music psychology,32000,,2017-02-08 02:50:51,1 0 0 0 0 1 0 1 0 1
1759,Video Title 1759,arts literature music psychology,43000,,2021-04-20 08:21:13,1 0 0 0 0 1 0 1 0 1
1760,Video Title 1760,arts literature music psychology,57000,,2016-05-23 00:38:06,1 0 0 0 0 1 0 1 0 1
1761,Video Title 1761,arts literature music psychology,37000,,2014-11-13 16:14:28,1 0 0 0 0 1 0 1 0 1
1762,Video Title 1762,arts literature music psychology,43000,,2015-03-02 08:25:28,1 0 0 0 0 1 0 1 0 1
1763,Video Title 1763,arts literature music psychology,49000,,2020-02-03 05:43:07,1 0 0 0 0 1 0 1 0 1
1764,Video Title 1764,arts literature music psychology,39000,,2020-08-30 04:34:15,1 0 0 0 0 1 0 1 0 1
1765,Video Title 1765,arts literature music psychology,51000,,2021-05-29 09:39:23,1 0 0 0 0 1 0 1 0 1
1766,Video Title 1766,arts literature music psychology,33000,,2014-02-18 05:27:05,1 0 0 0 0 1 0 1 0 1
1767,Video Title 1767,arts literature music psychology,34000,,2021-01-06 11:21:57,1 0 0 0 0 1 0 1 0 1
1768,Video Title 1768,arts literature music psychology,35000,,2018-12-19 21:46:22,1 0 0 0 0 1 0 1 0 1
1769,Video Title 1769,arts literature music psychology,41000,,2019-03-26 23:16:11,1 0 0 0 0 1 0 1 0 1
1770,Video Title 1770,arts literature music psychology,55000,,2022-03-24 03:36:07,1 0 0 0 0 1 0 1 0 1
1771,Video Title 1771,arts literature music psychology,38000,,2015-09-04 09:57:17,1 0 0 0 0 1 0 1 0 1
1772,Video Title 1772,arts literature music psychology,34000,,2021-07-01 16:24:40,1 0 0 0 0 1 0 1 0 1
1773,Video Title 1773,arts literature music psychology,57000,,2016-09-09 23:46:08,1 0 0 0 0 1 0 1 0 1
1774,Video Title 1774,arts literature music psychology,58000,,2015-03-09 21:46:07,1 0 0 0 0 1 0 1 0 1
1775,Video Title 1775,arts literature music psychology,58000,,2014-04-20 03:36:27,1 0 0 0 0 1 0 1 0 1
1776,Video Title 1776,arts literature music psychology,55000,,2018-04-19 00:49:56,1 0 0 0 0 1 0 1 0 1
1777,Video Title 1777,arts literature music psychology,46000,,2014-08-24 03:11:10,1 0 0 0 0 1 0 1 0 1
1778,Video Title 1778,arts literature music psychology,52000,,2023-10-01 22:25:53,1 0 0 0 0 1 0 1 0 1
1779,Video Title 1779,arts literature music psychology,50000,,2014-10-11 07:20:05,1 0 0 0 0 1 0 1 0 1
1780,Video Title 1780,arts literature music psychology,44000,,2019-02-10 08:29:33,1 0 0 0 0 1 0 1 0 1
1781,Video Title 1781,arts literature music psychology,31000,,2018-12-31 13:50:11,1 0 0 0 0 1 0 1 0 1
1782,Video Title 1782,arts literature music psychology,48000,,2015-09-04 02:48:35,1 0 0 0 0 1 0 1 0 1
1783,Video Title 1783,arts literature music psychology,35000,,2016-07-22 04:10:07,1 0 0 0 0 1 0 1 0 1
1784,Video Title 1784,arts literature music psychology,33000,,2022-12-11 01:54:48,1 0 0 0 0 1 0 1 0 1
1785,Video Title 1785,arts literature music psychology,51000,,2021-03-25 03:23:07,1 0 0 0 0 1 0 1 0 1
1786,Video Title 1786,arts literature music psychology,37000,,2021-05-29 20:19:28,1 0 0 0 0 1 0 1 0 1
1787,Video Title 1787,arts literature music psychology,30000,,2014-06-12 17:43:14,1 0 0 0 0 1 0 1 0 1
1788,Video Title 1788,arts literature music psychology,57000,,2014-02-16 20:26:06,1 0 0 0 0 1 0 1 0 1
1789,Video Title 1789,arts literature music psychology,31000,,2018-09-20 22:34:40,1 0 0 0 0 1 0 1 0 1
1790,Video Title 1790,arts literature music psychology,42000,,2023-03-15 19:50:43,1 0 0 0 0 1 0 1 0 1
1791,Video Title 1791,arts literature music psychology,35000,,2023-04-24 17:37:21,1 0 0 0 0 1 0 1 0 1
1792,Video Title 1792,arts literature music psychology,57000,,2014-05-12 01:50:56,1 0 0 0 0 1 0 1 0 1
1793,Video Title 1793,arts literature music psychology,55000,,2023-02-20 21:48:57,1 0 0 0 0 1 0 1 0 1
1794,Video Title 1794,arts literature music psychology,53000,,2020-07-23 07:36:30,1 0 0 0 0 1 0 1 0 1
1795,Video Title 1795,arts literature music psychology,37000,,2017-03-22 13:51:23,1 0 0 0 0 1 0 1 0 1
1796,Video Title 1796,arts literature music psychology,43000,,2023-02-27 20:52:38,1 0 0 0 0 1 0 1 0 1
1797,Video Title 1797,arts literature music psychology,40000,,2016-09-19 02:11:49,1 0 0 0 0 1 0 1 0 1
1798,Video Title 1798,arts literature music psychology,32000,,2019-09-20 02:33:01,1 0 0 0 0 1 0 1 0 1
1799,Video Title 1799,arts literature music psychology,33000,,2019-01-09 10:47:11,1 0 0 0 0 1 0 1 0 1
1800,Video Title 1800,arts literature music psychology,58000,,2014-07-14 06:04:48,1 0 0 0 0 1 0 1 0 1
1801,Video Title 1801,business,37000,,2022-01-16 20:00:37,0 0 1 0 0 0 0 0 0 0
1802,Video Title 1802,business,31000,,2023-07-17 09:21:21,0 0 1 0 0 0 0 0 0 0
1803,Video Title 1803,business,32000,,2022-10-09 00:25:56,0 0 1 0 0 0 0 0 0 0
1804,Video Title 1804,business,57000,,2016-10-29 10:04:54,0 0 1 0 0 0 0 0 0 0
1805,Video Title 1805,business,57000,,2017-02-10 01:07:30,0 0 1 0 0 0 0 0 0 0
1806,Video Title 1806,business,32000,,2019-07-14 18:48:22,0 0 1 0 0 0 0 0 0 0
1807,Video Title 1807,business,30000,,2017-09-10 13:20:09,0 0 1 0 0 0 0 0 0 0
1808,Video Title 1808,business,39000,,2019-08-22 21:28:13,0 0 1 0 0 0 0 0 0 0
1809,Video Title 1809,business,39000,,2021-05-25 10:51:23,0 0 1 0 0 0 0 0 0 0
1810,Video Title 1810,business,37000,,2018-08-23 07:58:41,0 0 1 0 0 0 0 0 0 0
1811,Video Title 1811,business,48000,,2023-09-20 06:44:18,0 0 1 0 0 0 0 0 0 0
1812,Video Title 1812,business,54000,,2021-10-04 23:36:35,0 0 1 0 0 0 0 0 0 0
1813,Video Title 1813,business,53000,,2023-01-02 14:49:58,0 0 1 0 0 0 0 0 0 0
1814,Video Title 1814,business,54000,,2021-12-17 07:16:55,0 0 1 0 0 0 0 0 0 0
1815,Video Title 1815,business,34000,,2014-01-26 06:42:09,0 0 1 0 0 0 0 0 0 0
1816,Video Title 1816,business,43000,,2014-03-31 06:32:18,0 0 1 0 0 0 0 0 0 0
1817,Video Title 1817,business,47000,,2017-06-20 10:42:57,0 0 1 0 0 0 0 0 0 0
1818,Video Title 1818,business,56000,,2020-12-08 03:09:59,0 0 1 0 0 0 0 0 0 0
1819,Video Title 1819,business,30000,,2023-07-06 02:44:49,0 0 1 0 0 0 0 0 0 0
1820,Video Title 1820,business,30000,,2021-08-04 02:11:37,0 0 1 0 0 0 0 0 0 0
1821,Video Title 1821,business,42000,,2022-06-28 20:55:28,0 0 1 0 0 0 0 0 0 0
1822,Video Title 1822,business,53000,,2017-01-29 09:55:54,0 0 1 0 0 0 0 0 0 0
1823,Video Title 1823,business,36000,,2019-04-20 19:44:57,0 0 1 0 0 0 0 0 0 0
1824,Video Title 1824,business,37000,,2018-03-15 07:52:03,0 0 1 0 0 0 0 0 0 0
1825,Video Title 1825,business,60000,,2014-08-09 14:48:31,0 0 1 0 0 0 0 0 0 0
1826,Video Title 1826,business,34000,,2021-02-12 12:45:24,0 0 1 0 0 0 0 0 0 0
1827,Video Title 1827,business,32000,,2014-06-12 05:39:47,0 0 1 0 0 0 0 0 0 0
1828,Video Title 1828,business,37000,,2022-12-22 02:22:57,0 0 1 0 0 0 0 0 0 0
1829,Video Title 1829,business,46000,,2018-02-18 15:46:33,0 0 1 0 0 0 0 0 0 0
1830,Video Title 1830,business,58000,,2017-09-23 14:17:48,0 0 1 0 0 0 0 0 0 0
1831,Video Title 1831,business,53000,,2014-11-08 21:27:06,0 0 1 0 0 0 0 0 0 0
1832,Video Title 1832,business,33000,,2019-01-21 19:28:19,0 0 1 0 0 0 0 0 0 0
1833,Video Title 1833,business,50000,,2022-03-14 20:44:57,0 0 1 0 0 0 0 0 0 0
1834,Video Title 1834,business,32000,,2019-12-03 10:04:07,0 0 1 0 0 0 0 0 0 0
1835,Video Title 1835,business,31000,,2018-05-09 16:30:00,0 0 1 0 0 0 0 0 0 0
1836,Video Title 1836,business,60000,,2015-04-25 02:02:45,0 0 1 0 0 0 0 0 0 0
1837,Video Title 1837,business,39000,,2016-08-12 14:48:22,0 0 1 0 0 0 0 0 0 0
1838,Video Title 1838,business,40000,,2023-04-06 01:16:29,0 0 1 0 0 0 0 0 0 0
1839,Video Title 1839,business,42000,,2021-01-03 15:33:47,0 0 1 0 0 0 0 0 0 0
1840,Video Title 1840,business,53000,,2017-04-07 19:38:14,0 0 1 0 0 0 0 0 0 0
1841,Video Title 1841,business,44000,,2016-09-21 15:20:03,0 0 1 0 0 0 0 0 0 0
1842,Video Title 1842,business,32000,,2023-06-08 23:23:25,0 0 1 0 0 0 0 0 0 0
1843,Video Title 1843,business,34000,,2021-10-19 18:28:46,0 0 1 0 0 0 0 0 0 0
1844,Video Title 1844,business,48000,,2015-02-04 18:01:12,0 0 1 0 0 0 0 0 0 0
1845,Video Title 1845,business,33000,,2015-08-25 23:14:53,0 0 1 0 0 0 0 0 0 0
1846,Video Title 1846,business,44000,,2017-02-22 05:18:57,0 0 1 0 0 0 0 0 0 0
1847,Video Title 1847,business,33000,,2019-05-13 02:59:25,0 0 1 0 0 0 0 0 0 0
1848,Video Title 1848,business,60000,,2021-09-14 17:29:57,0 0 1 0 0 0 0 0 0 0
1849,Video Title 1849,business,44000,,2017-02-01 07:45:22,0 0 1 0 0 0 0 0 0 0
1850,Video Title 1850,business,38000,,2022-07-11 13:26:22,0 0 1 0 0 0 0 0 0 0
1851,Video Title 1851,business,32000,,2015-08-01 07:06:25,0 0 1 0 0 0 0 0 0 0
1852,Video Title 1852,business,51000,,2017-01-17 09:13:57,0 0 1 0 0 0 0 0 0 0
1853,Video Title 1853,business,52000,,2020-12-20 14:30:40,0 0 1 0 0 0 0 0 0 0
1854,Video Title 1854,business,31000,,2016-02-26 19:49:16,0 0 1 0 0 0 0 0 0 0
1855,Video Title 1855,business,57000,,2017-04-13 10:43:28,0 0 1 0 0 0 0 0 0 0
1856,Video Title 1856,business,32000,,2021-02-10 17:23:17,0 0 1 0 0 0 0 0 0 0
1857,Video Title 1857,business,60000,,2017-07-24 11:03:55,0 0 1 0 0 0 0 0 0 0
1858,Video Title 1858,business,46000,,2014-06-30 16:04:26,0 0 1 0 0 0 0 0 0 0
1859,Video Title 1859,business,39000,,2016-08-09 14:36:39,0 0 1 0 0 0 0 0 0 0
1860,Video Title 1860,business,35000,,2014-04-26 10:47:28,0 0 1 0 0 0 0 0 0 0
1861,Video Title 1861,business,42000,,2022-07-19 07:04:27,0 0 1 0 0 0 0 0 0 0
1862,Video Title 1862,business,47000,,2021-06-25 11:40:19,0 0 1 0 0 0 0 0 0 0
1863,Video Title 1863,business,37000,,2014-12-14 17:56:03,0 0 1 0 0 0 0 0 0 0
1864,Video Title 1864,business,33000,,2022-01-15 05:21:20,0 0 1 0 0 0 0 0 0 0
1865,Video Title 1865,business,34000,,2015-03-22 07:18:18,0 0 1 0 0 0 0 0 0 0
1866,Video Title 1866,business,31000,,2022-04-21 20:36:58,0 0 1 0 0 0 0 0 0 0
1867,Video Title 1867,business,37000,,2015-04-25 02:39:17,0 0 1 0 0 0 0 0 0 0
1868,Video Title 1868,business,56000,,2018-01-04 02:57:59,0 0 1 0 0 0 0 0 0 0
1869,Video Title 1869,business,51000,,2020-04-21 14:03:54,0 0 1 0 0 0 0 0 0 0
1870,Video Title 1870,business,50000,,2014-11-05 17:51:12,0 0 1 0 0 0 0 0 0 0
1871,Video Title 1871,business,48000,,2016-08-04 16:41:20,0 0 1 0 0 0 0 0 0 0
1872,Video Title 1872,business,56000,,2014-10-03 16:52:37,0 0 1 0 0 0 0 0 0 0
1873,Video Title 1873,business,32000,,2015-12-25 18:55:46,0 0 1 0 0 0 0 0 0 0
1874,Video Title 1874,business,50000,,2018-06-09 12:35:02,0 0 1 0 0 0 0 0 0 0
1875,Video Title 1875,business,34000,,2014-12-04 17:19:43,0 0 1 0 0 0 0 0 0 0
1876,Video Title 1876,business,57000,,2022-04-18 03:36:04,0 0 1 0 0 0 0 0 0 0
1877,Video Title 1877,business,40000,,2015-03-26 05:25:22,0 0 1 0 0 0 0 0 0 0
1878,Video Title 1878,business,60000,,2018-08-12 15:09:18,0 0 1 0 0 0 0 0 0 0
1879,Video Title 1879,business,35000,,2023-03-30 01:56:20,0 0 1 0 0 0 0 0 0 0
1880,Video Title 1880,business,43000,,2022-03-21 03:38:28,0 0 1 0 0 0 0 0 0 0
1881,Video Title 1881,business,42000,,2018-12-18 20:40:18,0 0 1 0 0 0 0 0 0 0
1882,Video Title 1882,business,42000,,2020-10-31 17:27:05,0 0 1 0 0 0 0 0 0 0
1883,Video Title 1883,business,35000,,2017-07-17 21:25:44,0 0 1 0 0 0 0 0 0 0
1884,Video Title 1884,business,59000,,2015-11-17 02:26:15,0 0 1 0 0 0 0 0 0 0
1885,Video Title 1885,business,38000,,2018-06-18 22:36:04,0 0 1 0 0 0 0 0 0 0
1886,Video Title 1886,business,34000,,2014-05-09 11:17:28,0 0 1 0 0 0 0 0 0 0
1887,Video Title 1887,business,49000,,2020-03-03 23:11:58,0 0 1 0 0 0 0 0 0 0
1888,Video Title 1888,business,50000,,2016-12-15 03:12:44,0 0 1 0 0 0 0 0 0 0
1889,Video Title 1889,business,43000,,2022-10-30 03:24:11,0 0 1 0 0 0 0 0 0 0
1890,Video Title 1890,business,45000,,2014-08-13 13:45:59,0 0 1 0 0 0 0 0 0 0
1891,Video Title 1891,business,38000,,2017-11-01 00:08:17,0 0 1 0 0 0 0 0 0 0
1892,Video Title 1892,business,43000,,2016-01-01 00:30:13,0 0 1 0 0 0 0 0 0 0
1893,Video Title 1893,business,58000,,2021-12-21 18:32:22,0 0 1 0 0 0 0 0 0 0
1894,Video Title 1894,business,37000,,2020-04-23 06:05:04,0 0 1 0 0 0 0 0 0 0
1895,Video Title 1895,business,55000,,2019-06-10 08:19:31,0 0 1 0 0 0 0 0 0 0
1896,Video Title 1896,business,30000,,2023-11-23 07:45:24,0 0 1 0 0 0 0 0 0 0
1897,Video Title 1897,business,55000,,2021-02-18 19:16:14,0 0 1 0 0 0 0 0 0 0
1898,Video Title 1898,business,45000,,2019-06-13 11:45:35,0 0 1 0 0 0 0 0 0 0
1899,Video Title 1899,business,45000,,2017-06-11 17:23:20,0 0 1 0 0 0 0 0 0 0
1900,Video Title 1900,business,48000,,2019-01-10 17:38:57,0 0 1 0 0 0 0 0 0 0
1901,Video Title 1901,business literature,42000,,2016-09-16 02:09:57,0 0 1 0 0 1 0 0 0 0
1902,Video Title 1902,business literature,30000,,2017-03-11 21:40:29,0 0 1 0 0 1 0 0 0 0
1903,Video Title 1903,business literature,37000,,2014-04-19 22:58:59,0 0 1 0 0 1 0 0 0 0
1904,Video Title 1904,business literature,55000,,2021-10-14 15:57:12,0 0 1 0 0 1 0 0 0 0
1905,Video Title 1905,business literature,31000,,2022-02-01 14:04:48,0 0 1 0 0 1 0 0 0 0
1906,Video Title 1906,business literature,45000,,2019-04-19 10:16:07,0 0 1 0 0 1 0 0 0 0
1907,Video Title 1907,business literature,54000,,2019-11-04 13:25:45,0 0 1 0 0 1 0 0 0 0
1908,Video Title 1908,business literature,37000,,2023-09-28 00:38:09,0 0 1 0 0 1 0 0 0 0
1909,Video Title 1909,business literature,33000,,2016-06-25 16:16:40,0 0 1 0 0 1 0 0 0 0
1910,Video Title 1910,business literature,37000,,2016-09-01 19:45:55,0 0 1 0 0 1 0 0 0 0
1911,Video Title 1911,business literature,56000,,2021-11-30 00:22:47,0 0 1 0 0 1 0 0 0 0
1912,Video Title 1912,business literature,53000,,2014-07-26 01:35:53,0 0 1 0 0 1 0 0 0 0
1913,Video Title 1913,business literature,60000,,2016-03-13 20:27:17,0 0 1 0 0 1 0 0 0 0
1914,Video Title 1914,business literature,57000,,2023-10-29 17:25:19,0 0 1 0 0 1 0 0 0 0
1915,Video Title 1915,business literature,42000,,2017-07-21 00:53:09,0 0 1 0 0 1 0 0 0 0
1916,Video Title 1916,business literature,56000,,2023-12-01 03:04:20,0 0 1 0 0 1 0 0 0 0
1917,Video Title 1917,business literature,35000,,2015-10-07 18:23:31,0 0 1 0 0 1 0 0 0 0
1918,Video Title 1918,business literature,48000,,2017-03-08 17:10:57,0 0 1 0 0 1 0 0 0 0
1919,Video Title 1919,business literature,53000,,2020-12-23 08:05:13,0 0 1 0 0 1 0 0 0 0
1920,Video Title 1920,business literature,59000,,2019-12-02 04:52:28,0 0 1 0 0 1 0 0 0 0
1921,Video Title 1921,business literature,52000,,2021-01-03 01:07:34,0 0 1 0 0 1 0 0 0 0
1922,Video Title 1922,business literature,60000,,2019-09-05 22:15:34,0 0 1 0 0 1 0 0 0 0
1923,Video Title 1923,business literature,34000,,2019-08-20 08:20:19,0 0 1 0 0 1 0 0 0 0
1924,Video Title 1924,business literature,36000,,2022-05-14 22:38:35,0 0 1 0 0 1 0 0 0 0
1925,Video Title 1925,business literature,55000,,2022-10-25 22:28:08,0 0 1 0 0 1 0 0 0 0
1926,Video Title 1926,business literature,45000,,2019-06-04 18:06:54,0 0 1 0 0 1 0 0 0 0
1927,Video Title 1927,business literature,35000,,2018-11-28 02:13:49,0 0 1 0 0 1 0 0 0 0
1928,Video Title 1928,business literature,32000,,2014-07-27 00:18:53,0 0 1 0 0 1 0 0 0 0
1929,Video Title 1929,business literature,49000,,2016-03-11 15:39:47,0 0 1 0 0 1 0 0 0 0
1930,Video Title 1930,business literature,46000,,2018-10-13 15:50:07,0 0 1 0 0 1 0 0 0 0
1931,Video Title 1931,business literature,40000,,2023-03-07 07:42:21,0 0 1 0 0 1 0 0 0 0
1932,Video Title 1932,business literature,36000,,2022-01-24 12:37:05,0 0 1 0 0 1 0 0 0 0
1933,Video Title 1933,business literature,40000,,2021-03-03 19:44:11,0 0 1 0 0 1 0 0 0 0
1934,Video Title 1934,business literature,59000,,2022-01-09 20:22:52,0 0 1 0 0 1 0 0 0 0
1935,Video Title 1935,business literature,57000,,2017-03-29 02:22:47,0 0 1 0 0 1 0 0 0 0
1936,Video Title 1936,business literature,30000,,2015-06-26 03:34:22,0 0 1 0 0 1 0 0 0 0
1937,Video Title 1937,business literature,52000,,2023-03-04 20:50:07,0 0 1 0 0 1 0 0 0 0
1938,Video Title 1938,business literature,54000,,2015-02-11 20:38:37,0 0 1 0 0 1 0 0 0 0
1939,Video Title 1939,business literature,46000,,2022-08-10 10:38:42,0 0 1 0 0 1 0 0 0 0
1940,Video Title 1940,business literature,60000,,2014-09-24 17:46:07,0 0 1 0 0 1 0 0 0 0
1941,Video Title 1941,business literature,52000,,2023-06-03 00:28:24,0 0 1 0 0 1 0 0 0 0
1942,Video Title 1942,business literature,42000,,2019-11-11 23:03:34,0 0 1 0 0 1 0 0 0 0
1943,Video Title 1943,business literature,40000,,2017-01-08 10:37:38,0 0 1 0 0 1 0 0 0 0
1944,Video Title 1944,business literature,34000,,2023-10-04 21:23:41,0 0 1 0 0 1 0 0 0 0
1945,Video Title 1945,business literature,53000,,2023-06-27 17:33:12,0 0 1 0 0 1 0 0 0 0
1946,Video Title 1946,business literature,55000,,2020-05-24 07:42:03,0 0 1 0 0 1 0 0 0 0
1947,Video Title 1947,business literature,45000,,2020-06-29 12:11:28,0 0 1 0 0 1 0 0 0 0
1948,Video Title 1948,business literature,35000,,2021-01-27 05:13:26,0 0 1 0 0 1 0 0 0 0
1949,Video Title 1949,business literature,47000,,2020-12-08 11:53:27,0 0 1 0 0 1 0 0 0 0
1950,Video Title 1950,business literature,59000,,2020-02-21 00:54:25,0 0 1 0 0 1 0 0 0 0
1951,Video Title 1951,business literature,41000,,2016-03-27 19:34:47,0 0 1 0 0 1 0 0 0 0
1952,Video Title 1952,business literature,48000,,2022-02-22 18:11:28,0 0 1 0 0 1 0 0 0 0
1953,Video Title 1953,business literature,42000,,2017-01-26 21:42:53,0 0 1 0 0 1 0 0 0 0
1954,Video Title 1954,business literature,52000,,2016-12-12 23:42:44,0 0 1 0 0 1 0 0 0 0
1955,Video Title 1955,business literature,35000,,2021-04-16 05:35:30,0 0 1 0 0 1 0 0 0 0
1956,Video Title 1956,business literature,60000,,2021-01-08 07:56:24,0 0 1 0 0 1 0 0 0 0
1957,Video Title 1957,business literature,48000,,2017-12-02 08:17:06,0 0 1 0 0 1 0 0 0 0
1958,Video Title 1958,business literature,54000,,2023-08-26 22:06:47,0 0 1 0 0 1 0 0 0 0
1959,Video Title 1959,business literature,31000,,2015-10-29 14:21:42,0 0 1 0 0 1 0 0 0 0
1960,Video Title 1960,business literature,40000,,2023-03-18 18:56:51,0 0 1 0 0 1 0 0 0 0
1961,Video Title 1961,business literature,60000,,2020-02-12 12:59:20,0 0 1 0 0 1 0 0 0 0
1962,Video Title 1962,business literature,50000,,2019-08-29 06:12:05,0 0 1 0 0 1 0 0 0 0
1963,Video Title 1963,business literature,59000,,2018-12-19 01:48:39,0 0 1 0 0 1 0 0 0 0
1964,Video Title 1964,business literature,40000,,2021-06-15 12:04:31,0 0 1 0 0 1 0 0 0 0
1965,Video Title 1965,business literature,37000,,2017-06-21 20:34:00,0 0 1 0 0 1 0 0 0 0
1966,Video Title 1966,business literature,40000,,2015-09-07 18:56:15,0 0 1 0 0 1 0 0 0 0
1967,Video Title 1967,business literature,58000,,2023-08-19 05:46:30,0 0 1 0 0 1 0 0 0 0
1968,Video Title 1968,business literature,56000,,2021-02-02 17:24:18,0 0 1 0 0 1 0 0 0 0
1969,Video Title 1969,business literature,50000,,2021-04-17 21:26:56,0 0 1 0 0 1 0 0 0 0
1970,Video Title 1970,business literature,40000,,2018-06-21 04:46:56,0 0 1 0 0 1 0 0 0 0
1971,Video Title 1971,business literature,38000,,2016-02-07 08:20:35,0 0 1 0 0 1 0 0 0 0
1972,Video Title 1972,business literature,52000,,2014-09-07 10:49:21,0 0 1 0 0 1 0 0 0 0
1973,Video Title 1973,business literature,38000,,2021-11-14 14:57:09,0 0 1 0 0 1 0 0 0 0
1974,Video Title 1974,business literature,53000,,2014-01-07 16:13:45,0 0 1 0 0 1 0 0 0 0
1975,Video Title 1975,business literature,42000,,2018-05-21 12:05:03,0 0 1 0 0 1 0 0 0 0
1976,Video Title 1976,business literature,43000,,2023-09-10 05:19:11,0 0 1 0 0 1 0 0 0 0
1977,Video Title 1977,business literature,58000,,2018-02-22 04:04:43,0 0 1 0 0 1 0 0 0 0
1978,Video Title 1978,business literature,58000,,2017-10-16 07:13:17,0 0 1 0 0 1 0 0 0 0
1979,Video Title 1979,business literature,47000,,2017-10-04 00:26:49,0 0 1 0 0 1 0 0 0 0
1980,Video Title 1980,business literature,56000,,2018-10-19 03:15:30,0 0 1 0 0 1 0 0 0 0
1981,Video Title 1981,business literature,57000,,2019-10-13 21:39:39,0 0 1 0 0 1 0 0 0 0
1982,Video Title 1982,business literature,54000,,2020-11-15 03:15:05,0 0 1 0 0 1 0 0 0 0
1983,Video Title 1983,business literature,35000,,2018-07-08 04:46:40,0 0 1 0 0 1 0 0 0 0
1984,Video Title 1984,business literature,55000,,2022-06-17 00:47:36,0 0 1 0 0 1 0 0 0 0
1985,Video Title 1985,business literature,39000,,2014-03-17 06:49:57,0 0 1 0 0 1 0 0 0 0
1986,Video Title 1986,business literature,38000,,2023-07-08 13:36:09,0 0 1 0 0 1 0 0 0 0
1987,Video Title 1987,business literature,32000,,2017-06-03 14:23:54,0 0 1 0 0 1 0 0 0 0
1988,Video Title 1988,business literature,58000,,2017-10-04 10:06:38,0 0 1 0 0 1 0 0 0 0
1989,Video Title 1989,business literature,53000,,2014-10-03 18:12:43,0 0 1 0 0 1 0 0 0 0
1990,Video Title 1990,business literature,60000,,2022-12-25 03:40:39,0 0 1 0 0 1 0 0 0 0
1991,Video Title 1991,business literature,32000,,2017-05-20 12:28:16,0 0 1 0 0 1 0 0 0 0
1992,Video Title 1992,business literature,49000,,2022-12-07 06:36:45,0 0 1 0 0 1 0 0 0 0
1993,Video Title 1993,business literature,52000,,2014-04-26 03:00:16,0 0 1 0 0 1 0 0 0 0
1994,Video Title 1994,business literature,60000,,2020-07-15 18:26:28,0 0 1 0 0 1 0 0 0 0
1995,Video Title 1995,business literature,49000,,2022-11-24 14:23:11,0 0 1 0 0 1 0 0 0 0
1996,Video Title 1996,business literature,35000,,2014-07-17 11:28:59,0 0 1 0 0 1 0 0 0 0
1997,Video Title 1997,business literature,40000,,2016-01-23 06:13:18,0 0 1 0 0 1 0 0 0 0
1998,Video Title 1998,business literature,36000,,2018-02-04 20:54:58,0 0 1 0 0 1 0 0 0 0
1999,Video Title 1999,business literature,47000,,2021-03-22 10:32:16,0 0 1 0 0 1 0 0 0 0
2000,Video Title 2000,business literature,53000,,2019-05-28 10:59:16,0 0 1 0 0 1 0 0 0 0
2001,Video Title 2001,mathematics,51000,,2016-10-26 13:25:16,0 0 0 0 0 0 1 0 0 0
2002,Video Title 2002,mathematics,37000,,2014-12-19 02:14:04,0 0 0 0 0 0 1 0 0 0
2003,Video Title 2003,mathematics,42000,,2019-09-20 23:02:06,0 0 0 0 0 0 1 0 0 0
2004,Video Title 2004,mathematics,56000,,2018-11-29 23:04:08,0 0 0 0 0 0 1 0 0 0
2005,Video Title 2005,mathematics,31000,,2017-08-12 00:36:48,0 0 0 0 0 0 1 0 0 0
2006,Video Title 2006,mathematics,43000,,2014-11-18 20:14:39,0 0 0 0 0 0 1 0 0 0
2007,Video Title 2007,mathematics,56000,,2020-08-15 08:58:18,0 0 0 0 0 0 1 0 0 0
2008,Video Title 2008,mathematics,49000,,2018-10-22 04:46:03,0 0 0 0 0 0 1 0 0 0
2009,Video Title 2009,mathematics,33000,,2014-04-06 22:26:48,0 0 0 0 0 0 1 0 0 0
2010,Video Title 2010,mathematics,35000,,2020-05-20 09:30:06,0 0 0 0 0 0 1 0 0 0
2011,Video Title 2011,mathematics,32000,,2018-09-27 12:47:20,0 0 0 0 0 0 1 0 0 0
2012,Video Title 2012,mathematics,33000,,2017-02-01 11:45:28,0 0 0 0 0 0 1 0 0 0
2013,Video Title 2013,mathematics,42000,,2018-09-17 22:44:02,0 0 0 0 0 0 1 0 0 0
2014,Video Title 2014,mathematics,58000,,2020-08-11 19:06:31,0 0 0 0 0 0 1 0 0 0
2015,Video Title 2015,mathematics,32000,,2020-06-02 19:29:42,0 0 0 0 0 0 1 0 0 0
2016,Video Title 2016,mathematics,42000,,2015-11-08 19:35:41,0 0 0 0 0 0 1 0 0 0
2017,Video Title 2017,mathematics,58000,,2017-10-26 06:35:54,0 0 0 0 0 0 1 0 0 0
2018,Video Title 2018,mathematics,35000,,2018-06-18 01:54:49,0 0 0 0 0 0 1 0 0 0
2019,Video Title 2019,mathematics,38000,,2018-05-27 01:15:39,0 0 0 0 0 0 1 0 0 0
2020,Video Title 2020,mathematics,38000,,2016-04-07 18:49:25,0 0 0 0 0 0 1 0 0 0
2021,Video Title 2021,mathematics,38000,,2019-08-24 12:00:03,0 0 0 0 0 0 1 0 0 0
2022,Video Title 2022,mathematics,34000,,2021-07-10 15:47:54,0 0 0 0 0 0 1 0 0 0
2023,Video Title 2023,mathematics,51000,,2014-12-21 23:08:58,0 0 0 0 0 0 1 0 0 0
2024,Video Title 2024,mathematics,51000,,2017-06-10 20:07:31,0 0 0 0 0 0 1 0 0 0
2025,Video Title 2025,mathematics,47000,,2018-02-22 01:13:50,0 0 0 0 0 0 1 0 0 0
2026,Video Title 2026,mathematics,54000,,2019-11-25 12:02:10,0 0 0 0 0 0 1 0 0 0
2027,Video Title 2027,mathematics,47000,,2014-08-13 14:10:34,0 0 0 0 0 0 1 0 0 0
2028,Video Title 2028,mathematics,42000,,2022-03-09 04:17:48,0 0 0 0 0 0 1 0 0 0
2029,Video Title 2029,mathematics,43000,,2023-08-28 12:59:12,0 0 0 0 0 0 1 0 0 0
2030,Video Title 2030,mathematics,51000,,2022-09-02 03:54:56,0 0 0 0 0 0 1 0 0 0
2031,Video Title 2031,mathematics,45000,,2019-09-24 09:46:18,0 0 0 0 0 0 1 0 0 0
2032,Video Title 2032,mathematics,37000,,2018-10-07 08:34:32,0 0 0 0 0 0 1 0 0 0
2033,Video Title 2033,mathematics,32000,,2017-12-14 00:51:44,0 0 0 0 0 0 1 0 0 0
2034,Video Title 2034,mathematics,57000,,2021-02-22 05:10:45,0 0 0 0 0 0 1 0 0 0
2035,Video Title 2035,mathematics,46000,,2019-09-18 22:51:58,0 0 0 0 0 0 1 0 0 0
2036,Video Title 2036,mathematics,46000,,2022-01-02 15:26:58,0 0 0 0 0 0 1 0 0 0
2037,Video Title 2037,mathematics,51000,,2023-10-30 01:19:02,0 0 0 0 0 0 1 0 0 0
2038,Video Title 2038,mathematics,34000,,2015-03-18 00:41:32,0 0 0 0 0 0 1 0 0 0
2039,Video Title 2039,mathematics,54000,,2018-06-29 23:52:51,0 0 0 0 0 0 1 0 0 0
2040,Video Title 2040,mathematics,60000,,2023-11-04 22:38:09,0 0 0 0 0 0 1 0 0 0
2041,Video Title 2041,mathematics,36000,,2022-01-31 21:09:33,0 0 0 0 0 0 1 0 0 0
2042,Video Title 2042,mathematics,34000,,2014-06-07 18:24:32,0 0 0 0 0 0 1 0 0 0
2043,Video Title 2043,mathematics,32000,,2023-11-19 05:19:20,0 0 0 0 0 0 1 0 0 0
2044,Video Title 2044,mathematics,43000,,2016-01-10 00:07:44,0 0 0 0 0 0 1 0 0 0
2045,Video Title 2045,mathematics,56000,,2020-04-10 09:00:58,0 0 0 0 0 0 1 0 0 0
2046,Video Title 2046,mathematics,56000,,2019-12-14 22:10:28,0 0 0 0 0 0 1 0 0 0
2047,Video Title 2047,mathematics,40000,,2023-02-09 10:28:22,0 0 0 0 0 0 1 0 0 0
2048,Video Title 2048,mathematics,59000,,2022-01-27 19:18:19,0 0 0 0 0 0 1 0 0 0
2049,Video Title 2049,mathematics,32000,,2017-11-19 13:29:08,0 0 0 0 0 0 1 0 0 0
2050,Video Title 2050,mathematics,42000,,2019-07-10 23:56:49,0 0 0 0 0 0 1 0 0 0
2051,Video Title 2051,mathematics,57000,,2016-10-07 03:11:30,0 0 0 0 0 0 1 0 0 0
2052,Video Title 2052,mathematics,44000,,2023-03-04 15:23:00,0 0 0 0 0 0 1 0 0 0
2053,Video Title 2053,mathematics,30000,,2021-11-12 21:50:09,0 0 0 0 0 0 1 0 0 0
2054,Video Title 2054,mathematics,49000,,2019-11-17 15:39:55,0 0 0 0 0 0 1 0 0 0
2055,Video Title 2055,mathematics,55000,,2018-03-14 12:25:11,0 0 0 0 0 0 1 0 0 0
2056,Video Title 2056,mathematics,43000,,2015-07-03 04:40:01,0 0 0 0 0 0 1 0 0 0
2057,Video Title 2057,mathematics,48000,,2019-11-18 23:01:48,0 0 0 0 0 0 1 0 0 0
2058,Video Title 2058,mathematics,54000,,2023-08-25 15:15:13,0 0 0 0 0 0 1 0 0 0
2059,Video Title 2059,mathematics,33000,,2023-04-01 23:42:26,0 0 0 0 0 0 1 0 0 0
2060,Video Title 2060,mathematics,48000,,2021-10-18 08:06:55,0 0 0 0 0 0 1 0 0 0
2061,Video Title 2061,mathematics,55000,,2016-11-12 05:44:02,0 0 0 0 0 0 1 0 0 0
2062,Video Title 2062,mathematics,47000,,2022-10-20 11:53:41,0 0 0 0 0 0 1 0 0 0
2063,Video Title 2063,mathematics,58000,,2018-02-10 17:58:02,0 0 0 0 0 0 1 0 0 0
2064,Video Title 2064,mathematics,42000,,2020-07-19 23:23:59,0 0 0 0 0 0 1 0 0 0
2065,Video Title 2065,mathematics,48000,,2020-02-03 17:05:04,0 0 0 0 0 0 1 0 0 0
2066,Video Title 2066,mathematics,31000,,2015-09-23 12:41:46,0 0 0 0 0 0 1 0 0 0
2067,Video Title 2067,mathematics,42000,,2015-06-12 01:29:38,0 0 0 0 0 0 1 0 0 0
2068,Video Title 2068,mathematics,49000,,2020-10-22 23:12:24,0 0 0 0 0 0 1 0 0 0
2069,Video Title 2069,mathematics,42000,,2014-05-24 13:20:59,0 0 0 0 0 0 1 0 0 0
2070,Video Title 2070,mathematics,58000,,2022-10-16 04:41:18,0 0 0 0 0 0 1 0 0 0
2071,Video Title 2071,mathematics,52000,,2016-05-19 03:56:46,0 0 0 0 0 0 1 0 0 0
2072,Video Title 2072,mathematics,53000,,2018-10-03 13:06:48,0 0 0 0 0 0 1 0 0 0
2073,Video Title 2073,mathematics,38000,,2022-12-21 03:56:50,0 0 0 0 0 0 1 0 0 0
2074,Video Title 2074,mathematics,30000,,2017-05-20 05:04:07,0 0 0 0 0 0 1 0 0 0
2075,Video Title 2075,mathematics,55000,,2017-01-13 03:36:50,0 0 0 0 0 0 1 0 0 0
2076,Video Title 2076,mathematics,38000,,2022-06-06 09:21:33,0 0 0 0 0 0 1 0 0 0
2077,Video Title 2077,mathematics,57000,,2020-12-18 01:37:01,0 0 0 0 0 0 1 0 0 0
2078,Video Title 2078,mathematics,33000,,2023-09-22 14:42:21,0 0 0 0 0 0 1 0 0 0
2079,Video Title 2079,mathematics,37000,,2015-05-08 12:10:17,0 0 0 0 0 0 1 0 0 0
2080,Video Title 2080,mathematics,53000,,2018-06-08 08:29:23,0 0 0 0 0 0 1 0 0 0
2081,Video Title 2081,mathematics,56000,,2017-03-19 04:03:51,0 0 0 0 0 0 1 0 0 0
2082,Video Title 2082,mathematics,53000,,2018-03-04 05:17:27,0 0 0 0 0 0 1 0 0 0
2083,Video Title 2083,mathematics,50000,,2014-11-24 21:31:41,0 0 0 0 0 0 1 0 0 0
2084,Video Title 2084,mathematics,44000,,2016-02-13 13:48:28,0 0 0 0 0 0 1 0 0 0
2085,Video Title 2085,mathematics,56000,,2018-01-28 04:07:24,0 0 0 0 0 0 1 0 0 0
2086,Video Title 2086,mathematics,45000,,2021-08-06 03:36:45,0 0 0 0 0 0 1 0 0 0
2087,Video Title 2087,mathematics,57000,,2017-09-28 18:32:03,0 0 0 0 0 0 1 0 0 0
2088,Video Title 2088,mathematics,31000,,2019-02-26 17:37:33,0 0 0 0 0 0 1 0 0 0
2089,Video Title 2089,mathematics,35000,,2014-08-30 12:02:46,0 0 0 0 0 0 1 0 0 0
2090,Video Title 2090,mathematics,52000,,2019-01-26 19:15:57,0 0 0 0 0 0 1 0 0 0
2091,Video Title 2091,mathematics,34000,,2021-10-21 21:14:21,0 0 0 0 0 0 1 0 0 0
2092,Video Title 2092,mathematics,46000,,2022-10-17 13:32:06,0 0 0 0 0 0 1 0 0 0
2093,Video Title 2093,mathematics,30000,,2015-09-29 03:23:32,0 0 0 0 0 0 1 0 0 0
2094,Video Title 2094,mathematics,58000,,2022-05-01 04:39:43,0 0 0 0 0 0 1 0 0 0
2095,Video Title 2095,mathematics,56000,,2014-08-01 08:10:13,0 0 0 0 0 0 1 0 0 0
2096,Video Title 2096,mathematics,31000,,2018-07-27 00:54:11,0 0 0 0 0 0 1 0 0 0
2097,Video Title 2097,mathematics,59000,,2017-08-10 08:51:25,0 0 0 0 0 0 1 0 0 0
2098,Video Title 2098,mathematics,36000,,2016-09-29 00:25:43,0 0 0 0 0 0 1 0 0 0
2099,Video Title 2099,mathematics,56000,,2018-08-24 09:32:14,0 0 0 0 0 0 1 0 0 0
2100,Video Title 2100,mathematics,42000,,2020-05-10 05:53:57,0 0 0 0 0 0 1 0 0 0
2101,Video Title 2101,physics,33000,,2020-10-24 06:52:26,0 0 0 0 0 0 0 0 1 0
2102,Video Title 2102,physics,37000,,2017-09-23 12:05:17,0 0 0 0 0 0 0 0 1 0
2103,Video Title 2103,physics,49000,,2018-06-19 06:39:38,0 0 0 0 0 0 0 0 1 0
2104,Video Title 2104,physics,60000,,2022-09-15 06:06:56,0 0 0 0 0 0 0 0 1 0
2105,Video Title 2105,physics,48000,,2019-07-08 08:50:02,0 0 0 0 0 0 0 0 1 0
2106,Video Title 2106,physics,41000,,2015-08-22 19:47:33,0 0 0 0 0 0 0 0 1 0
2107,Video Title 2107,physics,58000,,2016-08-04 02:36:34,0 0 0 0 0 0 0 0 1 0
2108,Video Title 2108,physics,56000,,2020-11-21 07:18:25,0 0 0 0 0 0 0 0 1 0
2109,Video Title 2109,physics,39000,,2014-04-13 04:39:46,0 0 0 0 0 0 0 0 1 0
2110,Video Title 2110,physics,31000,,2015-08-20 14:41:19,0 0 0 0 0 0 0 0 1 0
2111,Video Title 2111,physics,48000,,2021-10-19 09:07:11,0 0 0 0 0 0 0 0 1 0
2112,Video Title 2112,physics,36000,,2022-07-28 10:56:24,0 0 0 0 0 0 0 0 1 0
2113,Video Title 2113,physics,50000,,2016-04-03 15:48:53,0 0 0 0 0 0 0 0 1 0
2114,Video Title 2114,physics,36000,,2016-09-11 03:43:17,0 0 0 0 0 0 0 0 1 0
2115,Video Title 2115,physics,43000,,2019-02-19 11:26:09,0 0 0 0 0 0 0 0 1 0
2116,Video Title 2116,physics,57000,,2021-10-21 02:36:03,0 0 0 0 0 0 0 0 1 0
2117,Video Title 2117,physics,54000,,2020-10-28 00:41:47,0 0 0 0 0 0 0 0 1 0
2118,Video Title 2118,physics,45000,,2023-02-12 00:45:08,0 0 0 0 0 0 0 0 1 0
2119,Video Title 2119,physics,50000,,2015-09-27 04:22:39,0 0 0 0 0 0 0 0 1 0
2120,Video Title 2120,physics,55000,,2014-02-02 21:25:20,0 0 0 0 0 0 0 0 1 0
2121,Video Title 2121,physics,38000,,2020-02-01 10:55:26,0 0 0 0 0 0 0 0 1 0
2122,Video Title 2122,physics,60000,,2017-01-21 22:16:10,0 0 0 0 0 0 0 0 1 0
2123,Video Title 2123,physics,60000,,2021-02-04 04:39:14,0 0 0 0 0 0 0 0 1 0
2124,Video Title 2124,physics,38000,,2018-03-29 21:28:32,0 0 0 0 0 0 0 0 1 0
2125,Video Title 2125,physics,42000,,2022-07-08 06:56:55,0 0 0 0 0 0 0 0 1 0
2126,Video Title 2126,physics,44000,,2016-07-10 19:05:12,0 0 0 0 0 0 0 0 1 0
2127,Video Title 2127,physics,44000,,2017-01-09 19:54:35,0 0 0 0 0 0 0 0 1 0
2128,Video Title 2128,physics,46000,,2022-03-30 17:37:40,0 0 0 0 0 0 0 0 1 0
2129,Video Title 2129,physics,42000,,2019-11-06 09:04:29,0 0 0 0 0 0 0 0 1 0
2130,Video Title 2130,physics,30000,,2019-02-13 00:36:05,0 0 0 0 0 0 0 0 1 0
2131,Video Title 2131,physics,51000,,2023-08-31 16:07:32,0 0 0 0 0 0 0 0 1 0
2132,Video Title 2132,physics,56000,,2017-09-29 22:31:38,0 0 0 0 0 0 0 0 1 0
2133,Video Title 2133,physics,50000,,2019-12-10 06:28:29,0 0 0 0 0 0 0 0 1 0
2134,Video Title 2134,physics,39000,,2016-12-27 10:29:28,0 0 0 0 0 0 0 0 1 0
2135,Video Title 2135,physics,33000,,2018-10-27 08:17:07,0 0 0 0 0 0 0 0 1 0
2136,Video Title 2136,physics,40000,,2023-11-19 12:25:14,0 0 0 0 0 0 0 0 1 0
2137,Video Title 2137,physics,50000,,2017-04-03 18:00:26,0 0 0 0 0 0 0 0 1 0
2138,Video Title 2138,physics,38000,,2016-08-13 04:28:08,0 0 0 0 0 0 0 0 1 0
2139,Video Title 2139,physics,52000,,2023-07-10 11:39:04,0 0 0 0 0 0 0 0 1 0
2140,Video Title 2140,physics,50000,,2016-12-28 14:06:05,0 0 0 0 0 0 0 0 1 0
2141,Video Title 2141,physics,34000,,2019-03-06 02:55:05,0 0 0 0 0 0 0 0 1 0
2142,Video Title 2142,physics,37000,,2022-12-30 20:35:06,0 0 0 0 0 0 0 0 1 0
2143,Video Title 2143,physics,55000,,2022-07-29 04:49:31,0 0 0 0 0 0 0 0 1 0
2144,Video Title 2144,physics,55000,,2020-01-02 02:55:01,0 0 0 0 0 0 0 0 1 0
2145,Video Title 2145,physics,51000,,2017-03-14 11:42:38,0 0 0 0 0 0 0 0 1 0
2146,Video Title 2146,physics,34000,,2021-03-19 16:24:29,0 0 0 0 0 0 0 0 1 0
2147,Video Title 2147,physics,50000,,2018-12-23 09:51:35,0 0 0 0 0 0 0 0 1 0
2148,Video Title 2148,physics,39000,,2016-08-06 21:44:29,0 0 0 0 0 0 0 0 1 0
2149,Video Title 2149,physics,43000,,2018-01-18 18:51:47,0 0 0 0 0 0 0 0 1 0
2150,Video Title 2150,physics,53000,,2014-05-11 21:56:41,0 0 0 0 0 0 0 0 1 0
2151,Video Title 2151,physics,52000,,2023-12-12 20:25:36,0 0 0 0 0 0 0 0 1 0
2152,Video Title 2152,physics,56000,,2015-11-27 04:34:04,0 0 0 0 0 0 0 0 1 0
2153,Video Title 2153,physics,53000,,2021-02-18 19:08:59,0 0 0 0 0 0 0 0 1 0
2154,Video Title 2154,physics,51000,,2019-05-08 10:02:05,0 0 0 0 0 0 0 0 1 0
2155,Video Title 2155,physics,55000,,2018-10-05 10:24:13,0 0 0 0 0 0 0 0 1 0
2156,Video Title 2156,physics,60000,,2020-09-20 07:40:42,0 0 0 0 0 0 0 0 1 0
2157,Video Title 2157,physics,46000,,2017-01-02 17:04:01,0 0 0 0 0 0 0 0 1 0
2158,Video Title 2158,physics,35000,,2022-05-29 07:56:58,0 0 0 0 0 0 0 0 1 0
2159,Video Title 2159,physics,58000,,2019-08-02 14:31:43,0 0 0 0 0 0 0 0 1 0
2160,Video Title 2160,physics,39000,,2014-12-25 06:01:42,0 0 0 0 0 0 0 0 1 0
2161,Video Title 2161,physics,34000,,2021-05-30 08:29:41,0 0 0 0 0 0 0 0 1 0
2162,Video Title 2162,physics,53000,,2022-01-31 10:55:22,0 0 0 0 0 0 0 0 1 0
2163,Video Title 2163,physics,54000,,2023-02-16 01:55:45,0 0 0 0 0 0 0 0 1 0
2164,Video Title 2164,physics,60000,,2020-10-18 22:48:12,0 0 0 0 0 0 0 0 1 0
2165,Video Title 2165,physics,40000,,2020-07-18 16:28:29,0 0 0 0 0 0 0 0 1 0
2166,Video Title 2166,physics,37000,,2017-07-22 18:49:31,0 0 0 0 0 0 0 0 1 0
2167,Video Title 2167,physics,53000,,2022-09-18 17:27:48,0 0 0 0 0 0 0 0 1 0
2168,Video Title 2168,physics,43000,,2021-11-18 12:43:20,0 0 0 0 0 0 0 0 1 0
2169,Video Title 2169,physics,40000,,2017-09-20 15:22:51,0 0 0 0 0 0 0 0 1 0
2170,Video Title 2170,physics,48000,,2016-12-11 06:52:41,0 0 0 0 0 0 0 0 1 0
2171,Video Title 2171,physics,57000,,2015-03-08 21:39:24,0 0 0 0 0 0 0 0 1 0
2172,Video Title 2172,physics,31000,,2022-08-31 08:03:33,0 0 0 0 0 0 0 0 1 0
2173,Video Title 2173,physics,48000,,2019-10-22 03:25:41,0 0 0 0 0 0 0 0 1 0
2174,Video Title 2174,physics,49000,,2014-09-19 22:29:54,0 0 0 0 0 0 0 0 1 0
2175,Video Title 2175,physics,58000,,2015-12-14 02:02:14,0 0 0 0 0 0 0 0 1 0
2176,Video Title 2176,physics,33000,,2022-09-04 08:48:11,0 0 0 0 0 0 0 0 1 0
2177,Video Title 2177,physics,42000,,2019-04-20 21:51:10,0 0 0 0 0 0 0 0 1 0
2178,Video Title 2178,physics,43000,,2014-07-19 07:49:43,0 0 0 0 0 0 0 0 1 0
2179,Video Title 2179,physics,57000,,2015-07-07 08:11:32,0 0 0 0 0 0 0 0 1 0
2180,Video Title 2180,physics,36000,,2017-06-06 17:52:54,0 0 0 0 0 0 0 0 1 0
2181,Video Title 2181,physics,48000,,2022-12-05 21:13:58,0 0 0 0 0 0 0 0 1 0
2182,Video Title 2182,physics,44000,,2015-06-09 18:26:08,0 0 0 0 0 0 0 0 1 0
2183,Video Title 2183,physics,57000,,2021-02-27 04:33:24,0 0 0 0 0 0 0 0 1 0
2184,Video Title 2184,physics,54000,,2014-10-24 23:05:04,0 0 0 0 0 0 0 0 1 0
2185,Video Title 2185,physics,40000,,2020-04-24 06:28:15,0 0 0 0 0 0 0 0 1 0
2186,Video Title 2186,physics,35000,,2017-02-19 23:04:21,0 0 0 0 0 0 0 0 1 0
2187,Video Title 2187,physics,31000,,2014-01-20 04:54:09,0 0 0 0 0 0 0 0 1 0
2188,Video Title 2188,physics,38000,,2016-02-06 05:53:43,0 0 0 0 0 0 0 0 1 0
2189,Video Title 2189,physics,54000,,2015-09-10 09:51:51,0 0 0 0 0 0 0 0 1 0
2190,Video Title 2190,physics,54000,,2015-08-04 06:54:58,0 0 0 0 0 0 0 0 1 0
2191,Video Title 2191,physics,55000,,2021-08-21 00:39:32,0 0 0 0 0 0 0 0 1 0
2192,Video Title 2192,physics,32000,,2015-04-20 07:57:42,0 0 0 0 0 0 0 0 1 0
2193,Video Title 2193,physics,43000,,2020-05-03 05:30:30,0 0 0 0 0 0 0 0 1 0
2194,Video Title 2194,physics,42000,,2018-04-17 22:37:45,0 0 0 0 0 0 0 0 1 0
2195,Video Title 2195,physics,45000,,2017-11-02 02:31:06,0 0 0 0 0 0 0 0 1 0
2196,Video Title 2196,physics,31000,,2019-05-05 07:21:21,0 0 0 0 0 0 0 0 1 0
2197,Video Title 2197,physics,53000,,2017-09-25 19:40:59,0 0 0 0 0 0 0 0 1 0
2198,Video Title 2198,physics,30000,,2022-12-02 19:45:35,0 0 0 0 0 0 0 0 1 0
2199,Video Title 2199,physics,54000,,2022-05-02 06:49:52,0 0 0 0 0 0 0 0 1 0
2200,Video Title 2200,physics,36000,,2014-03-09 09:27:09,0 0 0 0 0 0 0 0 1 0
2201,Video Title 2201,mathematics physics,30000,,2020-04-08 09:46:29,0 0 0 0 0 0 1 0 1 0
2202,Video Title 2202,mathematics physics,37000,,2016-04-07 20:52:34,0 0 0 0 0 0 1 0 1 0
2203,Video Title 2203,mathematics physics,58000,,2017-06-12 21:02:24,0 0 0 0 0 0 1 0 1 0
2204,Video Title 2204,mathematics physics,34000,,2015-01-12 21:14:25,0 0 0 0 0 0 1 0 1 0
2205,Video Title 2205,mathematics physics,46000,,2019-11-21 15:33:08,0 0 0 0 0 0 1 0 1 0
2206,Video Title 2206,mathematics physics,35000,,2014-08-29 07:08:35,0 0 0 0 0 0 1 0 1 0
2207,Video Title 2207,mathematics physics,31000,,2016-12-26 10:31:02,0 0 0 0 0 0 1 0 1 0
2208,Video Title 2208,mathematics physics,39000,,2018-07-25 03:08:41,0 0 0 0 0 0 1 0 1 0
2209,Video Title 2209,mathematics physics,46000,,2019-12-19 18:00:17,0 0 0 0 0 0 1 0 1 0
2210,Video Title 2210,mathematics physics,40000,,2018-05-04 21:04:26,0 0 0 0 0 0 1 0 1 0
2211,Video Title 2211,mathematics physics,51000,,2023-12-15 11:22:59,0 0 0 0 0 0 1 0 1 0
2212,Video Title 2212,mathematics physics,40000,,2023-12-17 21:46:08,0 0 0 0 0 0 1 0 1 0
2213,Video Title 2213,mathematics physics,45000,,2017-08-06 06:22:39,0 0 0 0 0 0 1 0 1 0
2214,Video Title 2214,mathematics physics,36000,,2015-08-27 19:47:43,0 0 0 0 0 0 1 0 1 0
2215,Video Title 2215,mathematics physics,59000,,2023-03-08 10:47:37,0 0 0 0 0 0 1 0 1 0
2216,Video Title 2216,mathematics physics,42000,,2014-03-13 19:19:35,0 0 0 0 0 0 1 0 1 0
2217,Video Title 2217,mathematics physics,37000,,2021-04-10 03:59:21,0 0 0 0 0 0 1 0 1 0
2218,Video Title 2218,mathematics physics,34000,,2016-02-12 20:15:50,0 0 0 0 0 0 1 0 1 0
2219,Video Title 2219,mathematics physics,30000,,2019-11-25 09:05:32,0 0 0 0 0 0 1 0 1 0
2220,Video Title 2220,mathematics physics,35000,,2015-03-28 12:59:22,0 0 0 0 0 0 1 0 1 0
2221,Video Title 2221,mathematics physics,52000,,2020-07-04 11:20:14,0 0 0 0 0 0 1 0 1 0
2222,Video Title 2222,mathematics physics,31000,,2017-10-03 10:51:25,0 0 0 0 0 0 1 0 1 0
2223,Video Title 2223,mathematics physics,50000,,2016-07-24 15:07:53,0 0 0 0 0 0 1 0 1 0
2224,Video Title 2224,mathematics physics,47000,,2020-03-26 10:36:23,0 0 0 0 0 0 1 0 1 0
2225,Video Title 2225,mathematics physics,49000,,2023-12-12 13:59:18,0 0 0 0 0 0 1 0 1 0
2226,Video Title 2226,mathematics physics,51000,,2015-02-01 14:44:17,0 0 0 0 0 0 1 0 1 0
2227,Video Title 2227,mathematics physics,56000,,2014-03-16 01:22:43,0 0 0 0 0 0 1 0 1 0
2228,Video Title 2228,mathematics physics,52000,,2015-03-01 15:11:19,0 0 0 0 0 0 1 0 1 0
2229,Video Title 2229,mathematics physics,44000,,2017-10-21 22:13:46,0 0 0 0 0 0 1 0 1 0
2230,Video Title 2230,mathematics physics,47000,,2016-07-13 11:52:28,0 0 0 0 0 0 1 0 1 0
2231,Video Title 2231,mathematics physics,52000,,2015-07-15 21:56:01,0 0 0 0 0 0 1 0 1 0
2232,Video Title 2232,mathematics physics,52000,,2020-11-09 22:49:35,0 0 0 0 0 0 1 0 1 0
2233,Video Title 2233,mathematics physics,30000,,2017-01-06 01:48:05,0 0 0 0 0 0 1 0 1 0
2234,Video Title 2234,mathematics physics,51000,,2015-01-06 13:50:04,0 0 0 0 0 0 1 0 1 0
2235,Video Title 2235,mathematics physics,46000,,2016-09-14 09:59:53,0 0 0 0 0 0 1 0 1 0
2236,Video Title 2236,mathematics physics,49000,,2021-01-03 15:37:40,0 0 0 0 0 0 1 0 1 0
2237,Video Title 2237,mathematics physics,43000,,2022-04-22 21:10:41,0 0 0 0 0 0 1 0 1 0
2238,Video Title 2238,mathematics physics,33000,,2019-02-13 06:49:38,0 0 0 0 0 0 1 0 1 0
2239,Video Title 2239,mathematics physics,49000,,2015-03-08 17:32:53,0 0 0 0 0 0 1 0 1 0
2240,Video Title 2240,mathematics physics,33000,,2021-11-06 08:58:54,0 0 0 0 0 0 1 0 1 0
2241,Video Title 2241,mathematics physics,45000,,2015-12-29 01:26:51,0 0 0 0 0 0 1 0 1 0
2242,Video Title 2242,mathematics physics,36000,,2021-10-12 13:12:03,0 0 0 0 0 0 1 0 1 0
2243,Video Title 2243,mathematics physics,56000,,2019-03-27 11:35:56,0 0 0 0 0 0 1 0 1 0
2244,Video Title 2244,mathematics physics,36000,,2017-08-01 09:57:10,0 0 0 0 0 0 1 0 1 0
2245,Video Title 2245,mathematics physics,43000,,2016-12-16 00:45:54,0 0 0 0 0 0 1 0 1 0
2246,Video Title 2246,mathematics physics,31000,,2019-06-26 16:57:20,0 0 0 0 0 0 1 0 1 0
2247,Video Title 2247,mathematics physics,59000,,2016-01-31 01:59:34,0 0 0 0 0 0 1 0 1 0
2248,Video Title 2248,mathematics physics,59000,,2018-10-23 10:09:40,0 0 0 0 0 0 1 0 1 0
2249,Video Title 2249,mathematics physics,37000,,2014-01-12 23:50:55,0 0 0 0 0 0 1 0 1 0
2250,Video Title 2250,mathematics physics,51000,,2014-11-23 20:38:55,0 0 0 0 0 0 1 0 1 0
2251,Video Title 2251,mathematics physics,33000,,2022-05-09 14:20:15,0 0 0 0 0 0 1 0 1 0
2252,Video Title 2252,mathematics physics,51000,,2018-12-11 11:30:46,0 0 0 0 0 0 1 0 1 0
2253,Video Title 2253,mathematics physics,60000,,2014-11-27 19:14:31,0 0 0 0 0 0 1 0 1 0
2254,Video Title 2254,mathematics physics,46000,,2014-10-03 22:13:24,0 0 0 0 0 0 1 0 1 0
2255,Video Title 2255,mathematics physics,53000,,2015-01-07 17:02:45,0 0 0 0 0 0 1 0 1 0
2256,Video Title 2256,mathematics physics,38000,,2020-06-11 19:54:10,0 0 0 0 0 0 1 0 1 0
2257,Video Title 2257,mathematics physics,44000,,2023-11-20 15:08:07,0 0 0 0 0 0 1 0 1 0
2258,Video Title 2258,mathematics physics,39000,,2016-08-24 01:21:07,0 0 0 0 0 0 1 0 1 0
2259,Video Title 2259,mathematics physics,31000,,2015-01-02 07:15:39,0 0 0 0 0 0 1 0 1 0
2260,Video Title 2260,mathematics physics,35000,,2022-09-28 14:42:12,0 0 0 0 0 0 1 0 1 0
2261,Video Title 2261,mathematics physics,57000,,2016-11-28 13:41:05,0 0 0 0 0 0 1 0 1 0
2262,Video Title 2262,mathematics physics,55000,,2020-10-08 04:44:53,0 0 0 0 0 0 1 0 1 0
2263,Video Title 2263,mathematics physics,43000,,2021-05-21 16:07:16,0 0 0 0 0 0 1 0 1 0
2264,Video Title 2264,mathematics physics,33000,,2022-07-07 01:08:27,0 0 0 0 0 0 1 0 1 0
2265,Video Title 2265,mathematics physics,58000,,2014-06-19 11:53:02,0 0 0 0 0 0 1 0 1 0
2266,Video Title 2266,mathematics physics,57000,,2015-05-23 03:21:11,0 0 0 0 0 0 1 0 1 0
2267,Video Title 2267,mathematics physics,50000,,2015-09-17 08:52:31,0 0 0 0 0 0 1 0 1 0
2268,Video Title 2268,mathematics physics,41000,,2022-12-12 00:37:09,0 0 0 0 0 0 1 0 1 0
2269,Video Title 2269,mathematics physics,60000,,2020-03-21 14:17:46,0 0 0 0 0 0 1 0 1 0
2270,Video Title 2270,mathematics physics,58000,,2021-05-01 16:45:07,0 0 0 0 0 0 1 0 1 0
2271,Video Title 2271,mathematics physics,41000,,2022-02-24 14:52:18,0 0 0 0 0 0 1 0 1 0
2272,Video Title 2272,mathematics physics,35000,,2015-02-22 11:40:59,0 0 0 0 0 0 1 0 1 0
2273,Video Title 2273,mathematics physics,42000,,2023-08-16 10:20:59,0 0 0 0 0 0 1 0 1 0
2274,Video Title 2274,mathematics physics,38000,,2022-05-11 08:03:03,0 0 0 0 0 0 1 0 1 0
2275,Video Title 2275,mathematics physics,52000,,2022-07-04 22:49:48,0 0 0 0 0 0 1 0 1 0
2276,Video Title 2276,mathematics physics,55000,,2018-03-22 08:24:30,0 0 0 0 0 0 1 0 1 0
2277,Video Title 2277,mathematics physics,58000,,2021-12-20 17:16:37,0 0 0 0 0 0 1 0 1 0
2278,Video Title 2278,mathematics physics,33000,,2015-05-01 16:00:50,0 0 0 0 0 0 1 0 1 0
2279,Video Title 2279,mathematics physics,53000,,2014-08-05 01:25:27,0 0 0 0 0 0 1 0 1 0
2280,Video Title 2280,mathematics physics,60000,,2022-06-11 21:02:47,0 0 0 0 0 0 1 0 1 0
2281,Video Title 2281,mathematics physics,33000,,2018-03-01 12:01:40,0 0 0 0 0 0 1 0 1 0
2282,Video Title 2282,mathematics physics,48000,,2018-10-30 18:19:00,0 0 0 0 0 0 1 0 1 0
2283,Video Title 2283,mathematics physics,48000,,2020-10-14 03:14:19,0 0 0 0 0 0 1 0 1 0
2284,Video Title 2284,mathematics physics,35000,,2020-02-12 07:54:31,0 0 0 0 0 0 1 0 1 0
2285,Video Title 2285,mathematics physics,54000,,2017-08-03 21:15:53,0 0 0 0 0 0 1 0 1 0
2286,Video Title 2286,mathematics physics,30000,,2022-08-17 09:38:16,0 0 0 0 0 0 1 0 1 0
2287,Video Title 2287,mathematics physics,58000,,2022-05-21 15:47:43,0 0 0 0 0 0 1 0 1 0
2288,Video Title 2288,mathematics physics,58000,,2015-04-24 21:24:24,0 0 0 0 0 0 1 0 1 0
2289,Video Title 2289,mathematics physics,59000,,2018-11-19 15:33:18,0 0 0 0 0 0 1 0 1 0
2290,Video Title 2290,mathematics physics,58000,,2018-02-12 04:30:05,0 0 0 0 0 0 1 0 1 0
2291,Video Title 2291,mathematics physics,31000,,2014-08-22 04:14:15,0 0 0 0 0 0 1 0 1 0
2292,Video Title 2292,mathematics physics,50000,,2017-02-22 23:14:38,0 0 0 0 0 0 1 0 1 0
2293,Video Title 2293,mathematics physics,52000,,2022-09-07 09:54:25,0 0 0 0 0 0 1 0 1 0
2294,Video Title 2294,mathematics physics,46000,,2021-09-04 11:30:56,0 0 0 0 0 0 1 0 1 0
2295,Video Title 2295,mathematics physics,48000,,2021-03-28 18:33:44,0 0 0 0 0 0 1 0 1 0
2296,Video Title 2296,mathematics physics,37000,,2023-10-12 07:39:03,0 0 0 0 0 0 1 0 1 0
2297,Video Title 2297,mathematics physics,51000,,2022-09-24 23:22:34,0 0 0 0 0 0 1 0 1 0
2298,Video Title 2298,mathematics physics,46000,,2019-03-27 07:50:17,0 0 0 0 0 0 1 0 1 0
2299,Video Title 2299,mathematics physics,52000,,2020-03-08 13:44:16,0 0 0 0 0 0 1 0 1 0
2300,Video Title 2300,mathematics physics,43000,,2020-08-14 06:04:54,0 0 0 0 0 0 1 0 1 0
2301,Video Title 2301,biology psychology,37000,,2018-10-28 01:02:23,0 1 0 0 0 0 0 0 0 1
2302,Video Title 2302,biology psychology,51000,,2020-10-06 11:29:30,0 1 0 0 0 0 0 0 0 1
2303,Video Title 2303,biology psychology,42000,,2015-06-29 14:07:48,0 1 0 0 0 0 0 0 0 1
2304,Video Title 2304,biology psychology,56000,,2019-08-02 22:57:18,0 1 0 0 0 0 0 0 0 1
2305,Video Title 2305,biology psychology,49000,,2014-07-21 03:59:30,0 1 0 0 0 0 0 0 0 1
2306,Video Title 2306,biology psychology,50000,,2023-05-06 10:56:11,0 1 0 0 0 0 0 0 0 1
2307,Video Title 2307,biology psychology,46000,,2022-06-28 06:52:20,0 1 0 0 0 0 0 0 0 1
2308,Video Title 2308,biology psychology,57000,,2018-12-17 19:08:23,0 1 0 0 0 0 0 0 0 1
2309,Video Title 2309,biology psychology,35000,,2014-10-03 06:11:42,0 1 0 0 0 0 0 0 0 1
2310,Video Title 2310,biology psychology,45000,,2017-03-18 07:31:20,0 1 0 0 0 0 0 0 0 1
2311,Video Title 2311,biology psychology,40000,,2023-09-14 00:42:22,0 1 0 0 0 0 0 0 0 1
2312,Video Title 2312,biology psychology,31000,,2019-01-27 07:00:34,0 1 0 0 0 0 0 0 0 1
2313,Video Title 2313,biology psychology,47000,,2020-06-08 02:35:48,0 1 0 0 0 0 0 0 0 1
2314,Video Title 2314,biology psychology,42000,,2022-03-04 10:14:58,0 1 0 0 0 0 0 0 0 1
2315,Video Title 2315,biology psychology,32000,,2018-08-05 16:41:11,0 1 0 0 0 0 0 0 0 1
2316,Video Title 2316,biology psychology,55000,,2019-09-25 13:51:35,0 1 0 0 0 0 0 0 0 1
2317,Video Title 2317,biology psychology,32000,,2022-07-26 13:12:57,0 1 0 0 0 0 0 0 0 1
2318,Video Title 2318,biology psychology,44000,,2017-03-01 14:59:23,0 1 0 0 0 0 0 0 0 1
2319,Video Title 2319,biology psychology,45000,,2021-06-15 02:55:59,0 1 0 0 0 0 0 0 0 1
2320,Video Title 2320,biology psychology,30000,,2015-01-12 15:33:17,0 1 0 0 0 0 0 0 0 1
2321,Video Title 2321,biology psychology,43000,,2014-05-13 18:52:38,0 1 0 0 0 0 0 0 0 1
2322,Video Title 2322,biology psychology,47000,,2014-01-03 14:52:01,0 1 0 0 0 0 0 0 0 1
2323,Video Title 2323,biology psychology,32000,,2021-12-02 00:12:56,0 1 0 0 0 0 0 0 0 1
2324,Video Title 2324,biology psychology,60000,,2020-03-11 14:11:42,0 1 0 0 0 0 0 0 0 1
2325,Video Title 2325,biology psychology,39000,,2022-11-25 21:42:53,0 1 0 0 0 0 0 0 0 1
2326,Video Title 2326,biology psychology,47000,,2016-01-28 00:10:09,0 1 0 0 0 0 0 0 0 1
2327,Video Title 2327,biology psychology,51000,,2018-07-26 03:48:50,0 1 0 0 0 0 0 0 0 1
2328,Video Title 2328,biology psychology,40000,,2017-08-21 04:48:03,0 1 0 0 0 0 0 0 0 1
2329,Video Title 2329,biology psychology,31000,,2022-03-02 13:10:08,0 1 0 0 0 0 0 0 0 1
2330,Video Title 2330,biology psychology,57000,,2018-07-19 18:41:40,0 1 0 0 0 0 0 0 0 1
2331,Video Title 2331,biology psychology,47000,,2021-09-04 01:40:35,0 1 0 0 0 0 0 0 0 1
2332,Video Title 2332,biology psychology,49000,,2018-09-25 22:30:37,0 1 0 0 0 0 0 0 0 1
2333,Video Title 2333,biology psychology,51000,,2017-08-21 00:36:08,0 1 0 0 0 0 0 0 0 1
2334,Video Title 2334,biology psychology,44000,,2015-02-23 04:26:46,0 1 0 0 0 0 0 0 0 1
2335,Video Title 2335,biology psychology,54000,,2020-08-04 00:32:17,0 1 0 0 0 0 0 0 0 1
2336,Video Title 2336,biology psychology,30000,,2017-06-01 22:52:59,0 1 0 0 0 0 0 0 0 1
2337,Video Title 2337,biology psychology,56000,,2020-05-03 20:43:09,0 1 0 0 0 0 0 0 0 1
2338,Video Title 2338,biology psychology,55000,,2016-12-03 17:45:36,0 1 0 0 0 0 0 0 0 1
2339,Video Title 2339,biology psychology,46000,,2017-09-28 16:47:44,0 1 0 0 0 0 0 0 0 1
2340,Video Title 2340,biology psychology,33000,,2014-06-19 02:09:44,0 1 0 0 0 0 0 0 0 1
2341,Video Title 2341,biology psychology,35000,,2018-12-05 08:10:46,0 1 0 0 0 0 0 0 0 1
2342,Video Title 2342,biology psychology,56000,,2021-03-03 12:35:43,0 1 0 0 0 0 0 0 0 1
2343,Video Title 2343,biology psychology,53000,,2018-02-04 14:51:44,0 1 0 0 0 0 0 0 0 1
2344,Video Title 2344,biology psychology,38000,,2020-02-10 14:36:52,0 1 0 0 0 0 0 0 0 1
2345,Video Title 2345,biology psychology,36000,,2015-03-19 17:19:57,0 1 0 0 0 0 0 0 0 1
2346,Video Title 2346,biology psychology,57000,,2017-12-07 01:43:57,0 1 0 0 0 0 0 0 0 1
2347,Video Title 2347,biology psychology,44000,,2022-03-31 14:56:34,0 1 0 0 0 0 0 0 0 1
2348,Video Title 2348,biology psychology,36000,,2021-03-03 06:37:16,0 1 0 0 0 0 0 0 0 1
2349,Video Title 2349,biology psychology,33000,,2021-07-28 14:16:56,0 1 0 0 0 0 0 0 0 1
2350,Video Title 2350,biology psychology,31000,,2023-04-08 04:29:02,0 1 0 0 0 0 0 0 0 1
2351,Video Title 2351,biology psychology,56000,,2020-09-21 07:37:09,0 1 0 0 0 0 0 0 0 1
2352,Video Title 2352,biology psychology,33000,,2021-09-21 07:55:01,0 1 0 0 0 0 0 0 0 1
2353,Video Title 2353,biology psychology,44000,,2018-07-30 11:10:40,0 1 0 0 0 0 0 0 0 1
2354,Video Title 2354,biology psychology,48000,,2023-07-25 02:16:19,0 1 0 0 0 0 0 0 0 1
2355,Video Title 2355,biology psychology,34000,,2023-08-22 01:40:35,0 1 0 0 0 0 0 0 0 1
2356,Video Title 2356,biology psychology,30000,,2019-04-22 19:55:00,0 1 0 0 0 0 0 0 0 1
2357,Video Title 2357,biology psychology,31000,,2019-07-15 06:37:35,0 1 0 0 0 0 0 0 0 1
2358,Video Title 2358,biology psychology,43000,,2022-05-22 16:17:28,0 1 0 0 0 0 0 0 0 1
2359,Video Title 2359,biology psychology,45000,,2023-03-30 22:53:18,0 1 0 0 0 0 0 0 0 1
2360,Video Title 2360,biology psychology,54000,,2023-03-19 05:49:07,0 1 0 0 0 0 0 0 0 1
2361,Video Title 2361,biology psychology,35000,,2020-12-02 03:13:53,0 1 0 0 0 0 0 0 0 1
2362,Video Title 2362,biology psychology,35000,,2021-04-22 07:19:56,0 1 0 0 0 0 0 0 0 1
2363,Video Title 2363,biology psychology,34000,,2015-01-15 23:19:37,0 1 0 0 0 0 0 0 0 1
2364,Video Title 2364,biology psychology,51000,,2020-01-03 23:49:53,0 1 0 0 0 0 0 0 0 1
2365,Video Title 2365,biology psychology,58000,,2017-03-22 17:30:48,0 1 0 0 0 0 0 0 0 1
2366,Video Title 2366,biology psychology,58000,,2017-11-07 00:26:49,0 1 0 0 0 0 0 0 0 1
2367,Video Title 2367,biology psychology,49000,,2023-02-28 01:44:13,0 1 0 0 0 0 0 0 0 1
2368,Video Title 2368,biology psychology,54000,,2016-06-27 01:43:04,0 1 0 0 0 0 0 0 0 1
2369,Video Title 2369,biology psychology,42000,,2023-08-21 02:47:38,0 1 0 0 0 0 0 0 0 1
2370,Video Title 2370,biology psychology,39000,,2018-07-13 21:17:01,0 1 0 0 0 0 0 0 0 1
2371,Video Title 2371,biology psychology,34000,,2015-05-22 08:34:06,0 1 0 0 0 0 0 0 0 1
2372,Video Title 2372,biology psychology,49000,,2021-01-01 01:15:04,0 1 0 0 0 0 0 0 0 1
2373,Video Title 2373,biology psychology,53000,,2019-02-15 21:00:32,0 1 0 0 0 0 0 0 0 1
2374,Video Title 2374,biology psychology,56000,,2021-01-06 10:54:05,0 1 0 0 0 0 0 0 0 1
2375,Video Title 2375,biology psychology,57000,,2017-02-21 18:35:08,0 1 0 0 0 0 0 0 0 1
2376,Video Title 2376,biology psychology,53000,,2023-05-10 14:51:28,0 1 0 0 0 0 0 0 0 1
2377,Video Title 2377,biology psychology,50000,,2016-03-06 07:12:28,0 1 0 0 0 0 0 0 0 1
2378,Video Title 2378,biology psychology,36000,,2020-03-30 05:04:50,0 1 0 0 0 0 0 0 0 1
2379,Video Title 2379,biology psychology,39000,,2020-11-13 03:08:58,0 1 0 0 0 0 0 0 0 1
2380,Video Title 2380,biology psychology,59000,,2020-09-22 03:56:14,0 1 0 0 0 0 0 0 0 1
2381,Video Title 2381,biology psychology,52000,,2020-07-02 19:34:03,0 1 0 0 0 0 0 0 0 1
2382,Video Title 2382,biology psychology,60000,,2015-10-14 00:23:32,0 1 0 0 0 0 0 0 0 1
2383,Video Title 2383,biology psychology,47000,,2020-12-11 05:43:44,0 1 0 0 0 0 0 0 0 1
2384,Video Title 2384,biology psychology,40000,,2021-02-07 18:53:56,0 1 0 0 0 0 0 0 0 1
2385,Video Title 2385,biology psychology,54000,,2017-07-11 16:01:53,0 1 0 0 0 0 0 0 0 1
2386,Video Title 2386,biology psychology,45000,,2019-10-31 05:49:45,0 1 0 0 0 0 0 0 0 1
2387,Video Title 2387,biology psychology,60000,,2020-09-03 02:58:26,0 1 0 0 0 0 0 0 0 1
2388,Video Title 2388,biology psychology,43000,,2020-09-28 23:43:45,0 1 0 0 0 0 0 0 0 1
2389,Video Title 2389,biology psychology,58000,,2022-06-01 01:42:10,0 1 0 0 0 0 0 0 0 1
2390,Video Title 2390,biology psychology,39000,,2022-10-10 19:00:20,0 1 0 0 0 0 0 0 0 1
2391,Video Title 2391,biology psychology,43000,,2022-01-31 07:29:55,0 1 0 0 0 0 0 0 0 1
2392,Video Title 2392,biology psychology,46000,,2015-01-26 14:48:46,0 1 0 0 0 0 0 0 0 1
2393,Video Title 2393,biology psychology,42000,,2015-06-17 10:37:11,0 1 0 0 0 0 0 0 0 1
2394,Video Title 2394,biology psychology,51000,,2014-07-28 14:34:41,0 1 0 0 0 0 0 0 0 1
2395,Video Title 2395,biology psychology,38000,,2021-07-03 04:12:27,0 1 0 0 0 0 0 0 0 1
2396,Video Title 2396,biology psychology,35000,,2023-11-01 21:26:15,0 1 0 0 0 0 0 0 0 1
2397,Video Title 2397,biology psychology,51000,,2016-07-05 13:08:39,0 1 0 0 0 0 0 0 0 1
2398,Video Title 2398,biology psychology,56000,,2014-08-17 10:04:31,0 1 0 0 0 0 0 0 0 1
2399,Video Title 2399,biology psychology,55000,,2016-12-15 06:18:48,0 1 0 0 0 0 0 0 0 1
2400,Video Title 2400,biology psychology,54000,,2019-06-01 06:40:29,0 1 0 0 0 0 0 0 0 1
2401,Video Title 2401,chemistry psychology,41000,,2022-02-21 04:41:47,0 0 0 1 0 0 0 0 0 1
2402,Video Title 2402,chemistry psychology,33000,,2020-02-29 19:08:01,0 0 0 1 0 0 0 0 0 1
2403,Video Title 2403,chemistry psychology,51000,,2021-05-25 03:32:28,0 0 0 1 0 0 0 0 0 1
2404,Video Title 2404,chemistry psychology,57000,,2016-03-31 17:19:37,0 0 0 1 0 0 0 0 0 1
2405,Video Title 2405,chemistry psychology,50000,,2019-08-13 15:18:01,0 0 0 1 0 0 0 0 0 1
2406,Video Title 2406,chemistry psychology,37000,,2019-02-10 20:47:37,0 0 0 1 0 0 0 0 0 1
2407,Video Title 2407,chemistry psychology,55000,,2021-12-27 16:47:07,0 0 0 1 0 0 0 0 0 1
2408,Video Title 2408,chemistry psychology,39000,,2020-12-06 05:12:00,0 0 0 1 0 0 0 0 0 1
2409,Video Title 2409,chemistry psychology,31000,,2023-04-07 16:04:10,0 0 0 1 0 0 0 0 0 1
2410,Video Title 2410,chemistry psychology,42000,,2018-03-03 11:12:08,0 0 0 1 0 0 0 0 0 1
2411,Video Title 2411,chemistry psychology,55000,,2023-10-04 18:04:13,0 0 0 1 0 0 0 0 0 1
2412,Video Title 2412,chemistry psychology,40000,,2023-08-29 06:59:22,0 0 0 1 0 0 0 0 0 1
2413,Video Title 2413,chemistry psychology,31000,,2014-02-19 07:45:17,0 0 0 1 0 0 0 0 0 1
2414,Video Title 2414,chemistry psychology,38000,,2016-01-14 06:26:26,0 0 0 1 0 0 0 0 0 1
2415,Video Title 2415,chemistry psychology,57000,,2021-10-23 09:01:14,0 0 0 1 0 0 0 0 0 1
2416,Video Title 2416,chemistry psychology,57000,,2018-06-08 04:23:36,0 0 0 1 0 0 0 0 0 1
2417,Video Title 2417,chemistry psychology,37000,,2023-02-11 22:12:23,0 0 0 1 0 0 0 0 0 1
2418,Video Title 2418,chemistry psychology,52000,,2021-02-04 20:10:54,0 0 0 1 0 0 0 0 0 1
2419,Video Title 2419,chemistry psychology,41000,,2021-07-21 03:26:05,0 0 0 1 0 0 0 0 0 1
2420,Video Title 2420,chemistry psychology,47000,,2021-05-21 08:13:22,0 0 0 1 0 0 0 0 0 1
2421,Video Title 2421,chemistry psychology,36000,,2021-10-05 22:27:17,0 0 0 1 0 0 0 0 0 1
2422,Video Title 2422,chemistry psychology,60000,,2015-12-10 06:23:58,0 0 0 1 0 0 0 0 0 1
2423,Video Title 2423,chemistry psychology,44000,,2015-10-12 14:30:31,0 0 0 1 0 0 0 0 0 1
2424,Video Title 2424,chemistry psychology,51000,,2014-10-01 19:29:01,0 0 0 1 0 0 0 0 0 1
2425,Video Title 2425,chemistry psychology,60000,,2015-09-29 08:27:12,0 0 0 1 0 0 0 0 0 1
2426,Video Title 2426,chemistry psychology,46000,,2015-03-14 15:23:37,0 0 0 1 0 0 0 0 0 1
2427,Video Title 2427,chemistry psychology,31000,,2018-04-16 01:17:04,0 0 0 1 0 0 0 0 0 1
2428,Video Title 2428,chemistry psychology,47000,,2016-08-24 11:23:18,0 0 0 1 0 0 0 0 0 1
2429,Video Title 2429,chemistry psychology,35000,,2019-11-04 13:10:43,0 0 0 1 0 0 0 0 0 1
2430,Video Title 2430,chemistry psychology,38000,,2014-01-23 14:30:50,0 0 0 1 0 0 0 0 0 1
2431,Video Title 2431,chemistry psychology,44000,,2021-02-05 08:46:56,0 0 0 1 0 0 0 0 0 1
2432,Video Title 2432,chemistry psychology,34000,,2014-05-28 18:47:44,0 0 0 1 0 0 0 0 0 1
2433,Video Title 2433,chemistry psychology,59000,,2017-03-25 14:23:26,0 0 0 1 0 0 0 0 0 1
2434,Video Title 2434,chemistry psychology,31000,,2021-09-26 20:41:57,0 0 0 1 0 0 0 0 0 1
2435,Video Title 2435,chemistry psychology,50000,,2020-02-27 23:19:12,0 0 0 1 0 0 0 0 0 1
2436,Video Title 2436,chemistry psychology,51000,,2017-01-06 05:09:43,0 0 0 1 0 0 0 0 0 1
2437,Video Title 2437,chemistry psychology,55000,,2019-09-24 06:30:15,0 0 0 1 0 0 0 0 0 1
2438,Video Title 2438,chemistry psychology,41000,,2014-09-26 00:21:27,0 0 0 1 0 0 0 0 0 1
2439,Video Title 2439,chemistry psychology,52000,,2017-03-08 04:26:55,0 0 0 1 0 0 0 0 0 1
2440,Video Title 2440,chemistry psychology,37000,,2023-07-28 00:07:26,0 0 0 1 0 0 0 0 0 1
2441,Video Title 2441,chemistry psychology,46000,,2014-09-08 20:15:31,0 0 0 1 0 0 0 0 0 1
2442,Video Title 2442,chemistry psychology,46000,,2015-08-07 16:51:18,0 0 0 1 0 0 0 0 0 1
2443,Video Title 2443,chemistry psychology,47000,,2019-05-17 04:20:57,0 0 0 1 0 0 0 0 0 1
2444,Video Title 2444,chemistry psychology,32000,,2017-07-01 07:41:54,0 0 0 1 0 0 0 0 0 1
2445,Video Title 2445,chemistry psychology,58000,,2016-02-20 17:47:37,0 0 0 1 0 0 0 0 0 1
2446,Video Title 2446,chemistry psychology,40000,,2017-04-25 09:25:42,0 0 0 1 0 0 0 0 0 1
2447,Video Title 2447,chemistry psychology,39000,,2016-03-10 07:48:25,0 0 0 1 0 0 0 0 0 1
2448,Video Title 2448,chemistry psychology,54000,,2020-03-08 17:22:50,0 0 0 1 0 0 0 0 0 1
2449,Video Title 2449,chemistry psychology,45000,,2023-12-19 16:52:58,0 0 0 1 0 0 0 0 0 1
2450,Video Title 2450,chemistry psychology,56000,,2021-07-10 06:55:01,0 0 0 1 0 0 0 0 0 1
2451,Video Title 2451,chemistry psychology,50000,,2014-02-04 03:12:13,0 0 0 1 0 0 0 0 0 1
2452,Video Title 2452,chemistry psychology,51000,,2017-06-18 22:14:19,0 0 0 1 0 0 0 0 0 1
2453,Video Title 2453,chemistry psychology,37000,,2023-01-17 09:53:23,0 0 0 1 0 0 0 0 0 1
2454,Video Title 2454,chemistry psychology,49000,,2023-03-09 21:59:57,0 0 0 1 0 0 0 0 0 1
2455,Video Title 2455,chemistry psychology,37000,,2023-08-03 23:21:39,0 0 0 1 0 0 0 0 0 1
2456,Video Title 2456,chemistry psychology,51000,,2022-11-09 15:49:47,0 0 0 1 0 0 0 0 0 1
2457,Video Title 2457,chemistry psychology,42000,,2023-02-28 03:40:51,0 0 0 1 0 0 0 0 0 1
2458,Video Title 2458,chemistry psychology,60000,,2015-02-20 19:33:53,0 0 0 1 0 0 0 0 0 1
2459,Video Title 2459,chemistry psychology,38000,,2019-05-28 20:47:19,0 0 0 1 0 0 0 0 0 1
2460,Video Title 2460,chemistry psychology,39000,,2014-04-03 04:13:18,0 0 0 1 0 0 0 0 0 1
2461,Video Title 2461,chemistry psychology,46000,,2022-03-22 16:45:14,0 0 0 1 0 0 0 0 0 1
2462,Video Title 2462,chemistry psychology,41000,,2019-02-23 05:28:25,0 0 0 1 0 0 0 0 0 1
2463,Video Title 2463,chemistry psychology,46000,,2018-06-17 06:47:03,0 0 0 1 0 0 0 0 0 1
2464,Video Title 2464,chemistry psychology,31000,,2016-12-19 23:36:56,0 0 0 1 0 0 0 0 0 1
2465,Video Title 2465,chemistry psychology,50000,,2015-12-06 16:05:06,0 0 0 1 0 0 0 0 0 1
2466,Video Title 2466,chemistry psychology,46000,,2014-10-30 13:27:40,0 0 0 1 0 0 0 0 0 1
2467,Video Title 2467,chemistry psychology,33000,,2015-09-05 23:47:07,0 0 0 1 0 0 0 0 0 1
2468,Video Title 2468,chemistry psychology,60000,,2021-09-25 14:42:07,0 0 0 1 0 0 0 0 0 1
2469,Video Title 2469,chemistry psychology,47000,,2014-01-29 18:09:33,0 0 0 1 0 0 0 0 0 1
2470,Video Title 2470,chemistry psychology,32000,,2016-02-11 08:27:25,0 0 0 1 0 0 0 0 0 1
2471,Video Title 2471,chemistry psychology,50000,,2021-09-26 13:48:23,0 0 0 1 0 0 0 0 0 1
2472,Video Title 2472,chemistry psychology,57000,,2020-11-08 17:29:38,0 0 0 1 0 0 0 0 0 1
2473,Video Title 2473,chemistry psychology,56000,,2015-01-17 07:59:18,0 0 0 1 0 0 0 0 0 1
2474,Video Title 2474,chemistry psychology,47000,,2022-04-15 22:23:00,0 0 0 1 0 0 0 0 0 1
2475,Video Title 2475,chemistry psychology,58000,,2023-10-06 05:12:55,0 0 0 1 0 0 0 0 0 1
2476,Video Title 2476,chemistry psychology,54000,,2018-05-10 14:49:40,0 0 0 1 0 0 0 0 0 1
2477,Video Title 2477,chemistry psychology,56000,,2023-05-26 02:11:50,0 0 0 1 0 0 0 0 0 1
2478,Video Title 2478,chemistry psychology,53000,,2020-11-11 01:24:50,0 0 0 1 0 0 0 0 0 1
2479,Video Title 2479,chemistry psychology,30000,,2018-08-06 04:07:50,0 0 0 1 0 0 0 0 0 1
2480,Video Title 2480,chemistry psychology,40000,,2014-05-21 06:50:28,0 0 0 1 0 0 0 0 0 1
2481,Video Title 2481,chemistry psychology,32000,,2014-07-20 01:52:58,0 0 0 1 0 0 0 0 0 1
2482,Video Title 2482,chemistry psychology,55000,,2016-07-10 11:08:27,0 0 0 1 0 0 0 0 0 1
2483,Video Title 2483,chemistry psychology,32000,,2019-10-02 14:41:49,0 0 0 1 0 0 0 0 0 1
2484,Video Title 2484,chemistry psychology,37000,,2023-02-10 02:25:26,0 0 0 1 0 0 0 0 0 1
2485,Video Title 2485,chemistry psychology,43000,,2017-11-19 07:39:21,0 0 0 1 0 0 0 0 0 1
2486,Video Title 2486,chemistry psychology,50000,,2018-01-18 05:38:47,0 0 0 1 0 0 0 0 0 1
2487,Video Title 2487,chemistry psychology,40000,,2014-03-05 15:38:55,0 0 0 1 0 0 0 0 0 1
2488,Video Title 2488,chemistry psychology,51000,,2015-03-10 19:35:04,0 0 0 1 0 0 0 0 0 1
2489,Video Title 2489,chemistry psychology,30000,,2020-06-01 04:37:57,0 0 0 1 0 0 0 0 0 1
2490,Video Title 2490,chemistry psychology,49000,,2014-08-21 19:36:46,0 0 0 1 0 0 0 0 0 1
2491,Video Title 2491,chemistry psychology,53000,,2019-11-10 11:15:43,0 0 0 1 0 0 0 0 0 1
2492,Video Title 2492,chemistry psychology,52000,,2022-06-26 02:48:30,0 0 0 1 0 0 0 0 0 1
2493,Video Title 2493,chemistry psychology,41000,,2023-04-13 08:58:58,0 0 0 1 0 0 0 0 0 1
2494,Video Title 2494,chemistry psychology,33000,,2016-11-25 21:41:09,0 0 0 1 0 0 0 0 0 1
2495,Video Title 2495,chemistry psychology,51000,,2017-01-06 22:19:19,0 0 0 1 0 0 0 0 0 1
2496,Video Title 2496,chemistry psychology,32000,,2016-10-26 12:55:41,0 0 0 1 0 0 0 0 0 1
2497,Video Title 2497,chemistry psychology,59000,,2018-05-19 12:25:50,0 0 0 1 0 0 0 0 0 1
2498,Video Title 2498,chemistry psychology,42000,,2022-03-22 17:55:10,0 0 0 1 0 0 0 0 0 1
2499,Video Title 2499,chemistry psychology,30000,,2018-09-29 01:19:13,0 0 0 1 0 0 0 0 0 1
2500,Video Title 2500,chemistry psychology,47000,,2016-03-15 12:14:15,0 0 0 1 0 0 0 0 0 1
2501,Video Title 2501,biology chemistry psychology,53000,,2017-11-30 02:56:55,0 1 0 1 0 0 0 0 0 1
2502,Video Title 2502,biology chemistry psychology,55000,,2022-06-30 13:20:51,0 1 0 1 0 0 0 0 0 1
2503,Video Title 2503,biology chemistry psychology,39000,,2023-08-08 11:45:41,0 1 0 1 0 0 0 0 0 1
2504,Video Title 2504,biology chemistry psychology,34000,,2016-12-25 21:44:58,0 1 0 1 0 0 0 0 0 1
2505,Video Title 2505,biology chemistry psychology,58000,,2023-02-21 17:11:49,0 1 0 1 0 0 0 0 0 1
2506,Video Title 2506,biology chemistry psychology,55000,,2022-09-03 01:22:26,0 1 0 1 0 0 0 0 0 1
2507,Video Title 2507,biology chemistry psychology,50000,,2017-09-25 22:13:59,0 1 0 1 0 0 0 0 0 1
2508,Video Title 2508,biology chemistry psychology,60000,,2014-02-12 16:45:29,0 1 0 1 0 0 0 0 0 1
2509,Video Title 2509,biology chemistry psychology,57000,,2019-07-22 00:06:34,0 1 0 1 0 0 0 0 0 1
2510,Video Title 2510,biology chemistry psychology,33000,,2014-06-04 11:19:37,0 1 0 1 0 0 0 0 0 1
2511,Video Title 2511,biology chemistry psychology,48000,,2019-12-20 18:58:05,0 1 0 1 0 0 0 0 0 1
2512,Video Title 2512,biology chemistry psychology,47000,,2019-06-24 11:13:45,0 1 0 1 0 0 0 0 0 1
2513,Video Title 2513,biology chemistry psychology,32000,,2017-01-19 02:56:41,0 1 0 1 0 0 0 0 0 1
2514,Video Title 2514,biology chemistry psychology,53000,,2021-06-01 05:18:37,0 1 0 1 0 0 0 0 0 1
2515,Video Title 2515,biology chemistry psychology,53000,,2017-06-11 01:24:16,0 1 0 1 0 0 0 0 0 1
2516,Video Title 2516,biology chemistry psychology,43000,,2023-01-21 13:00:55,0 1 0 1 0 0 0 0 0 1
2517,Video Title 2517,biology chemistry psychology,57000,,2019-02-16 19:36:57,0 1 0 1 0 0 0 0 0 1
2518,Video Title 2518,biology chemistry psychology,35000,,2015-11-05 13:45:45,0 1 0 1 0 0 0 0 0 1
2519,Video Title 2519,biology chemistry psychology,49000,,2022-05-07 19:57:24,0 1 0 1 0 0 0 0 0 1
2520,Video Title 2520,biology chemistry psychology,36000,,2015-02-25 08:56:04,0 1 0 1 0 0 0 0 0 1
2521,Video Title 2521,biology chemistry psychology,51000,,2021-12-30 18:13:14,0 1 0 1 0 0 0 0 0 1
2522,Video Title 2522,biology chemistry psychology,57000,,2014-07-20 12:24:56,0 1 0 1 0 0 0 0 0 1
2523,Video Title 2523,biology chemistry psychology,54000,,2023-04-29 03:36:00,0 1 0 1 0 0 0 0 0 1
2524,Video Title 2524,biology chemistry psychology,47000,,2018-08-13 14:49:54,0 1 0 1 0 0 0 0 0 1
2525,Video Title 2525,biology chemistry psychology,47000,,2014-09-26 23:27:52,0 1 0 1 0 0 0 0 0 1
2526,Video Title 2526,biology chemistry psychology,51000,,2014-09-05 20:58:39,0 1 0 1 0 0 0 0 0 1
2527,Video Title 2527,biology chemistry psychology,33000,,2015-12-24 13:46:51,0 1 0 1 0 0 0 0 0 1
2528,Video Title 2528,biology chemistry psychology,48000,,2018-11-16 05:52:47,0 1 0 1 0 0 0 0 0 1
2529,Video Title 2529,biology chemistry psychology,40000,,2017-07-29 13:19:12,0 1 0 1 0 0 0 0 0 1
2530,Video Title 2530,biology chemistry psychology,51000,,2020-07-22 11:25:59,0 1 0 1 0 0 0 0 0 1
2531,Video Title 2531,biology chemistry psychology,33000,,2016-11-08 18:00:49,0 1 0 1 0 0 0 0 0 1
2532,Video Title 2532,biology chemistry psychology,32000,,2023-01-01 10:23:18,0 1 0 1 0 0 0 0 0 1
2533,Video Title 2533,biology chemistry psychology,40000,,2018-11-11 09:26:37,0 1 0 1 0 0 0 0 0 1
2534,Video Title 2534,biology chemistry psychology,40000,,2020-03-01 15:35:48,0 1 0 1 0 0 0 0 0 1
2535,Video Title 2535,biology chemistry psychology,39000,,2020-12-08 02:55:55,0 1 0 1 0 0 0 0 0 1
2536,Video Title 2536,biology chemistry psychology,34000,,2019-08-29 06:21:21,0 1 0 1 0 0 0 0 0 1
2537,Video Title 2537,biology chemistry psychology,41000,,2022-01-29 02:29:57,0 1 0 1 0 0 0 0 0 1
2538,Video Title 2538,biology chemistry psychology,60000,,2018-04-15 07:43:39,0 1 0 1 0 0 0 0 0 1
2539,Video Title 2539,biology chemistry psychology,30000,,2017-02-19 05:36:53,0 1 0 1 0 0 0 0 0 1
2540,Video Title 2540,biology chemistry psychology,55000,,2016-03-21 13:39:06,0 1 0 1 0 0 0 0 0 1
2541,Video Title 2541,biology chemistry psychology,53000,,2020-05-30 01:27:23,0 1 0 1 0 0 0 0 0 1
2542,Video Title 2542,biology chemistry psychology,38000,,2022-05-27 09:38:28,0 1 0 1 0 0 0 0 0 1
2543,Video Title 2543,biology chemistry psychology,34000,,2020-10-18 11:13:25,0 1 0 1 0 0 0 0 0 1
2544,Video Title 2544,biology chemistry psychology,40000,,2022-10-12 06:47:55,0 1 0 1 0 0 0 0 0 1
2545,Video Title 2545,biology chemistry psychology,44000,,2018-06-16 13:21:30,0 1 0 1 0 0 0 0 0 1
2546,Video Title 2546,biology chemistry psychology,54000,,2017-01-21 23:19:45,0 1 0 1 0 0 0 0 0 1
2547,Video Title 2547,biology chemistry psychology,47000,,2015-02-04 05:44:20,0 1 0 1 0 0 0 0 0 1
2548,Video Title 2548,biology chemistry psychology,50000,,2020-01-26 04:35:00,0 1 0 1 0 0 0 0 0 1
2549,Video Title 2549,biology chemistry psychology,56000,,2016-10-23 05:57:22,0 1 0 1 0 0 0 0 0 1
2550,Video Title 2550,biology chemistry psychology,56000,,2015-05-29 00:08:46,0 1 0 1 0 0 0 0 0 1
2551,Video Title 2551,biology chemistry psychology,47000,,2015-12-20 23:26:13,0 1 0 1 0 0 0 0 0 1
2552,Video Title 2552,biology chemistry psychology,53000,,2022-11-12 03:01:08,0 1 0 1 0 0 0 0 0 1
2553,Video Title 2553,biology chemistry psychology,32000,,2021-04-11 02:27:43,0 1 0 1 0 0 0 0 0 1
2554,Video Title 2554,biology chemistry psychology,58000,,2014-03-12 00:00:49,0 1 0 1 0 0 0 0 0 1
2555,Video Title 2555,biology chemistry psychology,46000,,2020-04-26 10:28:51,0 1 0 1 0 0 0 0 0 1
2556,Video Title 2556,biology chemistry psychology,56000,,2019-10-27 21:36:25,0 1 0 1 0 0 0 0 0 1
2557,Video Title 2557,biology chemistry psychology,42000,,2021-09-10 13:56:32,0 1 0 1 0 0 0 0 0 1
2558,Video Title 2558,biology chemistry psychology,36000,,2023-01-24 00:11:36,0 1 0 1 0 0 0 0 0 1
2559,Video Title 2559,biology chemistry psychology,47000,,2016-08-11 05:59:23,0 1 0 1 0 0 0 0 0 1
2560,Video Title 2560,biology chemistry psychology,58000,,2023-12-27 08:35:17,0 1 0 1 0 0 0 0 0 1
2561,Video Title 2561,biology chemistry psychology,45000,,2020-07-16 18:21:10,0 1 0 1 0 0 0 0 0 1
2562,Video Title 2562,biology chemistry psychology,34000,,2017-08-30 05:42:43,0 1 0 1 0 0 0 0 0 1
2563,Video Title 2563,biology chemistry psychology,37000,,2022-11-30 17:55:43,0 1 0 1 0 0 0 0 0 1
2564,Video Title 2564,biology chemistry psychology,48000,,2021-05-02 06:40:12,0 1 0 1 0 0 0 0 0 1
2565,Video Title 2565,biology chemistry psychology,39000,,2015-05-06 15:59:53,0 1 0 1 0 0 0 0 0 1
2566,Video Title 2566,biology chemistry psychology,46000,,2019-02-09 00:05:26,0 1 0 1 0 0 0 0 0 1
2567,Video Title 2567,biology chemistry psychology,42000,,2017-08-23 02:37:22,0 1 0 1 0 0 0 0 0 1
2568,Video Title 2568,biology chemistry psychology,30000,,2020-08-17 18:38:08,0 1 0 1 0 0 0 0 0 1
2569,Video Title 2569,biology chemistry psychology,57000,,2023-08-22 14:25:24,0 1 0 1 0 0 0 0 0 1
2570,Video Title 2570,biology chemistry psychology,49000,,2020-11-04 04:33:40,0 1 0 1 0 0 0 0 0 1
2571,Video Title 2571,biology chemistry psychology,54000,,2019-02-22 14:22:23,0 1 0 1 0 0 0 0 0 1
2572,Video Title 2572,biology chemistry psychology,44000,,2015-08-07 03:53:01,0 1 0 1 0 0 0 0 0 1
2573,Video Title 2573,biology chemistry psychology,48000,,2023-06-27 19:09:23,0 1 0 1 0 0 0 0 0 1
2574,Video Title 2574,biology chemistry psychology,51000,,2022-09-21 12:17:43,0 1 0 1 0 0 0 0 0 1
2575,Video Title 2575,biology chemistry psychology,34000,,2021-05-12 02:34:30,0 1 0 1 0 0 0 0 0 1
2576,Video Title 2576,biology chemistry psychology,45000,,2023-05-23 23:45:09,0 1 0 1 0 0 0 0 0 1
2577,Video Title 2577,biology chemistry psychology,31000,,2016-03-11 16:33:16,0 1 0 1 0 0 0 0 0 1
2578,Video Title 2578,biology chemistry psychology,45000,,2016-04-27 21:17:30,0 1 0 1 0 0 0 0 0 1
2579,Video Title 2579,biology chemistry psychology,38000,,2017-09-12 10:31:20,0 1 0 1 0 0 0 0 0 1
2580,Video Title 2580,biology chemistry psychology,31000,,2020-09-08 08:05:54,0 1 0 1 0 0 0 0 0 1
2581,Video Title 2581,biology chemistry psychology,46000,,2023-01-29 04:48:20,0 1 0 1 0 0 0 0 0 1
2582,Video Title 2582,biology chemistry psychology,41000,,2017-11-19 12:57:23,0 1 0 1 0 0 0 0 0 1
2583,Video Title 2583,biology chemistry psychology,59000,,2018-07-20 10:45:58,0 1 0 1 0 0 0 0 0 1
2584,Video Title 2584,biology chemistry psychology,31000,,2014-05-28 15:39:05,0 1 0 1 0 0 0 0 0 1
2585,Video Title 2585,biology chemistry psychology,50000,,2017-03-30 20:37:45,0 1 0 1 0 0 0 0 0 1
2586,Video Title 2586,biology chemistry psychology,52000,,2023-09-07 19:28:00,0 1 0 1 0 0 0 0 0 1
2587,Video Title 2587,biology chemistry psychology,50000,,2022-04-19 05:05:27,0 1 0 1 0 0 0 0 0 1
2588,Video Title 2588,biology chemistry psychology,56000,,2021-06-02 23:17:25,0 1 0 1 0 0 0 0 0 1
2589,Video Title 2589,biology chemistry psychology,48000,,2019-06-12 21:03:55,0 1 0 1 0 0 0 0 0 1
2590,Video Title 2590,biology chemistry psychology,35000,,2017-10-08 19:22:41,0 1 0 1 0 0 0 0 0 1
2591,Video Title 2591,biology chemistry psychology,42000,,2017-08-28 07:59:51,0 1 0 1 0 0 0 0 0 1
2592,Video Title 2592,biology chemistry psychology,50000,,2022-12-25 12:39:06,0 1 0 1 0 0 0 0 0 1
2593,Video Title 2593,biology chemistry psychology,32000,,2019-03-03 19:40:11,0 1 0 1 0 0 0 0 0 1
2594,Video Title 2594,biology chemistry psychology,42000,,2023-09-23 06:15:06,0 1 0 1 0 0 0 0 0 1
2595,Video Title 2595,biology chemistry psychology,37000,,2019-03-02 18:10:05,0 1 0 1 0 0 0 0 0 1
2596,Video Title 2596,biology chemistry psychology,41000,,2022-03-04 21:56:26,0 1 0 1 0 0 0 0 0 1
2597,Video Title 2597,biology chemistry psychology,41000,,2018-11-15 01:04:22,0 1 0 1 0 0 0 0 0 1
2598,Video Title 2598,biology chemistry psychology,45000,,2022-11-15 04:15:44,0 1 0 1 0 0 0 0 0 1
2599,Video Title 2599,biology chemistry psychology,30000,,2019-01-08 16:55:11,0 1 0 1 0 0 0 0 0 1
2600,Video Title 2600,biology chemistry psychology,34000,,2018-05-27 15:07:34,0 1 0 1 0 0 0 0 0 1
2601,Video Title 2601,computer_science,37000,,2014-10-11 08:55:42,0 0 0 0 1 0 0 0 0 0
2602,Video Title 2602,computer_science,50000,,2016-10-23 22:54:46,0 0 0 0 1 0 0 0 0 0
2603,Video Title 2603,computer_science,34000,,2015-11-16 04:56:13,0 0 0 0 1 0 0 0 0 0
2604,Video Title 2604,computer_science,41000,,2020-01-09 08:58:34,0 0 0 0 1 0 0 0 0 0
2605,Video Title 2605,computer_science,56000,,2015-03-10 21:43:39,0 0 0 0 1 0 0 0 0 0
2606,Video Title 2606,computer_science,37000,,2018-02-24 08:09:31,0 0 0 0 1 0 0 0 0 0
2607,Video Title 2607,computer_science,40000,,2021-03-15 22:23:44,0 0 0 0 1 0 0 0 0 0
2608,Video Title 2608,computer_science,45000,,2020-10-02 14:05:51,0 0 0 0 1 0 0 0 0 0
2609,Video Title 2609,computer_science,45000,,2016-02-11 01:39:58,0 0 0 0 1 0 0 0 0 0
2610,Video Title 2610,computer_science,35000,,2020-06-22 11:54:32,0 0 0 0 1 0 0 0 0 0
2611,Video Title 2611,computer_science,43000,,2014-03-25 22:16:22,0 0 0 0 1 0 0 0 0 0
2612,Video Title 2612,computer_science,31000,,2015-04-14 18:44:09,0 0 0 0 1 0 0 0 0 0
2613,Video Title 2613,computer_science,48000,,2015-08-14 02:54:45,0 0 0 0 1 0 0 0 0 0
2614,Video Title 2614,computer_science,50000,,2019-02-17 03:30:38,0 0 0 0 1 0 0 0 0 0
2615,Video Title 2615,computer_science,58000,,2019-09-22 18:47:26,0 0 0 0 1 0 0 0 0 0
2616,Video Title 2616,computer_science,31000,,2015-09-02 03:30:13,0 0 0 0 1 0 0 0 0 0
2617,Video Title 2617,computer_science,59000,,2015-10-22 03:17:18,0 0 0 0 1 0 0 0 0 0
2618,Video Title 2618,computer_science,60000,,2018-01-21 21:58:23,0 0 0 0 1 0 0 0 0 0
2619,Video Title 2619,computer_science,48000,,2020-05-18 07:44:56,0 0 0 0 1 0 0 0 0 0
2620,Video Title 2620,computer_science,58000,,2021-03-13 08:20:36,0 0 0 0 1 0 0 0 0 0
2621,Video Title 2621,computer_science,51000,,2022-03-19 18:10:11,0 0 0 0 1 0 0 0 0 0
2622,Video Title 2622,computer_science,60000,,2014-11-11 23:34:07,0 0 0 0 1 0 0 0 0 0
2623,Video Title 2623,computer_science,44000,,2020-01-25 19:40:07,0 0 0 0 1 0 0 0 0 0
2624,Video Title 2624,computer_science,45000,,2022-09-03 15:41:24,0 0 0 0 1 0 0 0 0 0
2625,Video Title 2625,computer_science,35000,,2016-03-13 16:16:12,0 0 0 0 1 0 0 0 0 0
2626,Video Title 2626,computer_science,43000,,2020-01-05 01:28:16,0 0 0 0 1 0 0 0 0 0
2627,Video Title 2627,computer_science,55000,,2019-10-30 15:48:05,0 0 0 0 1 0 0 0 0 0
2628,Video Title 2628,computer_science,54000,,2015-10-28 21:03:06,0 0 0 0 1 0 0 0 0 0
2629,Video Title 2629,computer_science,51000,,2019-02-10 10:30:35,0 0 0 0 1 0 0 0 0 0
2630,Video Title 2630,computer_science,35000,,2021-03-30 06:45:48,0 0 0 0 1 0 0 0 0 0
2631,Video Title 2631,computer_science,40000,,2023-03-23 14:01:49,0 0 0 0 1 0 0 0 0 0
2632,Video Title 2632,computer_science,49000,,2019-11-28 16:12:31,0 0 0 0 1 0 0 0 0 0
2633,Video Title 2633,computer_science,37000,,2017-10-14 11:18:52,0 0 0 0 1 0 0 0 0 0
2634,Video Title 2634,computer_science,34000,,2015-02-03 06:44:31,0 0 0 0 1 0 0 0 0 0
2635,Video Title 2635,computer_science,36000,,2019-03-25 21:30:49,0 0 0 0 1 0 0 0 0 0
2636,Video Title 2636,computer_science,59000,,2019-01-17 21:53:40,0 0 0 0 1 0 0 0 0 0
2637,Video Title 2637,computer_science,43000,,2022-04-07 18:38:33,0 0 0 0 1 0 0 0 0 0
2638,Video Title 2638,computer_science,49000,,2014-12-20 11:45:19,0 0 0 0 1 0 0 0 0 0
2639,Video Title 2639,computer_science,45000,,2023-01-06 20:52:47,0 0 0 0 1 0 0 0 0 0
2640,Video Title 2640,computer_science,49000,,2014-05-25 11:36:10,0 0 0 0 1 0 0 0 0 0
2641,Video Title 2641,computer_science,55000,,2019-04-26 17:15:49,0 0 0 0 1 0 0 0 0 0
2642,Video Title 2642,computer_science,54000,,2015-03-07 22:26:13,0 0 0 0 1 0 0 0 0 0
2643,Video Title 2643,computer_science,45000,,2020-08-05 18:47:33,0 0 0 0 1 0 0 0 0 0
2644,Video Title 2644,computer_science,58000,,2020-01-14 16:22:45,0 0 0 0 1 0 0 0 0 0
2645,Video Title 2645,computer_science,56000,,2014-01-07 09:08:16,0 0 0 0 1 0 0 0 0 0
2646,Video Title 2646,computer_science,60000,,2021-10-01 06:38:56,0 0 0 0 1 0 0 0 0 0
2647,Video Title 2647,computer_science,50000,,2018-04-26 23:07:18,0 0 0 0 1 0 0 0 0 0
2648,Video Title 2648,computer_science,43000,,2017-09-15 21:03:52,0 0 0 0 1 0 0 0 0 0
2649,Video Title 2649,computer_science,31000,,2020-12-23 09:30:35,0 0 0 0 1 0 0 0 0 0
2650,Video Title 2650,computer_science,43000,,2016-04-19 14:59:45,0 0 0 0 1 0 0 0 0 0
2651,Video Title 2651,computer_science,55000,,2018-10-28 18:00:50,0 0 0 0 1 0 0 0 0 0
2652,Video Title 2652,computer_science,54000,,2017-10-25 12:19:01,0 0 0 0 1 0 0 0 0 0
2653,Video Title 2653,computer_science,48000,,2022-01-17 20:48:10,0 0 0 0 1 0 0 0 0 0
2654,Video Title 2654,computer_science,59000,,2021-08-13 14:50:10,0 0 0 0 1 0 0 0 0 0
2655,Video Title 2655,computer_science,52000,,2019-10-06 20:11:00,0 0 0 0 1 0 0 0 0 0
2656,Video Title 2656,computer_science,43000,,2015-05-06 16:09:36,0 0 0 0 1 0 0 0 0 0
2657,Video Title 2657,computer_science,45000,,2021-08-29 09:14:19,0 0 0 0 1 0 0 0 0 0
2658,Video Title 2658,computer_science,59000,,2022-08-04 13:03:52,0 0 0 0 1 0 0 0 0 0
2659,Video Title 2659,computer_science,39000,,2019-12-26 18:24:35,0 0 0 0 1 0 0 0 0 0
2660,Video Title 2660,computer_science,47000,,2018-02-02 13:27:04,0 0 0 0 1 0 0 0 0 0
2661,Video Title 2661,computer_science,36000,,2014-01-22 23:07:27,0 0 0 0 1 0 0 0 0 0
2662,Video Title 2662,computer_science,53000,,2021-11-23 09:24:34,0 0 0 0 1 0 0 0 0 0
2663,Video Title 2663,computer_science,48000,,2019-03-25 06:33:33,0 0 0 0 1 0 0 0 0 0
2664,Video Title 2664,computer_science,46000,,2014-01-29 06:11:56,0 0 0 0 1 0 0 0 0 0
2665,Video Title 2665,computer_science,50000,,2016-01-22 18:40:40,0 0 0 0 1 0 0 0 0 0
2666,Video Title 2666,computer_science,55000,,2017-03-01 00:59:24,0 0 0 0 1 0 0 0 0 0
2667,Video Title 2667,computer_science,41000,,2015-01-27 00:41:23,0 0 0 0 1 0 0 0 0 0
2668,Video Title 2668,computer_science,43000,,2020-07-08 06:03:06,0 0 0 0 1 0 0 0 0 0
2669,Video Title 2669,computer_science,38000,,2016-08-13 18:08:00,0 0 0 0 1 0 0 0 0 0
2670,Video Title 2670,computer_science,47000,,2018-03-28 23:59:29,0 0 0 0 1 0 0 0 0 0
2671,Video Title 2671,computer_science,41000,,2020-02-14 08:44:50,0 0 0 0 1 0 0 0 0 0
2672,Video Title 2672,computer_science,51000,,2017-12-23 16:59:00,0 0 0 0 1 0 0 0 0 0
2673,Video Title 2673,computer_science,36000,,2018-02-19 06:47:12,0 0 0 0 1 0 0 0 0 0
2674,Video Title 2674,computer_science,55000,,2019-07-31 02:29:25,0 0 0 0 1 0 0 0 0 0
2675,Video Title 2675,computer_science,35000,,2017-09-15 06:39:21,0 0 0 0 1 0 0 0 0 0
2676,Video Title 2676,computer_science,47000,,2018-11-03 17:23:23,0 0 0 0 1 0 0 0 0 0
2677,Video Title 2677,computer_science,39000,,2019-10-12 10:14:27,0 0 0 0 1 0 0 0 0 0
2678,Video Title 2678,computer_science,54000,,2021-01-21 01:19:39,0 0 0 0 1 0 0 0 0 0
2679,Video Title 2679,computer_science,53000,,2015-05-21 22:48:07,0 0 0 0 1 0 0 0 0 0
2680,Video Title 2680,computer_science,57000,,2020-08-05 09:10:39,0 0 0 0 1 0 0 0 0 0
2681,Video Title 2681,computer_science,53000,,2016-04-20 15:57:58,0 0 0 0 1 0 0 0 0 0
2682,Video Title 2682,computer_science,55000,,2020-12-29 11:40:56,0 0 0 0 1 0 0 0 0 0
2683,Video Title 2683,computer_science,35000,,2015-01-04 00:24:24,0 0 0 0 1 0 0 0 0 0
2684,Video Title 2684,computer_science,46000,,2018-01-04 01:08:07,0 0 0 0 1 0 0 0 0 0
2685,Video Title 2685,computer_science,40000,,2022-01-04 02:47:13,0 0 0 0 1 0 0 0 0 0
2686,Video Title 2686,computer_science,49000,,2020-12-21 06:13:44,0 0 0 0 1 0 0 0 0 0
2687,Video Title 2687,computer_science,52000,,2014-07-11 23:49:30,0 0 0 0 1 0 0 0 0 0
2688,Video Title 2688,computer_science,42000,,2023-08-24 16:21:14,0 0 0 0 1 0 0 0 0 0
2689,Video Title 2689,computer_science,30000,,2022-01-16 22:45:21,0 0 0 0 1 0 0 0 0 0
2690,Video Title 2690,computer_science,56000,,2015-06-17 10:46:15,0 0 0 0 1 0 0 0 0 0
2691,Video Title 2691,computer_science,59000,,2020-01-02 21:30:02,0 0 0 0 1 0 0 0 0 0
2692,Video Title 2692,computer_science,32000,,2014-08-24 21:26:52,0 0 0 0 1 0 0 0 0 0
2693,Video Title 2693,computer_science,37000,,2017-09-17 13:09:25,0 0 0 0 1 0 0 0 0 0
2694,Video Title 2694,computer_science,49000,,2014-05-20 19:22:03,0 0 0 0 1 0 0 0 0 0
2695,Video Title 2695,computer_science,42000,,2023-04-23 00:00:18,0 0 0 0 1 0 0 0 0 0
2696,Video Title 2696,computer_science,42000,,2020-02-21 23:23:08,0 0 0 0 1 0 0 0 0 0
2697,Video Title 2697,computer_science,46000,,2016-11-13 14:42:17,0 0 0 0 1 0 0 0 0 0
2698,Video Title 2698,computer_science,60000,,2019-12-23 18:35:47,0 0 0 0 1 0 0 0 0 0
2699,Video Title 2699,computer_science,60000,,2021-09-26 16:06:01,0 0 0 0 1 0 0 0 0 0
2700,Video Title 2700,computer_science,35000,,2020-05-28 01:31:08,0 0 0 0 1 0 0 0 0 0
2701,Video Title 2701,computer_science physics,44000,,2014-02-11 02:13:50,0 0 0 0 1 0 0 0 1 0
2702,Video Title 2702,computer_science physics,57000,,2020-07-27 15:03:28,0 0 0 0 1 0 0 0 1 0
2703,Video Title 2703,computer_science physics,55000,,2019-03-09 06:13:39,0 0 0 0 1 0 0 0 1 0
2704,Video Title 2704,computer_science physics,36000,,2014-05-05 16:10:45,0 0 0 0 1 0 0 0 1 0
2705,Video Title 2705,computer_science physics,49000,,2019-02-09 11:59:30,0 0 0 0 1 0 0 0 1 0
2706,Video Title 2706,computer_science physics,52000,,2016-04-27 14:22:37,0 0 0 0 1 0 0 0 1 0
2707,Video Title 2707,computer_science physics,35000,,2020-09-28 04:32:08,0 0 0 0 1 0 0 0 1 0
2708,Video Title 2708,computer_science physics,41000,,2016-05-25 06:52:49,0 0 0 0 1 0 0 0 1 0
2709,Video Title 2709,computer_science physics,30000,,2023-10-04 02:34:51,0 0 0 0 1 0 0 0 1 0
2710,Video Title 2710,computer_science physics,32000,,2023-12-20 09:10:54,0 0 0 0 1 0 0 0 1 0
2711,Video Title 2711,computer_science physics,54000,,2017-12-30 22:23:28,0 0 0 0 1 0 0 0 1 0
2712,Video Title 2712,computer_science physics,51000,,2017-12-15 06:32:13,0 0 0 0 1 0 0 0 1 0
2713,Video Title 2713,computer_science physics,48000,,2016-01-04 03:11:22,0 0 0 0 1 0 0 0 1 0
2714,Video Title 2714,computer_science physics,30000,,2021-05-15 18:40:38,0 0 0 0 1 0 0 0 1 0
2715,Video Title 2715,computer_science physics,32000,,2023-03-11 23:56:31,0 0 0 0 1 0 0 0 1 0
2716,Video Title 2716,computer_science physics,47000,,2016-11-06 09:39:20,0 0 0 0 1 0 0 0 1 0
2717,Video Title 2717,computer_science physics,56000,,2019-08-05 18:22:29,0 0 0 0 1 0 0 0 1 0
2718,Video Title 2718,computer_science physics,48000,,2017-06-26 13:08:37,0 0 0 0 1 0 0 0 1 0
2719,Video Title 2719,computer_science physics,60000,,2022-02-26 15:06:12,0 0 0 0 1 0 0 0 1 0
2720,Video Title 2720,computer_science physics,37000,,2020-01-25 05:26:04,0 0 0 0 1 0 0 0 1 0
2721,Video Title 2721,computer_science physics,36000,,2018-07-20 20:53:20,0 0 0 0 1 0 0 0 1 0
2722,Video Title 2722,computer_science physics,42000,,2019-10-02 09:49:43,0 0 0 0 1 0 0 0 1 0
2723,Video Title 2723,computer_science physics,38000,,2015-10-03 21:02:50,0 0 0 0 1 0 0 0 1 0
2724,Video Title 2724,computer_science physics,46000,,2015-01-26 14:19:48,0 0 0 0 1 0 0 0 1 0
2725,Video Title 2725,computer_science physics,32000,,2019-01-13 13:37:08,0 0 0 0 1 0 0 0 1 0
2726,Video Title 2726,computer_science physics,40000,,2023-06-21 14:33:17,0 0 0 0 1 0 0 0 1 0
2727,Video Title 2727,computer_science physics,55000,,2019-02-19 11:54:49,0 0 0 0 1 0 0 0 1 0
2728,Video Title 2728,computer_science physics,38000,,2022-10-05 19:30:10,0 0 0 0 1 0 0 0 1 0
2729,Video Title 2729,computer_science physics,56000,,2021-12-07 20:53:56,0 0 0 0 1 0 0 0 1 0
2730,Video Title 2730,computer_science physics,38000,,2020-12-10 19:12:25,0 0 0 0 1 0 0 0 1 0
2731,Video Title 2731,computer_science physics,60000,,2017-10-10 08:13:57,0 0 0 0 1 0 0 0 1 0
2732,Video Title 2732,computer_science physics,45000,,2021-09-13 09:07:33,0 0 0 0 1 0 0 0 1 0
2733,Video Title 2733,computer_science physics,54000,,2017-05-26 18:16:58,0 0 0 0 1 0 0 0 1 0
2734,Video Title 2734,computer_science physics,54000,,2018-08-04 19:07:20,0 0 0 0 1 0 0 0 1 0
2735,Video Title 2735,computer_science physics,44000,,2022-12-19 07:29:12,0 0 0 0 1 0 0 0 1 0
2736,Video Title 2736,computer_science physics,57000,,2014-04-12 19:55:15,0 0 0 0 1 0 0 0 1 0
2737,Video Title 2737,computer_science physics,33000,,2016-08-01 01:00:41,0 0 0 0 1 0 0 0 1 0
2738,Video Title 2738,computer_science physics,42000,,2020-05-03 20:46:24,0 0 0 0 1 0 0 0 1 0
2739,Video Title 2739,computer_science physics,37000,,2020-10-08 17:34:36,0 0 0 0 1 0 0 0 1 0
2740,Video Title 2740,computer_science physics,37000,,2022-01-01 14:08:17,0 0 0 0 1 0 0 0 1 0
2741,Video Title 2741,computer_science physics,43000,,2023-07-22 09:02:31,0 0 0 0 1 0 0 0 1 0
2742,Video Title 2742,computer_science physics,46000,,2019-05-12 03:06:25,0 0 0 0 1 0 0 0 1 0
2743,Video Title 2743,computer_science physics,52000,,2022-04-28 10:42:32,0 0 0 0 1 0 0 0 1 0
2744,Video Title 2744,computer_science physics,37000,,2016-11-16 14:34:02,0 0 0 0 1 0 0 0 1 0
2745,Video Title 2745,computer_science physics,42000,,2020-09-26 23:56:15,0 0 0 0 1 0 0 0 1 0
2746,Video Title 2746,computer_science physics,56000,,2017-06-04 06:34:34,0 0 0 0 1 0 0 0 1 0
2747,Video Title 2747,computer_science physics,47000,,2023-04-25 14:18:38,0 0 0 0 1 0 0 0 1 0
2748,Video Title 2748,computer_science physics,45000,,2017-02-21 15:15:19,0 0 0 0 1 0 0 0 1 0
2749,Video Title 2749,computer_science physics,36000,,2022-12-11 06:06:13,0 0 0 0 1 0 0 0 1 0
2750,Video Title 2750,computer_science physics,38000,,2015-11-01 03:55:04,0 0 0 0 1 0 0 0 1 0
2751,Video Title 2751,computer_science physics,53000,,2020-10-31 08:12:00,0 0 0 0 1 0 0 0 1 0
2752,Video Title 2752,computer_science physics,59000,,2015-11-28 02:40:22,0 0 0 0 1 0 0 0 1 0
2753,Video Title 2753,computer_science physics,53000,,2016-01-01 18:47:19,0 0 0 0 1 0 0 0 1 0
2754,Video Title 2754,computer_science physics,53000,,2016-06-04 12:09:03,0 0 0 0 1 0 0 0 1 0
2755,Video Title 2755,computer_science physics,38000,,2016-01-27 17:48:29,0 0 0 0 1 0 0 0 1 0
2756,Video Title 2756,computer_science physics,36000,,2022-05-08 12:47:09,0 0 0 0 1 0 0 0 1 0
2757,Video Title 2757,computer_science physics,56000,,2020-03-09 21:05:18,0 0 0 0 1 0 0 0 1 0
2758,Video Title 2758,computer_science physics,34000,,2021-10-16 03:00:39,0 0 0 0 1 0 0 0 1 0
2759,Video Title 2759,computer_science physics,33000,,2023-03-15 16:28:48,0 0 0 0 1 0 0 0 1 0
2760,Video Title 2760,computer_science physics,51000,,2023-07-23 14:18:01,0 0 0 0 1 0 0 0 1 0
2761,Video Title 2761,computer_science physics,45000,,2020-02-21 11:14:34,0 0 0 0 1 0 0 0 1 0
2762,Video Title 2762,computer_science physics,54000,,2022-07-28 09:01:33,0 0 0 0 1 0 0 0 1 0
2763,Video Title 2763,computer_science physics,60000,,2014-06-06 06:14:59,0 0 0 0 1 0 0 0 1 0
2764,Video Title 2764,computer_science physics,45000,,2017-09-18 20:48:59,0 0 0 0 1 0 0 0 1 0
2765,Video Title 2765,computer_science physics,40000,,2018-12-05 01:01:01,0 0 0 0 1 0 0 0 1 0
2766,Video Title 2766,computer_science physics,58000,,2022-12-21 01:10:48,0 0 0 0 1 0 0 0 1 0
2767,Video Title 2767,computer_science physics,57000,,2016-10-01 18:36:49,0 0 0 0 1 0 0 0 1 0
2768,Video Title 2768,computer_science physics,35000,,2023-11-05 00:58:27,0 0 0 0 1 0 0 0 1 0
2769,Video Title 2769,computer_science physics,59000,,2019-02-11 15:18:23,0 0 0 0 1 0 0 0 1 0
2770,Video Title 2770,computer_science physics,42000,,2016-03-23 15:19:40,0 0 0 0 1 0 0 0 1 0
2771,Video Title 2771,computer_science physics,48000,,2015-04-16 02:20:42,0 0 0 0 1 0 0 0 1 0
2772,Video Title 2772,computer_science physics,46000,,2021-12-29 08:02:41,0 0 0 0 1 0 0 0 1 0
2773,Video Title 2773,computer_science physics,45000,,2023-05-25 17:43:38,0 0 0 0 1 0 0 0 1 0
2774,Video Title 2774,computer_science physics,31000,,2019-01-11 00:49:42,0 0 0 0 1 0 0 0 1 0
2775,Video Title 2775,computer_science physics,42000,,2022-08-09 11:03:05,0 0 0 0 1 0 0 0 1 0
2776,Video Title 2776,computer_science physics,54000,,2015-10-03 00:30:42,0 0 0 0 1 0 0 0 1 0
2777,Video Title 2777,computer_science physics,33000,,2020-12-25 14:13:26,0 0 0 0 1 0 0 0 1 0
2778,Video Title 2778,computer_science physics,44000,,2017-02-28 03:03:03,0 0 0 0 1 0 0 0 1 0
2779,Video Title 2779,computer_science physics,30000,,2014-02-15 03:25:48,0 0 0 0 1 0 0 0 1 0
2780,Video Title 2780,computer_science physics,36000,,2017-10-18 21:53:35,0 0 0 0 1 0 0 0 1 0
2781,Video Title 2781,computer_science physics,33000,,2017-04-04 20:12:40,0 0 0 0 1 0 0 0 1 0
2782,Video Title 2782,computer_science physics,49000,,2022-08-14 17:21:40,0 0 0 0 1 0 0 0 1 0
2783,Video Title 2783,computer_science physics,35000,,2019-06-28 06:09:13,0 0 0 0 1 0 0 0 1 0
2784,Video Title 2784,computer_science physics,37000,,2016-09-12 08:09:39,0 0 0 0 1 0 0 0 1 0
2785,Video Title 2785,computer_science physics,60000,,2020-02-18 18:09:43,0 0 0 0 1 0 0 0 1 0
2786,Video Title 2786,computer_science physics,41000,,2015-11-05 06:50:16,0 0 0 0 1 0 0 0 1 0
2787,Video Title 2787,computer_science physics,43000,,2016-02-10 10:38:43,0 0 0 0 1 0 0 0 1 0
2788,Video Title 2788,computer_science physics,52000,,2021-07-10 12:20:55,0 0 0 0 1 0 0 0 1 0
2789,Video Title 2789,computer_science physics,41000,,2022-07-18 06:57:54,0 0 0 0 1 0 0 0 1 0
2790,Video Title 2790,computer_science physics,38000,,2018-07-06 03:51:34,0 0 0 0 1 0 0 0 1 0
2791,Video Title 2791,computer_science physics,48000,,2015-04-26 15:47:27,0 0 0 0 1 0 0 0 1 0
2792,Video Title 2792,computer_science physics,48000,,2020-11-10 22:38:36,0 0 0 0 1 0 0 0 1 0
2793,Video Title 2793,computer_science physics,56000,,2015-01-02 12:35:21,0 0 0 0 1 0 0 0 1 0
2794,Video Title 2794,computer_science physics,38000,,2022-01-15 22:04:19,0 0 0 0 1 0 0 0 1 0
2795,Video Title 2795,computer_science physics,47000,,2018-04-29 14:21:45,0 0 0 0 1 0 0 0 1 0
2796,Video Title 2796,computer_science physics,42000,,2015-12-19 15:08:15,0 0 0 0 1 0 0 0 1 0
2797,Video Title 2797,computer_science physics,55000,,2023-08-04 21:21:28,0 0 0 0 1 0 0 0 1 0
2798,Video Title 2798,computer_science physics,34000,,2018-09-25 09:39:48,0 0 0 0 1 0 0 0 1 0
2799,Video Title 2799,computer_science physics,30000,,2015-10-09 14:47:50,0 0 0 0 1 0 0 0 1 0
2800,Video Title 2800,computer_science physics,45000,,2015-05-08 19:43:10,0 0 0 0 1 0 0 0 1 0
2801,Video Title 2801,biology mathematics,58000,,2022-06-30 06:33:23,0 1 0 0 0 0 1 0 0 0
2802,Video Title 2802,biology mathematics,46000,,2019-05-06 00:52:28,0 1 0 0 0 0 1 0 0 0
2803,Video Title 2803,biology mathematics,40000,,2021-11-08 11:09:54,0 1 0 0 0 0 1 0 0 0
2804,Video Title 2804,biology mathematics,39000,,2016-07-07 01:19:31,0 1 0 0 0 0 1 0 0 0
2805,Video Title 2805,biology mathematics,57000,,2019-09-06 14:18:13,0 1 0 0 0 0 1 0 0 0
2806,Video Title 2806,biology mathematics,42000,,2014-12-30 06:11:32,0 1 0 0 0 0 1 0 0 0
2807,Video Title 2807,biology mathematics,35000,,2014-08-10 03:11:12,0 1 0 0 0 0 1 0 0 0
2808,Video Title 2808,biology mathematics,56000,,2016-07-19 03:46:34,0 1 0 0 0 0 1 0 0 0
2809,Video Title 2809,biology mathematics,56000,,2020-04-19 23:55:47,0 1 0 0 0 0 1 0 0 0
2810,Video Title 2810,biology mathematics,44000,,2021-06-12 18:21:58,0 1 0 0 0 0 1 0 0 0
2811,Video Title 2811,biology mathematics,38000,,2017-08-12 12:16:22,0 1 0 0 0 0 1 0 0 0
2812,Video Title 2812,biology mathematics,47000,,2019-07-30 20:15:15,0 1 0 0 0 0 1 0 0 0
2813,Video Title 2813,biology mathematics,55000,,2016-07-31 15:49:07,0 1 0 0 0 0 1 0 0 0
2814,Video Title 2814,biology mathematics,30000,,2018-02-13 22:15:18,0 1 0 0 0 0 1 0 0 0
2815,Video Title 2815,biology mathematics,41000,,2022-09-03 21:29:16,0 1 0 0 0 0 1 0 0 0
2816,Video Title 2816,biology mathematics,60000,,2020-01-22 08:27:37,0 1 0 0 0 0 1 0 0 0
2817,Video Title 2817,biology mathematics,48000,,2019-10-06 00:21:16,0 1 0 0 0 0 1 0 0 0
2818,Video Title 2818,biology mathematics,50000,,2019-05-22 07:11:27,0 1 0 0 0 0 1 0 0 0
2819,Video Title 2819,biology mathematics,54000,,2016-11-06 19:43:29,0 1 0 0 0 0 1 0 0 0
2820,Video Title 2820,biology mathematics,40000,,2020-09-25 03:41:34,0 1 0 0 0 0 1 0 0 0
2821,Video Title 2821,biology mathematics,45000,,2021-09-30 19:36:23,0 1 0 0 0 0 1 0 0 0
2822,Video Title 2822,biology mathematics,44000,,2022-11-24 03:48:09,0 1 0 0 0 0 1 0 0 0
2823,Video Title 2823,biology mathematics,42000,,2020-02-20 20:56:47,0 1 0 0 0 0 1 0 0 0
2824,Video Title 2824,biology mathematics,44000,,2020-04-26 17:59:16,0 1 0 0 0 0 1 0 0 0
2825,Video Title 2825,biology mathematics,34000,,2022-09-07 03:22:12,0 1 0 0 0 0 1 0 0 0
2826,Video Title 2826,biology mathematics,50000,,2022-01-29 04:01:18,0 1 0 0 0 0 1 0 0 0
2827,Video Title 2827,biology mathematics,40000,,2018-03-22 15:07:27,0 1 0 0 0 0 1 0 0 0
2828,Video Title 2828,biology mathematics,49000,,2019-09-20 11:27:05,0 1 0 0 0 0 1 0 0 0
2829,Video Title 2829,biology mathematics,57000,,2023-01-26 19:35:57,0 1 0 0 0 0 1 0 0 0
2830,Video Title 2830,biology mathematics,32000,,2015-08-17 07:09:18,0 1 0 0 0 0 1 0 0 0
2831,Video Title 2831,biology mathematics,37000,,2017-02-20 05:01:43,0 1 0 0 0 0 1 0 0 0
2832,Video Title 2832,biology mathematics,50000,,2016-12-01 10:48:59,0 1 0 0 0 0 1 0 0 0
2833,Video Title 2833,biology mathematics,38000,,2020-01-21 15:43:25,0 1 0 0 0 0 1 0 0 0
2834,Video Title 2834,biology mathematics,42000,,2016-09-19 01:20:01,0 1 0 0 0 0 1 0 0 0
2835,Video Title 2835,biology mathematics,44000,,2021-10-23 13:19:32,0 1 0 0 0 0 1 0 0 0
2836,Video Title 2836,biology mathematics,60000,,2017-08-20 13:14:24,0 1 0 0 0 0 1 0 0 0
2837,Video Title 2837,biology mathematics,48000,,2019-03-19 09:57:59,0 1 0 0 0 0 1 0 0 0
2838,Video Title 2838,biology mathematics,44000,,2018-02-22 01:26:30,0 1 0 0 0 0 1 0 0 0
2839,Video Title 2839,biology mathematics,35000,,2022-07-17 20:57:27,0 1 0 0 0 0 1 0 0 0
2840,Video Title 2840,biology mathematics,34000,,2021-04-12 08:51:49,0 1 0 0 0 0 1 0 0 0
2841,Video Title 2841,biology mathematics,51000,,2016-07-09 12:16:41,0 1 0 0 0 0 1 0 0 0
2842,Video Title 2842,biology mathematics,53000,,2021-01-03 13:03:03,0 1 0 0 0 0 1 0 0 0
2843,Video Title 2843,biology mathematics,32000,,2016-02-10 14:03:45,0 1 0 0 0 0 1 0 0 0
2844,Video Title 2844,biology mathematics,42000,,2015-01-13 23:36:57,0 1 0 0 0 0 1 0 0 0
2845,Video Title 2845,biology mathematics,32000,,2023-05-15 07:07:29,0 1 0 0 0 0 1 0 0 0
2846,Video Title 2846,biology mathematics,45000,,2019-06-27 18:47:45,0 1 0 0 0 0 1 0 0 0
2847,Video Title 2847,biology mathematics,30000,,2021-09-16 21:47:33,0 1 0 0 0 0 1 0 0 0
2848,Video Title 2848,biology mathematics,46000,,2021-08-26 05:40:55,0 1 0 0 0 0 1 0 0 0
2849,Video Title 2849,biology mathematics,32000,,2015-01-17 08:07:41,0 1 0 0 0 0 1 0 0 0
2850,Video Title 2850,biology mathematics,49000,,2015-07-23 18:02:02,0 1 0 0 0 0 1 0 0 0
2851,Video Title 2851,biology mathematics,50000,,2023-04-26 07:14:50,0 1 0 0 0 0 1 0 0 0
2852,Video Title 2852,biology mathematics,42000,,2017-02-05 04:52:09,0 1 0 0 0 0 1 0 0 0
2853,Video Title 2853,biology mathematics,37000,,2021-05-18 05:10:00,0 1 0 0 0 0 1 0 0 0
2854,Video Title 2854,biology mathematics,44000,,2020-04-07 15:42:28,0 1 0 0 0 0 1 0 0 0
2855,Video Title 2855,biology mathematics,34000,,2019-04-09 14:37:43,0 1 0 0 0 0 1 0 0 0
2856,Video Title 2856,biology mathematics,35000,,2014-04-17 06:50:42,0 1 0 0 0 0 1 0 0 0
2857,Video Title 2857,biology mathematics,51000,,2017-07-28 11:17:34,0 1 0 0 0 0 1 0 0 0
2858,Video Title 2858,biology mathematics,59000,,2017-04-03 23:38:07,0 1 0 0 0 0 1 0 0 0
2859,Video Title 2859,biology mathematics,45000,,2018-09-04 06:08:54,0 1 0 0 0 0 1 0 0 0
2860,Video Title 2860,biology mathematics,57000,,2019-05-30 03:10:21,0 1 0 0 0 0 1 0 0 0
2861,Video Title 2861,biology mathematics,38000,,2019-06-28 04:33:57,0 1 0 0 0 0 1 0 0 0
2862,Video Title 2862,biology mathematics,34000,,2023-09-11 19:54:08,0 1 0 0 0 0 1 0 0 0
2863,Video Title 2863,biology mathematics,52000,,2019-05-25 09:35:27,0 1 0 0 0 0 1 0 0 0
2864,Video Title 2864,biology mathematics,48000,,2019-12-24 04:22:32,0 1 0 0 0 0 1 0 0 0
2865,Video Title 2865,biology mathematics,50000,,2021-06-28 12:39:22,0 1 0 0 0 0 1 0 0 0
2866,Video Title 2866,biology mathematics,58000,,2019-08-23 13:02:27,0 1 0 0 0 0 1 0 0 0
2867,Video Title 2867,biology mathematics,46000,,2020-05-26 05:17:53,0 1 0 0 0 0 1 0 0 0
2868,Video Title 2868,biology mathematics,47000,,2017-02-06 06:19:56,0 1 0 0 0 0 1 0 0 0
2869,Video Title 2869,biology mathematics,41000,,2018-10-27 00:41:14,0 1 0 0 0 0 1 0 0 0
2870,Video Title 2870,biology mathematics,37000,,2022-01-18 04:24:01,0 1 0 0 0 0 1 0 0 0
2871,Video Title 2871,biology mathematics,44000,,2017-01-30 17:15:10,0 1 0 0 0 0 1 0 0 0
2872,Video Title 2872,biology mathematics,43000,,2016-08-08 07:05:49,0 1 0 0 0 0 1 0 0 0
2873,Video Title 2873,biology mathematics,39000,,2014-02-10 12:41:22,0 1 0 0 0 0 1 0 0 0
2874,Video Title 2874,biology mathematics,46000,,2022-02-26 03:16:10,0 1 0 0 0 0 1 0 0 0
2875,Video Title 2875,biology mathematics,57000,,2015-05-15 11:55:11,0 1 0 0 0 0 1 0 0 0
2876,Video Title 2876,biology mathematics,39000,,2018-09-11 13:44:27,0 1 0 0 0 0 1 0 0 0
2877,Video Title 2877,biology mathematics,30000,,2020-11-17 08:38:55,0 1 0 0 0 0 1 0 0 0
2878,Video Title 2878,biology mathematics,45000,,2023-06-21 09:28:40,0 1 0 0 0 0 1 0 0 0
2879,Video Title 2879,biology mathematics,45000,,2016-12-31 13:52:52,0 1 0 0 0 0 1 0 0 0
2880,Video Title 2880,biology mathematics,54000,,2018-04-23 02:08:00,0 1 0 0 0 0 1 0 0 0
2881,Video Title 2881,biology mathematics,39000,,2019-12-22 01:31:43,0 1 0 0 0 0 1 0 0 0
2882,Video Title 2882,biology mathematics,55000,,2014-01-29 08:17:43,0 1 0 0 0 0 1 0 0 0
2883,Video Title 2883,biology mathematics,41000,,2015-11-22 06:49:04,0 1 0 0 0 0 1 0 0 0
2884,Video Title 2884,biology mathematics,58000,,2019-08-11 00:33:42,0 1 0 0 0 0 1 0 0 0
2885,Video Title 2885,biology mathematics,42000,,2016-07-03 02:53:59,0 1 0 0 0 0 1 0 0 0
2886,Video Title 2886,biology mathematics,52000,,2021-05-16 11:31:26,0 1 0 0 0 0 1 0 0 0
2887,Video Title 2887,biology mathematics,42000,,2022-04-14 18:11:33,0 1 0 0 0 0 1 0 0 0
2888,Video Title 2888,biology mathematics,37000,,2016-08-19 21:04:19,0 1 0 0 0 0 1 0 0 0
2889,Video Title 2889,biology mathematics,43000,,2020-04-03 10:17:45,0 1 0 0 0 0 1 0 0 0
2890,Video Title 2890,biology mathematics,46000,,2021-08-24 13:33:16,0 1 0 0 0 0 1 0 0 0
2891,Video Title 2891,biology mathematics,59000,,2020-02-19 05:44:27,0 1 0 0 0 0 1 0 0 0
2892,Video Title 2892,biology mathematics,52000,,2020-11-05 22:29:21,0 1 0 0 0 0 1 0 0 0
2893,Video Title 2893,biology mathematics,39000,,2020-06-26 20:50:12,0 1 0 0 0 0 1 0 0 0
2894,Video Title 2894,biology mathematics,47000,,2022-02-02 03:38:15,0 1 0 0 0 0 1 0 0 0
2895,Video Title 2895,biology mathematics,43000,,2015-11-20 04:51:17,0 1 0 0 0 0 1 0 0 0
2896,Video Title 2896,biology mathematics,32000,,2015-10-30 18:52:07,0 1 0 0 0 0 1 0 0 0
2897,Video Title 2897,biology mathematics,39000,,2015-02-09 19:12:58,0 1 0 0 0 0 1 0 0 0
2898,Video Title 2898,biology mathematics,44000,,2020-03-06 17:05:47,0 1 0 0 0 0 1 0 0 0
2899,Video Title 2899,biology mathematics,38000,,2021-01-02 17:23:58,0 1 0 0 0 0 1 0 0 0
2900,Video Title 2900,biology mathematics,45000,,2015-11-19 10:21:18,0 1 0 0 0 0 1 0 0 0
2901,Video Title 2901,biology physics,30000,,2015-07-12 08:16:44,0 1 0 0 0 0 0 0 1 0
2902,Video Title 2902,biology physics,47000,,2014-03-24 18:39:56,0 1 0 0 0 0 0 0 1 0
2903,Video Title 2903,biology physics,33000,,2016-10-28 17:14:00,0 1 0 0 0 0 0 0 1 0
2904,Video Title 2904,biology physics,34000,,2021-02-25 11:09:52,0 1 0 0 0 0 0 0 1 0
2905,Video Title 2905,biology physics,53000,,2014-02-01 22:40:41,0 1 0 0 0 0 0 0 1 0
2906,Video Title 2906,biology physics,32000,,2015-07-06 23:53:29,0 1 0 0 0 0 0 0 1 0
2907,Video Title 2907,biology physics,45000,,2016-03-05 17:40:34,0 1 0 0 0 0 0 0 1 0
2908,Video Title 2908,biology physics,43000,,2017-02-13 06:07:03,0 1 0 0 0 0 0 0 1 0
2909,Video Title 2909,biology physics,55000,,2018-12-27 03:28:05,0 1 0 0 0 0 0 0 1 0
2910,Video Title 2910,biology physics,41000,,2018-08-22 10:45:33,0 1 0 0 0 0 0 0 1 0
2911,Video Title 2911,biology physics,55000,,2014-04-28 20:10:18,0 1 0 0 0 0 0 0 1 0
2912,Video Title 2912,biology physics,32000,,2022-06-08 22:39:20,0 1 0 0 0 0 0 0 1 0
2913,Video Title 2913,biology physics,60000,,2015-06-20 05:17:36,0 1 0 0 0 0 0 0 1 0
2914,Video Title 2914,biology physics,38000,,2021-10-04 03:11:41,0 1 0 0 0 0 0 0 1 0
2915,Video Title 2915,biology physics,32000,,2019-06-08 15:36:53,0 1 0 0 0 0 0 0 1 0
2916,Video Title 2916,biology physics,35000,,2015-12-05 12:02:41,0 1 0 0 0 0 0 0 1 0
2917,Video Title 2917,biology physics,56000,,2016-07-03 18:57:40,0 1 0 0 0 0 0 0 1 0
2918,Video Title 2918,biology physics,42000,,2022-04-14 02:52:45,0 1 0 0 0 0 0 0 1 0
2919,Video Title 2919,biology physics,33000,,2023-09-30 06:49:43,0 1 0 0 0 0 0 0 1 0
2920,Video Title 2920,biology physics,52000,,2016-06-29 17:06:10,0 1 0 0 0 0 0 0 1 0
2921,Video Title 2921,biology physics,54000,,2023-10-01 15:33:57,0 1 0 0 0 0 0 0 1 0
2922,Video Title 2922,biology physics,37000,,2021-05-18 07:25:31,0 1 0 0 0 0 0 0 1 0
2923,Video Title 2923,biology physics,31000,,2015-12-31 00:09:25,0 1 0 0 0 0 0 0 1 0
2924,Video Title 2924,biology physics,53000,,2021-09-17 03:14:48,0 1 0 0 0 0 0 0 1 0
2925,Video Title 2925,biology physics,46000,,2020-08-29 22:17:26,0 1 0 0 0 0 0 0 1 0
2926,Video Title 2926,biology physics,36000,,2018-09-24 19:31:03,0 1 0 0 0 0 0 0 1 0
2927,Video Title 2927,biology physics,51000,,2023-08-12 10:20:14,0 1 0 0 0 0 0 0 1 0
2928,Video Title 2928,biology physics,59000,,2017-03-27 04:20:07,0 1 0 0 0 0 0 0 1 0
2929,Video Title 2929,biology physics,50000,,2021-04-14 01:34:04,0 1 0 0 0 0 0 0 1 0
2930,Video Title 2930,biology physics,53000,,2023-05-17 14:04:22,0 1 0 0 0 0 0 0 1 0
2931,Video Title 2931,biology physics,46000,,2015-03-24 19:35:47,0 1 0 0 0 0 0 0 1 0
2932,Video Title 2932,biology physics,45000,,2020-05-21 14:21:10,0 1 0 0 0 0 0 0 1 0
2933,Video Title 2933,biology physics,36000,,2017-08-10 13:22:30,0 1 0 0 0 0 0 0 1 0
2934,Video Title 2934,biology physics,31000,,2022-08-21 08:24:41,0 1 0 0 0 0 0 0 1 0
2935,Video Title 2935,biology physics,36000,,2023-09-25 10:48:27,0 1 0 0 0 0 0 0 1 0
2936,Video Title 2936,biology physics,37000,,2020-05-01 02:49:31,0 1 0 0 0 0 0 0 1 0
2937,Video Title 2937,biology physics,40000,,2014-02-26 23:55:51,0 1 0 0 0 0 0 0 1 0
2938,Video Title 2938,biology physics,55000,,2016-10-06 18:21:49,0 1 0 0 0 0 0 0 1 0
2939,Video Title 2939,biology physics,33000,,2017-12-17 16:48:25,0 1 0 0 0 0 0 0 1 0
2940,Video Title 2940,biology physics,37000,,2014-02-04 14:15:19,0 1 0 0 0 0 0 0 1 0
2941,Video Title 2941,biology physics,31000,,2019-10-24 22:20:49,0 1 0 0 0 0 0 0 1 0
2942,Video Title 2942,biology physics,52000,,2018-10-03 17:42:41,0 1 0 0 0 0 0 0 1 0
2943,Video Title 2943,biology physics,49000,,2015-07-22 17:17:38,0 1 0 0 0 0 0 0 1 0
2944,Video Title 2944,biology physics,54000,,2014-11-25 14:26:22,0 1 0 0 0 0 0 0 1 0
2945,Video Title 2945,biology physics,35000,,2019-01-01 16:55:20,0 1 0 0 0 0 0 0 1 0
2946,Video Title 2946,biology physics,51000,,2020-03-10 01:17:22,0 1 0 0 0 0 0 0 1 0
2947,Video Title 2947,biology physics,59000,,2023-09-12 05:29:22,0 1 0 0 0 0 0 0 1 0
2948,Video Title 2948,biology physics,54000,,2020-04-02 17:35:31,0 1 0 0 0 0 0 0 1 0
2949,Video Title 2949,biology physics,31000,,2017-07-23 15:20:54,0 1 0 0 0 0 0 0 1 0
2950,Video Title 2950,biology physics,34000,,2021-01-05 20:20:42,0 1 0 0 0 0 0 0 1 0
2951,Video Title 2951,biology physics,55000,,2015-01-29 23:30:32,0 1 0 0 0 0 0 0 1 0
2952,Video Title 2952,biology physics,45000,,2016-05-01 06:17:51,0 1 0 0 0 0 0 0 1 0
2953,Video Title 2953,biology physics,47000,,2021-11-20 06:00:57,0 1 0 0 0 0 0 0 1 0
2954,Video Title 2954,biology physics,54000,,2017-06-23 17:02:02,0 1 0 0 0 0 0 0 1 0
2955,Video Title 2955,biology physics,58000,,2018-05-23 07:46:31,0 1 0 0 0 0 0 0 1 0
2956,Video Title 2956,biology physics,36000,,2014-03-21 22:30:29,0 1 0 0 0 0 0 0 1 0
2957,Video Title 2957,biology physics,42000,,2017-08-02 07:28:21,0 1 0 0 0 0 0 0 1 0
2958,Video Title 2958,biology physics,34000,,2016-07-06 00:59:26,0 1 0 0 0 0 0 0 1 0
2959,Video Title 2959,biology physics,31000,,2018-11-09 08:28:00,0 1 0 0 0 0 0 0 1 0
2960,Video Title 2960,biology physics,44000,,2019-08-05 10:34:17,0 1 0 0 0 0 0 0 1 0
2961,Video Title 2961,biology physics,47000,,2020-12-21 04:30:32,0 1 0 0 0 0 0 0 1 0
2962,Video Title 2962,biology physics,36000,,2019-09-02 11:04:18,0 1 0 0 0 0 0 0 1 0
2963,Video Title 2963,biology physics,47000,,2017-06-24 23:25:33,0 1 0 0 0 0 0 0 1 0
2964,Video Title 2964,biology physics,53000,,2018-09-08 15:22:39,0 1 0 0 0 0 0 0 1 0
2965,Video Title 2965,biology physics,57000,,2022-04-25 10:13:27,0 1 0 0 0 0 0 0 1 0
2966,Video Title 2966,biology physics,59000,,2022-08-10 01:07:53,0 1 0 0 0 0 0 0 1 0
2967,Video Title 2967,biology physics,35000,,2014-09-11 09:35:19,0 1 0 0 0 0 0 0 1 0
2968,Video Title 2968,biology physics,34000,,2018-07-01 06:03:21,0 1 0 0 0 0 0 0 1 0
2969,Video Title 2969,biology physics,56000,,2016-08-21 05:23:45,0 1 0 0 0 0 0 0 1 0
2970,Video Title 2970,biology physics,41000,,2018-07-18 09:19:07,0 1 0 0 0 0 0 0 1 0
2971,Video Title 2971,biology physics,54000,,2020-05-19 19:04:59,0 1 0 0 0 0 0 0 1 0
2972,Video Title 2972,biology physics,42000,,2021-05-03 20:25:05,0 1 0 0 0 0 0 0 1 0
2973,Video Title 2973,biology physics,58000,,2014-03-12 07:51:33,0 1 0 0 0 0 0 0 1 0
2974,Video Title 2974,biology physics,57000,,2017-08-23 20:59:14,0 1 0 0 0 0 0 0 1 0
2975,Video Title 2975,biology physics,49000,,2016-05-23 13:42:08,0 1 0 0 0 0 0 0 1 0
2976,Video Title 2976,biology physics,53000,,2014-08-22 04:44:16,0 1 0 0 0 0 0 0 1 0
2977,Video Title 2977,biology physics,60000,,2019-05-24 04:35:28,0 1 0 0 0 0 0 0 1 0
2978,Video Title 2978,biology physics,42000,,2015-11-27 00:33:50,0 1 0 0 0 0 0 0 1 0
2979,Video Title 2979,biology physics,51000,,2018-12-24 01:18:22,0 1 0 0 0 0 0 0 1 0
2980,Video Title 2980,biology physics,47000,,2015-07-19 13:55:14,0 1 0 0 0 0 0 0 1 0
2981,Video Title 2981,biology physics,39000,,2017-03-25 11:45:48,0 1 0 0 0 0 0 0 1 0
2982,Video Title 2982,biology physics,50000,,2017-03-23 09:18:26,0 1 0 0 0 0 0 0 1 0
2983,Video Title 2983,biology physics,33000,,2019-03-27 16:22:02,0 1 0 0 0 0 0 0 1 0
2984,Video Title 2984,biology physics,32000,,2014-06-11 18:53:17,0 1 0 0 0 0 0 0 1 0
2985,Video Title 2985,biology physics,60000,,2015-04-21 16:13:32,0 1 0 0 0 0 0 0 1 0
2986,Video Title 2986,biology physics,57000,,2014-04-27 03:34:51,0 1 0 0 0 0 0 0 1 0
2987,Video Title 2987,biology physics,33000,,2018-11-09 14:26:13,0 1 0 0 0 0 0 0 1 0
2988,Video Title 2988,biology physics,33000,,2014-04-29 03:10:56,0 1 0 0 0 0 0 0 1 0
2989,Video Title 2989,biology physics,50000,,2022-05-13 11:50:18,0 1 0 0 0 0 0 0 1 0
2990,Video Title 2990,biology physics,51000,,2018-11-26 04:05:03,0 1 0 0 0 0 0 0 1 0
2991,Video Title 2991,biology physics,49000,,2021-01-05 19:06:29,0 1 0 0 0 0 0 0 1 0
2992,Video Title 2992,biology physics,38000,,2014-07-01 03:54:03,0 1 0 0 0 0 0 0 1 0
2993,Video Title 2993,biology physics,37000,,2020-01-23 17:32:14,0 1 0 0 0 0 0 0 1 0
2994,Video Title 2994,biology physics,32000,,2014-02-19 18:20:35,0 1 0 0 0 0 0 0 1 0
2995,Video Title 2995,biology physics,59000,,2016-02-03 21:27:25,0 1 0 0 0 0 0 0 1 0
2996,Video Title 2996,biology physics,45000,,2023-04-14 16:09:56,0 1 0 0 0 0 0 0 1 0
2997,Video Title 2997,biology physics,56000,,2014-10-21 20:12:57,0 1 0 0 0 0 0 0 1 0
2998,Video Title 2998,biology physics,55000,,2020-05-23 01:06:15,0 1 0 0 0 0 0 0 1 0
2999,Video Title 2999,biology physics,41000,,2019-08-01 18:32:32,0 1 0 0 0 0 0 0 1 0
3000,Video Title 3000,biology physics,60000,,2022-11-27 01:43:17,0 1 0 0 0 0 0 0 1 0
3001,Video Title 3001,chemistry mathematics,56000,,2017-09-11 02:24:49,0 0 0 1 0 0 1 0 0 0
3002,Video Title 3002,chemistry mathematics,52000,,2014-08-03 19:04:55,0 0 0 1 0 0 1 0 0 0
3003,Video Title 3003,chemistry mathematics,49000,,2016-08-30 05:26:58,0 0 0 1 0 0 1 0 0 0
3004,Video Title 3004,chemistry mathematics,31000,,2021-05-06 04:42:34,0 0 0 1 0 0 1 0 0 0
3005,Video Title 3005,chemistry mathematics,56000,,2017-01-16 06:02:18,0 0 0 1 0 0 1 0 0 0
3006,Video Title 3006,chemistry mathematics,60000,,2016-03-01 00:50:43,0 0 0 1 0 0 1 0 0 0
3007,Video Title 3007,chemistry mathematics,46000,,2014-12-23 11:38:46,0 0 0 1 0 0 1 0 0 0
3008,Video Title 3008,chemistry mathematics,53000,,2016-04-25 05:10:37,0 0 0 1 0 0 1 0 0 0
3009,Video Title 3009,chemistry mathematics,42000,,2015-11-25 12:43:55,0 0 0 1 0 0 1 0 0 0
3010,Video Title 3010,chemistry mathematics,46000,,2020-07-27 14:22:57,0 0 0 1 0 0 1 0 0 0
3011,Video Title 3011,chemistry mathematics,48000,,2020-04-03 10:28:28,0 0 0 1 0 0 1 0 0 0
3012,Video Title 3012,chemistry mathematics,35000,,2019-08-03 05:53:48,0 0 0 1 0 0 1 0 0 0
3013,Video Title 3013,chemistry mathematics,47000,,2018-02-26 10:10:15,0 0 0 1 0 0 1 0 0 0
3014,Video Title 3014,chemistry mathematics,33000,,2021-08-30 22:25:39,0 0 0 1 0 0 1 0 0 0
3015,Video Title 3015,chemistry mathematics,48000,,2017-08-01 13:35:27,0 0 0 1 0 0 1 0 0 0
3016,Video Title 3016,chemistry mathematics,44000,,2021-01-10 07:24:59,0 0 0 1 0 0 1 0 0 0
3017,Video Title 3017,chemistry mathematics,43000,,2022-10-30 07:23:02,0 0 0 1 0 0 1 0 0 0
3018,Video Title 3018,chemistry mathematics,35000,,2021-12-04 11:38:09,0 0 0 1 0 0 1 0 0 0
3019,Video Title 3019,chemistry mathematics,47000,,2018-01-07 16:24:30,0 0 0 1 0 0 1 0 0 0
3020,Video Title 3020,chemistry mathematics,40000,,2020-07-29 23:47:33,0 0 0 1 0 0 1 0 0 0
3021,Video Title 3021,chemistry mathematics,47000,,2023-12-26 06:46:51,0 0 0 1 0 0 1 0 0 0
3022,Video Title 3022,chemistry mathematics,44000,,2023-05-03 08:20:57,0 0 0 1 0 0 1 0 0 0
3023,Video Title 3023,chemistry mathematics,58000,,2017-02-26 07:34:39,0 0 0 1 0 0 1 0 0 0
3024,Video Title 3024,chemistry mathematics,40000,,2022-06-13 17:12:42,0 0 0 1 0 0 1 0 0 0
3025,Video Title 3025,chemistry mathematics,43000,,2021-08-23 06:33:02,0 0 0 1 0 0 1 0 0 0
3026,Video Title 3026,chemistry mathematics,43000,,2022-04-06 11:10:32,0 0 0 1 0 0 1 0 0 0
3027,Video Title 3027,chemistry mathematics,40000,,2020-02-01 17:00:40,0 0 0 1 0 0 1 0 0 0
3028,Video Title 3028,chemistry mathematics,48000,,2019-06-17 12:51:30,0 0 0 1 0 0 1 0 0 0
3029,Video Title 3029,chemistry mathematics,42000,,2021-08-28 20:02:24,0 0 0 1 0 0 1 0 0 0
3030,Video Title 3030,chemistry mathematics,59000,,2021-06-12 17:03:47,0 0 0 1 0 0 1 0 0 0
3031,Video Title 3031,chemistry mathematics,41000,,2023-08-14 00:41:43,0 0 0 1 0 0 1 0 0 0
3032,Video Title 3032,chemistry mathematics,44000,,2023-08-07 08:37:12,0 0 0 1 0 0 1 0 0 0
3033,Video Title 3033,chemistry mathematics,30000,,2021-04-07 01:02:35,0 0 0 1 0 0 1 0 0 0
3034,Video Title 3034,chemistry mathematics,39000,,2019-12-17 12:49:25,0 0 0 1 0 0 1 0 0 0
3035,Video Title 3035,chemistry mathematics,46000,,2015-05-11 01:30:29,0 0 0 1 0 0 1 0 0 0
3036,Video Title 3036,chemistry mathematics,58000,,2017-01-08 17:19:43,0 0 0 1 0 0 1 0 0 0
3037,Video Title 3037,chemistry mathematics,39000,,2023-11-05 00:57:05,0 0 0 1 0 0 1 0 0 0
3038,Video Title 3038,chemistry mathematics,36000,,2022-07-23 09:06:33,0 0 0 1 0 0 1 0 0 0
3039,Video Title 3039,chemistry mathematics,30000,,2021-09-19 01:25:15,0 0 0 1 0 0 1 0 0 0
3040,Video Title 3040,chemistry mathematics,60000,,2020-11-24 11:24:01,0 0 0 1 0 0 1 0 0 0
3041,Video Title 3041,chemistry mathematics,38000,,2023-03-11 18:13:06,0 0 0 1 0 0 1 0 0 0
3042,Video Title 3042,chemistry mathematics,46000,,2019-07-26 13:54:08,0 0 0 1 0 0 1 0 0 0
3043,Video Title 3043,chemistry mathematics,59000,,2019-09-20 09:11:46,0 0 0 1 0 0 1 0 0 0
3044,Video Title 3044,chemistry mathematics,33000,,2014-05-20 17:41:59,0 0 0 1 0 0 1 0 0 0
3045,Video Title 3045,chemistry mathematics,41000,,2015-07-26 18:58:57,0 0 0 1 0 0 1 0 0 0
3046,Video Title 3046,chemistry mathematics,38000,,2017-09-03 20:27:41,0 0 0 1 0 0 1 0 0 0
3047,Video Title 3047,chemistry mathematics,48000,,2016-07-02 23:27:53,0 0 0 1 0 0 1 0 0 0
3048,Video Title 3048,chemistry mathematics,38000,,2022-02-10 10:06:11,0 0 0 1 0 0 1 0 0 0
3049,Video Title 3049,chemistry mathematics,32000,,2019-09-16 06:40:30,0 0 0 1 0 0 1 0 0 0
3050,Video Title 3050,chemistry mathematics,48000,,2023-03-07 06:26:45,0 0 0 1 0 0 1 0 0 0
3051,Video Title 3051,chemistry mathematics,53000,,2014-10-11 18:51:25,0 0 0 1 0 0 1 0 0 0
3052,Video Title 3052,chemistry mathematics,40000,,2021-12-06 02:24:26,0 0 0 1 0 0 1 0 0 0
3053,Video Title 3053,chemistry mathematics,35000,,2018-11-20 05:00:44,0 0 0 1 0 0 1 0 0 0
3054,Video Title 3054,chemistry mathematics,58000,,2020-11-24 00:31:51,0 0 0 1 0 0 1 0 0 0
3055,Video Title 3055,chemistry mathematics,48000,,2022-03-13 05:32:13,0 0 0 1 0 0 1 0 0 0
3056,Video Title 3056,chemistry mathematics,33000,,2019-12-15 14:15:12,0 0 0 1 0 0 1 0 0 0
3057,Video Title 3057,chemistry mathematics,39000,,2014-05-19 09:45:06,0 0 0 1 0 0 1 0 0 0
3058,Video Title 3058,chemistry mathematics,55000,,2019-10-07 10:27:06,0 0 0 1 0 0 1 0 0 0
3059,Video Title 3059,chemistry mathematics,32000,,2021-10-20 10:40:44,0 0 0 1 0 0 1 0 0 0
3060,Video Title 3060,chemistry mathematics,59000,,2021-09-16 18:58:18,0 0 0 1 0 0 1 0 0 0
3061,Video Title 3061,chemistry mathematics,41000,,2022-10-19 05:49:23,0 0 0 1 0 0 1 0 0 0
3062,Video Title 3062,chemistry mathematics,43000,,2018-03-03 07:18:07,0 0 0 1 0 0 1 0 0 0
3063,Video Title 3063,chemistry mathematics,57000,,2015-03-18 23:21:01,0 0 0 1 0 0 1 0 0 0
3064,Video Title 3064,chemistry mathematics,54000,,2016-04-09 12:28:04,0 0 0 1 0 0 1 0 0 0
3065,Video Title 3065,chemistry mathematics,50000,,2022-06-30 14:17:14,0 0 0 1 0 0 1 0 0 0
3066,Video Title 3066,chemistry mathematics,59000,,2014-02-13 17:39:06,0 0 0 1 0 0 1 0 0 0
3067,Video Title 3067,chemistry mathematics,54000,,2020-04-28 12:09:40,0 0 0 1 0 0 1 0 0 0
3068,Video Title 3068,chemistry mathematics,31000,,2017-01-19 11:01:30,0 0 0 1 0 0 1 0 0 0
3069,Video Title 3069,chemistry mathematics,31000,,2017-03-13 12:07:44,0 0 0 1 0 0 1 0 0 0
3070,Video Title 3070,chemistry mathematics,48000,,2015-07-02 23:12:34,0 0 0 1 0 0 1 0 0 0
3071,Video Title 3071,chemistry mathematics,46000,,2020-12-23 20:32:02,0 0 0 1 0 0 1 0 0 0
3072,Video Title 3072,chemistry mathematics,34000,,2014-07-06 09:32:08,0 0 0 1 0 0 1 0 0 0
3073,Video Title 3073,chemistry mathematics,53000,,2023-12-22 09:22:32,0 0 0 1 0 0 1 0 0 0
3074,Video Title 3074,chemistry mathematics,44000,,2021-07-12 20:48:06,0 0 0 1 0 0 1 0 0 0
3075,Video Title 3075,chemistry mathematics,48000,,2019-01-19 06:17:26,0 0 0 1 0 0 1 0 0 0
3076,Video Title 3076,chemistry mathematics,37000,,2018-04-28 13:33:52,0 0 0 1 0 0 1 0 0 0
3077,Video Title 3077,chemistry mathematics,55000,,2017-12-12 06:38:33,0 0 0 1 0 0 1 0 0 0
3078,Video Title 3078,chemistry mathematics,34000,,2017-05-14 00:19:56,0 0 0 1 0 0 1 0 0 0
3079,Video Title 3079,chemistry mathematics,45000,,2019-09-19 18:11:44,0 0 0 1 0 0 1 0 0 0
3080,Video Title 3080,chemistry mathematics,31000,,2019-06-26 18:09:02,0 0 0 1 0 0 1 0 0 0
3081,Video Title 3081,chemistry mathematics,38000,,2014-11-09 12:55:09,0 0 0 1 0 0 1 0 0 0
3082,Video Title 3082,chemistry mathematics,46000,,2018-05-07 21:25:16,0 0 0 1 0 0 1 0 0 0
3083,Video Title 3083,chemistry mathematics,52000,,2015-04-23 20:51:55,0 0 0 1 0 0 1 0 0 0
3084,Video Title 3084,chemistry mathematics,34000,,2018-10-24 08:48:40,0 0 0 1 0 0 1 0 0 0
3085,Video Title 3085,chemistry mathematics,36000,,2018-11-18 16:37:56,0 0 0 1 0 0 1 0 0 0
3086,Video Title 3086,chemistry mathematics,50000,,2019-09-19 08:34:04,0 0 0 1 0 0 1 0 0 0
3087,Video Title 3087,chemistry mathematics,47000,,2020-02-29 09:19:22,0 0 0 1 0 0 1 0 0 0
3088,Video Title 3088,chemistry mathematics,53000,,2019-03-31 12:06:20,0 0 0 1 0 0 1 0 0 0
3089,Video Title 3089,chemistry mathematics,37000,,2014-09-21 12:00:45,0 0 0 1 0 0 1 0 0 0
3090,Video Title 3090,chemistry mathematics,54000,,2018-04-21 17:45:28,0 0 0 1 0 0 1 0 0 0
3091,Video Title 3091,chemistry mathematics,51000,,2023-03-30 02:29:45,0 0 0 1 0 0 1 0 0 0
3092,Video Title 3092,chemistry mathematics,32000,,2015-02-17 17:37:00,0 0 0 1 0 0 1 0 0 0
3093,Video Title 3093,chemistry mathematics,43000,,2018-03-28 22:09:24,0 0 0 1 0 0 1 0 0 0
3094,Video Title 3094,chemistry mathematics,41000,,2015-11-29 06:54:04,0 0 0 1 0 0 1 0 0 0
3095,Video Title 3095,chemistry mathematics,41000,,2019-12-10 15:38:17,0 0 0 1 0 0 1 0 0 0
3096,Video Title 3096,chemistry mathematics,30000,,2021-09-12 08:04:52,0 0 0 1 0 0 1 0 0 0
3097,Video Title 3097,chemistry mathematics,35000,,2023-11-16 22:18:28,0 0 0 1 0 0 1 0 0 0
3098,Video Title 3098,chemistry mathematics,49000,,2022-03-20 18:45:47,0 0 0 1 0 0 1 0 0 0
3099,Video Title 3099,chemistry mathematics,55000,,2018-06-05 01:36:18,0 0 0 1 0 0 1 0 0 0
3100,Video Title 3100,chemistry mathematics,34000,,2018-05-29 16:35:45,0 0 0 1 0 0 1 0 0 0
3101,Video Title 3101,chemistry physics,59000,,2022-03-08 07:51:36,0 0 0 1 0 0 0 0 1 0
3102,Video Title 3102,chemistry physics,36000,,2020-11-08 13:28:05,0 0 0 1 0 0 0 0 1 0
3103,Video Title 3103,chemistry physics,34000,,2021-07-30 17:28:45,0 0 0 1 0 0 0 0 1 0
3104,Video Title 3104,chemistry physics,57000,,2014-11-12 05:20:41,0 0 0 1 0 0 0 0 1 0
3105,Video Title 3105,chemistry physics,53000,,2014-07-21 01:31:47,0 0 0 1 0 0 0 0 1 0
3106,Video Title 3106,chemistry physics,60000,,2020-03-18 15:48:50,0 0 0 1 0 0 0 0 1 0
3107,Video Title 3107,chemistry physics,34000,,2022-09-08 22:42:21,0 0 0 1 0 0 0 0 1 0
3108,Video Title 3108,chemistry physics,56000,,2016-11-18 01:12:49,0 0 0 1 0 0 0 0 1 0
3109,Video Title 3109,chemistry physics,40000,,2020-12-09 08:27:42,0 0 0 1 0 0 0 0 1 0
3110,Video Title 3110,chemistry physics,33000,,2017-01-20 16:20:28,0 0 0 1 0 0 0 0 1 0
3111,Video Title 3111,chemistry physics,45000,,2014-03-27 00:44:05,0 0 0 1 0 0 0 0 1 0
3112,Video Title 3112,chemistry physics,36000,,2021-05-27 01:08:14,0 0 0 1 0 0 0 0 1 0
3113,Video Title 3113,chemistry physics,36000,,2016-01-16 20:59:54,0 0 0 1 0 0 0 0 1 0
3114,Video Title 3114,chemistry physics,46000,,2021-07-03 19:06:39,0 0 0 1 0 0 0 0 1 0
3115,Video Title 3115,chemistry physics,47000,,2018-11-01 01:06:23,0 0 0 1 0 0 0 0 1 0
3116,Video Title 3116,chemistry physics,53000,,2023-12-03 21:39:59,0 0 0 1 0 0 0 0 1 0
3117,Video Title 3117,chemistry physics,52000,,2020-12-27 10:57:29,0 0 0 1 0 0 0 0 1 0
3118,Video Title 3118,chemistry physics,30000,,2017-10-08 14:44:39,0 0 0 1 0 0 0 0 1 0
3119,Video Title 3119,chemistry physics,58000,,2020-08-20 21:04:57,0 0 0 1 0 0 0 0 1 0
3120,Video Title 3120,chemistry physics,31000,,2016-07-23 09:58:32,0 0 0 1 0 0 0 0 1 0
3121,Video Title 3121,chemistry physics,31000,,2016-11-04 15:35:10,0 0 0 1 0 0 0 0 1 0
3122,Video Title 3122,chemistry physics,55000,,2020-12-19 07:44:16,0 0 0 1 0 0 0 0 1 0
3123,Video Title 3123,chemistry physics,38000,,2014-07-15 18:16:04,0 0 0 1 0 0 0 0 1 0
3124,Video Title 3124,chemistry physics,50000,,2023-06-14 21:27:35,0 0 0 1 0 0 0 0 1 0
3125,Video Title 3125,chemistry physics,32000,,2017-11-21 13:18:53,0 0 0 1 0 0 0 0 1 0
3126,Video Title 3126,chemistry physics,38000,,2020-08-18 21:11:28,0 0 0 1 0 0 0 0 1 0
3127,Video Title 3127,chemistry physics,59000,,2020-08-08 08:47:33,0 0 0 1 0 0 0 0 1 0
3128,Video Title 3128,chemistry physics,57000,,2015-01-31 19:17:22,0 0 0 1 0 0 0 0 1 0
3129,Video Title 3129,chemistry physics,39000,,2022-09-04 01:09:17,0 0 0 1 0 0 0 0 1 0
3130,Video Title 3130,chemistry physics,50000,,2017-11-13 19:26:04,0 0 0 1 0 0 0 0 1 0
3131,Video Title 3131,chemistry physics,42000,,2019-02-02 04:07:59,0 0 0 1 0 0 0 0 1 0
3132,Video Title 3132,chemistry physics,52000,,2015-01-01 13:17:06,0 0 0 1 0 0 0 0 1 0
3133,Video Title 3133,chemistry physics,40000,,2018-11-07 00:24:16,0 0 0 1 0 0 0 0 1 0
3134,Video Title 3134,chemistry physics,49000,,2019-04-27 04:42:45,0 0 0 1 0 0 0 0 1 0
3135,Video Title 3135,chemistry physics,35000,,2015-12-29 21:28:03,0 0 0 1 0 0 0 0 1 0
3136,Video Title 3136,chemistry physics,60000,,2018-08-01 15:35:47,0 0 0 1 0 0 0 0 1 0
3137,Video Title 3137,chemistry physics,59000,,2021-02-15 12:18:03,0 0 0 1 0 0 0 0 1 0
3138,Video Title 3138,chemistry physics,31000,,2016-06-23 23:33:05,0 0 0 1 0 0 0 0 1 0
3139,Video Title 3139,chemistry physics,46000,,2017-01-19 23:39:03,0 0 0 1 0 0 0 0 1 0
3140,Video Title 3140,chemistry physics,45000,,2017-12-08 21:49:26,0 0 0 1 0 0 0 0 1 0
3141,Video Title 3141,chemistry physics,35000,,2014-03-11 01:24:24,0 0 0 1 0 0 0 0 1 0
3142,Video Title 3142,chemistry physics,51000,,2017-07-10 11:35:09,0 0 0 1 0 0 0 0 1 0
3143,Video Title 3143,chemistry physics,50000,,2017-01-10 11:46:34,0 0 0 1 0 0 0 0 1 0
3144,Video Title 3144,chemistry physics,46000,,2016-10-05 22:56:14,0 0 0 1 0 0 0 0 1 0
3145,Video Title 3145,chemistry physics,31000,,2020-04-05 03:24:39,0 0 0 1 0 0 0 0 1 0
3146,Video Title 3146,chemistry physics,58000,,2017-11-16 04:08:37,0 0 0 1 0 0 0 0 1 0
3147,Video Title 3147,chemistry physics,56000,,2023-11-26 19:40:29,0 0 0 1 0 0 0 0 1 0
3148,Video Title 3148,chemistry physics,60000,,2019-07-21 12:41:13,0 0 0 1 0 0 0 0 1 0
3149,Video Title 3149,chemistry physics,38000,,2016-04-05 09:02:39,0 0 0 1 0 0 0 0 1 0
3150,Video Title 3150,chemistry physics,40000,,2022-12-21 16:33:27,0 0 0 1 0 0 0 0 1 0
3151,Video Title 3151,chemistry physics,51000,,2015-05-19 00:02:06,0 0 0 1 0 0 0 0 1 0
3152,Video Title 3152,chemistry physics,53000,,2017-10-29 01:20:37,0 0 0 1 0 0 0 0 1 0
3153,Video Title 3153,chemistry physics,60000,,2020-10-12 16:21:10,0 0 0 1 0 0 0 0 1 0
3154,Video Title 3154,chemistry physics,57000,,2020-04-04 03:57:18,0 0 0 1 0 0 0 0 1 0
3155,Video Title 3155,chemistry physics,37000,,2018-03-06 06:24:00,0 0 0 1 0 0 0 0 1 0
3156,Video Title 3156,chemistry physics,48000,,2015-07-14 12:49:33,0 0 0 1 0 0 0 0 1 0
3157,Video Title 3157,chemistry physics,39000,,2023-02-05 12:49:13,0 0 0 1 0 0 0 0 1 0
3158,Video Title 3158,chemistry physics,40000,,2018-06-30 11:13:14,0 0 0 1 0 0 0 0 1 0
3159,Video Title 3159,chemistry physics,34000,,2016-01-27 15:56:14,0 0 0 1 0 0 0 0 1 0
3160,Video Title 3160,chemistry physics,34000,,2019-10-24 18:17:21,0 0 0 1 0 0 0 0 1 0
3161,Video Title 3161,chemistry physics,51000,,2022-01-01 09:12:11,0 0 0 1 0 0 0 0 1 0
3162,Video Title 3162,chemistry physics,57000,,2015-05-22 02:24:16,0 0 0 1 0 0 0 0 1 0
3163,Video Title 3163,chemistry physics,52000,,2021-01-19 17:56:51,0 0 0 1 0 0 0 0 1 0
3164,Video Title 3164,chemistry physics,46000,,2023-02-04 21:41:37,0 0 0 1 0 0 0 0 1 0
3165,Video Title 3165,chemistry physics,43000,,2023-12-16 06:04:33,0 0 0 1 0 0 0 0 1 0
3166,Video Title 3166,chemistry physics,54000,,2015-06-16 19:20:59,0 0 0 1 0 0 0 0 1 0
3167,Video Title 3167,chemistry physics,59000,,2019-08-26 16:21:34,0 0 0 1 0 0 0 0 1 0
3168,Video Title 3168,chemistry physics,35000,,2017-03-06 20:40:05,0 0 0 1 0 0 0 0 1 0
3169,Video Title 3169,chemistry physics,47000,,2019-05-02 07:25:53,0 0 0 1 0 0 0 0 1 0
3170,Video Title 3170,chemistry physics,53000,,2015-03-11 02:43:36,0 0 0 1 0 0 0 0 1 0
3171,Video Title 3171,chemistry physics,40000,,2022-05-25 06:10:18,0 0 0 1 0 0 0 0 1 0
3172,Video Title 3172,chemistry physics,34000,,2021-04-09 20:10:01,0 0 0 1 0 0 0 0 1 0
3173,Video Title 3173,chemistry physics,54000,,2017-03-11 05:01:12,0 0 0 1 0 0 0 0 1 0
3174,Video Title 3174,chemistry physics,43000,,2023-08-12 08:47:09,0 0 0 1 0 0 0 0 1 0
3175,Video Title 3175,chemistry physics,39000,,2018-06-07 23:11:35,0 0 0 1 0 0 0 0 1 0
3176,Video Title 3176,chemistry physics,59000,,2022-03-21 04:47:23,0 0 0 1 0 0 0 0 1 0
3177,Video Title 3177,chemistry physics,50000,,2023-05-02 08:42:09,0 0 0 1 0 0 0 0 1 0
3178,Video Title 3178,chemistry physics,38000,,2015-07-11 15:26:17,0 0 0 1 0 0 0 0 1 0
3179,Video Title 3179,chemistry physics,36000,,2015-01-27 17:10:39,0 0 0 1 0 0 0 0 1 0
3180,Video Title 3180,chemistry physics,35000,,2014-04-08 14:57:51,0 0 0 1 0 0 0 0 1 0
3181,Video Title 3181,chemistry physics,49000,,2020-03-03 20:30:49,0 0 0 1 0 0 0 0 1 0
3182,Video Title 3182,chemistry physics,49000,,2019-09-03 16:58:29,0 0 0 1 0 0 0 0 1 0
3183,Video Title 3183,chemistry physics,37000,,2019-12-19 17:11:48,0 0 0 1 0 0 0 0 1 0
3184,Video Title 3184,chemistry physics,37000,,2020-11-15 22:18:09,0 0 0 1 0 0 0 0 1 0
3185,Video Title 3185,chemistry physics,41000,,2014-10-20 02:02:51,0 0 0 1 0 0 0 0 1 0
3186,Video Title 3186,chemistry physics,54000,,2018-10-08 14:21:16,0 0 0 1 0 0 0 0 1 0
3187,Video Title 3187,chemistry physics,46000,,2022-06-18 09:42:34,0 0 0 1 0 0 0 0 1 0
3188,Video Title 3188,chemistry physics,45000,,2021-02-13 20:52:32,0 0 0 1 0 0 0 0 1 0
3189,Video Title 3189,chemistry physics,41000,,2015-11-05 12:20:22,0 0 0 1 0 0 0 0 1 0
3190,Video Title 3190,chemistry physics,42000,,2018-12-01 18:38:03,0 0 0 1 0 0 0 0 1 0
3191,Video Title 3191,chemistry physics,34000,,2015-08-23 19:41:11,0 0 0 1 0 0 0 0 1 0
3192,Video Title 3192,chemistry physics,37000,,2014-04-30 15:18:31,0 0 0 1 0 0 0 0 1 0
3193,Video Title 3193,chemistry physics,54000,,2023-09-09 04:12:03,0 0 0 1 0 0 0 0 1 0
3194,Video Title 3194,chemistry physics,59000,,2016-09-13 23:37:20,0 0 0 1 0 0 0 0 1 0
3195,Video Title 3195,chemistry physics,43000,,2016-03-25 07:44:56,0 0 0 1 0 0 0 0 1 0
3196,Video Title 3196,chemistry physics,51000,,2023-11-19 02:07:24,0 0 0 1 0 0 0 0 1 0
3197,Video Title 3197,chemistry physics,54000,,2016-01-19 15:38:25,0 0 0 1 0 0 0 0 1 0
3198,Video Title 3198,chemistry physics,35000,,2023-04-09 22:14:27,0 0 0 1 0 0 0 0 1 0
3199,Video Title 3199,chemistry physics,44000,,2022-09-03 00:30:02,0 0 0 1 0 0 0 0 1 0
3200,Video Title 3200,chemistry physics,45000,,2020-11-17 16:46:22,0 0 0 1 0 0 0 0 1 0
3201,Video Title 3201,biology chemistry mathematics,57000,,2018-07-31 00:56:08,0 1 0 1 0 0 1 0 0 0
3202,Video Title 3202,biology chemistry mathematics,37000,,2018-04-12 13:52:40,0 1 0 1 0 0 1 0 0 0
3203,Video Title 3203,biology chemistry mathematics,54000,,2014-06-04 15:58:54,0 1 0 1 0 0 1 0 0 0
3204,Video Title 3204,biology chemistry mathematics,53000,,2022-03-30 19:10:40,0 1 0 1 0 0 1 0 0 0
3205,Video Title 3205,biology chemistry mathematics,53000,,2017-02-18 01:49:12,0 1 0 1 0 0 1 0 0 0
3206,Video Title 3206,biology chemistry mathematics,49000,,2023-05-23 20:35:17,0 1 0 1 0 0 1 0 0 0
3207,Video Title 3207,biology chemistry mathematics,48000,,2019-12-10 09:23:17,0 1 0 1 0 0 1 0 0 0
3208,Video Title 3208,biology chemistry mathematics,46000,,2020-06-01 02:05:56,0 1 0 1 0 0 1 0 0 0
3209,Video Title 3209,biology chemistry mathematics,52000,,2021-11-14 06:10:47,0 1 0 1 0 0 1 0 0 0
3210,Video Title 3210,biology chemistry mathematics,46000,,2015-02-06 00:06:26,0 1 0 1 0 0 1 0 0 0
3211,Video Title 3211,biology chemistry mathematics,44000,,2022-04-09 14:05:05,0 1 0 1 0 0 1 0 0 0
3212,Video Title 3212,biology chemistry mathematics,31000,,2022-10-11 21:31:21,0 1 0 1 0 0 1 0 0 0
3213,Video Title 3213,biology chemistry mathematics,37000,,2019-03-11 06:21:08,0 1 0 1 0 0 1 0 0 0
3214,Video Title 3214,biology chemistry mathematics,42000,,2023-11-02 23:33:51,0 1 0 1 0 0 1 0 0 0
3215,Video Title 3215,biology chemistry mathematics,31000,,2019-07-31 14:36:11,0 1 0 1 0 0 1 0 0 0
3216,Video Title 3216,biology chemistry mathematics,46000,,2021-08-26 20:00:17,0 1 0 1 0 0 1 0 0 0
3217,Video Title 3217,biology chemistry mathematics,60000,,2014-07-01 22:16:52,0 1 0 1 0 0 1 0 0 0
3218,Video Title 3218,biology chemistry mathematics,39000,,2018-05-26 08:55:09,0 1 0 1 0 0 1 0 0 0
3219,Video Title 3219,biology chemistry mathematics,58000,,2017-01-18 14:56:36,0 1 0 1 0 0 1 0 0 0
3220,Video Title 3220,biology chemistry mathematics,56000,,2016-11-11 14:07:04,0 1 0 1 0 0 1 0 0 0
3221,Video Title 3221,biology chemistry mathematics,35000,,2018-03-24 23:41:13,0 1 0 1 0 0 1 0 0 0
3222,Video Title 3222,biology chemistry mathematics,49000,,2023-03-11 11:16:30,0 1 0 1 0 0 1 0 0 0
3223,Video Title 3223,biology chemistry mathematics,52000,,2019-03-04 22:32:28,0 1 0 1 0 0 1 0 0 0
3224,Video Title 3224,biology chemistry mathematics,34000,,2018-08-22 01:30:58,0 1 0 1 0 0 1 0 0 0
3225,Video Title 3225,biology chemistry mathematics,50000,,2018-07-09 16:45:08,0 1 0 1 0 0 1 0 0 0
3226,Video Title 3226,biology chemistry mathematics,53000,,2019-01-04 09:37:20,0 1 0 1 0 0 1 0 0 0
3227,Video Title 3227,biology chemistry mathematics,35000,,2021-10-15 08:50:52,0 1 0 1 0 0 1 0 0 0
3228,Video Title 3228,biology chemistry mathematics,60000,,2022-12-11 07:08:03,0 1 0 1 0 0 1 0 0 0
3229,Video Title 3229,biology chemistry mathematics,47000,,2015-05-11 20:51:52,0 1 0 1 0 0 1 0 0 0
3230,Video Title 3230,biology chemistry mathematics,43000,,2017-03-28 15:10:39,0 1 0 1 0 0 1 0 0 0
3231,Video Title 3231,biology chemistry mathematics,30000,,2015-10-17 21:45:48,0 1 0 1 0 0 1 0 0 0
3232,Video Title 3232,biology chemistry mathematics,48000,,2022-12-19 15:41:37,0 1 0 1 0 0 1 0 0 0
3233,Video Title 3233,biology chemistry mathematics,58000,,2016-01-10 01:14:37,0 1 0 1 0 0 1 0 0 0
3234,Video Title 3234,biology chemistry mathematics,44000,,2014-11-28 03:44:17,0 1 0 1 0 0 1 0 0 0
3235,Video Title 3235,biology chemistry mathematics,40000,,2020-12-01 18:26:48,0 1 0 1 0 0 1 0 0 0
3236,Video Title 3236,biology chemistry mathematics,59000,,2021-02-11 20:44:58,0 1 0 1 0 0 1 0 0 0
3237,Video Title 3237,biology chemistry mathematics,35000,,2021-03-09 01:37:31,0 1 0 1 0 0 1 0 0 0
3238,Video Title 3238,biology chemistry mathematics,33000,,2014-12-01 20:21:09,0 1 0 1 0 0 1 0 0 0
3239,Video Title 3239,biology chemistry mathematics,52000,,2018-07-01 07:18:05,0 1 0 1 0 0 1 0 0 0
3240,Video Title 3240,biology chemistry mathematics,41000,,2014-11-10 08:51:11,0 1 0 1 0 0 1 0 0 0
3241,Video Title 3241,biology chemistry mathematics,52000,,2017-11-04 22:03:14,0 1 0 1 0 0 1 0 0 0
3242,Video Title 3242,biology chemistry mathematics,55000,,2023-10-02 10:46:07,0 1 0 1 0 0 1 0 0 0
3243,Video Title 3243,biology chemistry mathematics,49000,,2023-07-01 14:26:26,0 1 0 1 0 0 1 0 0 0
3244,Video Title 3244,biology chemistry mathematics,42000,,2019-07-04 18:17:58,0 1 0 1 0 0 1 0 0 0
3245,Video Title 3245,biology chemistry mathematics,31000,,2021-09-07 03:36:15,0 1 0 1 0 0 1 0 0 0
3246,Video Title 3246,biology chemistry mathematics,59000,,2017-05-10 10:55:08,0 1 0 1 0 0 1 0 0 0
3247,Video Title 3247,biology chemistry mathematics,57000,,2020-08-06 06:51:28,0 1 0 1 0 0 1 0 0 0
3248,Video Title 3248,biology chemistry mathematics,34000,,2015-08-17 18:04:15,0 1 0 1 0 0 1 0 0 0
3249,Video Title 3249,biology chemistry mathematics,34000,,2015-10-17 20:43:42,0 1 0 1 0 0 1 0 0 0
3250,Video Title 3250,biology chemistry mathematics,52000,,2014-07-09 06:47:56,0 1 0 1 0 0 1 0 0 0
3251,Video Title 3251,biology chemistry mathematics,39000,,2017-02-05 17:48:12,0 1 0 1 0 0 1 0 0 0
3252,Video Title 3252,biology chemistry mathematics,54000,,2023-08-11 12:37:53,0 1 0 1 0 0 1 0 0 0
3253,Video Title 3253,biology chemistry mathematics,39000,,2020-04-07 13:16:10,0 1 0 1 0 0 1 0 0 0
3254,Video Title 3254,biology chemistry mathematics,33000,,2022-12-26 16:16:17,0 1 0 1 0 0 1 0 0 0
3255,Video Title 3255,biology chemistry mathematics,60000,,2016-01-13 09:48:33,0 1 0 1 0 0 1 0 0 0
3256,Video Title 3256,biology chemistry mathematics,49000,,2021-08-27 16:40:21,0 1 0 1 0 0 1 0 0 0
3257,Video Title 3257,biology chemistry mathematics,30000,,2018-08-04 01:05:48,0 1 0 1 0 0 1 0 0 0
3258,Video Title 3258,biology chemistry mathematics,57000,,2018-12-28 01:03:36,0 1 0 1 0 0 1 0 0 0
3259,Video Title 3259,biology chemistry mathematics,55000,,2014-01-23 23:44:53,0 1 0 1 0 0 1 0 0 0
3260,Video Title 3260,biology chemistry mathematics,58000,,2018-12-09 03:41:28,0 1 0 1 0 0 1 0 0 0
3261,Video Title 3261,biology chemistry mathematics,36000,,2019-11-22 08:20:23,0 1 0 1 0 0 1 0 0 0
3262,Video Title 3262,biology chemistry mathematics,45000,,2018-07-17 03:29:28,0 1 0 1 0 0 1 0 0 0
3263,Video Title 3263,biology chemistry mathematics,44000,,2014-10-19 19:52:14,0 1 0 1 0 0 1 0 0 0
3264,Video Title 3264,biology chemistry mathematics,49000,,2014-01-26 23:47:48,0 1 0 1 0 0 1 0 0 0
3265,Video Title 3265,biology chemistry mathematics,58000,,2019-06-23 19:07:29,0 1 0 1 0 0 1 0 0 0
3266,Video Title 3266,biology chemistry mathematics,49000,,2020-04-15 12:27:47,0 1 0 1 0 0 1 0 0 0
3267,Video Title 3267,biology chemistry mathematics,56000,,2022-04-03 04:07:09,0 1 0 1 0 0 1 0 0 0
3268,Video Title 3268,biology chemistry mathematics,31000,,2015-11-08 15:58:58,0 1 0 1 0 0 1 0 0 0
3269,Video Title 3269,biology chemistry mathematics,31000,,2020-07-14 11:03:16,0 1 0 1 0 0 1 0 0 0
3270,Video Title 3270,biology chemistry mathematics,31000,,2015-06-17 14:47:55,0 1 0 1 0 0 1 0 0 0
3271,Video Title 3271,biology chemistry mathematics,31000,,2020-09-02 12:53:49,0 1 0 1 0 0 1 0 0 0
3272,Video Title 3272,biology chemistry mathematics,56000,,2020-01-13 23:48:23,0 1 0 1 0 0 1 0 0 0
3273,Video Title 3273,biology chemistry mathematics,40000,,2023-03-16 09:41:58,0 1 0 1 0 0 1 0 0 0
3274,Video Title 3274,biology chemistry mathematics,31000,,2015-02-04 10:33:27,0 1 0 1 0 0 1 0 0 0
3275,Video Title 3275,biology chemistry mathematics,35000,,2015-08-14 20:57:57,0 1 0 1 0 0 1 0 0 0
3276,Video Title 3276,biology chemistry mathematics,39000,,2020-02-11 11:27:45,0 1 0 1 0 0 1 0 0 0
3277,Video Title 3277,biology chemistry mathematics,52000,,2020-12-31 10:34:51,0 1 0 1 0 0 1 0 0 0
3278,Video Title 3278,biology chemistry mathematics,48000,,2021-11-15 16:08:38,0 1 0 1 0 0 1 0 0 0
3279,Video Title 3279,biology chemistry mathematics,35000,,2023-08-30 23:17:23,0 1 0 1 0 0 1 0 0 0
3280,Video Title 3280,biology chemistry mathematics,53000,,2019-10-17 05:26:49,0 1 0 1 0 0 1 0 0 0
3281,Video Title 3281,biology chemistry mathematics,59000,,2014-05-13 19:35:15,0 1 0 1 0 0 1 0 0 0
3282,Video Title 3282,biology chemistry mathematics,54000,,2016-12-30 10:11:47,0 1 0 1 0 0 1 0 0 0
3283,Video Title 3283,biology chemistry mathematics,41000,,2022-12-22 23:36:30,0 1 0 1 0 0 1 0 0 0
3284,Video Title 3284,biology chemistry mathematics,56000,,2014-09-06 23:36:03,0 1 0 1 0 0 1 0 0 0
3285,Video Title 3285,biology chemistry mathematics,43000,,2022-06-08 01:55:24,0 1 0 1 0 0 1 0 0 0
3286,Video Title 3286,biology chemistry mathematics,32000,,2016-12-06 20:08:44,0 1 0 1 0 0 1 0 0 0
3287,Video Title 3287,biology chemistry mathematics,34000,,2015-03-24 09:14:05,0 1 0 1 0 0 1 0 0 0
3288,Video Title 3288,biology chemistry mathematics,57000,,2016-09-30 15:03:51,0 1 0 1 0 0 1 0 0 0
3289,Video Title 3289,biology chemistry mathematics,46000,,2018-02-21 05:11:34,0 1 0 1 0 0 1 0 0 0
3290,Video Title 3290,biology chemistry mathematics,36000,,2020-12-16 18:39:50,0 1 0 1 0 0 1 0 0 0
3291,Video Title 3291,biology chemistry mathematics,49000,,2014-08-03 08:58:11,0 1 0 1 0 0 1 0 0 0
3292,Video Title 3292,biology chemistry mathematics,48000,,2021-04-19 12:13:05,0 1 0 1 0 0 1 0 0 0
3293,Video Title 3293,biology chemistry mathematics,50000,,2019-04-17 15:43:27,0 1 0 1 0 0 1 0 0 0
3294,Video Title 3294,biology chemistry mathematics,32000,,2018-11-03 08:52:38,0 1 0 1 0 0 1 0 0 0
3295,Video Title 3295,biology chemistry mathematics,52000,,2020-01-19 10:33:16,0 1 0 1 0 0 1 0 0 0
3296,Video Title 3296,biology chemistry mathematics,55000,,2023-11-11 21:59:29,0 1 0 1 0 0 1 0 0 0
3297,Video Title 3297,biology chemistry mathematics,39000,,2018-04-10 17:53:44,0 1 0 1 0 0 1 0 0 0
3298,Video Title 3298,biology chemistry mathematics,57000,,2017-03-03 04:23:51,0 1 0 1 0 0 1 0 0 0
3299,Video Title 3299,biology chemistry mathematics,46000,,2019-10-03 06:29:58,0 1 0 1 0 0 1 0 0 0
3300,Video Title 3300,biology chemistry mathematics,49000,,2017-07-17 13:33:10,0 1 0 1 0 0 1 0 0 0
3301,Video Title 3301,biology chemistry physics,34000,,2020-02-23 03:48:08,0 1 0 1 0 0 0 0 1 0
3302,Video Title 3302,biology chemistry physics,45000,,2019-03-14 22:13:41,0 1 0 1 0 0 0 0 1 0
3303,Video Title 3303,biology chemistry physics,50000,,2018-12-24 18:07:17,0 1 0 1 0 0 0 0 1 0
3304,Video Title 3304,biology chemistry physics,55000,,2015-10-21 15:52:24,0 1 0 1 0 0 0 0 1 0
3305,Video Title 3305,biology chemistry physics,49000,,2016-05-01 10:24:56,0 1 0 1 0 0 0 0 1 0
3306,Video Title 3306,biology chemistry physics,39000,,2023-10-17 06:58:15,0 1 0 1 0 0 0 0 1 0
3307,Video Title 3307,biology chemistry physics,30000,,2015-03-10 10:56:41,0 1 0 1 0 0 0 0 1 0
3308,Video Title 3308,biology chemistry physics,44000,,2020-04-03 22:21:39,0 1 0 1 0 0 0 0 1 0
3309,Video Title 3309,biology chemistry physics,33000,,2021-05-17 18:13:46,0 1 0 1 0 0 0 0 1 0
3310,Video Title 3310,biology chemistry physics,36000,,2021-12-30 09:50:13,0 1 0 1 0 0 0 0 1 0
3311,Video Title 3311,biology chemistry physics,43000,,2018-02-22 06:00:13,0 1 0 1 0 0 0 0 1 0
3312,Video Title 3312,biology chemistry physics,40000,,2017-07-02 05:20:38,0 1 0 1 0 0 0 0 1 0
3313,Video Title 3313,biology chemistry physics,55000,,2020-05-17 21:18:37,0 1 0 1 0 0 0 0 1 0
3314,Video Title 3314,biology chemistry physics,30000,,2020-05-29 06:09:50,0 1 0 1 0 0 0 0 1 0
3315,Video Title 3315,biology chemistry physics,52000,,2016-10-26 22:29:57,0 1 0 1 0 0 0 0 1 0
3316,Video Title 3316,biology chemistry physics,55000,,2014-09-07 14:26:20,0 1 0 1 0 0 0 0 1 0
3317,Video Title 3317,biology chemistry physics,39000,,2019-01-26 10:00:40,0 1 0 1 0 0 0 0 1 0
3318,Video Title 3318,biology chemistry physics,40000,,2021-09-02 16:03:21,0 1 0 1 0 0 0 0 1 0
3319,Video Title 3319,biology chemistry physics,33000,,2020-11-10 07:12:54,0 1 0 1 0 0 0 0 1 0
3320,Video Title 3320,biology chemistry physics,40000,,2017-12-18 13:55:15,0 1 0 1 0 0 0 0 1 0
3321,Video Title 3321,biology chemistry physics,48000,,2020-02-29 09:01:00,0 1 0 1 0 0 0 0 1 0
3322,Video Title 3322,biology chemistry physics,30000,,2022-04-27 22:56:47,0 1 0 1 0 0 0 0 1 0
3323,Video Title 3323,biology chemistry physics,36000,,2017-04-23 09:05:57,0 1 0 1 0 0 0 0 1 0
3324,Video Title 3324,biology chemistry physics,40000,,2023-03-23 07:42:26,0 1 0 1 0 0 0 0 1 0
3325,Video Title 3325,biology chemistry physics,45000,,2023-02-28 23:53:00,0 1 0 1 0 0 0 0 1 0
3326,Video Title 3326,biology chemistry physics,55000,,2014-05-12 18:54:09,0 1 0 1 0 0 0 0 1 0
3327,Video Title 3327,biology chemistry physics,34000,,2018-10-26 11:00:28,0 1 0 1 0 0 0 0 1 0
3328,Video Title 3328,biology chemistry physics,50000,,2018-08-11 06:07:52,0 1 0 1 0 0 0 0 1 0
3329,Video Title 3329,biology chemistry physics,57000,,2019-05-16 22:21:24,0 1 0 1 0 0 0 0 1 0
3330,Video Title 3330,biology chemistry physics,40000,,2018-08-18 00:22:42,0 1 0 1 0 0 0 0 1 0
3331,Video Title 3331,biology chemistry physics,56000,,2018-02-21 22:17:18,0 1 0 1 0 0 0 0 1 0
3332,Video Title 3332,biology chemistry physics,53000,,2014-07-26 11:33:07,0 1 0 1 0 0 0 0 1 0
3333,Video Title 3333,biology chemistry physics,46000,,2016-12-30 14:30:43,0 1 0 1 0 0 0 0 1 0
3334,Video Title 3334,biology chemistry physics,53000,,2020-10-13 10:06:42,0 1 0 1 0 0 0 0 1 0
3335,Video Title 3335,biology chemistry physics,47000,,2019-05-12 23:34:03,0 1 0 1 0 0 0 0 1 0
3336,Video Title 3336,biology chemistry physics,36000,,2019-10-11 12:02:00,0 1 0 1 0 0 0 0 1 0
3337,Video Title 3337,biology chemistry physics,40000,,2021-12-30 07:17:42,0 1 0 1 0 0 0 0 1 0
3338,Video Title 3338,biology chemistry physics,58000,,2021-12-16 14:34:23,0 1 0 1 0 0 0 0 1 0
3339,Video Title 3339,biology chemistry physics,32000,,2023-09-12 02:07:27,0 1 0 1 0 0 0 0 1 0
3340,Video Title 3340,biology chemistry physics,38000,,2022-05-29 16:44:59,0 1 0 1 0 0 0 0 1 0
3341,Video Title 3341,biology chemistry physics,40000,,2023-11-02 05:00:14,0 1 0 1 0 0 0 0 1 0
3342,Video Title 3342,biology chemistry physics,50000,,2019-05-07 02:19:48,0 1 0 1 0 0 0 0 1 0
3343,Video Title 3343,biology chemistry physics,35000,,2019-09-18 01:59:30,0 1 0 1 0 0 0 0 1 0
3344,Video Title 3344,biology chemistry physics,42000,,2015-11-17 22:23:33,0 1 0 1 0 0 0 0 1 0
3345,Video Title 3345,biology chemistry physics,33000,,2022-08-24 18:24:26,0 1 0 1 0 0 0 0 1 0
3346,Video Title 3346,biology chemistry physics,54000,,2017-02-01 05:27:08,0 1 0 1 0 0 0 0 1 0
3347,Video Title 3347,biology chemistry physics,57000,,2017-02-23 22:08:50,0 1 0 1 0 0 0 0 1 0
3348,Video Title 3348,biology chemistry physics,31000,,2016-09-19 23:10:25,0 1 0 1 0 0 0 0 1 0
3349,Video Title 3349,biology chemistry physics,32000,,2018-12-22 05:58:06,0 1 0 1 0 0 0 0 1 0
3350,Video Title 3350,biology chemistry physics,37000,,2017-09-20 06:43:16,0 1 0 1 0 0 0 0 1 0
3351,Video Title 3351,biology chemistry physics,56000,,2023-07-05 03:39:47,0 1 0 1 0 0 0 0 1 0
3352,Video Title 3352,biology chemistry physics,36000,,2019-04-03 14:47:48,0 1 0 1 0 0 0 0 1 0
3353,Video Title 3353,biology chemistry physics,35000,,2015-02-16 15:27:34,0 1 0 1 0 0 0 0 1 0
3354,Video Title 3354,biology chemistry physics,55000,,2014-05-19 11:48:18,0 1 0 1 0 0 0 0 1 0
3355,Video Title 3355,biology chemistry physics,36000,,2023-02-18 17:47:48,0 1 0 1 0 0 0 0 1 0
3356,Video Title 3356,biology chemistry physics,44000,,2019-01-23 21:08:06,0 1 0 1 0 0 0 0 1 0
3357,Video Title 3357,biology chemistry physics,55000,,2018-10-30 17:17:43,0 1 0 1 0 0 0 0 1 0
3358,Video Title 3358,biology chemistry physics,46000,,2015-07-19 09:12:47,0 1 0 1 0 0 0 0 1 0
3359,Video Title 3359,biology chemistry physics,40000,,2023-03-28 06:34:51,0 1 0 1 0 0 0 0 1 0
3360,Video Title 3360,biology chemistry physics,53000,,2022-09-27 15:48:31,0 1 0 1 0 0 0 0 1 0
3361,Video Title 3361,biology chemistry physics,39000,,2021-10-03 16:42:32,0 1 0 1 0 0 0 0 1 0
3362,Video Title 3362,biology chemistry physics,34000,,2021-09-11 14:34:13,0 1 0 1 0 0 0 0 1 0
3363,Video Title 3363,biology chemistry physics,33000,,2022-03-22 19:20:03,0 1 0 1 0 0 0 0 1 0
3364,Video Title 3364,biology chemistry physics,60000,,2019-03-01 22:26:38,0 1 0 1 0 0 0 0 1 0
3365,Video Title 3365,biology chemistry physics,34000,,2016-01-21 22:23:27,0 1 0 1 0 0 0 0 1 0
3366,Video Title 3366,biology chemistry physics,31000,,2018-08-06 16:40:21,0 1 0 1 0 0 0 0 1 0
3367,Video Title 3367,biology chemistry physics,52000,,2022-08-25 13:22:25,0 1 0 1 0 0 0 0 1 0
3368,Video Title 3368,biology chemistry physics,33000,,2014-01-18 00:01:28,0 1 0 1 0 0 0 0 1 0
3369,Video Title 3369,biology chemistry physics,59000,,2014-06-12 17:01:29,0 1 0 1 0 0 0 0 1 0
3370,Video Title 3370,biology chemistry physics,57000,,2019-12-12 03:35:31,0 1 0 1 0 0 0 0 1 0
3371,Video Title 3371,biology chemistry physics,32000,,2017-05-03 12:10:56,0 1 0 1 0 0 0 0 1 0
3372,Video Title 3372,biology chemistry physics,58000,,2014-06-20 09:50:37,0 1 0 1 0 0 0 0 1 0
3373,Video Title 3373,biology chemistry physics,46000,,2021-08-30 13:23:03,0 1 0 1 0 0 0 0 1 0
3374,Video Title 3374,biology chemistry physics,53000,,2017-02-16 13:19:05,0 1 0 1 0 0 0 0 1 0
3375,Video Title 3375,biology chemistry physics,48000,,2021-08-02 12:03:31,0 1 0 1 0 0 0 0 1 0
3376,Video Title 3376,biology chemistry physics,50000,,2022-12-03 07:04:37,0 1 0 1 0 0 0 0 1 0
3377,Video Title 3377,biology chemistry physics,40000,,2016-01-05 00:39:46,0 1 0 1 0 0 0 0 1 0
3378,Video Title 3378,biology chemistry physics,39000,,2016-10-08 18:29:58,0 1 0 1 0 0 0 0 1 0
3379,Video Title 3379,biology chemistry physics,40000,,2021-09-23 16:08:59,0 1 0 1 0 0 0 0 1 0
3380,Video Title 3380,biology chemistry physics,51000,,2015-03-08 10:12:48,0 1 0 1 0 0 0 0 1 0
3381,Video Title 3381,biology chemistry physics,34000,,2015-07-31 20:39:03,0 1 0 1 0 0 0 0 1 0
3382,Video Title 3382,biology chemistry physics,33000,,2014-02-27 16:29:18,0 1 0 1 0 0 0 0 1 0
3383,Video Title 3383,biology chemistry physics,49000,,2019-08-07 15:13:00,0 1 0 1 0 0 0 0 1 0
3384,Video Title 3384,biology chemistry physics,33000,,2016-01-27 00:10:42,0 1 0 1 0 0 0 0 1 0
3385,Video Title 3385,biology chemistry physics,41000,,2019-07-01 04:25:53,0 1 0 1 0 0 0 0 1 0
3386,Video Title 3386,biology chemistry physics,38000,,2015-06-03 16:22:41,0 1 0 1 0 0 0 0 1 0
3387,Video Title 3387,biology chemistry physics,52000,,2022-01-15 14:38:55,0 1 0 1 0 0 0 0 1 0
3388,Video Title 3388,biology chemistry physics,48000,,2016-06-14 14:40:35,0 1 0 1 0 0 0 0 1 0
3389,Video Title 3389,biology chemistry physics,32000,,2017-02-12 12:40:27,0 1 0 1 0 0 0 0 1 0
3390,Video Title 3390,biology chemistry physics,58000,,2017-05-23 09:31:37,0 1 0 1 0 0 0 0 1 0
3391,Video Title 3391,biology chemistry physics,44000,,2014-07-07 03:36:49,0 1 0 1 0 0 0 0 1 0
3392,Video Title 3392,biology chemistry physics,30000,,2018-09-17 04:26:12,0 1 0 1 0 0 0 0 1 0
3393,Video Title 3393,biology chemistry physics,51000,,2014-07-06 03:56:47,0 1 0 1 0 0 0 0 1 0
3394,Video Title 3394,biology chemistry physics,42000,,2014-07-18 08:52:08,0 1 0 1 0 0 0 0 1 0
3395,Video Title 3395,biology chemistry physics,43000,,2017-12-03 11:54:29,0 1 0 1 0 0 0 0 1 0
3396,Video Title 3396,biology chemistry physics,52000,,2019-12-18 20:13:52,0 1 0 1 0 0 0 0 1 0
3397,Video Title 3397,biology chemistry physics,48000,,2020-04-18 13:37:56,0 1 0 1 0 0 0 0 1 0
3398,Video Title 3398,biology chemistry physics,52000,,2020-12-29 16:25:04,0 1 0 1 0 0 0 0 1 0
3399,Video Title 3399,biology chemistry physics,49000,,2017-07-24 00:41:23,0 1 0 1 0 0 0 0 1 0
3400,Video Title 3400,biology chemistry physics,40000,,2022-03-05 15:55:02,0 1 0 1 0 0 0 0 1 0
3401,Video Title 3401,biology mathematics physics,52000,,2021-08-02 04:03:46,0 1 0 0 0 0 1 0 1 0
3402,Video Title 3402,biology mathematics physics,55000,,2019-05-04 05:16:47,0 1 0 0 0 0 1 0 1 0
3403,Video Title 3403,biology mathematics physics,59000,,2021-07-23 11:04:52,0 1 0 0 0 0 1 0 1 0
3404,Video Title 3404,biology mathematics physics,44000,,2019-09-06 10:20:34,0 1 0 0 0 0 1 0 1 0
3405,Video Title 3405,biology mathematics physics,32000,,2022-02-16 21:44:56,0 1 0 0 0 0 1 0 1 0
3406,Video Title 3406,biology mathematics physics,59000,,2020-12-26 21:18:29,0 1 0 0 0 0 1 0 1 0
3407,Video Title 3407,biology mathematics physics,33000,,2018-07-23 21:10:24,0 1 0 0 0 0 1 0 1 0
3408,Video Title 3408,biology mathematics physics,51000,,2020-06-12 03:04:12,0 1 0 0 0 0 1 0 1 0
3409,Video Title 3409,biology mathematics physics,54000,,2018-08-28 16:44:20,0 1 0 0 0 0 1 0 1 0
3410,Video Title 3410,biology mathematics physics,37000,,2023-06-23 04:28:06,0 1 0 0 0 0 1 0 1 0
3411,Video Title 3411,biology mathematics physics,34000,,2022-08-12 00:02:01,0 1 0 0 0 0 1 0 1 0
3412,Video Title 3412,biology mathematics physics,49000,,2016-08-01 21:25:20,0 1 0 0 0 0 1 0 1 0
3413,Video Title 3413,biology mathematics physics,41000,,2017-12-04 01:56:16,0 1 0 0 0 0 1 0 1 0
3414,Video Title 3414,biology mathematics physics,52000,,2023-03-05 00:21:48,0 1 0 0 0 0 1 0 1 0
3415,Video Title 3415,biology mathematics physics,40000,,2021-11-21 01:00:52,0 1 0 0 0 0 1 0 1 0
3416,Video Title 3416,biology mathematics physics,58000,,2017-04-02 09:04:16,0 1 0 0 0 0 1 0 1 0
3417,Video Title 3417,biology mathematics physics,45000,,2014-04-23 11:08:16,0 1 0 0 0 0 1 0 1 0
3418,Video Title 3418,biology mathematics physics,45000,,2015-02-19 00:54:22,0 1 0 0 0 0 1 0 1 0
3419,Video Title 3419,biology mathematics physics,45000,,2018-08-13 12:46:17,0 1 0 0 0 0 1 0 1 0
3420,Video Title 3420,biology mathematics physics,35000,,2016-10-29 05:44:43,0 1 0 0 0 0 1 0 1 0
3421,Video Title 3421,biology mathematics physics,41000,,2020-01-18 04:57:51,0 1 0 0 0 0 1 0 1 0
3422,Video Title 3422,biology mathematics physics,34000,,2019-01-31 00:23:26,0 1 0 0 0 0 1 0 1 0
3423,Video Title 3423,biology mathematics physics,42000,,2022-03-06 01:38:00,0 1 0 0 0 0 1 0 1 0
3424,Video Title 3424,biology mathematics physics,55000,,2015-01-28 11:33:41,0 1 0 0 0 0 1 0 1 0
3425,Video Title 3425,biology mathematics physics,47000,,2020-06-30 11:56:37,0 1 0 0 0 0 1 0 1 0
3426,Video Title 3426,biology mathematics physics,55000,,2017-01-09 17:32:52,0 1 0 0 0 0 1 0 1 0
3427,Video Title 3427,biology mathematics physics,44000,,2018-01-04 23:31:23,0 1 0 0 0 0 1 0 1 0
3428,Video Title 3428,biology mathematics physics,43000,,2016-05-22 19:11:44,0 1 0 0 0 0 1 0 1 0
3429,Video Title 3429,biology mathematics physics,37000,,2019-06-26 00:20:02,0 1 0 0 0 0 1 0 1 0
3430,Video Title 3430,biology mathematics physics,45000,,2017-11-03 22:19:18,0 1 0 0 0 0 1 0 1 0
3431,Video Title 3431,biology mathematics physics,40000,,2016-02-02 01:39:41,0 1 0 0 0 0 1 0 1 0
3432,Video Title 3432,biology mathematics physics,52000,,2019-11-30 00:59:21,0 1 0 0 0 0 1 0 1 0
3433,Video Title 3433,biology mathematics physics,55000,,2023-10-20 17:58:40,0 1 0 0 0 0 1 0 1 0
3434,Video Title 3434,biology mathematics physics,48000,,2021-11-15 17:49:30,0 1 0 0 0 0 1 0 1 0
3435,Video Title 3435,biology mathematics physics,47000,,2020-12-10 14:03:52,0 1 0 0 0 0 1 0 1 0
3436,Video Title 3436,biology mathematics physics,35000,,2020-08-17 12:50:01,0 1 0 0 0 0 1 0 1 0
3437,Video Title 3437,biology mathematics physics,32000,,2021-05-24 16:33:11,0 1 0 0 0 0 1 0 1 0
3438,Video Title 3438,biology mathematics physics,52000,,2019-09-29 18:53:39,0 1 0 0 0 0 1 0 1 0
3439,Video Title 3439,biology mathematics physics,45000,,2015-02-24 06:40:57,0 1 0 0 0 0 1 0 1 0
3440,Video Title 3440,biology mathematics physics,49000,,2018-08-19 14:46:43,0 1 0 0 0 0 1 0 1 0
3441,Video Title 3441,biology mathematics physics,47000,,2014-12-25 10:28:56,0 1 0 0 0 0 1 0 1 0
3442,Video Title 3442,biology mathematics physics,44000,,2015-10-08 00:50:33,0 1 0 0 0 0 1 0 1 0
3443,Video Title 3443,biology mathematics physics,60000,,2018-01-23 03:31:40,0 1 0 0 0 0 1 0 1 0
3444,Video Title 3444,biology mathematics physics,49000,,2015-02-03 22:01:47,0 1 0 0 0 0 1 0 1 0
3445,Video Title 3445,biology mathematics physics,56000,,2019-12-19 21:06:51,0 1 0 0 0 0 1 0 1 0
3446,Video Title 3446,biology mathematics physics,56000,,2017-10-17 00:36:17,0 1 0 0 0 0 1 0 1 0
3447,Video Title 3447,biology mathematics physics,45000,,2020-06-14 05:02:47,0 1 0 0 0 0 1 0 1 0
3448,Video Title 3448,biology mathematics physics,31000,,2014-11-29 10:41:28,0 1 0 0 0 0 1 0 1 0
3449,Video Title 3449,biology mathematics physics,56000,,2015-05-25 01:06:22,0 1 0 0 0 0 1 0 1 0
3450,Video Title 3450,biology mathematics physics,48000,,2023-01-12 21:13:33,0 1 0 0 0 0 1 0 1 0
3451,Video Title 3451,biology mathematics physics,50000,,2022-02-05 21:55:43,0 1 0 0 0 0 1 0 1 0
3452,Video Title 3452,biology mathematics physics,54000,,2015-06-22 13:08:27,0 1 0 0 0 0 1 0 1 0
3453,Video Title 3453,biology mathematics physics,34000,,2018-07-14 08:33:33,0 1 0 0 0 0 1 0 1 0
3454,Video Title 3454,biology mathematics physics,39000,,2017-11-26 10:28:51,0 1 0 0 0 0 1 0 1 0
3455,Video Title 3455,biology mathematics physics,48000,,2018-06-23 03:11:44,0 1 0 0 0 0 1 0 1 0
3456,Video Title 3456,biology mathematics physics,36000,,2020-10-25 12:52:14,0 1 0 0 0 0 1 0 1 0
3457,Video Title 3457,biology mathematics physics,40000,,2017-01-01 00:48:55,0 1 0 0 0 0 1 0 1 0
3458,Video Title 3458,biology mathematics physics,55000,,2023-02-18 04:41:37,0 1 0 0 0 0 1 0 1 0
3459,Video Title 3459,biology mathematics physics,39000,,2023-03-09 12:44:31,0 1 0 0 0 0 1 0 1 0
3460,Video Title 3460,biology mathematics physics,59000,,2018-05-08 18:05:17,0 1 0 0 0 0 1 0 1 0
3461,Video Title 3461,biology mathematics physics,59000,,2017-06-12 13:34:52,0 1 0 0 0 0 1 0 1 0
3462,Video Title 3462,biology mathematics physics,32000,,2019-10-30 22:52:59,0 1 0 0 0 0 1 0 1 0
3463,Video Title 3463,biology mathematics physics,49000,,2023-11-12 10:32:11,0 1 0 0 0 0 1 0 1 0
3464,Video Title 3464,biology mathematics physics,42000,,2022-06-23 20:58:44,0 1 0 0 0 0 1 0 1 0
3465,Video Title 3465,biology mathematics physics,57000,,2016-12-11 18:34:35,0 1 0 0 0 0 1 0 1 0
3466,Video Title 3466,biology mathematics physics,41000,,2023-01-04 22:13:51,0 1 0 0 0 0 1 0 1 0
3467,Video Title 3467,biology mathematics physics,60000,,2014-07-15 21:57:08,0 1 0 0 0 0 1 0 1 0
3468,Video Title 3468,biology mathematics physics,52000,,2019-08-09 02:39:02,0 1 0 0 0 0 1 0 1 0
3469,Video Title 3469,biology mathematics physics,41000,,2015-02-07 09:34:21,0 1 0 0 0 0 1 0 1 0
3470,Video Title 3470,biology mathematics physics,39000,,2022-08-28 17:32:10,0 1 0 0 0 0 1 0 1 0
3471,Video Title 3471,biology mathematics physics,37000,,2018-04-27 18:16:40,0 1 0 0 0 0 1 0 1 0
3472,Video Title 3472,biology mathematics physics,48000,,2017-12-12 01:54:18,0 1 0 0 0 0 1 0 1 0
3473,Video Title 3473,biology mathematics physics,40000,,2021-02-12 23:22:18,0 1 0 0 0 0 1 0 1 0
3474,Video Title 3474,biology mathematics physics,42000,,2017-10-26 17:05:52,0 1 0 0 0 0 1 0 1 0
3475,Video Title 3475,biology mathematics physics,47000,,2016-02-12 22:31:41,0 1 0 0 0 0 1 0 1 0
3476,Video Title 3476,biology mathematics physics,35000,,2018-10-02 06:44:08,0 1 0 0 0 0 1 0 1 0
3477,Video Title 3477,biology mathematics physics,36000,,2019-07-23 06:55:49,0 1 0 0 0 0 1 0 1 0
3478,Video Title 3478,biology mathematics physics,56000,,2023-03-31 08:37:37,0 1 0 0 0 0 1 0 1 0
3479,Video Title 3479,biology mathematics physics,56000,,2018-03-05 21:49:45,0 1 0 0 0 0 1 0 1 0
3480,Video Title 3480,biology mathematics physics,39000,,2023-12-22 17:08:57,0 1 0 0 0 0 1 0 1 0
3481,Video Title 3481,biology mathematics physics,51000,,2015-04-06 06:06:21,0 1 0 0 0 0 1 0 1 0
3482,Video Title 3482,biology mathematics physics,30000,,2014-09-21 20:56:57,0 1 0 0 0 0 1 0 1 0
3483,Video Title 3483,biology mathematics physics,30000,,2015-06-12 14:02:22,0 1 0 0 0 0 1 0 1 0
3484,Video Title 3484,biology mathematics physics,58000,,2018-11-14 11:02:13,0 1 0 0 0 0 1 0 1 0
3485,Video Title 3485,biology mathematics physics,43000,,2023-10-01 15:48:44,0 1 0 0 0 0 1 0 1 0
3486,Video Title 3486,biology mathematics physics,34000,,2014-11-08 00:31:03,0 1 0 0 0 0 1 0 1 0
3487,Video Title 3487,biology mathematics physics,50000,,2022-01-22 16:29:07,0 1 0 0 0 0 1 0 1 0
3488,Video Title 3488,biology mathematics physics,57000,,2018-07-25 12:06:36,0 1 0 0 0 0 1 0 1 0
3489,Video Title 3489,biology mathematics physics,55000,,2020-12-15 04:12:34,0 1 0 0 0 0 1 0 1 0
3490,Video Title 3490,biology mathematics physics,59000,,2018-04-05 19:41:07,0 1 0 0 0 0 1 0 1 0
3491,Video Title 3491,biology mathematics physics,35000,,2018-07-19 12:56:45,0 1 0 0 0 0 1 0 1 0
3492,Video Title 3492,biology mathematics physics,43000,,2019-07-10 23:34:57,0 1 0 0 0 0 1 0 1 0
3493,Video Title 3493,biology mathematics physics,44000,,2017-11-07 05:00:33,0 1 0 0 0 0 1 0 1 0
3494,Video Title 3494,biology mathematics physics,37000,,2015-11-12 03:17:40,0 1 0 0 0 0 1 0 1 0
3495,Video Title 3495,biology mathematics physics,49000,,2014-01-30 02:52:02,0 1 0 0 0 0 1 0 1 0
3496,Video Title 3496,biology mathematics physics,45000,,2022-06-20 20:01:13,0 1 0 0 0 0 1 0 1 0
3497,Video Title 3497,biology mathematics physics,37000,,2021-02-14 06:35:16,0 1 0 0 0 0 1 0 1 0
3498,Video Title 3498,biology mathematics physics,38000,,2018-02-10 13:23:32,0 1 0 0 0 0 1 0 1 0
3499,Video Title 3499,biology mathematics physics,47000,,2019-10-07 16:27:58,0 1 0 0 0 0 1 0 1 0
3500,Video Title 3500,biology mathematics physics,31000,,2023-10-13 13:15:00,0 1 0 0 0 0 1 0 1 0
3501,Video Title 3501,chemistry mathematics physics,48000,,2018-11-01 22:17:18,0 0 0 1 0 0 1 0 1 0
3502,Video Title 3502,chemistry mathematics physics,41000,,2015-02-20 01:11:55,0 0 0 1 0 0 1 0 1 0
3503,Video Title 3503,chemistry mathematics physics,45000,,2023-08-14 08:13:36,0 0 0 1 0 0 1 0 1 0
3504,Video Title 3504,chemistry mathematics physics,32000,,2015-06-05 14:51:47,0 0 0 1 0 0 1 0 1 0
3505,Video Title 3505,chemistry mathematics physics,53000,,2019-04-08 09:20:43,0 0 0 1 0 0 1 0 1 0
3506,Video Title 3506,chemistry mathematics physics,57000,,2023-11-02 09:20:59,0 0 0 1 0 0 1 0 1 0
3507,Video Title 3507,chemistry mathematics physics,54000,,2016-10-18 21:13:28,0 0 0 1 0 0 1 0 1 0
3508,Video Title 3508,chemistry mathematics physics,46000,,2014-10-15 13:21:04,0 0 0 1 0 0 1 0 1 0
3509,Video Title 3509,chemistry mathematics physics,58000,,2020-02-07 18:11:07,0 0 0 1 0 0 1 0 1 0
3510,Video Title 3510,chemistry mathematics physics,37000,,2018-09-23 10:45:27,0 0 0 1 0 0 1 0 1 0
3511,Video Title 3511,chemistry mathematics physics,53000,,2020-08-21 15:21:21,0 0 0 1 0 0 1 0 1 0
3512,Video Title 3512,chemistry mathematics physics,51000,,2014-10-14 23:58:33,0 0 0 1 0 0 1 0 1 0
3513,Video Title 3513,chemistry mathematics physics,50000,,2019-05-25 01:40:32,0 0 0 1 0 0 1 0 1 0
3514,Video Title 3514,chemistry mathematics physics,48000,,2017-02-16 14:58:32,0 0 0 1 0 0 1 0 1 0
3515,Video Title 3515,chemistry mathematics physics,31000,,2023-01-14 02:04:11,0 0 0 1 0 0 1 0 1 0
3516,Video Title 3516,chemistry mathematics physics,47000,,2021-10-14 14:58:36,0 0 0 1 0 0 1 0 1 0
3517,Video Title 3517,chemistry mathematics physics,45000,,2018-07-18 05:26:45,0 0 0 1 0 0 1 0 1 0
3518,Video Title 3518,chemistry mathematics physics,58000,,2018-09-11 16:45:27,0 0 0 1 0 0 1 0 1 0
3519,Video Title 3519,chemistry mathematics physics,53000,,2017-04-27 00:37:31,0 0 0 1 0 0 1 0 1 0
3520,Video Title 3520,chemistry mathematics physics,41000,,2023-08-10 02:55:19,0 0 0 1 0 0 1 0 1 0
3521,Video Title 3521,chemistry mathematics physics,55000,,2016-12-13 08:31:55,0 0 0 1 0 0 1 0 1 0
3522,Video Title 3522,chemistry mathematics physics,35000,,2014-05-11 22:34:43,0 0 0 1 0 0 1 0 1 0
3523,Video Title 3523,chemistry mathematics physics,59000,,2019-12-24 08:57:32,0 0 0 1 0 0 1 0 1 0
3524,Video Title 3524,chemistry mathematics physics,39000,,2021-04-09 10:43:19,0 0 0 1 0 0 1 0 1 0
3525,Video Title 3525,chemistry mathematics physics,48000,,2016-08-10 14:49:07,0 0 0 1 0 0 1 0 1 0
3526,Video Title 3526,chemistry mathematics physics,50000,,2018-09-26 00:51:45,0 0 0 1 0 0 1 0 1 0
3527,Video Title 3527,chemistry mathematics physics,35000,,2019-09-24 22:32:08,0 0 0 1 0 0 1 0 1 0
3528,Video Title 3528,chemistry mathematics physics,51000,,2023-11-26 19:57:32,0 0 0 1 0 0 1 0 1 0
3529,Video Title 3529,chemistry mathematics physics,55000,,2021-05-17 10:29:41,0 0 0 1 0 0 1 0 1 0
3530,Video Title 3530,chemistry mathematics physics,30000,,2016-11-14 21:03:04,0 0 0 1 0 0 1 0 1 0
3531,Video Title 3531,chemistry mathematics physics,32000,,2015-04-10 21:32:56,0 0 0 1 0 0 1 0 1 0
3532,Video Title 3532,chemistry mathematics physics,32000,,2022-07-07 18:36:15,0 0 0 1 0 0 1 0 1 0
3533,Video Title 3533,chemistry mathematics physics,38000,,2016-07-10 23:39:55,0 0 0 1 0 0 1 0 1 0
3534,Video Title 3534,chemistry mathematics physics,49000,,2016-10-24 13:08:28,0 0 0 1 0 0 1 0 1 0
3535,Video Title 3535,chemistry mathematics physics,57000,,2016-07-28 21:19:16,0 0 0 1 0 0 1 0 1 0
3536,Video Title 3536,chemistry mathematics physics,53000,,2015-02-14 03:43:40,0 0 0 1 0 0 1 0 1 0
3537,Video Title 3537,chemistry mathematics physics,35000,,2023-02-06 23:31:06,0 0 0 1 0 0 1 0 1 0
3538,Video Title 3538,chemistry mathematics physics,53000,,2015-07-08 15:28:47,0 0 0 1 0 0 1 0 1 0
3539,Video Title 3539,chemistry mathematics physics,44000,,2017-09-13 15:34:27,0 0 0 1 0 0 1 0 1 0
3540,Video Title 3540,chemistry mathematics physics,35000,,2016-08-13 13:43:36,0 0 0 1 0 0 1 0 1 0
3541,Video Title 3541,chemistry mathematics physics,52000,,2016-05-14 02:45:32,0 0 0 1 0 0 1 0 1 0
3542,Video Title 3542,chemistry mathematics physics,35000,,2021-12-29 16:59:15,0 0 0 1 0 0 1 0 1 0
3543,Video Title 3543,chemistry mathematics physics,57000,,2014-05-03 18:43:48,0 0 0 1 0 0 1 0 1 0
3544,Video Title 3544,chemistry mathematics physics,32000,,2023-09-03 19:28:39,0 0 0 1 0 0 1 0 1 0
3545,Video Title 3545,chemistry mathematics physics,49000,,2023-05-04 21:18:23,0 0 0 1 0 0 1 0 1 0
3546,Video Title 3546,chemistry mathematics physics,34000,,2022-05-18 07:00:20,0 0 0 1 0 0 1 0 1 0
3547,Video Title 3547,chemistry mathematics physics,54000,,2023-12-08 14:05:46,0 0 0 1 0 0 1 0 1 0
3548,Video Title 3548,chemistry mathematics physics,54000,,2017-11-01 13:25:42,0 0 0 1 0 0 1 0 1 0
3549,Video Title 3549,chemistry mathematics physics,51000,,2018-05-28 16:12:24,0 0 0 1 0 0 1 0 1 0
3550,Video Title 3550,chemistry mathematics physics,50000,,2015-09-05 14:00:49,0 0 0 1 0 0 1 0 1 0
3551,Video Title 3551,chemistry mathematics physics,48000,,2021-05-06 10:01:59,0 0 0 1 0 0 1 0 1 0
3552,Video Title 3552,chemistry mathematics physics,41000,,2014-07-20 06:56:20,0 0 0 1 0 0 1 0 1 0
3553,Video Title 3553,chemistry mathematics physics,38000,,2021-07-22 12:23:32,0 0 0 1 0 0 1 0 1 0
3554,Video Title 3554,chemistry mathematics physics,33000,,2014-07-13 17:01:55,0 0 0 1 0 0 1 0 1 0
3555,Video Title 3555,chemistry mathematics physics,44000,,2017-12-28 10:02:40,0 0 0 1 0 0 1 0 1 0
3556,Video Title 3556,chemistry mathematics physics,39000,,2018-10-07 08:55:21,0 0 0 1 0 0 1 0 1 0
3557,Video Title 3557,chemistry mathematics physics,60000,,2021-07-11 08:40:47,0 0 0 1 0 0 1 0 1 0
3558,Video Title 3558,chemistry mathematics physics,47000,,2016-05-04 20:43:51,0 0 0 1 0 0 1 0 1 0
3559,Video Title 3559,chemistry mathematics physics,51000,,2021-01-21 11:14:37,0 0 0 1 0 0 1 0 1 0
3560,Video Title 3560,chemistry mathematics physics,45000,,2016-08-18 13:57:47,0 0 0 1 0 0 1 0 1 0
3561,Video Title 3561,chemistry mathematics physics,46000,,2022-09-14 12:19:46,0 0 0 1 0 0 1 0 1 0
3562,Video Title 3562,chemistry mathematics physics,30000,,2016-11-22 02:11:55,0 0 0 1 0 0 1 0 1 0
3563,Video Title 3563,chemistry mathematics physics,55000,,2018-06-29 04:41:11,0 0 0 1 0 0 1 0 1 0
3564,Video Title 3564,chemistry mathematics physics,51000,,2017-02-28 06:19:24,0 0 0 1 0 0 1 0 1 0
3565,Video Title 3565,chemistry mathematics physics,46000,,2020-10-30 11:57:53,0 0 0 1 0 0 1 0 1 0
3566,Video Title 3566,chemistry mathematics physics,31000,,2014-12-24 09:06:52,0 0 0 1 0 0 1 0 1 0
3567,Video Title 3567,chemistry mathematics physics,47000,,2020-05-17 14:21:20,0 0 0 1 0 0 1 0 1 0
3568,Video Title 3568,chemistry mathematics physics,60000,,2022-06-11 11:21:40,0 0 0 1 0 0 1 0 1 0
3569,Video Title 3569,chemistry mathematics physics,49000,,2023-03-07 20:28:50,0 0 0 1 0 0 1 0 1 0
3570,Video Title 3570,chemistry mathematics physics,57000,,2016-09-23 22:56:10,0 0 0 1 0 0 1 0 1 0
3571,Video Title 3571,chemistry mathematics physics,38000,,2016-09-03 20:53:33,0 0 0 1 0 0 1 0 1 0
3572,Video Title 3572,chemistry mathematics physics,33000,,2016-07-23 00:07:38,0 0 0 1 0 0 1 0 1 0
3573,Video Title 3573,chemistry mathematics physics,48000,,2017-11-30 17:04:10,0 0 0 1 0 0 1 0 1 0
3574,Video Title 3574,chemistry mathematics physics,54000,,2020-10-02 19:30:07,0 0 0 1 0 0 1 0 1 0
3575,Video Title 3575,chemistry mathematics physics,37000,,2021-05-06 05:51:31,0 0 0 1 0 0 1 0 1 0
3576,Video Title 3576,chemistry mathematics physics,48000,,2021-09-15 07:33:44,0 0 0 1 0 0 1 0 1 0
3577,Video Title 3577,chemistry mathematics physics,46000,,2017-05-18 12:49:06,0 0 0 1 0 0 1 0 1 0
3578,Video Title 3578,chemistry mathematics physics,52000,,2023-12-07 05:37:14,0 0 0 1 0 0 1 0 1 0
3579,Video Title 3579,chemistry mathematics physics,40000,,2019-06-24 18:51:35,0 0 0 1 0 0 1 0 1 0
3580,Video Title 3580,chemistry mathematics physics,51000,,2014-02-02 22:30:43,0 0 0 1 0 0 1 0 1 0
3581,Video Title 3581,chemistry mathematics physics,32000,,2014-02-15 15:49:10,0 0 0 1 0 0 1 0 1 0
3582,Video Title 3582,chemistry mathematics physics,33000,,2019-04-04 05:08:58,0 0 0 1 0 0 1 0 1 0
3583,Video Title 3583,chemistry mathematics physics,51000,,2018-06-18 16:32:13,0 0 0 1 0 0 1 0 1 0
3584,Video Title 3584,chemistry mathematics physics,37000,,2021-04-03 03:57:26,0 0 0 1 0 0 1 0 1 0
3585,Video Title 3585,chemistry mathematics physics,38000,,2015-12-08 17:46:01,0 0 0 1 0 0 1 0 1 0
3586,Video Title 3586,chemistry mathematics physics,30000,,2020-03-12 19:11:48,0 0 0 1 0 0 1 0 1 0
3587,Video Title 3587,chemistry mathematics physics,31000,,2023-05-21 13:04:44,0 0 0 1 0 0 1 0 1 0
3588,Video Title 3588,chemistry mathematics physics,51000,,2022-12-09 23:30:21,0 0 0 1 0 0 1 0 1 0
3589,Video Title 3589,chemistry mathematics physics,36000,,2023-07-04 06:49:58,0 0 0 1 0 0 1 0 1 0
3590,Video Title 3590,chemistry mathematics physics,50000,,2015-03-23 12:48:55,0 0 0 1 0 0 1 0 1 0
3591,Video Title 3591,chemistry mathematics physics,60000,,2015-03-16 21:59:41,0 0 0 1 0 0 1 0 1 0
3592,Video Title 3592,chemistry mathematics physics,57000,,2020-01-19 02:28:28,0 0 0 1 0 0 1 0 1 0
3593,Video Title 3593,chemistry mathematics physics,42000,,2020-07-25 20:10:10,0 0 0 1 0 0 1 0 1 0
3594,Video Title 3594,chemistry mathematics physics,58000,,2020-06-24 20:33:05,0 0 0 1 0 0 1 0 1 0
3595,Video Title 3595,chemistry mathematics physics,55000,,2023-09-03 03:41:54,0 0 0 1 0 0 1 0 1 0
3596,Video Title 3596,chemistry mathematics physics,58000,,2015-02-11 14:01:46,0 0 0 1 0 0 1 0 1 0
3597,Video Title 3597,chemistry mathematics physics,35000,,2016-07-15 16:12:38,0 0 0 1 0 0 1 0 1 0
3598,Video Title 3598,chemistry mathematics physics,44000,,2020-08-09 17:51:33,0 0 0 1 0 0 1 0 1 0
3599,Video Title 3599,chemistry mathematics physics,32000,,2020-05-22 13:10:20,0 0 0 1 0 0 1 0 1 0
3600,Video Title 3600,chemistry mathematics physics,59000,,2023-12-14 15:40:11,0 0 0 1 0 0 1 0 1 0
3601,Video Title 3601,biology chemistry mathematics physics,54000,,2018-04-10 11:44:44,0 1 0 1 0 0 1 0 1 0
3602,Video Title 3602,biology chemistry mathematics physics,58000,,2020-09-04 15:56:17,0 1 0 1 0 0 1 0 1 0
3603,Video Title 3603,biology chemistry mathematics physics,54000,,2017-03-28 10:12:05,0 1 0 1 0 0 1 0 1 0
3604,Video Title 3604,biology chemistry mathematics physics,35000,,2021-10-22 16:03:42,0 1 0 1 0 0 1 0 1 0
3605,Video Title 3605,biology chemistry mathematics physics,38000,,2021-10-09 10:28:52,0 1 0 1 0 0 1 0 1 0
3606,Video Title 3606,biology chemistry mathematics physics,42000,,2017-11-21 08:31:17,0 1 0 1 0 0 1 0 1 0
3607,Video Title 3607,biology chemistry mathematics physics,31000,,2016-08-02 13:42:06,0 1 0 1 0 0 1 0 1 0
3608,Video Title 3608,biology chemistry mathematics physics,56000,,2016-08-26 00:38:27,0 1 0 1 0 0 1 0 1 0
3609,Video Title 3609,biology chemistry mathematics physics,44000,,2014-09-13 07:18:25,0 1 0 1 0 0 1 0 1 0
3610,Video Title 3610,biology chemistry mathematics physics,59000,,2016-01-05 10:36:51,0 1 0 1 0 0 1 0 1 0
3611,Video Title 3611,biology chemistry mathematics physics,42000,,2015-10-16 07:32:02,0 1 0 1 0 0 1 0 1 0
3612,Video Title 3612,biology chemistry mathematics physics,45000,,2015-02-02 18:30:32,0 1 0 1 0 0 1 0 1 0
3613,Video Title 3613,biology chemistry mathematics physics,47000,,2021-09-08 18:45:41,0 1 0 1 0 0 1 0 1 0
3614,Video Title 3614,biology chemistry mathematics physics,36000,,2020-02-21 23:26:49,0 1 0 1 0 0 1 0 1 0
3615,Video Title 3615,biology chemistry mathematics physics,33000,,2023-02-16 00:34:04,0 1 0 1 0 0 1 0 1 0
3616,Video Title 3616,biology chemistry mathematics physics,52000,,2016-08-05 08:04:19,0 1 0 1 0 0 1 0 1 0
3617,Video Title 3617,biology chemistry mathematics physics,31000,,2014-09-26 03:44:54,0 1 0 1 0 0 1 0 1 0
3618,Video Title 3618,biology chemistry mathematics physics,48000,,2021-04-11 12:57:18,0 1 0 1 0 0 1 0 1 0
3619,Video Title 3619,biology chemistry mathematics physics,54000,,2018-06-18 11:16:04,0 1 0 1 0 0 1 0 1 0
3620,Video Title 3620,biology chemistry mathematics physics,58000,,2018-12-24 14:38:26,0 1 0 1 0 0 1 0 1 0
3621,Video Title 3621,biology chemistry mathematics physics,50000,,2020-05-28 05:22:10,0 1 0 1 0 0 1 0 1 0
3622,Video Title 3622,biology chemistry mathematics physics,59000,,2014-05-21 02:24:05,0 1 0 1 0 0 1 0 1 0
3623,Video Title 3623,biology chemistry mathematics physics,42000,,2016-09-01 11:50:08,0 1 0 1 0 0 1 0 1 0
3624,Video Title 3624,biology chemistry mathematics physics,52000,,2017-04-20 21:11:02,0 1 0 1 0 0 1 0 1 0
3625,Video Title 3625,biology chemistry mathematics physics,42000,,2019-10-01 10:29:09,0 1 0 1 0 0 1 0 1 0
3626,Video Title 3626,biology chemistry mathematics physics,46000,,2021-01-28 18:15:18,0 1 0 1 0 0 1 0 1 0
3627,Video Title 3627,biology chemistry mathematics physics,54000,,2018-11-28 23:31:12,0 1 0 1 0 0 1 0 1 0
3628,Video Title 3628,biology chemistry mathematics physics,43000,,2018-01-16 06:45:25,0 1 0 1 0 0 1 0 1 0
3629,Video Title 3629,biology chemistry mathematics physics,53000,,2021-10-23 10:05:03,0 1 0 1 0 0 1 0 1 0
3630,Video Title 3630,biology chemistry mathematics physics,55000,,2014-09-15 20:43:56,0 1 0 1 0 0 1 0 1 0
3631,Video Title 3631,biology chemistry mathematics physics,37000,,2014-01-15 01:43:29,0 1 0 1 0 0 1 0 1 0
3632,Video Title 3632,biology chemistry mathematics physics,60000,,2020-11-22 19:17:26,0 1 0 1 0 0 1 0 1 0
3633,Video Title 3633,biology chemistry mathematics physics,54000,,2018-10-28 13:00:41,0 1 0 1 0 0 1 0 1 0
3634,Video Title 3634,biology chemistry mathematics physics,48000,,2019-05-10 20:38:13,0 1 0 1 0 0 1 0 1 0
3635,Video Title 3635,biology chemistry mathematics physics,41000,,2017-05-04 01:19:07,0 1 0 1 0 0 1 0 1 0
3636,Video Title 3636,biology chemistry mathematics physics,39000,,2018-01-04 05:51:22,0 1 0 1 0 0 1 0 1 0
3637,Video Title 3637,biology chemistry mathematics physics,50000,,2023-12-21 02:35:01,0 1 0 1 0 0 1 0 1 0
3638,Video Title 3638,biology chemistry mathematics physics,50000,,2014-11-29 22:25:37,0 1 0 1 0 0 1 0 1 0
3639,Video Title 3639,biology chemistry mathematics physics,47000,,2022-07-14 16:45:57,0 1 0 1 0 0 1 0 1 0
3640,Video Title 3640,biology chemistry mathematics physics,40000,,2014-10-23 16:00:51,0 1 0 1 0 0 1 0 1 0
3641,Video Title 3641,biology chemistry mathematics physics,44000,,2021-08-09 15:41:23,0 1 0 1 0 0 1 0 1 0
3642,Video Title 3642,biology chemistry mathematics physics,39000,,2020-06-24 10:37:45,0 1 0 1 0 0 1 0 1 0
3643,Video Title 3643,biology chemistry mathematics physics,35000,,2019-07-19 20:03:04,0 1 0 1 0 0 1 0 1 0
3644,Video Title 3644,biology chemistry mathematics physics,60000,,2017-11-05 04:44:16,0 1 0 1 0 0 1 0 1 0
3645,Video Title 3645,biology chemistry mathematics physics,36000,,2016-12-28 21:02:32,0 1 0 1 0 0 1 0 1 0
3646,Video Title 3646,biology chemistry mathematics physics,42000,,2022-12-19 01:57:25,0 1 0 1 0 0 1 0 1 0
3647,Video Title 3647,biology chemistry mathematics physics,50000,,2020-11-21 06:36:36,0 1 0 1 0 0 1 0 1 0
3648,Video Title 3648,biology chemistry mathematics physics,45000,,2014-11-08 17:57:13,0 1 0 1 0 0 1 0 1 0
3649,Video Title 3649,biology chemistry mathematics physics,50000,,2018-05-20 15:22:35,0 1 0 1 0 0 1 0 1 0
3650,Video Title 3650,biology chemistry mathematics physics,36000,,2015-05-28 19:00:09,0 1 0 1 0 0 1 0 1 0
3651,Video Title 3651,biology chemistry mathematics physics,36000,,2014-04-05 13:56:21,0 1 0 1 0 0 1 0 1 0
3652,Video Title 3652,biology chemistry mathematics physics,48000,,2016-05-22 11:17:51,0 1 0 1 0 0 1 0 1 0
3653,Video Title 3653,biology chemistry mathematics physics,42000,,2014-08-20 22:09:16,0 1 0 1 0 0 1 0 1 0
3654,Video Title 3654,biology chemistry mathematics physics,47000,,2020-06-08 10:30:32,0 1 0 1 0 0 1 0 1 0
3655,Video Title 3655,biology chemistry mathematics physics,45000,,2019-05-05 21:08:53,0 1 0 1 0 0 1 0 1 0
3656,Video Title 3656,biology chemistry mathematics physics,56000,,2022-02-12 23:45:37,0 1 0 1 0 0 1 0 1 0
3657,Video Title 3657,biology chemistry mathematics physics,60000,,2023-12-16 19:01:32,0 1 0 1 0 0 1 0 1 0
3658,Video Title 3658,biology chemistry mathematics physics,31000,,2017-05-25 09:22:30,0 1 0 1 0 0 1 0 1 0
3659,Video Title 3659,biology chemistry mathematics physics,40000,,2021-11-17 09:23:57,0 1 0 1 0 0 1 0 1 0
3660,Video Title 3660,biology chemistry mathematics physics,31000,,2018-01-22 02:29:17,0 1 0 1 0 0 1 0 1 0
3661,Video Title 3661,biology chemistry mathematics physics,36000,,2022-01-26 22:17:04,0 1 0 1 0 0 1 0 1 0
3662,Video Title 3662,biology chemistry mathematics physics,51000,,2019-03-27 09:16:49,0 1 0 1 0 0 1 0 1 0
3663,Video Title 3663,biology chemistry mathematics physics,60000,,2020-10-12 23:37:02,0 1 0 1 0 0 1 0 1 0
3664,Video Title 3664,biology chemistry mathematics physics,57000,,2019-05-15 10:46:41,0 1 0 1 0 0 1 0 1 0
3665,Video Title 3665,biology chemistry mathematics physics,53000,,2019-10-18 14:41:03,0 1 0 1 0 0 1 0 1 0
3666,Video Title 3666,biology chemistry mathematics physics,59000,,2014-09-22 22:07:55,0 1 0 1 0 0 1 0 1 0
3667,Video Title 3667,biology chemistry mathematics physics,53000,,2015-06-03 19:19:31,0 1 0 1 0 0 1 0 1 0
3668,Video Title 3668,biology chemistry mathematics physics,50000,,2014-03-13 13:55:09,0 1 0 1 0 0 1 0 1 0
3669,Video Title 3669,biology chemistry mathematics physics,59000,,2023-03-07 18:28:15,0 1 0 1 0 0 1 0 1 0
3670,Video Title 3670,biology chemistry mathematics physics,31000,,2016-06-06 18:59:29,0 1 0 1 0 0 1 0 1 0
3671,Video Title 3671,biology chemistry mathematics physics,50000,,2015-04-24 11:06:19,0 1 0 1 0 0 1 0 1 0
3672,Video Title 3672,biology chemistry mathematics physics,35000,,2020-04-30 05:08:36,0 1 0 1 0 0 1 0 1 0
3673,Video Title 3673,biology chemistry mathematics physics,58000,,2017-01-28 18:45:01,0 1 0 1 0 0 1 0 1 0
3674,Video Title 3674,biology chemistry mathematics physics,55000,,2014-12-24 02:48:00,0 1 0 1 0 0 1 0 1 0
3675,Video Title 3675,biology chemistry mathematics physics,49000,,2015-09-18 00:23:25,0 1 0 1 0 0 1 0 1 0
3676,Video Title 3676,biology chemistry mathematics physics,48000,,2014-08-24 10:41:13,0 1 0 1 0 0 1 0 1 0
3677,Video Title 3677,biology chemistry mathematics physics,56000,,2015-01-26 02:36:47,0 1 0 1 0 0 1 0 1 0
3678,Video Title 3678,biology chemistry mathematics physics,45000,,2019-12-14 16:01:15,0 1 0 1 0 0 1 0 1 0
3679,Video Title 3679,biology chemistry mathematics physics,49000,,2016-03-18 02:09:11,0 1 0 1 0 0 1 0 1 0
3680,Video Title 3680,biology chemistry mathematics physics,55000,,2016-01-12 15:21:49,0 1 0 1 0 0 1 0 1 0
3681,Video Title 3681,biology chemistry mathematics physics,40000,,2022-02-12 01:14:31,0 1 0 1 0 0 1 0 1 0
3682,Video Title 3682,biology chemistry mathematics physics,53000,,2020-10-14 03:39:01,0 1 0 1 0 0 1 0 1 0
3683,Video Title 3683,biology chemistry mathematics physics,40000,,2015-03-19 22:17:37,0 1 0 1 0 0 1 0 1 0
3684,Video Title 3684,biology chemistry mathematics physics,51000,,2019-10-06 06:42:36,0 1 0 1 0 0 1 0 1 0
3685,Video Title 3685,biology chemistry mathematics physics,34000,,2017-03-21 19:16:26,0 1 0 1 0 0 1 0 1 0
3686,Video Title 3686,biology chemistry mathematics physics,60000,,2021-12-06 19:42:22,0 1 0 1 0 0 1 0 1 0
3687,Video Title 3687,biology chemistry mathematics physics,54000,,2014-06-18 09:22:53,0 1 0 1 0 0 1 0 1 0
3688,Video Title 3688,biology chemistry mathematics physics,35000,,2017-05-11 14:07:35,0 1 0 1 0 0 1 0 1 0
3689,Video Title 3689,biology chemistry mathematics physics,33000,,2016-09-28 17:03:29,0 1 0 1 0 0 1 0 1 0
3690,Video Title 3690,biology chemistry mathematics physics,54000,,2018-02-26 07:31:07,0 1 0 1 0 0 1 0 1 0
3691,Video Title 3691,biology chemistry mathematics physics,52000,,2017-09-14 05:38:07,0 1 0 1 0 0 1 0 1 0
3692,Video Title 3692,biology chemistry mathematics physics,35000,,2018-05-23 02:43:19,0 1 0 1 0 0 1 0 1 0
3693,Video Title 3693,biology chemistry mathematics physics,59000,,2019-10-28 05:57:22,0 1 0 1 0 0 1 0 1 0
3694,Video Title 3694,biology chemistry mathematics physics,34000,,2015-01-02 21:11:01,0 1 0 1 0 0 1 0 1 0
3695,Video Title 3695,biology chemistry mathematics physics,57000,,2020-04-28 12:14:53,0 1 0 1 0 0 1 0 1 0
3696,Video Title 3696,biology chemistry mathematics physics,42000,,2021-10-11 11:09:34,0 1 0 1 0 0 1 0 1 0
3697,Video Title 3697,biology chemistry mathematics physics,30000,,2022-10-18 15:19:12,0 1 0 1 0 0 1 0 1 0
3698,Video Title 3698,biology chemistry mathematics physics,32000,,2014-01-26 04:13:23,0 1 0 1 0 0 1 0 1 0
3699,Video Title 3699,biology chemistry mathematics physics,35000,,2023-04-06 09:35:50,0 1 0 1 0 0 1 0 1 0
3700,Video Title 3700,biology chemistry mathematics physics,52000,,2020-07-08 21:48:26,0 1 0 1 0 0 1 0 1 0
3701,Video Title 3701,computer_science mathematics,58000,,2016-11-03 14:53:00,0 0 0 0 1 0 1 0 0 0
3702,Video Title 3702,computer_science mathematics,52000,,2022-01-28 01:16:26,0 0 0 0 1 0 1 0 0 0
3703,Video Title 3703,computer_science mathematics,54000,,2018-10-06 10:41:33,0 0 0 0 1 0 1 0 0 0
3704,Video Title 3704,computer_science mathematics,34000,,2016-01-25 11:38:06,0 0 0 0 1 0 1 0 0 0
3705,Video Title 3705,computer_science mathematics,50000,,2016-09-17 23:11:52,0 0 0 0 1 0 1 0 0 0
3706,Video Title 3706,computer_science mathematics,44000,,2018-02-14 21:56:38,0 0 0 0 1 0 1 0 0 0
3707,Video Title 3707,computer_science mathematics,60000,,2015-10-02 02:29:12,0 0 0 0 1 0 1 0 0 0
3708,Video Title 3708,computer_science mathematics,52000,,2014-05-20 07:37:05,0 0 0 0 1 0 1 0 0 0
3709,Video Title 3709,computer_science mathematics,35000,,2021-03-04 18:36:39,0 0 0 0 1 0 1 0 0 0
3710,Video Title 3710,computer_science mathematics,49000,,2023-07-03 14:06:37,0 0 0 0 1 0 1 0 0 0
3711,Video Title 3711,computer_science mathematics,50000,,2022-04-07 15:57:47,0 0 0 0 1 0 1 0 0 0
3712,Video Title 3712,computer_science mathematics,39000,,2017-06-25 15:58:20,0 0 0 0 1 0 1 0 0 0
3713,Video Title 3713,computer_science mathematics,30000,,2019-07-31 15:25:52,0 0 0 0 1 0 1 0 0 0
3714,Video Title 3714,computer_science mathematics,36000,,2015-03-07 21:41:06,0 0 0 0 1 0 1 0 0 0
3715,Video Title 3715,computer_science mathematics,46000,,2023-10-08 06:56:00,0 0 0 0 1 0 1 0 0 0
3716,Video Title 3716,computer_science mathematics,49000,,2017-08-15 22:33:15,0 0 0 0 1 0 1 0 0 0
3717,Video Title 3717,computer_science mathematics,54000,,2023-11-13 18:06:50,0 0 0 0 1 0 1 0 0 0
3718,Video Title 3718,computer_science mathematics,46000,,2016-03-13 08:35:21,0 0 0 0 1 0 1 0 0 0
3719,Video Title 3719,computer_science mathematics,54000,,2020-04-07 14:16:04,0 0 0 0 1 0 1 0 0 0
3720,Video Title 3720,computer_science mathematics,36000,,2016-10-07 22:58:07,0 0 0 0 1 0 1 0 0 0
3721,Video Title 3721,computer_science mathematics,36000,,2015-02-18 06:41:28,0 0 0 0 1 0 1 0 0 0
3722,Video Title 3722,computer_science mathematics,34000,,2020-11-08 03:21:10,0 0 0 0 1 0 1 0 0 0
3723,Video Title 3723,computer_science mathematics,60000,,2023-02-11 22:01:51,0 0 0 0 1 0 1 0 0 0
3724,Video Title 3724,computer_science mathematics,45000,,2015-10-08 13:57:59,0 0 0 0 1 0 1 0 0 0
3725,Video Title 3725,computer_science mathematics,51000,,2023-03-24 18:09:29,0 0 0 0 1 0 1 0 0 0
3726,Video Title 3726,computer_science mathematics,31000,,2020-06-13 17:48:33,0 0 0 0 1 0 1 0 0 0
3727,Video Title 3727,computer_science mathematics,39000,,2016-02-07 00:03:44,0 0 0 0 1 0 1 0 0 0
3728,Video Title 3728,computer_science mathematics,38000,,2017-05-07 04:12:34,0 0 0 0 1 0 1 0 0 0
3729,Video Title 3729,computer_science mathematics,55000,,2022-11-25 18:58:20,0 0 0 0 1 0 1 0 0 0
3730,Video Title 3730,computer_science mathematics,44000,,2014-06-10 02:36:41,0 0 0 0 1 0 1 0 0 0
3731,Video Title 3731,computer_science mathematics,53000,,2014-07-13 11:11:46,0 0 0 0 1 0 1 0 0 0
3732,Video Title 3732,computer_science mathematics,47000,,2015-10-06 23:45:16,0 0 0 0 1 0 1 0 0 0
3733,Video Title 3733,computer_science mathematics,55000,,2014-04-19 02:06:49,0 0 0 0 1 0 1 0 0 0
3734,Video Title 3734,computer_science mathematics,46000,,2015-03-02 15:18:05,0 0 0 0 1 0 1 0 0 0
3735,Video Title 3735,computer_science mathematics,58000,,2016-05-10 20:15:54,0 0 0 0 1 0 1 0 0 0
3736,Video Title 3736,computer_science mathematics,44000,,2019-12-06 09:06:13,0 0 0 0 1 0 1 0 0 0
3737,Video Title 3737,computer_science mathematics,40000,,2018-03-12 14:12:20,0 0 0 0 1 0 1 0 0 0
3738,Video Title 3738,computer_science mathematics,53000,,2020-10-08 12:16:58,0 0 0 0 1 0 1 0 0 0
3739,Video Title 3739,computer_science mathematics,40000,,2016-04-21 17:32:21,0 0 0 0 1 0 1 0 0 0
3740,Video Title 3740,computer_science mathematics,33000,,2017-04-07 09:10:58,0 0 0 0 1 0 1 0 0 0
3741,Video Title 3741,computer_science mathematics,33000,,2016-05-17 11:34:06,0 0 0 0 1 0 1 0 0 0
3742,Video Title 3742,computer_science mathematics,43000,,2022-09-13 02:02:24,0 0 0 0 1 0 1 0 0 0
3743,Video Title 3743,computer_science mathematics,42000,,2022-11-30 11:35:13,0 0 0 0 1 0 1 0 0 0
3744,Video Title 3744,computer_science mathematics,32000,,2018-09-18 02:44:48,0 0 0 0 1 0 1 0 0 0
3745,Video Title 3745,computer_science mathematics,45000,,2014-07-20 08:07:39,0 0 0 0 1 0 1 0 0 0
3746,Video Title 3746,computer_science mathematics,43000,,2015-06-16 00:51:19,0 0 0 0 1 0 1 0 0 0
3747,Video Title 3747,computer_science mathematics,59000,,2020-02-05 10:22:44,0 0 0 0 1 0 1 0 0 0
3748,Video Title 3748,computer_science mathematics,35000,,2017-11-16 18:08:04,0 0 0 0 1 0 1 0 0 0
3749,Video Title 3749,computer_science mathematics,34000,,2018-07-31 18:02:27,0 0 0 0 1 0 1 0 0 0
3750,Video Title 3750,computer_science mathematics,36000,,2020-04-27 21:02:59,0 0 0 0 1 0 1 0 0 0
3751,Video Title 3751,computer_science mathematics,38000,,2016-01-11 01:40:26,0 0 0 0 1 0 1 0 0 0
3752,Video Title 3752,computer_science mathematics,34000,,2014-04-30 03:29:11,0 0 0 0 1 0 1 0 0 0
3753,Video Title 3753,computer_science mathematics,48000,,2014-08-08 17:29:26,0 0 0 0 1 0 1 0 0 0
3754,Video Title 3754,computer_science mathematics,34000,,2015-02-12 13:10:19,0 0 0 0 1 0 1 0 0 0
3755,Video Title 3755,computer_science mathematics,44000,,2018-08-03 19:30:49,0 0 0 0 1 0 1 0 0 0
3756,Video Title 3756,computer_science mathematics,35000,,2021-08-09 05:44:50,0 0 0 0 1 0 1 0 0 0
3757,Video Title 3757,computer_science mathematics,37000,,2022-11-12 09:25:33,0 0 0 0 1 0 1 0 0 0
3758,Video Title 3758,computer_science mathematics,49000,,2015-07-29 06:38:22,0 0 0 0 1 0 1 0 0 0
3759,Video Title 3759,computer_science mathematics,55000,,2020-05-19 16:43:52,0 0 0 0 1 0 1 0 0 0
3760,Video Title 3760,computer_science mathematics,49000,,2023-01-21 08:38:29,0 0 0 0 1 0 1 0 0 0
3761,Video Title 3761,computer_science mathematics,48000,,2023-09-13 23:53:59,0 0 0 0 1 0 1 0 0 0
3762,Video Title 3762,computer_science mathematics,57000,,2016-04-20 09:55:15,0 0 0 0 1 0 1 0 0 0
3763,Video Title 3763,computer_science mathematics,43000,,2022-07-27 22:54:06,0 0 0 0 1 0 1 0 0 0
3764,Video Title 3764,computer_science mathematics,45000,,2022-08-16 00:38:13,0 0 0 0 1 0 1 0 0 0
3765,Video Title 3765,computer_science mathematics,36000,,2019-12-02 06:29:03,0 0 0 0 1 0 1 0 0 0
3766,Video Title 3766,computer_science mathematics,56000,,2018-08-19 02:01:53,0 0 0 0 1 0 1 0 0 0
3767,Video Title 3767,computer_science mathematics,30000,,2021-04-20 13:33:19,0 0 0 0 1 0 1 0 0 0
3768,Video Title 3768,computer_science mathematics,53000,,2022-09-22 23:37:33,0 0 0 0 1 0 1 0 0 0
3769,Video Title 3769,computer_science mathematics,37000,,2017-04-11 15:07:29,0 0 0 0 1 0 1 0 0 0
3770,Video Title 3770,computer_science mathematics,48000,,2016-03-24 18:49:08,0 0 0 0 1 0 1 0 0 0
3771,Video Title 3771,computer_science mathematics,59000,,2019-12-02 23:11:41,0 0 0 0 1 0 1 0 0 0
3772,Video Title 3772,computer_science mathematics,34000,,2023-02-20 04:54:48,0 0 0 0 1 0 1 0 0 0
3773,Video Title 3773,computer_science mathematics,58000,,2014-01-21 12:47:46,0 0 0 0 1 0 1 0 0 0
3774,Video Title 3774,computer_science mathematics,31000,,2014-05-29 05:08:25,0 0 0 0 1 0 1 0 0 0
3775,Video Title 3775,computer_science mathematics,45000,,2021-05-03 04:31:26,0 0 0 0 1 0 1 0 0 0
3776,Video Title 3776,computer_science mathematics,46000,,2014-05-05 17:09:38,0 0 0 0 1 0 1 0 0 0
3777,Video Title 3777,computer_science mathematics,46000,,2017-12-12 06:26:44,0 0 0 0 1 0 1 0 0 0
3778,Video Title 3778,computer_science mathematics,55000,,2021-12-24 18:20:03,0 0 0 0 1 0 1 0 0 0
3779,Video Title 3779,computer_science mathematics,56000,,2014-12-26 16:43:48,0 0 0 0 1 0 1 0 0 0
3780,Video Title 3780,computer_science mathematics,45000,,2016-05-29 20:48:24,0 0 0 0 1 0 1 0 0 0
3781,Video Title 3781,computer_science mathematics,47000,,2021-07-13 17:41:36,0 0 0 0 1 0 1 0 0 0
3782,Video Title 3782,computer_science mathematics,52000,,2021-04-27 00:28:42,0 0 0 0 1 0 1 0 0 0
3783,Video Title 3783,computer_science mathematics,60000,,2016-03-08 17:22:05,0 0 0 0 1 0 1 0 0 0
3784,Video Title 3784,computer_science mathematics,41000,,2016-12-17 15:14:29,0 0 0 0 1 0 1 0 0 0
3785,Video Title 3785,computer_science mathematics,50000,,2023-12-28 04:09:55,0 0 0 0 1 0 1 0 0 0
3786,Video Title 3786,computer_science mathematics,30000,,2018-10-20 04:59:11,0 0 0 0 1 0 1 0 0 0
3787,Video Title 3787,computer_science mathematics,39000,,2015-08-16 13:55:41,0 0 0 0 1 0 1 0 0 0
3788,Video Title 3788,computer_science mathematics,44000,,2022-07-31 09:58:36,0 0 0 0 1 0 1 0 0 0
3789,Video Title 3789,computer_science mathematics,53000,,2019-11-03 08:37:32,0 0 0 0 1 0 1 0 0 0
3790,Video Title 3790,computer_science mathematics,44000,,2018-08-22 17:25:56,0 0 0 0 1 0 1 0 0 0
3791,Video Title 3791,computer_science mathematics,34000,,2022-09-28 19:50:08,0 0 0 0 1 0 1 0 0 0
3792,Video Title 3792,computer_science mathematics,42000,,2015-11-09 01:14:48,0 0 0 0 1 0 1 0 0 0
3793,Video Title 3793,computer_science mathematics,57000,,2017-09-16 00:49:56,0 0 0 0 1 0 1 0 0 0
3794,Video Title 3794,computer_science mathematics,44000,,2021-01-15 05:49:14,0 0 0 0 1 0 1 0 0 0
3795,Video Title 3795,computer_science mathematics,30000,,2022-08-09 09:31:12,0 0 0 0 1 0 1 0 0 0
3796,Video Title 3796,computer_science mathematics,32000,,2017-11-07 19:25:25,0 0 0 0 1 0 1 0 0 0
3797,Video Title 3797,computer_science mathematics,52000,,2017-05-02 02:34:39,0 0 0 0 1 0 1 0 0 0
3798,Video Title 3798,computer_science mathematics,31000,,2016-12-20 13:16:56,0 0 0 0 1 0 1 0 0 0
3799,Video Title 3799,computer_science mathematics,54000,,2016-09-13 17:32:59,0 0 0 0 1 0 1 0 0 0
3800,Video Title 3800,computer_science mathematics,60000,,2020-02-16 15:06:30,0 0 0 0 1 0 1 0 0 0
3801,Video Title 3801,computer_science mathematics physics,48000,,2021-12-11 20:20:19,0 0 0 0 1 0 1 0 1 0
3802,Video Title 3802,computer_science mathematics physics,55000,,2020-11-06 00:40:11,0 0 0 0 1 0 1 0 1 0
3803,Video Title 3803,computer_science mathematics physics,49000,,2022-10-23 02:13:08,0 0 0 0 1 0 1 0 1 0
3804,Video Title 3804,computer_science mathematics physics,53000,,2023-04-28 16:30:36,0 0 0 0 1 0 1 0 1 0
3805,Video Title 3805,computer_science mathematics physics,46000,,2023-06-15 10:13:38,0 0 0 0 1 0 1 0 1 0
3806,Video Title 3806,computer_science mathematics physics,51000,,2017-08-23 13:34:11,0 0 0 0 1 0 1 0 1 0
3807,Video Title 3807,computer_science mathematics physics,31000,,2015-02-12 00:40:09,0 0 0 0 1 0 1 0 1 0
3808,Video Title 3808,computer_science mathematics physics,41000,,2018-08-28 12:54:42,0 0 0 0 1 0 1 0 1 0
3809,Video Title 3809,computer_science mathematics physics,31000,,2017-08-29 08:01:55,0 0 0 0 1 0 1 0 1 0
3810,Video Title 3810,computer_science mathematics physics,35000,,2020-06-25 19:55:29,0 0 0 0 1 0 1 0 1 0
3811,Video Title 3811,computer_science mathematics physics,52000,,2014-09-04 13:43:05,0 0 0 0 1 0 1 0 1 0
3812,Video Title 3812,computer_science mathematics physics,52000,,2021-09-26 13:12:52,0 0 0 0 1 0 1 0 1 0
3813,Video Title 3813,computer_science mathematics physics,34000,,2023-10-24 13:38:31,0 0 0 0 1 0 1 0 1 0
3814,Video Title 3814,computer_science mathematics physics,37000,,2019-05-26 15:55:23,0 0 0 0 1 0 1 0 1 0
3815,Video Title 3815,computer_science mathematics physics,50000,,2018-10-15 12:01:39,0 0 0 0 1 0 1 0 1 0
3816,Video Title 3816,computer_science mathematics physics,60000,,2021-07-10 19:28:38,0 0 0 0 1 0 1 0 1 0
3817,Video Title 3817,computer_science mathematics physics,57000,,2023-08-04 17:29:12,0 0 0 0 1 0 1 0 1 0
3818,Video Title 3818,computer_science mathematics physics,36000,,2021-07-14 01:59:54,0 0 0 0 1 0 1 0 1 0
3819,Video Title 3819,computer_science mathematics physics,54000,,2016-04-04 20:18:03,0 0 0 0 1 0 1 0 1 0
3820,Video Title 3820,computer_science mathematics physics,41000,,2022-12-24 10:56:02,0 0 0 0 1 0 1 0 1 0
3821,Video Title 3821,computer_science mathematics physics,46000,,2020-10-20 19:51:44,0 0 0 0 1 0 1 0 1 0
3822,Video Title 3822,computer_science mathematics physics,38000,,2014-07-20 18:41:44,0 0 0 0 1 0 1 0 1 0
3823,Video Title 3823,computer_science mathematics physics,41000,,2017-06-16 01:50:54,0 0 0 0 1 0 1 0 1 0
3824,Video Title 3824,computer_science mathematics physics,45000,,2019-01-07 07:01:42,0 0 0 0 1 0 1 0 1 0
3825,Video Title 3825,computer_science mathematics physics,56000,,2015-03-26 21:20:47,0 0 0 0 1 0 1 0 1 0
3826,Video Title 3826,computer_science mathematics physics,52000,,2019-04-28 10:49:56,0 0 0 0 1 0 1 0 1 0
3827,Video Title 3827,computer_science mathematics physics,56000,,2019-05-01 22:08:19,0 0 0 0 1 0 1 0 1 0
3828,Video Title 3828,computer_science mathematics physics,39000,,2018-07-10 17:18:22,0 0 0 0 1 0 1 0 1 0
3829,Video Title 3829,computer_science mathematics physics,41000,,2021-12-31 15:34:43,0 0 0 0 1 0 1 0 1 0
3830,Video Title 3830,computer_science mathematics physics,60000,,2020-12-07 06:20:32,0 0 0 0 1 0 1 0 1 0
3831,Video Title 3831,computer_science mathematics physics,60000,,2022-10-31 10:13:00,0 0 0 0 1 0 1 0 1 0
3832,Video Title 3832,computer_science mathematics physics,36000,,2022-12-02 10:43:17,0 0 0 0 1 0 1 0 1 0
3833,Video Title 3833,computer_science mathematics physics,44000,,2014-11-17 16:14:47,0 0 0 0 1 0 1 0 1 0
3834,Video Title 3834,computer_science mathematics physics,42000,,2022-12-24 12:03:26,0 0 0 0 1 0 1 0 1 0
3835,Video Title 3835,computer_science mathematics physics,39000,,2023-08-01 15:16:11,0 0 0 0 1 0 1 0 1 0
3836,Video Title 3836,computer_science mathematics physics,32000,,2015-02-06 04:22:01,0 0 0 0 1 0 1 0 1 0
3837,Video Title 3837,computer_science mathematics physics,38000,,2015-02-15 21:21:11,0 0 0 0 1 0 1 0 1 0
3838,Video Title 3838,computer_science mathematics physics,34000,,2018-12-19 14:23:49,0 0 0 0 1 0 1 0 1 0
3839,Video Title 3839,computer_science mathematics physics,57000,,2016-01-18 12:50:22,0 0 0 0 1 0 1 0 1 0
3840,Video Title 3840,computer_science mathematics physics,60000,,2020-04-10 13:23:41,0 0 0 0 1 0 1 0 1 0
3841,Video Title 3841,computer_science mathematics physics,39000,,2018-03-03 08:36:40,0 0 0 0 1 0 1 0 1 0
3842,Video Title 3842,computer_science mathematics physics,51000,,2019-06-02 05:42:08,0 0 0 0 1 0 1 0 1 0
3843,Video Title 3843,computer_science mathematics physics,34000,,2018-09-28 18:04:14,0 0 0 0 1 0 1 0 1 0
3844,Video Title 3844,computer_science mathematics physics,43000,,2018-06-11 02:08:26,0 0 0 0 1 0 1 0 1 0
3845,Video Title 3845,computer_science mathematics physics,50000,,2014-03-22 09:50:57,0 0 0 0 1 0 1 0 1 0
3846,Video Title 3846,computer_science mathematics physics,36000,,2014-08-20 18:22:37,0 0 0 0 1 0 1 0 1 0
3847,Video Title 3847,computer_science mathematics physics,57000,,2022-01-08 06:14:43,0 0 0 0 1 0 1 0 1 0
3848,Video Title 3848,computer_science mathematics physics,56000,,2023-06-23 04:30:25,0 0 0 0 1 0 1 0 1 0
3849,Video Title 3849,computer_science mathematics physics,50000,,2017-05-12 22:51:27,0 0 0 0 1 0 1 0 1 0
3850,Video Title 3850,computer_science mathematics physics,48000,,2017-06-07 04:37:16,0 0 0 0 1 0 1 0 1 0
3851,Video Title 3851,computer_science mathematics physics,50000,,2021-11-13 21:48:51,0 0 0 0 1 0 1 0 1 0
3852,Video Title 3852,computer_science mathematics physics,45000,,2019-12-08 18:05:43,0 0 0 0 1 0 1 0 1 0
3853,Video Title 3853,computer_science mathematics physics,52000,,2019-04-22 02:33:42,0 0 0 0 1 0 1 0 1 0
3854,Video Title 3854,computer_science mathematics physics,47000,,2018-06-16 04:27:07,0 0 0 0 1 0 1 0 1 0
3855,Video Title 3855,computer_science mathematics physics,39000,,2019-09-04 11:14:43,0 0 0 0 1 0 1 0 1 0
3856,Video Title 3856,computer_science mathematics physics,58000,,2021-11-23 02:54:27,0 0 0 0 1 0 1 0 1 0
3857,Video Title 3857,computer_science mathematics physics,35000,,2021-11-22 19:51:03,0 0 0 0 1 0 1 0 1 0
3858,Video Title 3858,computer_science mathematics physics,37000,,2018-11-05 11:41:47,0 0 0 0 1 0 1 0 1 0
3859,Video Title 3859,computer_science mathematics physics,39000,,2021-09-12 14:04:37,0 0 0 0 1 0 1 0 1 0
3860,Video Title 3860,computer_science mathematics physics,31000,,2015-06-28 10:26:17,0 0 0 0 1 0 1 0 1 0
3861,Video Title 3861,computer_science mathematics physics,39000,,2018-07-25 03:09:52,0 0 0 0 1 0 1 0 1 0
3862,Video Title 3862,computer_science mathematics physics,35000,,2020-03-10 00:00:29,0 0 0 0 1 0 1 0 1 0
3863,Video Title 3863,computer_science mathematics physics,35000,,2021-02-13 02:44:46,0 0 0 0 1 0 1 0 1 0
3864,Video Title 3864,computer_science mathematics physics,39000,,2015-10-30 07:46:21,0 0 0 0 1 0 1 0 1 0
3865,Video Title 3865,computer_science mathematics physics,35000,,2022-05-24 13:27:17,0 0 0 0 1 0 1 0 1 0
3866,Video Title 3866,computer_science mathematics physics,52000,,2023-01-18 04:41:47,0 0 0 0 1 0 1 0 1 0
3867,Video Title 3867,computer_science mathematics physics,55000,,2015-07-17 05:16:06,0 0 0 0 1 0 1 0 1 0
3868,Video Title 3868,computer_science mathematics physics,37000,,2015-03-05 17:57:30,0 0 0 0 1 0 1 0 1 0
3869,Video Title 3869,computer_science mathematics physics,40000,,2019-10-01 00:24:17,0 0 0 0 1 0 1 0 1 0
3870,Video Title 3870,computer_science mathematics physics,44000,,2016-08-10 11:40:13,0 0 0 0 1 0 1 0 1 0
3871,Video Title 3871,computer_science mathematics physics,35000,,2016-01-21 19:36:34,0 0 0 0 1 0 1 0 1 0
3872,Video Title 3872,computer_science mathematics physics,52000,,2014-05-09 14:45:50,0 0 0 0 1 0 1 0 1 0
3873,Video Title 3873,computer_science mathematics physics,40000,,2023-10-12 18:46:35,0 0 0 0 1 0 1 0 1 0
3874,Video Title 3874,computer_science mathematics physics,34000,,2017-09-25 03:20:54,0 0 0 0 1 0 1 0 1 0
3875,Video Title 3875,computer_science mathematics physics,47000,,2023-10-03 10:47:36,0 0 0 0 1 0 1 0 1 0
3876,Video Title 3876,computer_science mathematics physics,47000,,2017-01-07 16:38:08,0 0 0 0 1 0 1 0 1 0
3877,Video Title 3877,computer_science mathematics physics,59000,,2014-04-03 23:26:52,0 0 0 0 1 0 1 0 1 0
3878,Video Title 3878,computer_science mathematics physics,59000,,2018-12-30 20:55:18,0 0 0 0 1 0 1 0 1 0
3879,Video Title 3879,computer_science mathematics physics,34000,,2023-06-24 10:19:16,0 0 0 0 1 0 1 0 1 0
3880,Video Title 3880,computer_science mathematics physics,59000,,2017-03-16 19:05:26,0 0 0 0 1 0 1 0 1 0
3881,Video Title 3881,computer_science mathematics physics,30000,,2023-09-14 01:09:15,0 0 0 0 1 0 1 0 1 0
3882,Video Title 3882,computer_science mathematics physics,47000,,2023-10-03 22:39:02,0 0 0 0 1 0 1 0 1 0
3883,Video Title 3883,computer_science mathematics physics,40000,,2020-06-22 10:34:12,0 0 0 0 1 0 1 0 1 0
3884,Video Title 3884,computer_science mathematics physics,39000,,2018-09-28 18:34:30,0 0 0 0 1 0 1 0 1 0
3885,Video Title 3885,computer_science mathematics physics,39000,,2023-09-12 01:26:48,0 0 0 0 1 0 1 0 1 0
3886,Video Title 3886,computer_science mathematics physics,54000,,2023-10-22 12:25:28,0 0 0 0 1 0 1 0 1 0
3887,Video Title 3887,computer_science mathematics physics,48000,,2020-09-02 03:21:54,0 0 0 0 1 0 1 0 1 0
3888,Video Title 3888,computer_science mathematics physics,55000,,2019-08-28 02:16:50,0 0 0 0 1 0 1 0 1 0
3889,Video Title 3889,computer_science mathematics physics,59000,,2023-03-23 08:47:17,0 0 0 0 1 0 1 0 1 0
3890,Video Title 3890,computer_science mathematics physics,40000,,2020-11-22 09:16:32,0 0 0 0 1 0 1 0 1 0
3891,Video Title 3891,computer_science mathematics physics,53000,,2018-10-17 06:45:21,0 0 0 0 1 0 1 0 1 0
3892,Video Title 3892,computer_science mathematics physics,31000,,2015-05-26 21:28:49,0 0 0 0 1 0 1 0 1 0
3893,Video Title 3893,computer_science mathematics physics,47000,,2015-03-05 14:20:46,0 0 0 0 1 0 1 0 1 0
3894,Video Title 3894,computer_science mathematics physics,30000,,2018-01-07 22:46:52,0 0 0 0 1 0 1 0 1 0
3895,Video Title 3895,computer_science mathematics physics,56000,,2016-03-17 07:57:22,0 0 0 0 1 0 1 0 1 0
3896,Video Title 3896,computer_science mathematics physics,41000,,2014-12-06 13:20:49,0 0 0 0 1 0 1 0 1 0
3897,Video Title 3897,computer_science mathematics physics,31000,,2020-01-31 18:02:45,0 0 0 0 1 0 1 0 1 0
3898,Video Title 3898,computer_science mathematics physics,36000,,2019-11-02 12:35:39,0 0 0 0 1 0 1 0 1 0
3899,Video Title 3899,computer_science mathematics physics,37000,,2021-10-24 16:25:19,0 0 0 0 1 0 1 0 1 0
3900,Video Title 3900,computer_science mathematics physics,54000,,2016-10-13 10:25:12,0 0 0 0 1 0 1 0 1 0
3901,Video Title 3901,business psychology,30000,,2014-11-04 02:26:40,0 0 1 0 0 0 0 0 0 1
3902,Video Title 3902,business psychology,57000,,2018-06-16 22:07:40,0 0 1 0 0 0 0 0 0 1
3903,Video Title 3903,business psychology,51000,,2023-07-30 07:50:09,0 0 1 0 0 0 0 0 0 1
3904,Video Title 3904,business psychology,46000,,2017-12-12 15:30:30,0 0 1 0 0 0 0 0 0 1
3905,Video Title 3905,business psychology,45000,,2017-03-07 19:35:03,0 0 1 0 0 0 0 0 0 1
3906,Video Title 3906,business psychology,49000,,2019-02-13 04:17:30,0 0 1 0 0 0 0 0 0 1
3907,Video Title 3907,business psychology,31000,,2023-01-31 19:57:10,0 0 1 0 0 0 0 0 0 1
3908,Video Title 3908,business psychology,41000,,2017-12-24 02:04:50,0 0 1 0 0 0 0 0 0 1
3909,Video Title 3909,business psychology,52000,,2022-07-16 09:14:11,0 0 1 0 0 0 0 0 0 1
3910,Video Title 3910,business psychology,41000,,2017-11-12 07:27:55,0 0 1 0 0 0 0 0 0 1
3911,Video Title 3911,business psychology,30000,,2016-11-06 23:22:19,0 0 1 0 0 0 0 0 0 1
3912,Video Title 3912,business psychology,41000,,2017-01-31 12:16:34,0 0 1 0 0 0 0 0 0 1
3913,Video Title 3913,business psychology,44000,,2022-09-29 04:49:55,0 0 1 0 0 0 0 0 0 1
3914,Video Title 3914,business psychology,32000,,2016-02-29 06:53:44,0 0 1 0 0 0 0 0 0 1
3915,Video Title 3915,business psychology,58000,,2018-06-12 09:42:13,0 0 1 0 0 0 0 0 0 1
3916,Video Title 3916,business psychology,43000,,2022-01-14 10:51:00,0 0 1 0 0 0 0 0 0 1
3917,Video Title 3917,business psychology,39000,,2015-08-23 20:02:02,0 0 1 0 0 0 0 0 0 1
3918,Video Title 3918,business psychology,53000,,2023-09-14 19:35:41,0 0 1 0 0 0 0 0 0 1
3919,Video Title 3919,business psychology,43000,,2021-04-15 09:50:35,0 0 1 0 0 0 0 0 0 1
3920,Video Title 3920,business psychology,43000,,2015-05-27 10:07:45,0 0 1 0 0 0 0 0 0 1
3921,Video Title 3921,business psychology,48000,,2019-12-25 11:10:04,0 0 1 0 0 0 0 0 0 1
3922,Video Title 3922,business psychology,34000,,2016-01-31 09:51:36,0 0 1 0 0 0 0 0 0 1
3923,Video Title 3923,business psychology,45000,,2023-11-19 14:18:02,0 0 1 0 0 0 0 0 0 1
3924,Video Title 3924,business psychology,46000,,2023-11-13 05:31:09,0 0 1 0 0 0 0 0 0 1
3925,Video Title 3925,business psychology,32000,,2023-05-02 00:12:08,0 0 1 0 0 0 0 0 0 1
3926,Video Title 3926,business psychology,48000,,2021-07-24 19:35:27,0 0 1 0 0 0 0 0 0 1
3927,Video Title 3927,business psychology,32000,,2014-01-27 03:48:46,0 0 1 0 0 0 0 0 0 1
3928,Video Title 3928,business psychology,50000,,2023-02-22 14:21:34,0 0 1 0 0 0 0 0 0 1
3929,Video Title 3929,business psychology,43000,,2015-10-03 08:37:39,0 0 1 0 0 0 0 0 0 1
3930,Video Title 3930,business psychology,44000,,2021-02-07 09:38:16,0 0 1 0 0 0 0 0 0 1
3931,Video Title 3931,business psychology,54000,,2023-02-24 06:47:48,0 0 1 0 0 0 0 0 0 1
3932,Video Title 3932,business psychology,36000,,2015-11-12 22:09:44,0 0 1 0 0 0 0 0 0 1
3933,Video Title 3933,business psychology,42000,,2016-11-24 12:58:24,0 0 1 0 0 0 0 0 0 1
3934,Video Title 3934,business psychology,45000,,2014-06-06 03:36:11,0 0 1 0 0 0 0 0 0 1
3935,Video Title 3935,business psychology,56000,,2017-01-09 06:34:40,0 0 1 0 0 0 0 0 0 1
3936,Video Title 3936,business psychology,48000,,2017-01-16 06:53:58,0 0 1 0 0 0 0 0 0 1
3937,Video Title 3937,business psychology,47000,,2021-05-26 11:23:15,0 0 1 0 0 0 0 0 0 1
3938,Video Title 3938,business psychology,37000,,2014-04-10 23:11:07,0 0 1 0 0 0 0 0 0 1
3939,Video Title 3939,business psychology,30000,,2015-07-19 04:29:59,0 0 1 0 0 0 0 0 0 1
3940,Video Title 3940,business psychology,39000,,2023-07-24 11:55:47,0 0 1 0 0 0 0 0 0 1
3941,Video Title 3941,business psychology,56000,,2020-05-14 10:43:43,0 0 1 0 0 0 0 0 0 1
3942,Video Title 3942,business psychology,33000,,2020-07-16 10:00:58,0 0 1 0 0 0 0 0 0 1
3943,Video Title 3943,business psychology,58000,,2016-11-18 01:33:33,0 0 1 0 0 0 0 0 0 1
3944,Video Title 3944,business psychology,35000,,2018-12-03 09:15:27,0 0 1 0 0 0 0 0 0 1
3945,Video Title 3945,business psychology,52000,,2020-06-13 11:14:24,0 0 1 0 0 0 0 0 0 1
3946,Video Title 3946,business psychology,30000,,2015-03-14 15:28:06,0 0 1 0 0 0 0 0 0 1
3947,Video Title 3947,business psychology,38000,,2018-12-07 15:11:58,0 0 1 0 0 0 0 0 0 1
3948,Video Title 3948,business psychology,32000,,2019-12-28 22:52:47,0 0 1 0 0 0 0 0 0 1
3949,Video Title 3949,business psychology,41000,,2019-10-24 21:21:41,0 0 1 0 0 0 0 0 0 1
3950,Video Title 3950,business psychology,48000,,2018-05-13 15:36:05,0 0 1 0 0 0 0 0 0 1
3951,Video Title 3951,business psychology,38000,,2020-04-13 04:27:13,0 0 1 0 0 0 0 0 0 1
3952,Video Title 3952,business psychology,45000,,2023-09-29 01:03:58,0 0 1 0 0 0 0 0 0 1
3953,Video Title 3953,business psychology,56000,,2015-03-15 11:31:50,0 0 1 0 0 0 0 0 0 1
3954,Video Title 3954,business psychology,46000,,2021-05-01 07:03:24,0 0 1 0 0 0 0 0 0 1
3955,Video Title 3955,business psychology,30000,,2022-06-15 06:32:02,0 0 1 0 0 0 0 0 0 1
3956,Video Title 3956,business psychology,35000,,2019-10-27 00:56:02,0 0 1 0 0 0 0 0 0 1
3957,Video Title 3957,business psychology,34000,,2017-03-14 20:03:55,0 0 1 0 0 0 0 0 0 1
3958,Video Title 3958,business psychology,58000,,2020-12-07 11:35:41,0 0 1 0 0 0 0 0 0 1
3959,Video Title 3959,business psychology,41000,,2015-08-22 01:51:19,0 0 1 0 0 0 0 0 0 1
3960,Video Title 3960,business psychology,38000,,2017-08-13 05:55:04,0 0 1 0 0 0 0 0 0 1
3961,Video Title 3961,business psychology,50000,,2023-02-14 04:21:53,0 0 1 0 0 0 0 0 0 1
3962,Video Title 3962,business psychology,41000,,2014-06-29 19:25:31,0 0 1 0 0 0 0 0 0 1
3963,Video Title 3963,business psychology,39000,,2019-04-20 02:02:24,0 0 1 0 0 0 0 0 0 1
3964,Video Title 3964,business psychology,59000,,2014-10-10 10:01:01,0 0 1 0 0 0 0 0 0 1
3965,Video Title 3965,business psychology,36000,,2021-08-31 12:21:27,0 0 1 0 0 0 0 0 0 1
3966,Video Title 3966,business psychology,35000,,2021-08-25 02:47:22,0 0 1 0 0 0 0 0 0 1
3967,Video Title 3967,business psychology,49000,,2021-07-12 02:15:25,0 0 1 0 0 0 0 0 0 1
3968,Video Title 3968,business psychology,47000,,2017-03-25 12:21:39,0 0 1 0 0 0 0 0 0 1
3969,Video Title 3969,business psychology,40000,,2022-04-08 21:36:24,0 0 1 0 0 0 0 0 0 1
3970,Video Title 3970,business psychology,51000,,2021-12-31 13:14:35,0 0 1 0 0 0 0 0 0 1
3971,Video Title 3971,business psychology,38000,,2020-11-08 20:52:11,0 0 1 0 0 0 0 0 0 1
3972,Video Title 3972,business psychology,52000,,2017-08-18 04:59:11,0 0 1 0 0 0 0 0 0 1
3973,Video Title 3973,business psychology,47000,,2019-10-21 04:05:08,0 0 1 0 0 0 0 0 0 1
3974,Video Title 3974,business psychology,56000,,2015-06-11 13:39:14,0 0 1 0 0 0 0 0 0 1
3975,Video Title 3975,business psychology,34000,,2019-03-09 07:45:26,0 0 1 0 0 0 0 0 0 1
3976,Video Title 3976,business psychology,41000,,2021-10-15 15:34:01,0 0 1 0 0 0 0 0 0 1
3977,Video Title 3977,business psychology,43000,,2017-05-29 03:25:36,0 0 1 0 0 0 0 0 0 1
3978,Video Title 3978,business psychology,59000,,2015-08-21 01:21:10,0 0 1 0 0 0 0 0 0 1
3979,Video Title 3979,business psychology,36000,,2015-07-21 03:00:37,0 0 1 0 0 0 0 0 0 1
3980,Video Title 3980,business psychology,37000,,2022-04-26 05:50:36,0 0 1 0 0 0 0 0 0 1
3981,Video Title 3981,business psychology,55000,,2022-12-21 06:10:11,0 0 1 0 0 0 0 0 0 1
3982,Video Title 3982,business psychology,49000,,2020-11-24 05:35:16,0 0 1 0 0 0 0 0 0 1
3983,Video Title 3983,business psychology,60000,,2019-04-05 15:11:14,0 0 1 0 0 0 0 0 0 1
3984,Video Title 3984,business psychology,47000,,2021-02-15 19:07:42,0 0 1 0 0 0 0 0 0 1
3985,Video Title 3985,business psychology,52000,,2021-07-25 12:28:14,0 0 1 0 0 0 0 0 0 1
3986,Video Title 3986,business psychology,33000,,2018-03-06 07:31:55,0 0 1 0 0 0 0 0 0 1
3987,Video Title 3987,business psychology,59000,,2014-10-08 20:40:06,0 0 1 0 0 0 0 0 0 1
3988,Video Title 3988,business psychology,56000,,2015-04-26 23:56:12,0 0 1 0 0 0 0 0 0 1
3989,Video Title 3989,business psychology,30000,,2018-10-19 05:47:48,0 0 1 0 0 0 0 0 0 1
3990,Video Title 3990,business psychology,39000,,2020-11-29 08:02:29,0 0 1 0 0 0 0 0 0 1
3991,Video Title 3991,business psychology,34000,,2022-03-04 04:35:25,0 0 1 0 0 0 0 0 0 1
3992,Video Title 3992,business psychology,58000,,2023-11-16 16:09:35,0 0 1 0 0 0 0 0 0 1
3993,Video Title 3993,business psychology,46000,,2021-08-21 02:26:39,0 0 1 0 0 0 0 0 0 1
3994,Video Title 3994,business psychology,40000,,2015-09-23 13:20:49,0 0 1 0 0 0 0 0 0 1
3995,Video Title 3995,business psychology,39000,,2014-04-17 23:20:07,0 0 1 0 0 0 0 0 0 1
3996,Video Title 3996,business psychology,56000,,2015-03-11 21:05:15,0 0 1 0 0 0 0 0 0 1
3997,Video Title 3997,business psychology,34000,,2022-07-27 09:00:44,0 0 1 0 0 0 0 0 0 1
3998,Video Title 3998,business psychology,34000,,2020-11-18 08:55:51,0 0 1 0 0 0 0 0 0 1
3999,Video Title 3999,business psychology,39000,,2015-04-05 12:09:00,0 0 1 0 0 0 0 0 0 1
4000,Video Title 4000,business psychology,34000,,2023-10-24 01:11:53,0 0 1 0 0 0 0 0 0 1
